[09/08/26 23:04:39] INFO     REPL enabled, using:                  server.py:322
                             /home/amirnabiyev/Conjecture_Prover/.              
                             lake/packages/repl/.lake/build/bin/re              
                             pl                                                 
                    INFO     REPL initialized: timeout=60s         server.py:325
                    INFO     Session ending — cleaning up          server.py:360
                             per-session resources                              
[09/08/26 23:04:41] INFO     REPL enabled, using:                  server.py:322
                             /home/amirnabiyev/Conjecture_Prover/.              
                             lake/packages/repl/.lake/build/bin/re              
                             pl                                                 
                    INFO     REPL initialized: timeout=60s         server.py:325
                    INFO     Session ending — cleaning up          server.py:360
                             per-session resources                              
[09/08/26 23:04:43] INFO     REPL enabled, using:                  server.py:322
                             /home/amirnabiyev/Conjecture_Prover/.              
                             lake/packages/repl/.lake/build/bin/re              
                             pl                                                 
                    INFO     REPL initialized: timeout=60s         server.py:325
                    INFO     Session ending — cleaning up          server.py:360
                             per-session resources                              
[09/08/26 23:07:54] INFO     REPL enabled, using:                  server.py:322
                             /home/amirnabiyev/Conjecture_Prover/.              
                             lake/packages/repl/.lake/build/bin/re              
                             pl                                                 
                    INFO     REPL initialized: timeout=60s         server.py:325
[09/08/26 23:08:00] INFO     Session ending — cleaning up          server.py:360
                             per-session resources                              
[09/08/26 23:08:02] INFO     REPL enabled, using:                  server.py:322
                             /home/amirnabiyev/Conjecture_Prover/.              
                             lake/packages/repl/.lake/build/bin/re              
                             pl                                                 
                    INFO     REPL initialized: timeout=60s         server.py:325
                    INFO     Session ending — cleaning up          server.py:360
                             per-session resources                              
[09/08/26 23:08:10] INFO     REPL enabled, using:                  server.py:322
                             /home/amirnabiyev/Conjecture_Prover/.              
                             lake/packages/repl/.lake/build/bin/re              
                             pl                                                 
                    INFO     REPL initialized: timeout=60s         server.py:325
                    INFO     Session ending — cleaning up          server.py:360
                             per-session resources                              
[09/08/26 23:08:14] INFO     REPL enabled, using:                  server.py:322
                             /home/amirnabiyev/Conjecture_Prover/.              
                             lake/packages/repl/.lake/build/bin/re              
                             pl                                                 
                    INFO     REPL initialized: timeout=60s         server.py:325
                    INFO     Session ending — cleaning up          server.py:360
                             per-session resources                              
[09/08/26 23:08:18] INFO     REPL enabled, using:                  server.py:322
                             /home/amirnabiyev/Conjecture_Prover/.              
                             lake/packages/repl/.lake/build/bin/re              
                             pl                                                 
                    INFO     REPL initialized: timeout=60s         server.py:325
[09/08/26 23:08:24] INFO     Session ending — cleaning up          server.py:360
                             per-session resources                              
[09/08/26 23:08:26] INFO     REPL enabled, using:                  server.py:322
                             /home/amirnabiyev/Conjecture_Prover/.              
                             lake/packages/repl/.lake/build/bin/re              
                             pl                                                 
                    INFO     REPL initialized: timeout=60s         server.py:325
                    INFO     Session ending — cleaning up          server.py:360
                             per-session resources                              
[09/08/26 23:08:31] INFO     REPL enabled, using:                  server.py:322
                             /home/amirnabiyev/Conjecture_Prover/.              
                             lake/packages/repl/.lake/build/bin/re              
                             pl                                                 
                    INFO     REPL initialized: timeout=60s         server.py:325
                    INFO     Session ending — cleaning up          server.py:360
                             per-session resources                              
[09/08/26 23:08:34] INFO     REPL enabled, using:                  server.py:322
                             /home/amirnabiyev/Conjecture_Prover/.              
                             lake/packages/repl/.lake/build/bin/re              
                             pl                                                 
                    INFO     REPL initialized: timeout=60s         server.py:325
                    INFO     Session ending — cleaning up          server.py:360
                             per-session resources                              
[09/08/26 23:08:37] INFO     REPL enabled, using:                  server.py:322
                             /home/amirnabiyev/Conjecture_Prover/.              
                             lake/packages/repl/.lake/build/bin/re              
                             pl                                                 
                    INFO     REPL initialized: timeout=60s         server.py:325
                    INFO     Session ending — cleaning up          server.py:360
                             per-session resources                              
[09/08/26 23:08:40] INFO     REPL enabled, using:                  server.py:322
                             /home/amirnabiyev/Conjecture_Prover/.              
                             lake/packages/repl/.lake/build/bin/re              
                             pl                                                 
                    INFO     REPL initialized: timeout=60s         server.py:325
                    INFO     Session ending — cleaning up          server.py:360
                             per-session resources                              
[09/08/26 23:08:44] INFO     REPL enabled, using:                  server.py:322
                             /home/amirnabiyev/Conjecture_Prover/.              
                             lake/packages/repl/.lake/build/bin/re              
                             pl                                                 
                    INFO     REPL initialized: timeout=60s         server.py:325
                    INFO     Session ending — cleaning up          server.py:360
                             per-session resources                              
[09/08/26 23:08:49] INFO     REPL enabled, using:                  server.py:322
                             /home/amirnabiyev/Conjecture_Prover/.              
                             lake/packages/repl/.lake/build/bin/re              
                             pl                                                 
                    INFO     REPL initialized: timeout=60s         server.py:325
                    INFO     Session ending — cleaning up          server.py:360
                             per-session resources                              
[09/08/26 23:09:57] INFO     REPL enabled, using:                  server.py:322
                             /home/amirnabiyev/Conjecture_Prover/.              
                             lake/packages/repl/.lake/build/bin/re              
                             pl                                                 
                    INFO     REPL initialized: timeout=60s         server.py:325
[09/08/26 23:10:04] INFO     Session ending — cleaning up          server.py:360
                             per-session resources                              
[09/08/26 23:10:06] INFO     REPL enabled, using:                  server.py:322
                             /home/amirnabiyev/Conjecture_Prover/.              
                             lake/packages/repl/.lake/build/bin/re              
                             pl                                                 
                    INFO     REPL initialized: timeout=60s         server.py:325
                    INFO     Session ending — cleaning up          server.py:360
                             per-session resources                              
[09/08/26 23:10:53] INFO     REPL enabled, using:                  server.py:322
                             /home/amirnabiyev/Conjecture_Prover/.              
                             lake/packages/repl/.lake/build/bin/re              
                             pl                                                 
                    INFO     REPL initialized: timeout=60s         server.py:325
                    INFO     Session ending — cleaning up          server.py:360
                             per-session resources                              
[09/08/26 23:10:56] INFO     REPL enabled, using:                  server.py:322
                             /home/amirnabiyev/Conjecture_Prover/.              
                             lake/packages/repl/.lake/build/bin/re              
                             pl                                                 
                    INFO     REPL initialized: timeout=60s         server.py:325
[09/08/26 23:10:57] INFO     Shared async LSP client         client_utils.py:133
                             connected at                                       
                             /home/amirnabiyev/Conjecture_Pr                    
                             over                                               
[09/08/26 23:11:10] INFO     Session ending — cleaning up          server.py:360
                             per-session resources                              
Exception ignored in: <function BaseSubprocessTransport.__del__ at 0x72fb4036f380>
Traceback (most recent call last):
  File "/usr/local/lib/python3.12/asyncio/base_subprocess.py", line 126, in __del__
    self.close()
  File "/usr/local/lib/python3.12/asyncio/base_subprocess.py", line 104, in close
    proto.pipe.close()
  File "/usr/local/lib/python3.12/asyncio/unix_events.py", line 767, in close
    self.write_eof()
  File "/usr/local/lib/python3.12/asyncio/unix_events.py", line 753, in write_eof
    self._loop.call_soon(self._call_connection_lost, None)
  File "/usr/local/lib/python3.12/asyncio/base_events.py", line 799, in call_soon
    self._check_closed()
  File "/usr/local/lib/python3.12/asyncio/base_events.py", line 545, in _check_closed
    raise RuntimeError('Event loop is closed')
RuntimeError: Event loop is closed
[09/08/26 23:11:12] INFO     REPL enabled, using:                  server.py:322
                             /home/amirnabiyev/Conjecture_Prover/.              
                             lake/packages/repl/.lake/build/bin/re              
                             pl                                                 
                    INFO     REPL initialized: timeout=60s         server.py:325
                    INFO     Session ending — cleaning up          server.py:360
                             per-session resources                              
[09/08/26 23:11:33] INFO     REPL enabled, using:                  server.py:322
                             /home/amirnabiyev/Conjecture_Prover/.              
                             lake/packages/repl/.lake/build/bin/re              
                             pl                                                 
                    INFO     REPL initialized: timeout=60s         server.py:325
                    INFO     Session ending — cleaning up          server.py:360
                             per-session resources                              
[09/08/26 23:11:37] INFO     REPL enabled, using:                  server.py:322
                             /home/amirnabiyev/Conjecture_Prover/.              
                             lake/packages/repl/.lake/build/bin/re              
                             pl                                                 
                    INFO     REPL initialized: timeout=60s         server.py:325
[09/08/26 23:11:38] INFO     Shared async LSP client         client_utils.py:133
                             connected at                                       
                             /home/amirnabiyev/Conjecture_Pr                    
                             over                                               
[09/08/26 23:12:06] INFO     Session ending — cleaning up          server.py:360
                             per-session resources                              
Exception ignored in: <function BaseSubprocessTransport.__del__ at 0x714ab496b380>
Traceback (most recent call last):
  File "/usr/local/lib/python3.12/asyncio/base_subprocess.py", line 126, in __del__
    self.close()
  File "/usr/local/lib/python3.12/asyncio/base_subprocess.py", line 104, in close
    proto.pipe.close()
  File "/usr/local/lib/python3.12/asyncio/unix_events.py", line 767, in close
    self.write_eof()
  File "/usr/local/lib/python3.12/asyncio/unix_events.py", line 753, in write_eof
    self._loop.call_soon(self._call_connection_lost, None)
  File "/usr/local/lib/python3.12/asyncio/base_events.py", line 799, in call_soon
    self._check_closed()
  File "/usr/local/lib/python3.12/asyncio/base_events.py", line 545, in _check_closed
    raise RuntimeError('Event loop is closed')
RuntimeError: Event loop is closed
[09/08/26 23:12:08] INFO     REPL enabled, using:                  server.py:322
                             /home/amirnabiyev/Conjecture_Prover/.              
                             lake/packages/repl/.lake/build/bin/re              
                             pl                                                 
                    INFO     REPL initialized: timeout=60s         server.py:325
                    INFO     Session ending — cleaning up          server.py:360
                             per-session resources                              

======================================================================
📋 BLUEPRINT GENERATOR: Decomposing theorem into dependency graph
======================================================================

   🛠️  BP AI made 1 tool call(s):
 → read_workspace
   🚦 Routing: blueprint_gen → tools_bp
   🚦 Routing: tool_node → blueprint_gen

======================================================================
📋 BLUEPRINT GENERATOR: Decomposing theorem into dependency graph
======================================================================

   💬 BP AI says: I'll start by reading the workspace file (already done above) and checking what Mathlib provides for the key concepts involved.
   🛠️  BP AI made 2 tool call(s):
 → search_mathlib_docs_multi
 → lean_run_code
   🚦 Routing: blueprint_gen → tools_bp
[mathlib_docs] Loading /home/amirnabiyev/Conjecture_Prover/.cache/declaration-data.json ...
[mathlib_docs] Loaded 419,582 declarations.
   🚦 Routing: tool_node → blueprint_gen

======================================================================
📋 BLUEPRINT GENERATOR: Decomposing theorem into dependency graph
======================================================================

   💬 BP AI says: The core constructs compile. Let me inspect how `Architect`'s `@[blueprint]` syntax is used in existing project files and check a couple of Mathlib naming details.
   🛠️  BP AI made 2 tool call(s):
 → list_directory
 → fetch_mathlib_source
   🚦 Routing: blueprint_gen → tools_bp
   🚦 Routing: tool_node → blueprint_gen

======================================================================
📋 BLUEPRINT GENERATOR: Decomposing theorem into dependency graph
======================================================================

   🛠️  BP AI made 2 tool call(s):
 → list_directory
 → list_directory
   🚦 Routing: blueprint_gen → tools_bp
   🚦 Routing: tool_node → blueprint_gen

======================================================================
📋 BLUEPRINT GENERATOR: Decomposing theorem into dependency graph
======================================================================

   🛠️  BP AI made 1 tool call(s):
 → lean_run_code
   🚦 Routing: blueprint_gen → tools_bp
   🚦 Routing: tool_node → blueprint_gen

======================================================================
📋 BLUEPRINT GENERATOR: Decomposing theorem into dependency graph
======================================================================

   🛠️  BP AI made 2 tool call(s):
 → list_directory
 → list_directory
   🚦 Routing: blueprint_gen → tools_bp
   🚦 Routing: tool_node → blueprint_gen

======================================================================
📋 BLUEPRINT GENERATOR: Decomposing theorem into dependency graph
======================================================================

   🛠️  BP AI made 2 tool call(s):
 → list_directory
 → list_directory
   🚦 Routing: blueprint_gen → tools_bp
   🚦 Routing: tool_node → blueprint_gen

======================================================================
📋 BLUEPRINT GENERATOR: Decomposing theorem into dependency graph
======================================================================

   🛠️  BP AI made 1 tool call(s):
 → list_directory
   🚦 Routing: blueprint_gen → tools_bp
   🚦 Routing: tool_node → blueprint_gen

======================================================================
📋 BLUEPRINT GENERATOR: Decomposing theorem into dependency graph
======================================================================

   🛠️  BP AI made 1 tool call(s):
 → list_directory
   🚦 Routing: blueprint_gen → tools_bp
   🚦 Routing: tool_node → blueprint_gen

======================================================================
📋 BLUEPRINT GENERATOR: Decomposing theorem into dependency graph
======================================================================

   🛠️  BP AI made 1 tool call(s):
 → read_workspace
   🚦 Routing: blueprint_gen → tools_bp
   🚦 Routing: tool_node → blueprint_gen

======================================================================
📋 BLUEPRINT GENERATOR: Decomposing theorem into dependency graph
======================================================================

   🛠️  BP AI made 1 tool call(s):
 → read_workspace
   🚦 Routing: blueprint_gen → tools_bp
   🚦 Routing: tool_node → blueprint_gen

======================================================================
📋 BLUEPRINT GENERATOR: Decomposing theorem into dependency graph
======================================================================

   💬 BP AI says: The environment and syntax are confirmed. Now let me test-draft the entire declaration structure (statements + `sorry` bodies, without `@[blueprint]` yet) to make sure everything elaborates before writing the final file.
   🛠️  BP AI made 1 tool call(s):
 → lean_run_code
   🚦 Routing: blueprint_gen → tools_bp
   🚦 Routing: tool_node → blueprint_gen

======================================================================
📋 BLUEPRINT GENERATOR: Decomposing theorem into dependency graph
======================================================================

   💬 BP AI says: All statements elaborate cleanly. Now I'll write the full blueprint file with `@[blueprint]` annotations and matching `sorry_using` / `proofUses` lists.
   🛠️  BP AI made 1 tool call(s):
 → write_workspace
   🚦 Routing: blueprint_gen → tools_bp
   🚦 Routing: tool_node → blueprint_gen

======================================================================
📋 BLUEPRINT GENERATOR: Decomposing theorem into dependency graph
======================================================================

   💬 BP AI says: Now let me check the file for errors:
   🛠️  BP AI made 1 tool call(s):
 → lean_diagnostic_messages
   🚦 Routing: blueprint_gen → tools_bp
   🚦 Routing: tool_node → blueprint_gen

======================================================================
📋 BLUEPRINT GENERATOR: Decomposing theorem into dependency graph
======================================================================

   💬 BP AI says: Only the expected `sorry` warnings — no errors. The `@[blueprint]` attributes registered cleanly. Now regenerate the blueprint dependency graph JSON:
   🛠️  BP AI made 1 tool call(s):
 → build_blueprint_json
   🚦 Routing: blueprint_gen → tools_bp
   🚦 Routing: tool_node → blueprint_gen

======================================================================
📋 BLUEPRINT GENERATOR: Decomposing theorem into dependency graph
======================================================================

   💬 BP AI says: The build completed successfully. Let me verify the final declaration structure:
   🛠️  BP AI made 1 tool call(s):
 → lean_file_outline
   🚦 Routing: blueprint_gen → tools_bp
   🚦 Routing: tool_node → blueprint_gen

======================================================================
📋 BLUEPRINT GENERATOR: Decomposing theorem into dependency graph
======================================================================

   💬 BP AI says: The blueprint is complete and verified. Summary of what was done:

## Summary

**Workspace file**: `/home/amirnabiyev/Conjecture_Prover/ConjectureProver.lean`

The file now contains a blueprint decomposition of the target theorem `zeroSet_finite_or_contain_arithmetic_progression`, with the original formalization preserved verbatim in the module docstring, namespace, and final theorem signature.

**Dependency graph nodes** (all `@[blueprint]`-annotated, topological order):

1. **`zeroSet`** *(def
      ... (2033 total chars)
   🚦 Routing: blueprint_gen → rebuild_blueprint (first pass)

🔄 REBUILD BLUEPRINT: Refreshing blueprint state from JSON...
   📊 6 lemmas, 2 proved
   📊 Blueprint: 6 nodes, root='Problem94.zeroSet_finite_or_contain_arithmetic_progression'
   🚦 Routing: rebuild_blueprint → theorem_proving
   🚀 theorem_proving: dispatching 4 parallel agent(s) (skipped 0 without sorry_using)[09/08/26 23:12:18] INFO     Disabled tool 'lean_build' via        server.py:115
                             LEAN_MCP_DISABLED_TOOLS                            
                    INFO     Disabled tool 'lean_completions' via  server.py:115
                             LEAN_MCP_DISABLED_TOOLS                            
[09/08/26 23:12:18] INFO     Disabled tool 'lean_build' via        server.py:115
                             LEAN_MCP_DISABLED_TOOLS                            
                    INFO     Disabled tool 'lean_declaration_file' server.py:115
                             via LEAN_MCP_DISABLED_TOOLS                        
                    INFO     Disabled tool 'lean_completions' via  server.py:115
                             LEAN_MCP_DISABLED_TOOLS                            
                    INFO     Disabled tool                         server.py:115
                             'lean_diagnostic_messages' via                     
                             LEAN_MCP_DISABLED_TOOLS                            
                    INFO     Disabled tool 'lean_declaration_file' server.py:115
                             via LEAN_MCP_DISABLED_TOOLS                        
                    INFO     Disabled tool                         server.py:115
                             'lean_diagnostic_messages' via                     
                             LEAN_MCP_DISABLED_TOOLS                            
                    INFO     Disabled tool 'lean_file_outline' via server.py:115
                             LEAN_MCP_DISABLED_TOOLS                            
                    INFO     Disabled tool 'lean_file_outline' via server.py:115
                             LEAN_MCP_DISABLED_TOOLS                            
                    INFO     Disabled tool                         server.py:115
                             'lean_get_widget_source' via                       
                             LEAN_MCP_DISABLED_TOOLS                            
                    INFO     Disabled tool                         server.py:115
                             'lean_get_widget_source' via                       
                             LEAN_MCP_DISABLED_TOOLS                            
                    INFO     Disabled tool 'lean_get_widgets' via  server.py:115
                             LEAN_MCP_DISABLED_TOOLS                            
[09/08/26 23:12:19] INFO     Disabled tool 'lean_goal' via         server.py:115
                             LEAN_MCP_DISABLED_TOOLS                            
[09/08/26 23:12:19] INFO     Disabled tool 'lean_get_widgets' via  server.py:115
                             LEAN_MCP_DISABLED_TOOLS                            
                    INFO     Disabled tool 'lean_hover_info' via   server.py:115
                             LEAN_MCP_DISABLED_TOOLS                            
                    INFO     Disabled tool 'lean_goal' via         server.py:115
                             LEAN_MCP_DISABLED_TOOLS                            
                    INFO     Disabled tool 'lean_hover_info' via   server.py:115
                             LEAN_MCP_DISABLED_TOOLS                            
                    INFO     Disabled tool 'lean_references' via   server.py:115
                             LEAN_MCP_DISABLED_TOOLS                            
                    INFO     Disabled tool 'lean_term_goal' via    server.py:115
                             LEAN_MCP_DISABLED_TOOLS                            
                    INFO     Disabled tool 'lean_references' via   server.py:115
                             LEAN_MCP_DISABLED_TOOLS                            
[09/08/26 23:12:18] INFO     Disabled tool 'lean_build' via        server.py:115
                             LEAN_MCP_DISABLED_TOOLS                            
[09/08/26 23:12:19] INFO     Disabled tool 'lean_completions' via  server.py:115
                             LEAN_MCP_DISABLED_TOOLS                            
                    INFO     Disabled tool 'lean_term_goal' via    server.py:115
                             LEAN_MCP_DISABLED_TOOLS                            
                    INFO     Disabled tool 'lean_declaration_file' server.py:115
                             via LEAN_MCP_DISABLED_TOOLS                        
                    INFO     Disabled tool                         server.py:115
                             'lean_diagnostic_messages' via                     
                             LEAN_MCP_DISABLED_TOOLS                            
                    INFO     Disabled tool 'lean_file_outline' via server.py:115
                             LEAN_MCP_DISABLED_TOOLS                            
                    INFO     Disabled tool                         server.py:115
                             'lean_get_widget_source' via                       
                             LEAN_MCP_DISABLED_TOOLS                            
                    INFO     Disabled tool 'lean_get_widgets' via  server.py:115
                             LEAN_MCP_DISABLED_TOOLS                            
                    INFO     Disabled tool 'lean_goal' via         server.py:115
                             LEAN_MCP_DISABLED_TOOLS                            
                    INFO     Disabled tool 'lean_hover_info' via   server.py:115
                             LEAN_MCP_DISABLED_TOOLS                            
                    INFO     Disabled tool 'lean_references' via   server.py:115
                             LEAN_MCP_DISABLED_TOOLS                            
                    INFO     Disabled tool 'lean_term_goal' via    server.py:115
                             LEAN_MCP_DISABLED_TOOLS                            
[09/08/26 23:12:19] INFO     Disabled tool 'lean_build' via        server.py:115
                             LEAN_MCP_DISABLED_TOOLS                            
                    INFO     REPL enabled, using:                  server.py:322
                             /home/amirnabiyev/Conjecture_Prover/.              
                             lake/packages/repl/.lake/build/bin/re              
                             pl                                                 
                    INFO     REPL enabled, using:                  server.py:322
                             /home/amirnabiyev/Conjecture_Prover/.              
                             lake/packages/repl/.lake/build/bin/re              
                             pl                                                 
                    INFO     Disabled tool 'lean_completions' via  server.py:115
                             LEAN_MCP_DISABLED_TOOLS                            
                    INFO     REPL initialized: timeout=60s         server.py:325
                    INFO     REPL initialized: timeout=60s         server.py:325
                    INFO     Disabled tool 'lean_declaration_file' server.py:115
                             via LEAN_MCP_DISABLED_TOOLS                        
                    INFO     Disabled tool                         server.py:115
                             'lean_diagnostic_messages' via                     
                             LEAN_MCP_DISABLED_TOOLS                            
                    INFO     Disabled tool 'lean_file_outline' via server.py:115
                             LEAN_MCP_DISABLED_TOOLS                            
                    INFO     Disabled tool                         server.py:115
                             'lean_get_widget_source' via                       
                             LEAN_MCP_DISABLED_TOOLS                            
                    INFO     Disabled tool 'lean_get_widgets' via  server.py:115
                             LEAN_MCP_DISABLED_TOOLS                            
                    INFO     Disabled tool 'lean_goal' via         server.py:115
                             LEAN_MCP_DISABLED_TOOLS                            
                    INFO     Disabled tool 'lean_hover_info' via   server.py:115
                             LEAN_MCP_DISABLED_TOOLS                            
                    INFO     Disabled tool 'lean_references' via   server.py:115
                             LEAN_MCP_DISABLED_TOOLS                            
                    INFO     Disabled tool 'lean_term_goal' via    server.py:115
                             LEAN_MCP_DISABLED_TOOLS                            
                    INFO     REPL enabled, using:                  server.py:322
                             /home/amirnabiyev/Conjecture_Prover/.              
                             lake/packages/repl/.lake/build/bin/re              
                             pl                                                 
                    INFO     REPL initialized: timeout=60s         server.py:325
                    INFO     Session ending — cleaning up          server.py:360
                             per-session resources                              
                    INFO     Session ending — cleaning up          server.py:360
                             per-session resources                              
                    INFO     REPL enabled, using:                  server.py:322
                             /home/amirnabiyev/Conjecture_Prover/.              
                             lake/packages/repl/.lake/build/bin/re              
                             pl                                                 
                    INFO     REPL initialized: timeout=60s         server.py:325
                    INFO     Session ending — cleaning up          server.py:360
                             per-session resources                              
                    INFO     Session ending — cleaning up          server.py:360
                             per-session resources                              
[09/08/26 23:12:22] INFO     Disabled tool 'lean_build' via        server.py:115
                             LEAN_MCP_DISABLED_TOOLS                            
[09/08/26 23:12:22] INFO     Disabled tool 'lean_build' via        server.py:115
                             LEAN_MCP_DISABLED_TOOLS                            
                    INFO     Disabled tool 'lean_completions' via  server.py:115
                             LEAN_MCP_DISABLED_TOOLS                            
                    INFO     Disabled tool 'lean_completions' via  server.py:115
                             LEAN_MCP_DISABLED_TOOLS                            
                    INFO     Disabled tool 'lean_declaration_file' server.py:115
                             via LEAN_MCP_DISABLED_TOOLS                        
                    INFO     Disabled tool 'lean_declaration_file' server.py:115
                             via LEAN_MCP_DISABLED_TOOLS                        
                    INFO     Disabled tool                         server.py:115
                             'lean_diagnostic_messages' via                     
                             LEAN_MCP_DISABLED_TOOLS                            
                    INFO     Disabled tool                         server.py:115
                             'lean_diagnostic_messages' via                     
                             LEAN_MCP_DISABLED_TOOLS                            
                    INFO     Disabled tool 'lean_file_outline' via server.py:115
                             LEAN_MCP_DISABLED_TOOLS                            
                    INFO     Disabled tool 'lean_file_outline' via server.py:115
                             LEAN_MCP_DISABLED_TOOLS                            
                    INFO     Disabled tool                         server.py:115
                             'lean_get_widget_source' via                       
                             LEAN_MCP_DISABLED_TOOLS                            
                    INFO     Disabled tool                         server.py:115
                             'lean_get_widget_source' via                       
                             LEAN_MCP_DISABLED_TOOLS                            
                    INFO     Disabled tool 'lean_get_widgets' via  server.py:115
                             LEAN_MCP_DISABLED_TOOLS                            
                    INFO     Disabled tool 'lean_get_widgets' via  server.py:115
                             LEAN_MCP_DISABLED_TOOLS                            
                    INFO     Disabled tool 'lean_goal' via         server.py:115
                             LEAN_MCP_DISABLED_TOOLS                            
                    INFO     Disabled tool 'lean_goal' via         server.py:115
                             LEAN_MCP_DISABLED_TOOLS                            
                    INFO     Disabled tool 'lean_hover_info' via   server.py:115
                             LEAN_MCP_DISABLED_TOOLS                            
                    INFO     Disabled tool 'lean_hover_info' via   server.py:115
                             LEAN_MCP_DISABLED_TOOLS                            
                    INFO     Disabled tool 'lean_references' via   server.py:115
                             LEAN_MCP_DISABLED_TOOLS                            
                    INFO     Disabled tool 'lean_references' via   server.py:115
                             LEAN_MCP_DISABLED_TOOLS                            
                    INFO     Disabled tool 'lean_term_goal' via    server.py:115
                             LEAN_MCP_DISABLED_TOOLS                            
                    INFO     Disabled tool 'lean_term_goal' via    server.py:115
                             LEAN_MCP_DISABLED_TOOLS                            
                    INFO     REPL enabled, using:                  server.py:322
                             /home/amirnabiyev/Conjecture_Prover/.              
                             lake/packages/repl/.lake/build/bin/re              
                             pl                                                 
                    INFO     REPL enabled, using:                  server.py:322
                             /home/amirnabiyev/Conjecture_Prover/.              
                             lake/packages/repl/.lake/build/bin/re              
                             pl                                                 
                    INFO     REPL initialized: timeout=60s         server.py:325
                    INFO     REPL initialized: timeout=60s         server.py:325
[09/08/26 23:12:23] INFO     Session ending — cleaning up          server.py:360
                             per-session resources                              
[09/08/26 23:12:23] INFO     Session ending — cleaning up          server.py:360
                             per-session resources                              
[09/08/26 23:12:24] INFO     Disabled tool 'lean_build' via        server.py:115
                             LEAN_MCP_DISABLED_TOOLS                            
                    INFO     Disabled tool 'lean_completions' via  server.py:115
                             LEAN_MCP_DISABLED_TOOLS                            
                    INFO     Disabled tool 'lean_declaration_file' server.py:115
                             via LEAN_MCP_DISABLED_TOOLS                        
                    INFO     Disabled tool                         server.py:115
                             'lean_diagnostic_messages' via                     
                             LEAN_MCP_DISABLED_TOOLS                            
                    INFO     Disabled tool 'lean_file_outline' via server.py:115
                             LEAN_MCP_DISABLED_TOOLS                            
                    INFO     Disabled tool                         server.py:115
                             'lean_get_widget_source' via                       
                             LEAN_MCP_DISABLED_TOOLS                            
                    INFO     Disabled tool 'lean_get_widgets' via  server.py:115
                             LEAN_MCP_DISABLED_TOOLS                            
                    INFO     Disabled tool 'lean_goal' via         server.py:115
                             LEAN_MCP_DISABLED_TOOLS                            
[09/08/26 23:12:24] INFO     Disabled tool 'lean_build' via        server.py:115
                             LEAN_MCP_DISABLED_TOOLS                            
                    INFO     Disabled tool 'lean_hover_info' via   server.py:115
                             LEAN_MCP_DISABLED_TOOLS                            
                    INFO     Disabled tool 'lean_completions' via  server.py:115
                             LEAN_MCP_DISABLED_TOOLS                            
                    INFO     Disabled tool 'lean_references' via   server.py:115
                             LEAN_MCP_DISABLED_TOOLS                            
                    INFO     Disabled tool 'lean_declaration_file' server.py:115
                             via LEAN_MCP_DISABLED_TOOLS                        
                    INFO     Disabled tool 'lean_term_goal' via    server.py:115
                             LEAN_MCP_DISABLED_TOOLS                            
                    INFO     Disabled tool                         server.py:115
                             'lean_diagnostic_messages' via                     
                             LEAN_MCP_DISABLED_TOOLS                            
                    INFO     Disabled tool 'lean_file_outline' via server.py:115
                             LEAN_MCP_DISABLED_TOOLS                            
                    INFO     Disabled tool                         server.py:115
                             'lean_get_widget_source' via                       
                             LEAN_MCP_DISABLED_TOOLS                            
                    INFO     Disabled tool 'lean_get_widgets' via  server.py:115
                             LEAN_MCP_DISABLED_TOOLS                            
                    INFO     Disabled tool 'lean_goal' via         server.py:115
                             LEAN_MCP_DISABLED_TOOLS                            
                    INFO     Disabled tool 'lean_hover_info' via   server.py:115
                             LEAN_MCP_DISABLED_TOOLS                            
                    INFO     Disabled tool 'lean_references' via   server.py:115
                             LEAN_MCP_DISABLED_TOOLS                            
                    INFO     Disabled tool 'lean_term_goal' via    server.py:115
                             LEAN_MCP_DISABLED_TOOLS                            
                    INFO     REPL enabled, using:                  server.py:322
                             /home/amirnabiyev/Conjecture_Prover/.              
                             lake/packages/repl/.lake/build/bin/re              
                             pl                                                 
                    INFO     REPL initialized: timeout=60s         server.py:325
                    INFO     REPL enabled, using:                  server.py:322
                             /home/amirnabiyev/Conjecture_Prover/.              
                             lake/packages/repl/.lake/build/bin/re              
                             pl                                                 
                    INFO     REPL initialized: timeout=60s         server.py:325
[09/08/26 23:12:25] INFO     Session ending — cleaning up          server.py:360
                             per-session resources                              
[09/08/26 23:12:25] INFO     Session ending — cleaning up          server.py:360
                             per-session resources                              
[09/08/26 23:12:28] INFO     Disabled tool 'lean_build' via        server.py:115
                             LEAN_MCP_DISABLED_TOOLS                            
                    INFO     Disabled tool 'lean_completions' via  server.py:115
                             LEAN_MCP_DISABLED_TOOLS                            
                    INFO     Disabled tool 'lean_declaration_file' server.py:115
                             via LEAN_MCP_DISABLED_TOOLS                        
                    INFO     Disabled tool                         server.py:115
                             'lean_diagnostic_messages' via                     
                             LEAN_MCP_DISABLED_TOOLS                            
                    INFO     Disabled tool 'lean_file_outline' via server.py:115
                             LEAN_MCP_DISABLED_TOOLS                            
                    INFO     Disabled tool                         server.py:115
                             'lean_get_widget_source' via                       
                             LEAN_MCP_DISABLED_TOOLS                            
                    INFO     Disabled tool 'lean_get_widgets' via  server.py:115
                             LEAN_MCP_DISABLED_TOOLS                            
                    INFO     Disabled tool 'lean_goal' via         server.py:115
                             LEAN_MCP_DISABLED_TOOLS                            
                    INFO     Disabled tool 'lean_hover_info' via   server.py:115
                             LEAN_MCP_DISABLED_TOOLS                            
                    INFO     Disabled tool 'lean_references' via   server.py:115
                             LEAN_MCP_DISABLED_TOOLS                            
                    INFO     Disabled tool 'lean_term_goal' via    server.py:115
                             LEAN_MCP_DISABLED_TOOLS                            
                    INFO     REPL enabled, using:                  server.py:322
                             /home/amirnabiyev/Conjecture_Prover/.              
                             lake/packages/repl/.lake/build/bin/re              
                             pl                                                 
                    INFO     REPL initialized: timeout=60s         server.py:325
[09/08/26 23:12:29] INFO     Session ending — cleaning up          server.py:360
                             per-session resources                              
[09/08/26 23:12:30] INFO     Disabled tool 'lean_build' via        server.py:115
                             LEAN_MCP_DISABLED_TOOLS                            
                    INFO     Disabled tool 'lean_completions' via  server.py:115
                             LEAN_MCP_DISABLED_TOOLS                            
                    INFO     Disabled tool 'lean_declaration_file' server.py:115
                             via LEAN_MCP_DISABLED_TOOLS                        
                    INFO     Disabled tool                         server.py:115
                             'lean_diagnostic_messages' via                     
                             LEAN_MCP_DISABLED_TOOLS                            
                    INFO     Disabled tool 'lean_file_outline' via server.py:115
                             LEAN_MCP_DISABLED_TOOLS                            
                    INFO     Disabled tool                         server.py:115
                             'lean_get_widget_source' via                       
                             LEAN_MCP_DISABLED_TOOLS                            
                    INFO     Disabled tool 'lean_get_widgets' via  server.py:115
                             LEAN_MCP_DISABLED_TOOLS                            
                    INFO     Disabled tool 'lean_goal' via         server.py:115
                             LEAN_MCP_DISABLED_TOOLS                            
                    INFO     Disabled tool 'lean_hover_info' via   server.py:115
                             LEAN_MCP_DISABLED_TOOLS                            
                    INFO     Disabled tool 'lean_references' via   server.py:115
                             LEAN_MCP_DISABLED_TOOLS                            
                    INFO     Disabled tool 'lean_term_goal' via    server.py:115
                             LEAN_MCP_DISABLED_TOOLS                            
                    INFO     REPL enabled, using:                  server.py:322
                             /home/amirnabiyev/Conjecture_Prover/.              
                             lake/packages/repl/.lake/build/bin/re              
                             pl                                                 
                    INFO     REPL initialized: timeout=60s         server.py:325
                    INFO     Session ending — cleaning up          server.py:360
                             per-session resources                              
[09/08/26 23:12:35] INFO     Disabled tool 'lean_build' via        server.py:115
                             LEAN_MCP_DISABLED_TOOLS                            
                    INFO     Disabled tool 'lean_completions' via  server.py:115
                             LEAN_MCP_DISABLED_TOOLS                            
                    INFO     Disabled tool 'lean_declaration_file' server.py:115
                             via LEAN_MCP_DISABLED_TOOLS                        
                    INFO     Disabled tool                         server.py:115
                             'lean_diagnostic_messages' via                     
                             LEAN_MCP_DISABLED_TOOLS                            
                    INFO     Disabled tool 'lean_file_outline' via server.py:115
                             LEAN_MCP_DISABLED_TOOLS                            
                    INFO     Disabled tool                         server.py:115
                             'lean_get_widget_source' via                       
                             LEAN_MCP_DISABLED_TOOLS                            
                    INFO     Disabled tool 'lean_get_widgets' via  server.py:115
                             LEAN_MCP_DISABLED_TOOLS                            
                    INFO     Disabled tool 'lean_goal' via         server.py:115
                             LEAN_MCP_DISABLED_TOOLS                            
                    INFO     Disabled tool 'lean_hover_info' via   server.py:115
                             LEAN_MCP_DISABLED_TOOLS                            
                    INFO     Disabled tool 'lean_references' via   server.py:115
                             LEAN_MCP_DISABLED_TOOLS                            
                    INFO     Disabled tool 'lean_term_goal' via    server.py:115
                             LEAN_MCP_DISABLED_TOOLS                            
                    INFO     REPL enabled, using:                  server.py:322
                             /home/amirnabiyev/Conjecture_Prover/.              
                             lake/packages/repl/.lake/build/bin/re              
                             pl                                                 
                    INFO     REPL initialized: timeout=60s         server.py:325
                    INFO     Session ending — cleaning up          server.py:360
                             per-session resources                              
[09/08/26 23:12:36] INFO     Disabled tool 'lean_build' via        server.py:115
                             LEAN_MCP_DISABLED_TOOLS                            
                    INFO     Disabled tool 'lean_completions' via  server.py:115
                             LEAN_MCP_DISABLED_TOOLS                            
                    INFO     Disabled tool 'lean_declaration_file' server.py:115
                             via LEAN_MCP_DISABLED_TOOLS                        
                    INFO     Disabled tool                         server.py:115
                             'lean_diagnostic_messages' via                     
                             LEAN_MCP_DISABLED_TOOLS                            
                    INFO     Disabled tool 'lean_file_outline' via server.py:115
                             LEAN_MCP_DISABLED_TOOLS                            
                    INFO     Disabled tool                         server.py:115
                             'lean_get_widget_source' via                       
                             LEAN_MCP_DISABLED_TOOLS                            
                    INFO     Disabled tool 'lean_get_widgets' via  server.py:115
                             LEAN_MCP_DISABLED_TOOLS                            
                    INFO     Disabled tool 'lean_goal' via         server.py:115
                             LEAN_MCP_DISABLED_TOOLS                            
                    INFO     Disabled tool 'lean_hover_info' via   server.py:115
                             LEAN_MCP_DISABLED_TOOLS                            
                    INFO     Disabled tool 'lean_references' via   server.py:115
                             LEAN_MCP_DISABLED_TOOLS                            
                    INFO     Disabled tool 'lean_term_goal' via    server.py:115
                             LEAN_MCP_DISABLED_TOOLS                            
                    INFO     REPL enabled, using:                  server.py:322
                             /home/amirnabiyev/Conjecture_Prover/.              
                             lake/packages/repl/.lake/build/bin/re              
                             pl                                                 
                    INFO     REPL initialized: timeout=60s         server.py:325
                    INFO     Session ending — cleaning up          server.py:360
                             per-session resources                              
[09/08/26 23:12:39] INFO     Disabled tool 'lean_build' via        server.py:115
                             LEAN_MCP_DISABLED_TOOLS                            
                    INFO     Disabled tool 'lean_completions' via  server.py:115
                             LEAN_MCP_DISABLED_TOOLS                            
                    INFO     Disabled tool 'lean_declaration_file' server.py:115
                             via LEAN_MCP_DISABLED_TOOLS                        
                    INFO     Disabled tool                         server.py:115
                             'lean_diagnostic_messages' via                     
                             LEAN_MCP_DISABLED_TOOLS                            
                    INFO     Disabled tool 'lean_file_outline' via server.py:115
                             LEAN_MCP_DISABLED_TOOLS                            
                    INFO     Disabled tool                         server.py:115
                             'lean_get_widget_source' via                       
                             LEAN_MCP_DISABLED_TOOLS                            
                    INFO     Disabled tool 'lean_get_widgets' via  server.py:115
                             LEAN_MCP_DISABLED_TOOLS                            
                    INFO     Disabled tool 'lean_goal' via         server.py:115
                             LEAN_MCP_DISABLED_TOOLS                            
                    INFO     Disabled tool 'lean_hover_info' via   server.py:115
                             LEAN_MCP_DISABLED_TOOLS                            
                    INFO     Disabled tool 'lean_references' via   server.py:115
                             LEAN_MCP_DISABLED_TOOLS                            
                    INFO     Disabled tool 'lean_term_goal' via    server.py:115
                             LEAN_MCP_DISABLED_TOOLS                            
                    INFO     REPL enabled, using:                  server.py:322
                             /home/amirnabiyev/Conjecture_Prover/.              
                             lake/packages/repl/.lake/build/bin/re              
                             pl                                                 
                    INFO     REPL initialized: timeout=60s         server.py:325
[09/08/26 23:12:40] INFO     Session ending — cleaning up          server.py:360
                             per-session resources                              
[09/08/26 23:12:41] INFO     Disabled tool 'lean_build' via        server.py:115
                             LEAN_MCP_DISABLED_TOOLS                            
                    INFO     Disabled tool 'lean_completions' via  server.py:115
                             LEAN_MCP_DISABLED_TOOLS                            
                    INFO     Disabled tool 'lean_declaration_file' server.py:115
                             via LEAN_MCP_DISABLED_TOOLS                        
                    INFO     Disabled tool                         server.py:115
                             'lean_diagnostic_messages' via                     
                             LEAN_MCP_DISABLED_TOOLS                            
                    INFO     Disabled tool 'lean_file_outline' via server.py:115
                             LEAN_MCP_DISABLED_TOOLS                            
                    INFO     Disabled tool                         server.py:115
                             'lean_get_widget_source' via                       
                             LEAN_MCP_DISABLED_TOOLS                            
                    INFO     Disabled tool 'lean_get_widgets' via  server.py:115
                             LEAN_MCP_DISABLED_TOOLS                            
                    INFO     Disabled tool 'lean_goal' via         server.py:115
                             LEAN_MCP_DISABLED_TOOLS                            
                    INFO     Disabled tool 'lean_hover_info' via   server.py:115
                             LEAN_MCP_DISABLED_TOOLS                            
                    INFO     Disabled tool 'lean_references' via   server.py:115
                             LEAN_MCP_DISABLED_TOOLS                            
                    INFO     Disabled tool 'lean_term_goal' via    server.py:115
                             LEAN_MCP_DISABLED_TOOLS                            
                    INFO     REPL enabled, using:                  server.py:322
                             /home/amirnabiyev/Conjecture_Prover/.              
                             lake/packages/repl/.lake/build/bin/re              
                             pl                                                 
                    INFO     REPL initialized: timeout=60s         server.py:325
[09/08/26 23:12:42] INFO     Session ending — cleaning up          server.py:360
                             per-session resources                              
[09/08/26 23:12:44] INFO     Disabled tool 'lean_build' via        server.py:115
                             LEAN_MCP_DISABLED_TOOLS                            
                    INFO     Disabled tool 'lean_completions' via  server.py:115
                             LEAN_MCP_DISABLED_TOOLS                            
                    INFO     Disabled tool 'lean_declaration_file' server.py:115
                             via LEAN_MCP_DISABLED_TOOLS                        
                    INFO     Disabled tool                         server.py:115
                             'lean_diagnostic_messages' via                     
                             LEAN_MCP_DISABLED_TOOLS                            
                    INFO     Disabled tool 'lean_file_outline' via server.py:115
                             LEAN_MCP_DISABLED_TOOLS                            
                    INFO     Disabled tool                         server.py:115
                             'lean_get_widget_source' via                       
                             LEAN_MCP_DISABLED_TOOLS                            
                    INFO     Disabled tool 'lean_get_widgets' via  server.py:115
                             LEAN_MCP_DISABLED_TOOLS                            
                    INFO     Disabled tool 'lean_goal' via         server.py:115
                             LEAN_MCP_DISABLED_TOOLS                            
                    INFO     Disabled tool 'lean_hover_info' via   server.py:115
                             LEAN_MCP_DISABLED_TOOLS                            
                    INFO     Disabled tool 'lean_references' via   server.py:115
                             LEAN_MCP_DISABLED_TOOLS                            
                    INFO     Disabled tool 'lean_term_goal' via    server.py:115
                             LEAN_MCP_DISABLED_TOOLS                            
                    INFO     REPL enabled, using:                  server.py:322
                             /home/amirnabiyev/Conjecture_Prover/.              
                             lake/packages/repl/.lake/build/bin/re              
                             pl                                                 
                    INFO     REPL initialized: timeout=60s         server.py:325
[09/08/26 23:12:47] INFO     Disabled tool 'lean_build' via        server.py:115
                             LEAN_MCP_DISABLED_TOOLS                            
                    INFO     Disabled tool 'lean_completions' via  server.py:115
                             LEAN_MCP_DISABLED_TOOLS                            
                    INFO     Disabled tool 'lean_declaration_file' server.py:115
                             via LEAN_MCP_DISABLED_TOOLS                        
                    INFO     Disabled tool                         server.py:115
                             'lean_diagnostic_messages' via                     
                             LEAN_MCP_DISABLED_TOOLS                            
                    INFO     Disabled tool 'lean_file_outline' via server.py:115
                             LEAN_MCP_DISABLED_TOOLS                            
                    INFO     Disabled tool                         server.py:115
                             'lean_get_widget_source' via                       
                             LEAN_MCP_DISABLED_TOOLS                            
                    INFO     Disabled tool 'lean_get_widgets' via  server.py:115
                             LEAN_MCP_DISABLED_TOOLS                            
                    INFO     Disabled tool 'lean_goal' via         server.py:115
                             LEAN_MCP_DISABLED_TOOLS                            
                    INFO     Disabled tool 'lean_hover_info' via   server.py:115
                             LEAN_MCP_DISABLED_TOOLS                            
                    INFO     Disabled tool 'lean_references' via   server.py:115
                             LEAN_MCP_DISABLED_TOOLS                            
                    INFO     Disabled tool 'lean_term_goal' via    server.py:115
                             LEAN_MCP_DISABLED_TOOLS                            
                    INFO     REPL enabled, using:                  server.py:322
                             /home/amirnabiyev/Conjecture_Prover/.              
                             lake/packages/repl/.lake/build/bin/re              
                             pl                                                 
                    INFO     REPL initialized: timeout=60s         server.py:325
[09/08/26 23:12:49] INFO     Session ending — cleaning up          server.py:360
                             per-session resources                              
[09/08/26 23:12:50] INFO     Session ending — cleaning up          server.py:360
                             per-session resources                              
[09/08/26 23:12:50] INFO     Disabled tool 'lean_build' via        server.py:115
                             LEAN_MCP_DISABLED_TOOLS                            
                    INFO     Disabled tool 'lean_completions' via  server.py:115
                             LEAN_MCP_DISABLED_TOOLS                            
                    INFO     Disabled tool 'lean_declaration_file' server.py:115
                             via LEAN_MCP_DISABLED_TOOLS                        
                    INFO     Disabled tool                         server.py:115
                             'lean_diagnostic_messages' via                     
                             LEAN_MCP_DISABLED_TOOLS                            
                    INFO     Disabled tool 'lean_file_outline' via server.py:115
                             LEAN_MCP_DISABLED_TOOLS                            
                    INFO     Disabled tool                         server.py:115
                             'lean_get_widget_source' via                       
                             LEAN_MCP_DISABLED_TOOLS                            
                    INFO     Disabled tool 'lean_get_widgets' via  server.py:115
                             LEAN_MCP_DISABLED_TOOLS                            
                    INFO     Disabled tool 'lean_goal' via         server.py:115
                             LEAN_MCP_DISABLED_TOOLS                            
                    INFO     Disabled tool 'lean_hover_info' via   server.py:115
                             LEAN_MCP_DISABLED_TOOLS                            
                    INFO     Disabled tool 'lean_references' via   server.py:115
                             LEAN_MCP_DISABLED_TOOLS                            
                    INFO     Disabled tool 'lean_term_goal' via    server.py:115
                             LEAN_MCP_DISABLED_TOOLS                            
                    INFO     REPL enabled, using:                  server.py:322
                             /home/amirnabiyev/Conjecture_Prover/.              
                             lake/packages/repl/.lake/build/bin/re              
                             pl                                                 
                    INFO     REPL initialized: timeout=60s         server.py:325
[09/08/26 23:12:51] INFO     Session ending — cleaning up          server.py:360
                             per-session resources                              
[09/08/26 23:12:52] INFO     Disabled tool 'lean_build' via        server.py:115
                             LEAN_MCP_DISABLED_TOOLS                            
                    INFO     Disabled tool 'lean_completions' via  server.py:115
                             LEAN_MCP_DISABLED_TOOLS                            
                    INFO     Disabled tool 'lean_declaration_file' server.py:115
                             via LEAN_MCP_DISABLED_TOOLS                        
                    INFO     Disabled tool                         server.py:115
                             'lean_diagnostic_messages' via                     
                             LEAN_MCP_DISABLED_TOOLS                            
                    INFO     Disabled tool 'lean_file_outline' via server.py:115
                             LEAN_MCP_DISABLED_TOOLS                            
                    INFO     Disabled tool                         server.py:115
                             'lean_get_widget_source' via                       
                             LEAN_MCP_DISABLED_TOOLS                            
                    INFO     Disabled tool 'lean_get_widgets' via  server.py:115
                             LEAN_MCP_DISABLED_TOOLS                            
                    INFO     Disabled tool 'lean_goal' via         server.py:115
                             LEAN_MCP_DISABLED_TOOLS                            
                    INFO     Disabled tool 'lean_hover_info' via   server.py:115
                             LEAN_MCP_DISABLED_TOOLS                            
                    INFO     Disabled tool 'lean_references' via   server.py:115
                             LEAN_MCP_DISABLED_TOOLS                            
                    INFO     Disabled tool 'lean_term_goal' via    server.py:115
                             LEAN_MCP_DISABLED_TOOLS                            
                    INFO     REPL enabled, using:                  server.py:322
                             /home/amirnabiyev/Conjecture_Prover/.              
                             lake/packages/repl/.lake/build/bin/re              
                             pl                                                 
                    INFO     REPL initialized: timeout=60s         server.py:325
[09/08/26 23:12:53] INFO     Session ending — cleaning up          server.py:360
                             per-session resources                              
[09/08/26 23:12:57] INFO     Disabled tool 'lean_build' via        server.py:115
                             LEAN_MCP_DISABLED_TOOLS                            
                    INFO     Disabled tool 'lean_completions' via  server.py:115
                             LEAN_MCP_DISABLED_TOOLS                            
                    INFO     Disabled tool 'lean_declaration_file' server.py:115
                             via LEAN_MCP_DISABLED_TOOLS                        
                    INFO     Disabled tool                         server.py:115
                             'lean_diagnostic_messages' via                     
                             LEAN_MCP_DISABLED_TOOLS                            
                    INFO     Disabled tool 'lean_file_outline' via server.py:115
                             LEAN_MCP_DISABLED_TOOLS                            
                    INFO     Disabled tool                         server.py:115
                             'lean_get_widget_source' via                       
                             LEAN_MCP_DISABLED_TOOLS                            
                    INFO     Disabled tool 'lean_get_widgets' via  server.py:115
                             LEAN_MCP_DISABLED_TOOLS                            
                    INFO     Disabled tool 'lean_goal' via         server.py:115
                             LEAN_MCP_DISABLED_TOOLS                            
                    INFO     Disabled tool 'lean_hover_info' via   server.py:115
                             LEAN_MCP_DISABLED_TOOLS                            
                    INFO     Disabled tool 'lean_references' via   server.py:115
                             LEAN_MCP_DISABLED_TOOLS                            
                    INFO     Disabled tool 'lean_term_goal' via    server.py:115
                             LEAN_MCP_DISABLED_TOOLS                            
                    INFO     REPL enabled, using:                  server.py:322
                             /home/amirnabiyev/Conjecture_Prover/.              
                             lake/packages/repl/.lake/build/bin/re              
                             pl                                                 
                    INFO     REPL initialized: timeout=60s         server.py:325
[09/08/26 23:12:59] INFO     Disabled tool 'lean_build' via        server.py:115
                             LEAN_MCP_DISABLED_TOOLS                            
                    INFO     Disabled tool 'lean_completions' via  server.py:115
                             LEAN_MCP_DISABLED_TOOLS                            
                    INFO     Disabled tool 'lean_declaration_file' server.py:115
                             via LEAN_MCP_DISABLED_TOOLS                        
                    INFO     Disabled tool                         server.py:115
                             'lean_diagnostic_messages' via                     
                             LEAN_MCP_DISABLED_TOOLS                            
                    INFO     Disabled tool 'lean_file_outline' via server.py:115
                             LEAN_MCP_DISABLED_TOOLS                            
                    INFO     Disabled tool                         server.py:115
                             'lean_get_widget_source' via                       
                             LEAN_MCP_DISABLED_TOOLS                            
                    INFO     Disabled tool 'lean_get_widgets' via  server.py:115
                             LEAN_MCP_DISABLED_TOOLS                            
                    INFO     Disabled tool 'lean_goal' via         server.py:115
                             LEAN_MCP_DISABLED_TOOLS                            
                    INFO     Disabled tool 'lean_hover_info' via   server.py:115
                             LEAN_MCP_DISABLED_TOOLS                            
                    INFO     Disabled tool 'lean_references' via   server.py:115
                             LEAN_MCP_DISABLED_TOOLS                            
                    INFO     Disabled tool 'lean_term_goal' via    server.py:115
                             LEAN_MCP_DISABLED_TOOLS                            
                    INFO     REPL enabled, using:                  server.py:322
                             /home/amirnabiyev/Conjecture_Prover/.              
                             lake/packages/repl/.lake/build/bin/re              
                             pl                                                 
                    INFO     REPL initialized: timeout=60s         server.py:325
[09/08/26 23:12:59] INFO     Disabled tool 'lean_build' via        server.py:115
                             LEAN_MCP_DISABLED_TOOLS                            
                    INFO     Disabled tool 'lean_completions' via  server.py:115
                             LEAN_MCP_DISABLED_TOOLS                            
                    INFO     Disabled tool 'lean_declaration_file' server.py:115
                             via LEAN_MCP_DISABLED_TOOLS                        
                    INFO     Disabled tool                         server.py:115
                             'lean_diagnostic_messages' via                     
                             LEAN_MCP_DISABLED_TOOLS                            
                    INFO     Disabled tool 'lean_file_outline' via server.py:115
                             LEAN_MCP_DISABLED_TOOLS                            
                    INFO     Disabled tool                         server.py:115
                             'lean_get_widget_source' via                       
                             LEAN_MCP_DISABLED_TOOLS                            
                    INFO     Disabled tool 'lean_get_widgets' via  server.py:115
                             LEAN_MCP_DISABLED_TOOLS                            
                    INFO     Disabled tool 'lean_goal' via         server.py:115
                             LEAN_MCP_DISABLED_TOOLS                            
                    INFO     Disabled tool 'lean_hover_info' via   server.py:115
                             LEAN_MCP_DISABLED_TOOLS                            
                    INFO     Disabled tool 'lean_references' via   server.py:115
                             LEAN_MCP_DISABLED_TOOLS                            
                    INFO     Disabled tool 'lean_term_goal' via    server.py:115
                             LEAN_MCP_DISABLED_TOOLS                            
                    INFO     REPL enabled, using:                  server.py:322
                             /home/amirnabiyev/Conjecture_Prover/.              
                             lake/packages/repl/.lake/build/bin/re              
                             pl                                                 
                    INFO     REPL initialized: timeout=60s         server.py:325
[09/08/26 23:13:02] INFO     Disabled tool 'lean_build' via        server.py:115
                             LEAN_MCP_DISABLED_TOOLS                            
                    INFO     Disabled tool 'lean_completions' via  server.py:115
                             LEAN_MCP_DISABLED_TOOLS                            
                    INFO     Disabled tool 'lean_declaration_file' server.py:115
                             via LEAN_MCP_DISABLED_TOOLS                        
                    INFO     Disabled tool                         server.py:115
                             'lean_diagnostic_messages' via                     
                             LEAN_MCP_DISABLED_TOOLS                            
                    INFO     Disabled tool 'lean_file_outline' via server.py:115
                             LEAN_MCP_DISABLED_TOOLS                            
                    INFO     Disabled tool                         server.py:115
                             'lean_get_widget_source' via                       
                             LEAN_MCP_DISABLED_TOOLS                            
                    INFO     Disabled tool 'lean_get_widgets' via  server.py:115
                             LEAN_MCP_DISABLED_TOOLS                            
                    INFO     Disabled tool 'lean_goal' via         server.py:115
                             LEAN_MCP_DISABLED_TOOLS                            
                    INFO     Disabled tool 'lean_hover_info' via   server.py:115
                             LEAN_MCP_DISABLED_TOOLS                            
                    INFO     Disabled tool 'lean_references' via   server.py:115
                             LEAN_MCP_DISABLED_TOOLS                            
                    INFO     Disabled tool 'lean_term_goal' via    server.py:115
                             LEAN_MCP_DISABLED_TOOLS                            
                    INFO     REPL enabled, using:                  server.py:322
                             /home/amirnabiyev/Conjecture_Prover/.              
                             lake/packages/repl/.lake/build/bin/re              
                             pl                                                 
                    INFO     REPL initialized: timeout=60s         server.py:325
[09/08/26 23:13:04] INFO     Session ending — cleaning up          server.py:360
                             per-session resources                              
[09/08/26 23:13:06] INFO     Disabled tool 'lean_build' via        server.py:115
                             LEAN_MCP_DISABLED_TOOLS                            
                    INFO     Disabled tool 'lean_completions' via  server.py:115
                             LEAN_MCP_DISABLED_TOOLS                            
                    INFO     Disabled tool 'lean_declaration_file' server.py:115
                             via LEAN_MCP_DISABLED_TOOLS                        
                    INFO     Disabled tool                         server.py:115
                             'lean_diagnostic_messages' via                     
                             LEAN_MCP_DISABLED_TOOLS                            
                    INFO     Disabled tool 'lean_file_outline' via server.py:115
                             LEAN_MCP_DISABLED_TOOLS                            
                    INFO     Disabled tool                         server.py:115
                             'lean_get_widget_source' via                       
                             LEAN_MCP_DISABLED_TOOLS                            
                    INFO     Disabled tool 'lean_get_widgets' via  server.py:115
                             LEAN_MCP_DISABLED_TOOLS                            
                    INFO     Disabled tool 'lean_goal' via         server.py:115
                             LEAN_MCP_DISABLED_TOOLS                            
                    INFO     Disabled tool 'lean_hover_info' via   server.py:115
                             LEAN_MCP_DISABLED_TOOLS                            
                    INFO     Disabled tool 'lean_references' via   server.py:115
                             LEAN_MCP_DISABLED_TOOLS                            
                    INFO     Disabled tool 'lean_term_goal' via    server.py:115
                             LEAN_MCP_DISABLED_TOOLS                            
                    INFO     REPL enabled, using:                  server.py:322
                             /home/amirnabiyev/Conjecture_Prover/.              
                             lake/packages/repl/.lake/build/bin/re              
                             pl                                                 
                    INFO     REPL initialized: timeout=60s         server.py:325
[09/08/26 23:13:07] INFO     Session ending — cleaning up          server.py:360
                             per-session resources                              
[09/08/26 23:13:08] INFO     Session ending — cleaning up          server.py:360
                             per-session resources                              
[09/08/26 23:13:08] INFO     Session ending — cleaning up          server.py:360
                             per-session resources                              
[09/08/26 23:13:09] INFO     Session ending — cleaning up          server.py:360
                             per-session resources                              
[09/08/26 23:13:09] INFO     Disabled tool 'lean_build' via        server.py:115
                             LEAN_MCP_DISABLED_TOOLS                            
                    INFO     Disabled tool 'lean_completions' via  server.py:115
                             LEAN_MCP_DISABLED_TOOLS                            
                    INFO     Disabled tool 'lean_declaration_file' server.py:115
                             via LEAN_MCP_DISABLED_TOOLS                        
                    INFO     Disabled tool                         server.py:115
                             'lean_diagnostic_messages' via                     
                             LEAN_MCP_DISABLED_TOOLS                            
                    INFO     Disabled tool 'lean_file_outline' via server.py:115
                             LEAN_MCP_DISABLED_TOOLS                            
                    INFO     Disabled tool                         server.py:115
                             'lean_get_widget_source' via                       
                             LEAN_MCP_DISABLED_TOOLS                            
                    INFO     Disabled tool 'lean_get_widgets' via  server.py:115
                             LEAN_MCP_DISABLED_TOOLS                            
                    INFO     Disabled tool 'lean_goal' via         server.py:115
                             LEAN_MCP_DISABLED_TOOLS                            
                    INFO     Disabled tool 'lean_hover_info' via   server.py:115
                             LEAN_MCP_DISABLED_TOOLS                            
                    INFO     Disabled tool 'lean_references' via   server.py:115
                             LEAN_MCP_DISABLED_TOOLS                            
                    INFO     Disabled tool 'lean_term_goal' via    server.py:115
                             LEAN_MCP_DISABLED_TOOLS                            
                    INFO     REPL enabled, using:                  server.py:322
                             /home/amirnabiyev/Conjecture_Prover/.              
                             lake/packages/repl/.lake/build/bin/re              
                             pl                                                 
                    INFO     REPL initialized: timeout=60s         server.py:325
[09/08/26 23:13:10] INFO     Session ending — cleaning up          server.py:360
                             per-session resources                              
[09/08/26 23:13:11] INFO     Disabled tool 'lean_build' via        server.py:115
                             LEAN_MCP_DISABLED_TOOLS                            
                    INFO     Disabled tool 'lean_completions' via  server.py:115
                             LEAN_MCP_DISABLED_TOOLS                            
                    INFO     Disabled tool 'lean_declaration_file' server.py:115
                             via LEAN_MCP_DISABLED_TOOLS                        
                    INFO     Disabled tool                         server.py:115
                             'lean_diagnostic_messages' via                     
                             LEAN_MCP_DISABLED_TOOLS                            
                    INFO     Disabled tool 'lean_file_outline' via server.py:115
                             LEAN_MCP_DISABLED_TOOLS                            
                    INFO     Disabled tool                         server.py:115
                             'lean_get_widget_source' via                       
                             LEAN_MCP_DISABLED_TOOLS                            
                    INFO     Disabled tool 'lean_get_widgets' via  server.py:115
                             LEAN_MCP_DISABLED_TOOLS                            
                    INFO     Disabled tool 'lean_goal' via         server.py:115
                             LEAN_MCP_DISABLED_TOOLS                            
                    INFO     Disabled tool 'lean_hover_info' via   server.py:115
                             LEAN_MCP_DISABLED_TOOLS                            
                    INFO     Disabled tool 'lean_references' via   server.py:115
                             LEAN_MCP_DISABLED_TOOLS                            
                    INFO     Disabled tool 'lean_term_goal' via    server.py:115
                             LEAN_MCP_DISABLED_TOOLS                            
                    INFO     REPL enabled, using:                  server.py:322
                             /home/amirnabiyev/Conjecture_Prover/.              
                             lake/packages/repl/.lake/build/bin/re              
                             pl                                                 
                    INFO     REPL initialized: timeout=60s         server.py:325
[09/08/26 23:13:12] INFO     Session ending — cleaning up          server.py:360
                             per-session resources                              
[09/08/26 23:13:13] INFO     Disabled tool 'lean_build' via        server.py:115
                             LEAN_MCP_DISABLED_TOOLS                            
                    INFO     Disabled tool 'lean_completions' via  server.py:115
                             LEAN_MCP_DISABLED_TOOLS                            
                    INFO     Disabled tool 'lean_declaration_file' server.py:115
                             via LEAN_MCP_DISABLED_TOOLS                        
                    INFO     Disabled tool                         server.py:115
                             'lean_diagnostic_messages' via                     
                             LEAN_MCP_DISABLED_TOOLS                            
                    INFO     Disabled tool 'lean_file_outline' via server.py:115
                             LEAN_MCP_DISABLED_TOOLS                            
                    INFO     Disabled tool                         server.py:115
                             'lean_get_widget_source' via                       
                             LEAN_MCP_DISABLED_TOOLS                            
                    INFO     Disabled tool 'lean_get_widgets' via  server.py:115
                             LEAN_MCP_DISABLED_TOOLS                            
                    INFO     Disabled tool 'lean_goal' via         server.py:115
                             LEAN_MCP_DISABLED_TOOLS                            
                    INFO     Disabled tool 'lean_hover_info' via   server.py:115
                             LEAN_MCP_DISABLED_TOOLS                            
                    INFO     Disabled tool 'lean_references' via   server.py:115
                             LEAN_MCP_DISABLED_TOOLS                            
                    INFO     Disabled tool 'lean_term_goal' via    server.py:115
                             LEAN_MCP_DISABLED_TOOLS                            
                    INFO     REPL enabled, using:                  server.py:322
                             /home/amirnabiyev/Conjecture_Prover/.              
                             lake/packages/repl/.lake/build/bin/re              
                             pl                                                 
                    INFO     REPL initialized: timeout=60s         server.py:325
[09/08/26 23:13:19] INFO     Session ending — cleaning up          server.py:360
                             per-session resources                              
[09/08/26 23:13:20] INFO     Disabled tool 'lean_build' via        server.py:115
                             LEAN_MCP_DISABLED_TOOLS                            
                    INFO     Disabled tool 'lean_completions' via  server.py:115
                             LEAN_MCP_DISABLED_TOOLS                            
                    INFO     Disabled tool 'lean_declaration_file' server.py:115
                             via LEAN_MCP_DISABLED_TOOLS                        
                    INFO     Disabled tool                         server.py:115
                             'lean_diagnostic_messages' via                     
                             LEAN_MCP_DISABLED_TOOLS                            
                    INFO     Disabled tool 'lean_file_outline' via server.py:115
                             LEAN_MCP_DISABLED_TOOLS                            
                    INFO     Disabled tool                         server.py:115
                             'lean_get_widget_source' via                       
                             LEAN_MCP_DISABLED_TOOLS                            
                    INFO     Disabled tool 'lean_get_widgets' via  server.py:115
                             LEAN_MCP_DISABLED_TOOLS                            
                    INFO     Disabled tool 'lean_goal' via         server.py:115
                             LEAN_MCP_DISABLED_TOOLS                            
                    INFO     Disabled tool 'lean_hover_info' via   server.py:115
                             LEAN_MCP_DISABLED_TOOLS                            
                    INFO     Disabled tool 'lean_references' via   server.py:115
                             LEAN_MCP_DISABLED_TOOLS                            
                    INFO     Disabled tool 'lean_term_goal' via    server.py:115
                             LEAN_MCP_DISABLED_TOOLS                            
                    INFO     REPL enabled, using:                  server.py:322
                             /home/amirnabiyev/Conjecture_Prover/.              
                             lake/packages/repl/.lake/build/bin/re              
                             pl                                                 
                    INFO     REPL initialized: timeout=60s         server.py:325
[09/08/26 23:13:24] INFO     Disabled tool 'lean_build' via        server.py:115
                             LEAN_MCP_DISABLED_TOOLS                            
                    INFO     Disabled tool 'lean_completions' via  server.py:115
                             LEAN_MCP_DISABLED_TOOLS                            
                    INFO     Disabled tool 'lean_declaration_file' server.py:115
                             via LEAN_MCP_DISABLED_TOOLS                        
                    INFO     Disabled tool                         server.py:115
                             'lean_diagnostic_messages' via                     
                             LEAN_MCP_DISABLED_TOOLS                            
                    INFO     Disabled tool 'lean_file_outline' via server.py:115
                             LEAN_MCP_DISABLED_TOOLS                            
                    INFO     Disabled tool                         server.py:115
                             'lean_get_widget_source' via                       
                             LEAN_MCP_DISABLED_TOOLS                            
                    INFO     Disabled tool 'lean_get_widgets' via  server.py:115
                             LEAN_MCP_DISABLED_TOOLS                            
                    INFO     Disabled tool 'lean_goal' via         server.py:115
                             LEAN_MCP_DISABLED_TOOLS                            
                    INFO     Disabled tool 'lean_hover_info' via   server.py:115
                             LEAN_MCP_DISABLED_TOOLS                            
                    INFO     Disabled tool 'lean_references' via   server.py:115
                             LEAN_MCP_DISABLED_TOOLS                            
                    INFO     Disabled tool 'lean_term_goal' via    server.py:115
                             LEAN_MCP_DISABLED_TOOLS                            
                    INFO     REPL enabled, using:                  server.py:322
                             /home/amirnabiyev/Conjecture_Prover/.              
                             lake/packages/repl/.lake/build/bin/re              
                             pl                                                 
                    INFO     REPL initialized: timeout=60s         server.py:325
[09/08/26 23:13:26] INFO     Disabled tool 'lean_build' via        server.py:115
                             LEAN_MCP_DISABLED_TOOLS                            
                    INFO     Disabled tool 'lean_completions' via  server.py:115
                             LEAN_MCP_DISABLED_TOOLS                            
                    INFO     Disabled tool 'lean_declaration_file' server.py:115
                             via LEAN_MCP_DISABLED_TOOLS                        
                    INFO     Disabled tool                         server.py:115
                             'lean_diagnostic_messages' via                     
                             LEAN_MCP_DISABLED_TOOLS                            
                    INFO     Disabled tool 'lean_file_outline' via server.py:115
                             LEAN_MCP_DISABLED_TOOLS                            
                    INFO     Disabled tool                         server.py:115
                             'lean_get_widget_source' via                       
                             LEAN_MCP_DISABLED_TOOLS                            
                    INFO     Disabled tool 'lean_get_widgets' via  server.py:115
                             LEAN_MCP_DISABLED_TOOLS                            
                    INFO     Disabled tool 'lean_goal' via         server.py:115
                             LEAN_MCP_DISABLED_TOOLS                            
                    INFO     Disabled tool 'lean_hover_info' via   server.py:115
                             LEAN_MCP_DISABLED_TOOLS                            
                    INFO     Disabled tool 'lean_references' via   server.py:115
                             LEAN_MCP_DISABLED_TOOLS                            
                    INFO     Disabled tool 'lean_term_goal' via    server.py:115
                             LEAN_MCP_DISABLED_TOOLS                            
                    INFO     REPL enabled, using:                  server.py:322
                             /home/amirnabiyev/Conjecture_Prover/.              
                             lake/packages/repl/.lake/build/bin/re              
                             pl                                                 
                    INFO     REPL initialized: timeout=60s         server.py:325
[09/08/26 23:13:27] INFO     Session ending — cleaning up          server.py:360
                             per-session resources                              
[09/08/26 23:13:28] INFO     Session ending — cleaning up          server.py:360
                             per-session resources                              
[09/08/26 23:13:29] INFO     Disabled tool 'lean_build' via        server.py:115
                             LEAN_MCP_DISABLED_TOOLS                            
                    INFO     Disabled tool 'lean_completions' via  server.py:115
                             LEAN_MCP_DISABLED_TOOLS                            
                    INFO     Disabled tool 'lean_declaration_file' server.py:115
                             via LEAN_MCP_DISABLED_TOOLS                        
                    INFO     Disabled tool                         server.py:115
                             'lean_diagnostic_messages' via                     
                             LEAN_MCP_DISABLED_TOOLS                            
                    INFO     Disabled tool 'lean_file_outline' via server.py:115
                             LEAN_MCP_DISABLED_TOOLS                            
                    INFO     Disabled tool                         server.py:115
                             'lean_get_widget_source' via                       
                             LEAN_MCP_DISABLED_TOOLS                            
                    INFO     Disabled tool 'lean_get_widgets' via  server.py:115
                             LEAN_MCP_DISABLED_TOOLS                            
                    INFO     Disabled tool 'lean_goal' via         server.py:115
                             LEAN_MCP_DISABLED_TOOLS                            
                    INFO     Disabled tool 'lean_hover_info' via   server.py:115
                             LEAN_MCP_DISABLED_TOOLS                            
                    INFO     Disabled tool 'lean_references' via   server.py:115
                             LEAN_MCP_DISABLED_TOOLS                            
                    INFO     Disabled tool 'lean_term_goal' via    server.py:115
                             LEAN_MCP_DISABLED_TOOLS                            
                    INFO     REPL enabled, using:                  server.py:322
                             /home/amirnabiyev/Conjecture_Prover/.              
                             lake/packages/repl/.lake/build/bin/re              
                             pl                                                 
                    INFO     REPL initialized: timeout=60s         server.py:325
[09/08/26 23:13:30] INFO     Session ending — cleaning up          server.py:360
                             per-session resources                              
[09/08/26 23:13:31] INFO     Session ending — cleaning up          server.py:360
                             per-session resources                              
[09/08/26 23:13:43] INFO     Disabled tool 'lean_build' via        server.py:115
                             LEAN_MCP_DISABLED_TOOLS                            
                    INFO     Disabled tool 'lean_completions' via  server.py:115
                             LEAN_MCP_DISABLED_TOOLS                            
                    INFO     Disabled tool 'lean_declaration_file' server.py:115
                             via LEAN_MCP_DISABLED_TOOLS                        
                    INFO     Disabled tool                         server.py:115
                             'lean_diagnostic_messages' via                     
                             LEAN_MCP_DISABLED_TOOLS                            
                    INFO     Disabled tool 'lean_file_outline' via server.py:115
                             LEAN_MCP_DISABLED_TOOLS                            
                    INFO     Disabled tool                         server.py:115
                             'lean_get_widget_source' via                       
                             LEAN_MCP_DISABLED_TOOLS                            
                    INFO     Disabled tool 'lean_get_widgets' via  server.py:115
                             LEAN_MCP_DISABLED_TOOLS                            
                    INFO     Disabled tool 'lean_goal' via         server.py:115
                             LEAN_MCP_DISABLED_TOOLS                            
                    INFO     Disabled tool 'lean_hover_info' via   server.py:115
                             LEAN_MCP_DISABLED_TOOLS                            
                    INFO     Disabled tool 'lean_references' via   server.py:115
                             LEAN_MCP_DISABLED_TOOLS                            
                    INFO     Disabled tool 'lean_term_goal' via    server.py:115
                             LEAN_MCP_DISABLED_TOOLS                            
                    INFO     REPL enabled, using:                  server.py:322
                             /home/amirnabiyev/Conjecture_Prover/.              
                             lake/packages/repl/.lake/build/bin/re              
                             pl                                                 
                    INFO     REPL initialized: timeout=60s         server.py:325
[09/08/26 23:13:44] INFO     Shared async LSP client         client_utils.py:133
                             connected at                                       
                             /home/amirnabiyev/Conjecture_Pr                    
                             over                                               
[09/08/26 23:13:48] INFO     Disabled tool 'lean_build' via        server.py:115
                             LEAN_MCP_DISABLED_TOOLS                            
                    INFO     Disabled tool 'lean_completions' via  server.py:115
                             LEAN_MCP_DISABLED_TOOLS                            
                    INFO     Disabled tool 'lean_declaration_file' server.py:115
                             via LEAN_MCP_DISABLED_TOOLS                        
                    INFO     Disabled tool                         server.py:115
                             'lean_diagnostic_messages' via                     
                             LEAN_MCP_DISABLED_TOOLS                            
                    INFO     Disabled tool 'lean_file_outline' via server.py:115
                             LEAN_MCP_DISABLED_TOOLS                            
                    INFO     Disabled tool                         server.py:115
                             'lean_get_widget_source' via                       
                             LEAN_MCP_DISABLED_TOOLS                            
                    INFO     Disabled tool 'lean_get_widgets' via  server.py:115
                             LEAN_MCP_DISABLED_TOOLS                            
                    INFO     Disabled tool 'lean_goal' via         server.py:115
                             LEAN_MCP_DISABLED_TOOLS                            
                    INFO     Disabled tool 'lean_hover_info' via   server.py:115
                             LEAN_MCP_DISABLED_TOOLS                            
                    INFO     Disabled tool 'lean_references' via   server.py:115
                             LEAN_MCP_DISABLED_TOOLS                            
                    INFO     Disabled tool 'lean_term_goal' via    server.py:115
                             LEAN_MCP_DISABLED_TOOLS                            
                    INFO     REPL enabled, using:                  server.py:322
                             /home/amirnabiyev/Conjecture_Prover/.              
                             lake/packages/repl/.lake/build/bin/re              
                             pl                                                 
                    INFO     REPL initialized: timeout=60s         server.py:325
[09/08/26 23:13:56] INFO     Disabled tool 'lean_build' via        server.py:115
                             LEAN_MCP_DISABLED_TOOLS                            
                    INFO     Disabled tool 'lean_completions' via  server.py:115
                             LEAN_MCP_DISABLED_TOOLS                            
                    INFO     Disabled tool 'lean_declaration_file' server.py:115
                             via LEAN_MCP_DISABLED_TOOLS                        
                    INFO     Disabled tool                         server.py:115
                             'lean_diagnostic_messages' via                     
                             LEAN_MCP_DISABLED_TOOLS                            
                    INFO     Disabled tool 'lean_file_outline' via server.py:115
                             LEAN_MCP_DISABLED_TOOLS                            
                    INFO     Disabled tool                         server.py:115
                             'lean_get_widget_source' via                       
                             LEAN_MCP_DISABLED_TOOLS                            
                    INFO     Disabled tool 'lean_get_widgets' via  server.py:115
                             LEAN_MCP_DISABLED_TOOLS                            
                    INFO     Disabled tool 'lean_goal' via         server.py:115
                             LEAN_MCP_DISABLED_TOOLS                            
                    INFO     Disabled tool 'lean_hover_info' via   server.py:115
                             LEAN_MCP_DISABLED_TOOLS                            
                    INFO     Disabled tool 'lean_references' via   server.py:115
                             LEAN_MCP_DISABLED_TOOLS                            
                    INFO     Disabled tool 'lean_term_goal' via    server.py:115
                             LEAN_MCP_DISABLED_TOOLS                            
                    INFO     REPL enabled, using:                  server.py:322
                             /home/amirnabiyev/Conjecture_Prover/.              
                             lake/packages/repl/.lake/build/bin/re              
                             pl                                                 
                    INFO     REPL initialized: timeout=60s         server.py:325
                    INFO     Session ending — cleaning up          server.py:360
                             per-session resources                              
[09/08/26 23:14:00] INFO     Disabled tool 'lean_build' via        server.py:115
                             LEAN_MCP_DISABLED_TOOLS                            
                    INFO     Disabled tool 'lean_completions' via  server.py:115
                             LEAN_MCP_DISABLED_TOOLS                            
                    INFO     Disabled tool 'lean_declaration_file' server.py:115
                             via LEAN_MCP_DISABLED_TOOLS                        
                    INFO     Disabled tool                         server.py:115
                             'lean_diagnostic_messages' via                     
                             LEAN_MCP_DISABLED_TOOLS                            
                    INFO     Disabled tool 'lean_file_outline' via server.py:115
                             LEAN_MCP_DISABLED_TOOLS                            
                    INFO     Disabled tool                         server.py:115
                             'lean_get_widget_source' via                       
                             LEAN_MCP_DISABLED_TOOLS                            
                    INFO     Disabled tool 'lean_get_widgets' via  server.py:115
                             LEAN_MCP_DISABLED_TOOLS                            
                    INFO     Disabled tool 'lean_goal' via         server.py:115
                             LEAN_MCP_DISABLED_TOOLS                            
                    INFO     Disabled tool 'lean_hover_info' via   server.py:115
                             LEAN_MCP_DISABLED_TOOLS                            
                    INFO     Disabled tool 'lean_references' via   server.py:115
                             LEAN_MCP_DISABLED_TOOLS                            
                    INFO     Disabled tool 'lean_term_goal' via    server.py:115
                             LEAN_MCP_DISABLED_TOOLS                            
                    INFO     REPL enabled, using:                  server.py:322
                             /home/amirnabiyev/Conjecture_Prover/.              
                             lake/packages/repl/.lake/build/bin/re              
                             pl                                                 
                    INFO     REPL initialized: timeout=60s         server.py:325
                    INFO     Session ending — cleaning up          server.py:360
                             per-session resources                              
[09/08/26 23:14:02] INFO     Disabled tool 'lean_build' via        server.py:115
                             LEAN_MCP_DISABLED_TOOLS                            
                    INFO     Disabled tool 'lean_completions' via  server.py:115
                             LEAN_MCP_DISABLED_TOOLS                            
                    INFO     Disabled tool 'lean_declaration_file' server.py:115
                             via LEAN_MCP_DISABLED_TOOLS                        
                    INFO     Disabled tool                         server.py:115
                             'lean_diagnostic_messages' via                     
                             LEAN_MCP_DISABLED_TOOLS                            
                    INFO     Disabled tool 'lean_file_outline' via server.py:115
                             LEAN_MCP_DISABLED_TOOLS                            
                    INFO     Disabled tool                         server.py:115
                             'lean_get_widget_source' via                       
                             LEAN_MCP_DISABLED_TOOLS                            
                    INFO     Disabled tool 'lean_get_widgets' via  server.py:115
                             LEAN_MCP_DISABLED_TOOLS                            
                    INFO     Disabled tool 'lean_goal' via         server.py:115
                             LEAN_MCP_DISABLED_TOOLS                            
                    INFO     Disabled tool 'lean_hover_info' via   server.py:115
                             LEAN_MCP_DISABLED_TOOLS                            
                    INFO     Disabled tool 'lean_references' via   server.py:115
                             LEAN_MCP_DISABLED_TOOLS                            
                    INFO     Disabled tool 'lean_term_goal' via    server.py:115
                             LEAN_MCP_DISABLED_TOOLS                            
                    INFO     REPL enabled, using:                  server.py:322
                             /home/amirnabiyev/Conjecture_Prover/.              
                             lake/packages/repl/.lake/build/bin/re              
                             pl                                                 
                    INFO     REPL initialized: timeout=60s         server.py:325
[09/08/26 23:14:03] INFO     Session ending — cleaning up          server.py:360
                             per-session resources                              
[09/08/26 23:14:04] INFO     Session ending — cleaning up          server.py:360
                             per-session resources                              
[09/08/26 23:14:06] INFO     Disabled tool 'lean_build' via        server.py:115
                             LEAN_MCP_DISABLED_TOOLS                            
                    INFO     Disabled tool 'lean_completions' via  server.py:115
                             LEAN_MCP_DISABLED_TOOLS                            
                    INFO     Disabled tool 'lean_declaration_file' server.py:115
                             via LEAN_MCP_DISABLED_TOOLS                        
                    INFO     Disabled tool                         server.py:115
                             'lean_diagnostic_messages' via                     
                             LEAN_MCP_DISABLED_TOOLS                            
                    INFO     Disabled tool 'lean_file_outline' via server.py:115
                             LEAN_MCP_DISABLED_TOOLS                            
                    INFO     Disabled tool                         server.py:115
                             'lean_get_widget_source' via                       
                             LEAN_MCP_DISABLED_TOOLS                            
                    INFO     Disabled tool 'lean_get_widgets' via  server.py:115
                             LEAN_MCP_DISABLED_TOOLS                            
                    INFO     Disabled tool 'lean_goal' via         server.py:115
                             LEAN_MCP_DISABLED_TOOLS                            
                    INFO     Disabled tool 'lean_hover_info' via   server.py:115
                             LEAN_MCP_DISABLED_TOOLS                            
                    INFO     Disabled tool 'lean_references' via   server.py:115
                             LEAN_MCP_DISABLED_TOOLS                            
                    INFO     Disabled tool 'lean_term_goal' via    server.py:115
                             LEAN_MCP_DISABLED_TOOLS                            
                    INFO     REPL enabled, using:                  server.py:322
                             /home/amirnabiyev/Conjecture_Prover/.              
                             lake/packages/repl/.lake/build/bin/re              
                             pl                                                 
                    INFO     REPL initialized: timeout=60s         server.py:325
                    INFO     Session ending — cleaning up          server.py:360
                             per-session resources                              
[09/08/26 23:14:09] INFO     Disabled tool 'lean_build' via        server.py:115
                             LEAN_MCP_DISABLED_TOOLS                            
                    INFO     Disabled tool 'lean_completions' via  server.py:115
                             LEAN_MCP_DISABLED_TOOLS                            
                    INFO     Disabled tool 'lean_declaration_file' server.py:115
                             via LEAN_MCP_DISABLED_TOOLS                        
                    INFO     Disabled tool                         server.py:115
                             'lean_diagnostic_messages' via                     
                             LEAN_MCP_DISABLED_TOOLS                            
                    INFO     Disabled tool 'lean_file_outline' via server.py:115
                             LEAN_MCP_DISABLED_TOOLS                            
                    INFO     Disabled tool                         server.py:115
                             'lean_get_widget_source' via                       
                             LEAN_MCP_DISABLED_TOOLS                            
                    INFO     Disabled tool 'lean_get_widgets' via  server.py:115
                             LEAN_MCP_DISABLED_TOOLS                            
                    INFO     Disabled tool 'lean_goal' via         server.py:115
                             LEAN_MCP_DISABLED_TOOLS                            
                    INFO     Disabled tool 'lean_hover_info' via   server.py:115
                             LEAN_MCP_DISABLED_TOOLS                            
                    INFO     Disabled tool 'lean_references' via   server.py:115
                             LEAN_MCP_DISABLED_TOOLS                            
                    INFO     Disabled tool 'lean_term_goal' via    server.py:115
                             LEAN_MCP_DISABLED_TOOLS                            
                    INFO     REPL enabled, using:                  server.py:322
                             /home/amirnabiyev/Conjecture_Prover/.              
                             lake/packages/repl/.lake/build/bin/re              
                             pl                                                 
                    INFO     REPL initialized: timeout=60s         server.py:325
[09/08/26 23:14:09] INFO     Session ending — cleaning up          server.py:360
                             per-session resources                              
Exception ignored in: <function BaseSubprocessTransport.__del__ at 0x7c19f6b6b380>
Traceback (most recent call last):
  File "/usr/local/lib/python3.12/asyncio/base_subprocess.py", line 126, in __del__
    self.close()
  File "/usr/local/lib/python3.12/asyncio/base_subprocess.py", line 104, in close
    proto.pipe.close()
  File "/usr/local/lib/python3.12/asyncio/unix_events.py", line 767, in close
    self.write_eof()
  File "/usr/local/lib/python3.12/asyncio/unix_events.py", line 753, in write_eof
    self._loop.call_soon(self._call_connection_lost, None)
  File "/usr/local/lib/python3.12/asyncio/base_events.py", line 799, in call_soon
    self._check_closed()
  File "/usr/local/lib/python3.12/asyncio/base_events.py", line 545, in _check_closed
    raise RuntimeError('Event loop is closed')
RuntimeError: Event loop is closed
[09/08/26 23:14:11] INFO     Disabled tool 'lean_build' via        server.py:115
                             LEAN_MCP_DISABLED_TOOLS                            
                    INFO     Disabled tool 'lean_completions' via  server.py:115
                             LEAN_MCP_DISABLED_TOOLS                            
                    INFO     Disabled tool 'lean_declaration_file' server.py:115
                             via LEAN_MCP_DISABLED_TOOLS                        
                    INFO     Disabled tool                         server.py:115
                             'lean_diagnostic_messages' via                     
                             LEAN_MCP_DISABLED_TOOLS                            
                    INFO     Disabled tool 'lean_file_outline' via server.py:115
                             LEAN_MCP_DISABLED_TOOLS                            
                    INFO     Disabled tool                         server.py:115
                             'lean_get_widget_source' via                       
                             LEAN_MCP_DISABLED_TOOLS                            
                    INFO     Disabled tool 'lean_get_widgets' via  server.py:115
                             LEAN_MCP_DISABLED_TOOLS                            
                    INFO     Disabled tool 'lean_goal' via         server.py:115
                             LEAN_MCP_DISABLED_TOOLS                            
                    INFO     Disabled tool 'lean_hover_info' via   server.py:115
                             LEAN_MCP_DISABLED_TOOLS                            
                    INFO     Disabled tool 'lean_references' via   server.py:115
                             LEAN_MCP_DISABLED_TOOLS                            
                    INFO     Disabled tool 'lean_term_goal' via    server.py:115
                             LEAN_MCP_DISABLED_TOOLS                            
                    INFO     REPL enabled, using:                  server.py:322
                             /home/amirnabiyev/Conjecture_Prover/.              
                             lake/packages/repl/.lake/build/bin/re              
                             pl                                                 
                    INFO     REPL initialized: timeout=60s         server.py:325
[09/08/26 23:14:15] INFO     Session ending — cleaning up          server.py:360
                             per-session resources                              
[09/08/26 23:14:17] INFO     Session ending — cleaning up          server.py:360
                             per-session resources                              
[09/08/26 23:14:20] INFO     Disabled tool 'lean_build' via        server.py:115
                             LEAN_MCP_DISABLED_TOOLS                            
                    INFO     Disabled tool 'lean_completions' via  server.py:115
                             LEAN_MCP_DISABLED_TOOLS                            
                    INFO     Disabled tool 'lean_declaration_file' server.py:115
                             via LEAN_MCP_DISABLED_TOOLS                        
                    INFO     Disabled tool                         server.py:115
                             'lean_diagnostic_messages' via                     
                             LEAN_MCP_DISABLED_TOOLS                            
                    INFO     Disabled tool 'lean_file_outline' via server.py:115
                             LEAN_MCP_DISABLED_TOOLS                            
                    INFO     Disabled tool                         server.py:115
                             'lean_get_widget_source' via                       
                             LEAN_MCP_DISABLED_TOOLS                            
                    INFO     Disabled tool 'lean_get_widgets' via  server.py:115
                             LEAN_MCP_DISABLED_TOOLS                            
                    INFO     Disabled tool 'lean_goal' via         server.py:115
                             LEAN_MCP_DISABLED_TOOLS                            
                    INFO     Disabled tool 'lean_hover_info' via   server.py:115
                             LEAN_MCP_DISABLED_TOOLS                            
                    INFO     Disabled tool 'lean_references' via   server.py:115
                             LEAN_MCP_DISABLED_TOOLS                            
                    INFO     Disabled tool 'lean_term_goal' via    server.py:115
                             LEAN_MCP_DISABLED_TOOLS                            
                    INFO     REPL enabled, using:                  server.py:322
                             /home/amirnabiyev/Conjecture_Prover/.              
                             lake/packages/repl/.lake/build/bin/re              
                             pl                                                 
                    INFO     REPL initialized: timeout=60s         server.py:325
[09/08/26 23:14:21] INFO     Session ending — cleaning up          server.py:360
                             per-session resources                              
[09/08/26 23:14:22] INFO     Disabled tool 'lean_build' via        server.py:115
                             LEAN_MCP_DISABLED_TOOLS                            
                    INFO     Disabled tool 'lean_completions' via  server.py:115
                             LEAN_MCP_DISABLED_TOOLS                            
                    INFO     Disabled tool 'lean_declaration_file' server.py:115
                             via LEAN_MCP_DISABLED_TOOLS                        
                    INFO     Disabled tool                         server.py:115
                             'lean_diagnostic_messages' via                     
                             LEAN_MCP_DISABLED_TOOLS                            
                    INFO     Disabled tool 'lean_file_outline' via server.py:115
                             LEAN_MCP_DISABLED_TOOLS                            
                    INFO     Disabled tool                         server.py:115
                             'lean_get_widget_source' via                       
                             LEAN_MCP_DISABLED_TOOLS                            
                    INFO     Disabled tool 'lean_get_widgets' via  server.py:115
                             LEAN_MCP_DISABLED_TOOLS                            
                    INFO     Disabled tool 'lean_goal' via         server.py:115
                             LEAN_MCP_DISABLED_TOOLS                            
                    INFO     Disabled tool 'lean_hover_info' via   server.py:115
                             LEAN_MCP_DISABLED_TOOLS                            
                    INFO     Disabled tool 'lean_references' via   server.py:115
                             LEAN_MCP_DISABLED_TOOLS                            
                    INFO     Disabled tool 'lean_term_goal' via    server.py:115
                             LEAN_MCP_DISABLED_TOOLS                            
                    INFO     REPL enabled, using:                  server.py:322
                             /home/amirnabiyev/Conjecture_Prover/.              
                             lake/packages/repl/.lake/build/bin/re              
                             pl                                                 
                    INFO     REPL initialized: timeout=60s         server.py:325
[09/08/26 23:14:23] INFO     Session ending — cleaning up          server.py:360
                             per-session resources                              
[09/08/26 23:14:24] INFO     Disabled tool 'lean_build' via        server.py:115
                             LEAN_MCP_DISABLED_TOOLS                            
                    INFO     Disabled tool 'lean_completions' via  server.py:115
                             LEAN_MCP_DISABLED_TOOLS                            
                    INFO     Disabled tool 'lean_declaration_file' server.py:115
                             via LEAN_MCP_DISABLED_TOOLS                        
                    INFO     Disabled tool                         server.py:115
                             'lean_diagnostic_messages' via                     
                             LEAN_MCP_DISABLED_TOOLS                            
                    INFO     Disabled tool 'lean_file_outline' via server.py:115
                             LEAN_MCP_DISABLED_TOOLS                            
                    INFO     Disabled tool                         server.py:115
                             'lean_get_widget_source' via                       
                             LEAN_MCP_DISABLED_TOOLS                            
                    INFO     Disabled tool 'lean_get_widgets' via  server.py:115
                             LEAN_MCP_DISABLED_TOOLS                            
                    INFO     Disabled tool 'lean_goal' via         server.py:115
                             LEAN_MCP_DISABLED_TOOLS                            
                    INFO     Disabled tool 'lean_hover_info' via   server.py:115
                             LEAN_MCP_DISABLED_TOOLS                            
                    INFO     Disabled tool 'lean_references' via   server.py:115
                             LEAN_MCP_DISABLED_TOOLS                            
                    INFO     Disabled tool 'lean_term_goal' via    server.py:115
                             LEAN_MCP_DISABLED_TOOLS                            
                    INFO     REPL enabled, using:                  server.py:322
                             /home/amirnabiyev/Conjecture_Prover/.              
                             lake/packages/repl/.lake/build/bin/re              
                             pl                                                 
                    INFO     REPL initialized: timeout=60s         server.py:325
[09/08/26 23:14:25] INFO     Disabled tool 'lean_build' via        server.py:115
                             LEAN_MCP_DISABLED_TOOLS                            
                    INFO     Disabled tool 'lean_completions' via  server.py:115
                             LEAN_MCP_DISABLED_TOOLS                            
                    INFO     Disabled tool 'lean_declaration_file' server.py:115
                             via LEAN_MCP_DISABLED_TOOLS                        
                    INFO     Disabled tool                         server.py:115
                             'lean_diagnostic_messages' via                     
                             LEAN_MCP_DISABLED_TOOLS                            
                    INFO     Disabled tool 'lean_file_outline' via server.py:115
                             LEAN_MCP_DISABLED_TOOLS                            
                    INFO     Disabled tool                         server.py:115
                             'lean_get_widget_source' via                       
                             LEAN_MCP_DISABLED_TOOLS                            
                    INFO     Disabled tool 'lean_get_widgets' via  server.py:115
                             LEAN_MCP_DISABLED_TOOLS                            
                    INFO     Disabled tool 'lean_goal' via         server.py:115
                             LEAN_MCP_DISABLED_TOOLS                            
                    INFO     Disabled tool 'lean_hover_info' via   server.py:115
                             LEAN_MCP_DISABLED_TOOLS                            
                    INFO     Disabled tool 'lean_references' via   server.py:115
                             LEAN_MCP_DISABLED_TOOLS                            
                    INFO     Disabled tool 'lean_term_goal' via    server.py:115
                             LEAN_MCP_DISABLED_TOOLS                            
                    INFO     REPL enabled, using:                  server.py:322
                             /home/amirnabiyev/Conjecture_Prover/.              
                             lake/packages/repl/.lake/build/bin/re              
                             pl                                                 
                    INFO     REPL initialized: timeout=60s         server.py:325
[09/08/26 23:14:26] INFO     Session ending — cleaning up          server.py:360
                             per-session resources                              
[09/08/26 23:14:29] INFO     Disabled tool 'lean_build' via        server.py:115
                             LEAN_MCP_DISABLED_TOOLS                            
                    INFO     Disabled tool 'lean_completions' via  server.py:115
                             LEAN_MCP_DISABLED_TOOLS                            
                    INFO     Disabled tool 'lean_declaration_file' server.py:115
                             via LEAN_MCP_DISABLED_TOOLS                        
                    INFO     Disabled tool                         server.py:115
                             'lean_diagnostic_messages' via                     
                             LEAN_MCP_DISABLED_TOOLS                            
                    INFO     Disabled tool 'lean_file_outline' via server.py:115
                             LEAN_MCP_DISABLED_TOOLS                            
                    INFO     Disabled tool                         server.py:115
                             'lean_get_widget_source' via                       
                             LEAN_MCP_DISABLED_TOOLS                            
                    INFO     Disabled tool 'lean_get_widgets' via  server.py:115
                             LEAN_MCP_DISABLED_TOOLS                            
                    INFO     Disabled tool 'lean_goal' via         server.py:115
                             LEAN_MCP_DISABLED_TOOLS                            
                    INFO     Disabled tool 'lean_hover_info' via   server.py:115
                             LEAN_MCP_DISABLED_TOOLS                            
                    INFO     Disabled tool 'lean_references' via   server.py:115
                             LEAN_MCP_DISABLED_TOOLS                            
                    INFO     Disabled tool 'lean_term_goal' via    server.py:115
                             LEAN_MCP_DISABLED_TOOLS                            
                    INFO     REPL enabled, using:                  server.py:322
                             /home/amirnabiyev/Conjecture_Prover/.              
                             lake/packages/repl/.lake/build/bin/re              
                             pl                                                 
                    INFO     REPL initialized: timeout=60s         server.py:325
[09/08/26 23:14:30] INFO     Disabled tool 'lean_build' via        server.py:115
                             LEAN_MCP_DISABLED_TOOLS                            
                    INFO     Disabled tool 'lean_completions' via  server.py:115
                             LEAN_MCP_DISABLED_TOOLS                            
                    INFO     Disabled tool 'lean_declaration_file' server.py:115
                             via LEAN_MCP_DISABLED_TOOLS                        
                    INFO     Disabled tool                         server.py:115
                             'lean_diagnostic_messages' via                     
                             LEAN_MCP_DISABLED_TOOLS                            
                    INFO     Disabled tool 'lean_file_outline' via server.py:115
                             LEAN_MCP_DISABLED_TOOLS                            
                    INFO     Disabled tool                         server.py:115
                             'lean_get_widget_source' via                       
                             LEAN_MCP_DISABLED_TOOLS                            
                    INFO     Disabled tool 'lean_get_widgets' via  server.py:115
                             LEAN_MCP_DISABLED_TOOLS                            
                    INFO     Disabled tool 'lean_goal' via         server.py:115
                             LEAN_MCP_DISABLED_TOOLS                            
                    INFO     Disabled tool 'lean_hover_info' via   server.py:115
                             LEAN_MCP_DISABLED_TOOLS                            
                    INFO     Disabled tool 'lean_references' via   server.py:115
                             LEAN_MCP_DISABLED_TOOLS                            
                    INFO     Disabled tool 'lean_term_goal' via    server.py:115
                             LEAN_MCP_DISABLED_TOOLS                            
                    INFO     REPL enabled, using:                  server.py:322
                             /home/amirnabiyev/Conjecture_Prover/.              
                             lake/packages/repl/.lake/build/bin/re              
                             pl                                                 
                    INFO     REPL initialized: timeout=60s         server.py:325
[09/08/26 23:14:30] INFO     Session ending — cleaning up          server.py:360
                             per-session resources                              
[09/08/26 23:14:31] INFO     Session ending — cleaning up          server.py:360
                             per-session resources                              
[09/08/26 23:14:32] INFO     Session ending — cleaning up          server.py:360
                             per-session resources                              
[09/08/26 23:14:33] INFO     Disabled tool 'lean_build' via        server.py:115
                             LEAN_MCP_DISABLED_TOOLS                            
                    INFO     Disabled tool 'lean_completions' via  server.py:115
                             LEAN_MCP_DISABLED_TOOLS                            
                    INFO     Disabled tool 'lean_declaration_file' server.py:115
                             via LEAN_MCP_DISABLED_TOOLS                        
                    INFO     Disabled tool                         server.py:115
                             'lean_diagnostic_messages' via                     
                             LEAN_MCP_DISABLED_TOOLS                            
                    INFO     Disabled tool 'lean_file_outline' via server.py:115
                             LEAN_MCP_DISABLED_TOOLS                            
                    INFO     Disabled tool                         server.py:115
                             'lean_get_widget_source' via                       
                             LEAN_MCP_DISABLED_TOOLS                            
                    INFO     Disabled tool 'lean_get_widgets' via  server.py:115
                             LEAN_MCP_DISABLED_TOOLS                            
                    INFO     Disabled tool 'lean_goal' via         server.py:115
                             LEAN_MCP_DISABLED_TOOLS                            
                    INFO     Disabled tool 'lean_hover_info' via   server.py:115
                             LEAN_MCP_DISABLED_TOOLS                            
                    INFO     Disabled tool 'lean_references' via   server.py:115
                             LEAN_MCP_DISABLED_TOOLS                            
                    INFO     Disabled tool 'lean_term_goal' via    server.py:115
                             LEAN_MCP_DISABLED_TOOLS                            
                    INFO     REPL enabled, using:                  server.py:322
                             /home/amirnabiyev/Conjecture_Prover/.              
                             lake/packages/repl/.lake/build/bin/re              
                             pl                                                 
                    INFO     REPL initialized: timeout=60s         server.py:325
[09/08/26 23:14:35] INFO     Shared async LSP client         client_utils.py:133
                             connected at                                       
                             /home/amirnabiyev/Conjecture_Pr                    
                             over                                               
[09/08/26 23:14:38] INFO     Disabled tool 'lean_build' via        server.py:115
                             LEAN_MCP_DISABLED_TOOLS                            
                    INFO     Disabled tool 'lean_completions' via  server.py:115
                             LEAN_MCP_DISABLED_TOOLS                            
                    INFO     Disabled tool 'lean_declaration_file' server.py:115
                             via LEAN_MCP_DISABLED_TOOLS                        
                    INFO     Disabled tool                         server.py:115
                             'lean_diagnostic_messages' via                     
                             LEAN_MCP_DISABLED_TOOLS                            
                    INFO     Disabled tool 'lean_file_outline' via server.py:115
                             LEAN_MCP_DISABLED_TOOLS                            
                    INFO     Disabled tool                         server.py:115
                             'lean_get_widget_source' via                       
                             LEAN_MCP_DISABLED_TOOLS                            
                    INFO     Disabled tool 'lean_get_widgets' via  server.py:115
                             LEAN_MCP_DISABLED_TOOLS                            
                    INFO     Disabled tool 'lean_goal' via         server.py:115
                             LEAN_MCP_DISABLED_TOOLS                            
                    INFO     Disabled tool 'lean_hover_info' via   server.py:115
                             LEAN_MCP_DISABLED_TOOLS                            
                    INFO     Disabled tool 'lean_references' via   server.py:115
                             LEAN_MCP_DISABLED_TOOLS                            
                    INFO     Disabled tool 'lean_term_goal' via    server.py:115
                             LEAN_MCP_DISABLED_TOOLS                            
                    INFO     REPL enabled, using:                  server.py:322
                             /home/amirnabiyev/Conjecture_Prover/.              
                             lake/packages/repl/.lake/build/bin/re              
                             pl                                                 
                    INFO     REPL initialized: timeout=60s         server.py:325
[09/08/26 23:14:39] INFO     Disabled tool 'lean_build' via        server.py:115
                             LEAN_MCP_DISABLED_TOOLS                            
                    INFO     Disabled tool 'lean_completions' via  server.py:115
                             LEAN_MCP_DISABLED_TOOLS                            
                    INFO     Disabled tool 'lean_declaration_file' server.py:115
                             via LEAN_MCP_DISABLED_TOOLS                        
                    INFO     Disabled tool                         server.py:115
                             'lean_diagnostic_messages' via                     
                             LEAN_MCP_DISABLED_TOOLS                            
                    INFO     Disabled tool 'lean_file_outline' via server.py:115
                             LEAN_MCP_DISABLED_TOOLS                            
                    INFO     Disabled tool                         server.py:115
                             'lean_get_widget_source' via                       
                             LEAN_MCP_DISABLED_TOOLS                            
                    INFO     Disabled tool 'lean_get_widgets' via  server.py:115
                             LEAN_MCP_DISABLED_TOOLS                            
                    INFO     Disabled tool 'lean_goal' via         server.py:115
                             LEAN_MCP_DISABLED_TOOLS                            
                    INFO     Disabled tool 'lean_hover_info' via   server.py:115
                             LEAN_MCP_DISABLED_TOOLS                            
                    INFO     Disabled tool 'lean_references' via   server.py:115
                             LEAN_MCP_DISABLED_TOOLS                            
                    INFO     Disabled tool 'lean_term_goal' via    server.py:115
                             LEAN_MCP_DISABLED_TOOLS                            
                    INFO     REPL enabled, using:                  server.py:322
                             /home/amirnabiyev/Conjecture_Prover/.              
                             lake/packages/repl/.lake/build/bin/re              
                             pl                                                 
                    INFO     REPL initialized: timeout=60s         server.py:325
[09/08/26 23:14:40] INFO     Session ending — cleaning up          server.py:360
                             per-session resources                              
[09/08/26 23:14:40] INFO     Session ending — cleaning up          server.py:360
                             per-session resources                              
[09/08/26 23:14:42] INFO     Disabled tool 'lean_build' via        server.py:115
                             LEAN_MCP_DISABLED_TOOLS                            
                    INFO     Disabled tool 'lean_completions' via  server.py:115
                             LEAN_MCP_DISABLED_TOOLS                            
                    INFO     Disabled tool 'lean_declaration_file' server.py:115
                             via LEAN_MCP_DISABLED_TOOLS                        
                    INFO     Disabled tool                         server.py:115
                             'lean_diagnostic_messages' via                     
                             LEAN_MCP_DISABLED_TOOLS                            
                    INFO     Disabled tool 'lean_file_outline' via server.py:115
                             LEAN_MCP_DISABLED_TOOLS                            
                    INFO     Disabled tool                         server.py:115
                             'lean_get_widget_source' via                       
                             LEAN_MCP_DISABLED_TOOLS                            
                    INFO     Disabled tool 'lean_get_widgets' via  server.py:115
                             LEAN_MCP_DISABLED_TOOLS                            
                    INFO     Disabled tool 'lean_goal' via         server.py:115
                             LEAN_MCP_DISABLED_TOOLS                            
                    INFO     Disabled tool 'lean_hover_info' via   server.py:115
                             LEAN_MCP_DISABLED_TOOLS                            
                    INFO     Disabled tool 'lean_references' via   server.py:115
                             LEAN_MCP_DISABLED_TOOLS                            
                    INFO     Disabled tool 'lean_term_goal' via    server.py:115
                             LEAN_MCP_DISABLED_TOOLS                            
                    INFO     REPL enabled, using:                  server.py:322
                             /home/amirnabiyev/Conjecture_Prover/.              
                             lake/packages/repl/.lake/build/bin/re              
                             pl                                                 
                    INFO     REPL initialized: timeout=60s         server.py:325
[09/08/26 23:14:43] INFO     Session ending — cleaning up          server.py:360
                             per-session resources                              
[09/08/26 23:14:44] INFO     Disabled tool 'lean_build' via        server.py:115
                             LEAN_MCP_DISABLED_TOOLS                            
                    INFO     Disabled tool 'lean_completions' via  server.py:115
                             LEAN_MCP_DISABLED_TOOLS                            
                    INFO     Disabled tool 'lean_declaration_file' server.py:115
                             via LEAN_MCP_DISABLED_TOOLS                        
                    INFO     Disabled tool                         server.py:115
                             'lean_diagnostic_messages' via                     
                             LEAN_MCP_DISABLED_TOOLS                            
                    INFO     Disabled tool 'lean_file_outline' via server.py:115
                             LEAN_MCP_DISABLED_TOOLS                            
                    INFO     Disabled tool                         server.py:115
                             'lean_get_widget_source' via                       
                             LEAN_MCP_DISABLED_TOOLS                            
                    INFO     Disabled tool 'lean_get_widgets' via  server.py:115
                             LEAN_MCP_DISABLED_TOOLS                            
                    INFO     Disabled tool 'lean_goal' via         server.py:115
                             LEAN_MCP_DISABLED_TOOLS                            
                    INFO     Disabled tool 'lean_hover_info' via   server.py:115
                             LEAN_MCP_DISABLED_TOOLS                            
                    INFO     Disabled tool 'lean_references' via   server.py:115
                             LEAN_MCP_DISABLED_TOOLS                            
                    INFO     Disabled tool 'lean_term_goal' via    server.py:115
                             LEAN_MCP_DISABLED_TOOLS                            
                    INFO     REPL enabled, using:                  server.py:322
                             /home/amirnabiyev/Conjecture_Prover/.              
                             lake/packages/repl/.lake/build/bin/re              
                             pl                                                 
                    INFO     REPL initialized: timeout=60s         server.py:325
[09/08/26 23:14:46] INFO     Session ending — cleaning up          server.py:360
                             per-session resources                              
[09/08/26 23:14:50] INFO     Disabled tool 'lean_build' via        server.py:115
                             LEAN_MCP_DISABLED_TOOLS                            
                    INFO     Disabled tool 'lean_completions' via  server.py:115
                             LEAN_MCP_DISABLED_TOOLS                            
                    INFO     Disabled tool 'lean_declaration_file' server.py:115
                             via LEAN_MCP_DISABLED_TOOLS                        
                    INFO     Disabled tool                         server.py:115
                             'lean_diagnostic_messages' via                     
                             LEAN_MCP_DISABLED_TOOLS                            
                    INFO     Disabled tool 'lean_file_outline' via server.py:115
                             LEAN_MCP_DISABLED_TOOLS                            
                    INFO     Disabled tool                         server.py:115
                             'lean_get_widget_source' via                       
                             LEAN_MCP_DISABLED_TOOLS                            
                    INFO     Disabled tool 'lean_get_widgets' via  server.py:115
                             LEAN_MCP_DISABLED_TOOLS                            
                    INFO     Disabled tool 'lean_goal' via         server.py:115
                             LEAN_MCP_DISABLED_TOOLS                            
                    INFO     Disabled tool 'lean_hover_info' via   server.py:115
                             LEAN_MCP_DISABLED_TOOLS                            
                    INFO     Disabled tool 'lean_references' via   server.py:115
                             LEAN_MCP_DISABLED_TOOLS                            
                    INFO     Disabled tool 'lean_term_goal' via    server.py:115
                             LEAN_MCP_DISABLED_TOOLS                            
                    INFO     REPL enabled, using:                  server.py:322
                             /home/amirnabiyev/Conjecture_Prover/.              
                             lake/packages/repl/.lake/build/bin/re              
                             pl                                                 
                    INFO     REPL initialized: timeout=60s         server.py:325
[09/08/26 23:14:51] INFO     Disabled tool 'lean_build' via        server.py:115
                             LEAN_MCP_DISABLED_TOOLS                            
                    INFO     Disabled tool 'lean_completions' via  server.py:115
                             LEAN_MCP_DISABLED_TOOLS                            
                    INFO     Disabled tool 'lean_declaration_file' server.py:115
                             via LEAN_MCP_DISABLED_TOOLS                        
                    INFO     Disabled tool                         server.py:115
                             'lean_diagnostic_messages' via                     
                             LEAN_MCP_DISABLED_TOOLS                            
                    INFO     Disabled tool 'lean_file_outline' via server.py:115
                             LEAN_MCP_DISABLED_TOOLS                            
                    INFO     Disabled tool                         server.py:115
                             'lean_get_widget_source' via                       
                             LEAN_MCP_DISABLED_TOOLS                            
                    INFO     Disabled tool 'lean_get_widgets' via  server.py:115
                             LEAN_MCP_DISABLED_TOOLS                            
                    INFO     Disabled tool 'lean_goal' via         server.py:115
                             LEAN_MCP_DISABLED_TOOLS                            
                    INFO     Disabled tool 'lean_hover_info' via   server.py:115
                             LEAN_MCP_DISABLED_TOOLS                            
                    INFO     Disabled tool 'lean_references' via   server.py:115
                             LEAN_MCP_DISABLED_TOOLS                            
                    INFO     Disabled tool 'lean_term_goal' via    server.py:115
                             LEAN_MCP_DISABLED_TOOLS                            
                    INFO     REPL enabled, using:                  server.py:322
                             /home/amirnabiyev/Conjecture_Prover/.              
                             lake/packages/repl/.lake/build/bin/re              
                             pl                                                 
                    INFO     REPL initialized: timeout=60s         server.py:325
[09/08/26 23:14:52] INFO     Session ending — cleaning up          server.py:360
                             per-session resources                              
Exception ignored in: <function BaseSubprocessTransport.__del__ at 0x73144cd6f380>
Traceback (most recent call last):
  File "/usr/local/lib/python3.12/asyncio/base_subprocess.py", line 126, in __del__
    self.close()
  File "/usr/local/lib/python3.12/asyncio/base_subprocess.py", line 104, in close
    proto.pipe.close()
  File "/usr/local/lib/python3.12/asyncio/unix_events.py", line 767, in close
    self.write_eof()
  File "/usr/local/lib/python3.12/asyncio/unix_events.py", line 753, in write_eof
    self._loop.call_soon(self._call_connection_lost, None)
  File "/usr/local/lib/python3.12/asyncio/base_events.py", line 799, in call_soon
    self._check_closed()
  File "/usr/local/lib/python3.12/asyncio/base_events.py", line 545, in _check_closed
    raise RuntimeError('Event loop is closed')
RuntimeError: Event loop is closed
[09/08/26 23:14:53] INFO     Session ending — cleaning up          server.py:360
                             per-session resources                              
[09/08/26 23:14:53] INFO     Disabled tool 'lean_build' via        server.py:115
                             LEAN_MCP_DISABLED_TOOLS                            
[09/08/26 23:14:54] INFO     Disabled tool 'lean_completions' via  server.py:115
                             LEAN_MCP_DISABLED_TOOLS                            
                    INFO     Disabled tool 'lean_declaration_file' server.py:115
                             via LEAN_MCP_DISABLED_TOOLS                        
                    INFO     Disabled tool                         server.py:115
                             'lean_diagnostic_messages' via                     
                             LEAN_MCP_DISABLED_TOOLS                            
                    INFO     Disabled tool 'lean_file_outline' via server.py:115
                             LEAN_MCP_DISABLED_TOOLS                            
                    INFO     Disabled tool                         server.py:115
                             'lean_get_widget_source' via                       
                             LEAN_MCP_DISABLED_TOOLS                            
                    INFO     Disabled tool 'lean_get_widgets' via  server.py:115
                             LEAN_MCP_DISABLED_TOOLS                            
                    INFO     Disabled tool 'lean_goal' via         server.py:115
                             LEAN_MCP_DISABLED_TOOLS                            
                    INFO     Disabled tool 'lean_hover_info' via   server.py:115
                             LEAN_MCP_DISABLED_TOOLS                            
                    INFO     Disabled tool 'lean_references' via   server.py:115
                             LEAN_MCP_DISABLED_TOOLS                            
                    INFO     Disabled tool 'lean_term_goal' via    server.py:115
                             LEAN_MCP_DISABLED_TOOLS                            
                    INFO     REPL enabled, using:                  server.py:322
                             /home/amirnabiyev/Conjecture_Prover/.              
                             lake/packages/repl/.lake/build/bin/re              
                             pl                                                 
                    INFO     REPL initialized: timeout=60s         server.py:325
                    INFO     Session ending — cleaning up          server.py:360
                             per-session resources                              
[09/08/26 23:14:55] INFO     Disabled tool 'lean_build' via        server.py:115
                             LEAN_MCP_DISABLED_TOOLS                            
                    INFO     Disabled tool 'lean_completions' via  server.py:115
                             LEAN_MCP_DISABLED_TOOLS                            
                    INFO     Disabled tool 'lean_declaration_file' server.py:115
                             via LEAN_MCP_DISABLED_TOOLS                        
                    INFO     Disabled tool                         server.py:115
                             'lean_diagnostic_messages' via                     
                             LEAN_MCP_DISABLED_TOOLS                            
                    INFO     Disabled tool 'lean_file_outline' via server.py:115
                             LEAN_MCP_DISABLED_TOOLS                            
                    INFO     Disabled tool                         server.py:115
                             'lean_get_widget_source' via                       
                             LEAN_MCP_DISABLED_TOOLS                            
                    INFO     Disabled tool 'lean_get_widgets' via  server.py:115
                             LEAN_MCP_DISABLED_TOOLS                            
                    INFO     Disabled tool 'lean_goal' via         server.py:115
                             LEAN_MCP_DISABLED_TOOLS                            
                    INFO     Disabled tool 'lean_hover_info' via   server.py:115
                             LEAN_MCP_DISABLED_TOOLS                            
                    INFO     Disabled tool 'lean_references' via   server.py:115
                             LEAN_MCP_DISABLED_TOOLS                            
                    INFO     Disabled tool 'lean_term_goal' via    server.py:115
                             LEAN_MCP_DISABLED_TOOLS                            
[09/08/26 23:14:56] INFO     REPL enabled, using:                  server.py:322
                             /home/amirnabiyev/Conjecture_Prover/.              
                             lake/packages/repl/.lake/build/bin/re              
                             pl                                                 
                    INFO     REPL initialized: timeout=60s         server.py:325
                    INFO     Session ending — cleaning up          server.py:360
                             per-session resources                              
[09/08/26 23:14:58] INFO     Session ending — cleaning up          server.py:360
                             per-session resources                              
[09/08/26 23:15:07] INFO     Disabled tool 'lean_build' via        server.py:115
                             LEAN_MCP_DISABLED_TOOLS                            
                    INFO     Disabled tool 'lean_completions' via  server.py:115
                             LEAN_MCP_DISABLED_TOOLS                            
                    INFO     Disabled tool 'lean_declaration_file' server.py:115
                             via LEAN_MCP_DISABLED_TOOLS                        
                    INFO     Disabled tool                         server.py:115
                             'lean_diagnostic_messages' via                     
                             LEAN_MCP_DISABLED_TOOLS                            
                    INFO     Disabled tool 'lean_file_outline' via server.py:115
                             LEAN_MCP_DISABLED_TOOLS                            
                    INFO     Disabled tool                         server.py:115
                             'lean_get_widget_source' via                       
                             LEAN_MCP_DISABLED_TOOLS                            
                    INFO     Disabled tool 'lean_get_widgets' via  server.py:115
                             LEAN_MCP_DISABLED_TOOLS                            
                    INFO     Disabled tool 'lean_goal' via         server.py:115
                             LEAN_MCP_DISABLED_TOOLS                            
                    INFO     Disabled tool 'lean_hover_info' via   server.py:115
                             LEAN_MCP_DISABLED_TOOLS                            
                    INFO     Disabled tool 'lean_references' via   server.py:115
                             LEAN_MCP_DISABLED_TOOLS                            
                    INFO     Disabled tool 'lean_term_goal' via    server.py:115
                             LEAN_MCP_DISABLED_TOOLS                            
                    INFO     REPL enabled, using:                  server.py:322
                             /home/amirnabiyev/Conjecture_Prover/.              
                             lake/packages/repl/.lake/build/bin/re              
                             pl                                                 
                    INFO     REPL initialized: timeout=60s         server.py:325
[09/08/26 23:15:09] INFO     Session ending — cleaning up          server.py:360
                             per-session resources                              
[09/08/26 23:15:21] INFO     Disabled tool 'lean_build' via        server.py:115
                             LEAN_MCP_DISABLED_TOOLS                            
                    INFO     Disabled tool 'lean_completions' via  server.py:115
                             LEAN_MCP_DISABLED_TOOLS                            
                    INFO     Disabled tool 'lean_declaration_file' server.py:115
                             via LEAN_MCP_DISABLED_TOOLS                        
                    INFO     Disabled tool                         server.py:115
                             'lean_diagnostic_messages' via                     
                             LEAN_MCP_DISABLED_TOOLS                            
                    INFO     Disabled tool 'lean_file_outline' via server.py:115
                             LEAN_MCP_DISABLED_TOOLS                            
                    INFO     Disabled tool                         server.py:115
                             'lean_get_widget_source' via                       
                             LEAN_MCP_DISABLED_TOOLS                            
                    INFO     Disabled tool 'lean_get_widgets' via  server.py:115
                             LEAN_MCP_DISABLED_TOOLS                            
                    INFO     Disabled tool 'lean_goal' via         server.py:115
                             LEAN_MCP_DISABLED_TOOLS                            
                    INFO     Disabled tool 'lean_hover_info' via   server.py:115
                             LEAN_MCP_DISABLED_TOOLS                            
                    INFO     Disabled tool 'lean_references' via   server.py:115
                             LEAN_MCP_DISABLED_TOOLS                            
                    INFO     Disabled tool 'lean_term_goal' via    server.py:115
                             LEAN_MCP_DISABLED_TOOLS                            
                    INFO     REPL enabled, using:                  server.py:322
                             /home/amirnabiyev/Conjecture_Prover/.              
                             lake/packages/repl/.lake/build/bin/re              
                             pl                                                 
                    INFO     REPL initialized: timeout=60s         server.py:325
[09/08/26 23:15:28] INFO     Session ending — cleaning up          server.py:360
                             per-session resources                              

      → Problem94.ideal_fg_of_finiteType
      → Problem94.zeroSet_eq_orbitZeroSet_of_span
      → Problem94.orbitZeroSet_finite_or_arithProgression
      → Problem94.zeroSet_finite_or_contain_arithmetic_progression

============================================================
🔍 PROVE LEMMA: Problem94.ideal_fg_of_finiteType  (max 12 turns)
============================================================


============================================================
🔍 PROVE LEMMA: Problem94.zeroSet_eq_orbitZeroSet_of_span  (max 12 turns)
============================================================


============================================================
🔍 PROVE LEMMA: Problem94.orbitZeroSet_finite_or_arithProgression  (max 12 turns)
============================================================


============================================================
🔍 PROVE LEMMA: Problem94.zeroSet_finite_or_contain_arithmetic_progression  (max 12 turns)
============================================================

   🔌 MCP client ready for lemma 'Problem94.zeroSet_finite_or_contain_arithmetic_progression' (proof-only mode)
   🔌 MCP client ready for lemma 'Problem94.orbitZeroSet_finite_or_arithProgression' (proof-only mode)
   🔌 MCP client ready for lemma 'Problem94.zeroSet_eq_orbitZeroSet_of_span' (proof-only mode)
   🔌 MCP client ready for lemma 'Problem94.ideal_fg_of_finiteType' (proof-only mode)
   🛠️  PL-Problem94.zeroSet_eq_orbitZeroSet_of_span AI made 2 tool call(s):
 → lean_local_search
 → lean_local_search
   🛠️  PL-Problem94.zeroSet_finite_or_contain_arithmetic_progression AI made 2 tool call(s):
 → lean_local_search
 → lean_local_search
   🛠️  PL-Problem94.zeroSet_eq_orbitZeroSet_of_span AI made 2 tool call(s):
 → lean_local_search
 → lean_local_search
   🛠️  PL-Problem94.zeroSet_finite_or_contain_arithmetic_progression AI made 1 tool call(s):
 → search_mathlib_docs_multi
   🛠️  PL-Problem94.orbitZeroSet_finite_or_arithProgression AI made 2 tool call(s):
 → lean_local_search
 → search_mathlib_docs
   🛠️  PL-Problem94.zeroSet_eq_orbitZeroSet_of_span AI made 1 tool call(s):
 → lean_local_search
   🛠️  PL-Problem94.zeroSet_eq_orbitZeroSet_of_span AI made 2 tool call(s):
 → lean_local_search
 → lean_local_search
   🛠️  PL-Problem94.zeroSet_finite_or_contain_arithmetic_progression AI made 2 tool call(s):
 → lean_run_code
 → lean_run_code
   💬 PL-Problem94.orbitZeroSet_finite_or_arithProgression AI says: The local search can't find `Problem94` declarations — I need to locate the source file. Let me try importing it in the REPL with a few candidate module names.
   🛠️  PL-Problem94.orbitZeroSet_finite_or_arithProgression AI made 2 tool call(s):
 → lean_run_code
 → lean_local_search
   💬 PL-Problem94.orbitZeroSet_finite_or_arithProgression AI says: The declarations live in `ConjectureProver.lean`. Let me test importing that module.
   🛠️  PL-Problem94.orbitZeroSet_finite_or_arithProgression AI made 2 tool call(s):
 → lean_run_code
 → lean_local_search
   🛠️  PL-Problem94.ideal_fg_of_finiteType AI made 3 tool call(s):
 → lean_run_code
 → search_mathlib_docs_multi
 → lean_leansearch
   🛠️  PL-Problem94.zeroSet_eq_orbitZeroSet_of_span AI made 1 tool call(s):
 → lean_run_code
   🛠️  PL-Problem94.zeroSet_finite_or_contain_arithmetic_progression AI made 2 tool call(s):
 → lean_run_code
 → lean_run_code
   🛠️  PL-Problem94.zeroSet_eq_orbitZeroSet_of_span AI made 1 tool call(s):
 → lean_run_code
   💬 PL-Problem94.orbitZeroSet_finite_or_arithProgression AI says: The module imports fine. Now let me inspect the definition and the already-proved dependency.
   🛠️  PL-Problem94.orbitZeroSet_finite_or_arithProgression AI made 1 tool call(s):
 → lean_run_code
   💬 PL-Problem94.ideal_fg_of_finiteType AI says: Key facts found: `Ideal.fg_of_isNoetherianRing` and `Algebra.FiniteType.isNoetherianRing`. Let me test the full proof.
   🛠️  PL-Problem94.ideal_fg_of_finiteType AI made 1 tool call(s):
 → lean_run_code
   🛠️  PL-Problem94.zeroSet_finite_or_contain_arithmetic_progression AI made 2 tool call(s):
 → lean_run_code
 → lean_run_code
   💬 PL-Problem94.orbitZeroSet_finite_or_arithProgression AI says: The definition is `{n | ∀ x ∈ s, ϕ ((f ^ n) x) = 0}`. I need to see the full file context (are there axioms/helpers already in Problem94?). Let me try to access the source file.
   🛠️  PL-Problem94.orbitZeroSet_finite_or_arithProgression AI made 2 tool call(s):
 → lean_verify
 → lean_run_code
   🛠️  PL-Problem94.zeroSet_eq_orbitZeroSet_of_span AI made 1 tool call(s):
 → lean_run_code
   🛠️  PL-Problem94.zeroSet_finite_or_contain_arithmetic_progression AI made 2 tool call(s):
 → lean_code_actions
 → lean_state_search
   💬 PL-Problem94.ideal_fg_of_finiteType AI says: The auto-bound variable issue means I need to see the actual file context. Let me locate the problem file.
   🛠️  PL-Problem94.ideal_fg_of_finiteType AI made 3 tool call(s):
 → lean_local_search
 → lean_local_search
 → lean_run_code
   🛠️  PL-Problem94.zeroSet_finite_or_contain_arithmetic_progression AI made 2 tool call(s):
 → lean_leansearch
 → lean_loogle
   💬 PL-Problem94.ideal_fg_of_finiteType AI says: The file is `ConjectureProver.lean`. Let me try to import it or inspect it to learn the exact context.
   🛠️  PL-Problem94.ideal_fg_of_finiteType AI made 2 tool call(s):
 → lean_run_code
 → lean_code_actions
   💬 PL-Problem94.orbitZeroSet_finite_or_arithProgression AI says: The file is reachable at relative path `ConjectureProver.lean`. Let me read its contents (in slices) to understand the surrounding context, definitions, and any admitted axioms.
   🛠️  PL-Problem94.orbitZeroSet_finite_or_arithProgression AI made 1 tool call(s):
 → lean_run_code
   🛠️  PL-Problem94.zeroSet_finite_or_contain_arithmetic_progression AI made 2 tool call(s):
 → lean_leansearch
 → search_mathlib_docs_multi
   🛠️  PL-Problem94.orbitZeroSet_finite_or_arithProgression AI made 1 tool call(s):
 → lean_run_code
   🛠️  PL-Problem94.orbitZeroSet_finite_or_arithProgression AI made 1 tool call(s):
 → lean_run_code
   🛠️  PL-Problem94.zeroSet_finite_or_contain_arithmetic_progression AI made 2 tool call(s):
 → lean_leanfinder
 → lean_leansearch
   🛠️  PL-Problem94.orbitZeroSet_finite_or_arithProgression AI made 1 tool call(s):
 → lean_run_code
   🛠️  PL-Problem94.zeroSet_eq_orbitZeroSet_of_span AI made 1 tool call(s):
 → lean_run_code
   💬 PL-Problem94.orbitZeroSet_finite_or_arithProgression AI says: The file is only ~8KB. Let me print it fully.
   🛠️  PL-Problem94.orbitZeroSet_finite_or_arithProgression AI made 1 tool call(s):
 → lean_run_code
   🛠️  PL-Problem94.zeroSet_finite_or_contain_arithmetic_progression AI made 2 tool call(s):
 → lean_loogle
 → lean_loogle
   💬 PL-Problem94.orbitZeroSet_finite_or_arithProgression AI says: I can see the whole file now. Let me check the `Architect` module for any deep-theorem axioms/hooks.
   🛠️  PL-Problem94.orbitZeroSet_finite_or_arithProgression AI made 1 tool call(s):
 → lean_run_code
   🛠️  PL-Problem94.zeroSet_eq_orbitZeroSet_of_span AI made 1 tool call(s):
 → lean_run_code
   💬 PL-Problem94.orbitZeroSet_finite_or_arithProgression AI says: [FINAL PROPOSAL]
status: UNRESOLVED
new_str:
```lean
/--
**Deep structural fact (dynamical Mordell–Lang type statement for étale endomorphisms).**
Let $f$ be an étale $k$-algebra endomorphism of the finite-type domain $A$ over the
characteristic-zero field $k$.  For every finite family $s\subseteq A$, the orbit zero set
$Z_s(f,\varphi)$ is either finite or contains an arithmetic progression with positive common
difference.
-/
lemma orbitZeroSet_finite_or_arithProgression (hf : f.FormallyEtale) (
      ... (3229 total chars)
   ⏰ Lemma 'Problem94.orbitZeroSet_finite_or_arithProgression': turn limit (12) reached
   💬 PL-Problem94.ideal_fg_of_finiteType AI says: Let me inspect the actual file context to understand the discrepancy.[09/08/26 23:15:30] INFO     Disabled tool 'lean_build' via        server.py:115
                             LEAN_MCP_DISABLED_TOOLS                            
                    INFO     Disabled tool 'lean_completions' via  server.py:115
                             LEAN_MCP_DISABLED_TOOLS                            
                    INFO     Disabled tool 'lean_declaration_file' server.py:115
                             via LEAN_MCP_DISABLED_TOOLS                        
                    INFO     Disabled tool                         server.py:115
                             'lean_diagnostic_messages' via                     
                             LEAN_MCP_DISABLED_TOOLS                            
                    INFO     Disabled tool 'lean_file_outline' via server.py:115
                             LEAN_MCP_DISABLED_TOOLS                            
                    INFO     Disabled tool                         server.py:115
                             'lean_get_widget_source' via                       
                             LEAN_MCP_DISABLED_TOOLS                            
                    INFO     Disabled tool 'lean_get_widgets' via  server.py:115
                             LEAN_MCP_DISABLED_TOOLS                            
                    INFO     Disabled tool 'lean_goal' via         server.py:115
                             LEAN_MCP_DISABLED_TOOLS                            
                    INFO     Disabled tool 'lean_hover_info' via   server.py:115
                             LEAN_MCP_DISABLED_TOOLS                            
                    INFO     Disabled tool 'lean_references' via   server.py:115
                             LEAN_MCP_DISABLED_TOOLS                            
                    INFO     Disabled tool 'lean_term_goal' via    server.py:115
                             LEAN_MCP_DISABLED_TOOLS                            
                    INFO     REPL enabled, using:                  server.py:322
                             /home/amirnabiyev/Conjecture_Prover/.              
                             lake/packages/repl/.lake/build/bin/re              
                             pl                                                 
                    INFO     REPL initialized: timeout=60s         server.py:325
[09/08/26 23:15:31] INFO     Shared async LSP client         client_utils.py:133
                             connected at                                       
                             /home/amirnabiyev/Conjecture_Pr                    
                             over                                               
[09/08/26 23:15:42] INFO     Disabled tool 'lean_build' via        server.py:115
                             LEAN_MCP_DISABLED_TOOLS                            
                    INFO     Disabled tool 'lean_completions' via  server.py:115
                             LEAN_MCP_DISABLED_TOOLS                            
                    INFO     Disabled tool 'lean_declaration_file' server.py:115
                             via LEAN_MCP_DISABLED_TOOLS                        
                    INFO     Disabled tool                         server.py:115
                             'lean_diagnostic_messages' via                     
                             LEAN_MCP_DISABLED_TOOLS                            
                    INFO     Disabled tool 'lean_file_outline' via server.py:115
                             LEAN_MCP_DISABLED_TOOLS                            
                    INFO     Disabled tool                         server.py:115
                             'lean_get_widget_source' via                       
                             LEAN_MCP_DISABLED_TOOLS                            
                    INFO     Disabled tool 'lean_get_widgets' via  server.py:115
                             LEAN_MCP_DISABLED_TOOLS                            
                    INFO     Disabled tool 'lean_goal' via         server.py:115
                             LEAN_MCP_DISABLED_TOOLS                            
                    INFO     Disabled tool 'lean_hover_info' via   server.py:115
                             LEAN_MCP_DISABLED_TOOLS                            
                    INFO     Disabled tool 'lean_references' via   server.py:115
                             LEAN_MCP_DISABLED_TOOLS                            
                    INFO     Disabled tool 'lean_term_goal' via    server.py:115
                             LEAN_MCP_DISABLED_TOOLS                            
                    INFO     REPL enabled, using:                  server.py:322
                             /home/amirnabiyev/Conjecture_Prover/.              
                             lake/packages/repl/.lake/build/bin/re              
                             pl                                                 
                    INFO     REPL initialized: timeout=60s         server.py:325
[09/08/26 23:15:53] INFO     Session ending — cleaning up          server.py:360
                             per-session resources                              
Exception ignored in: <function BaseSubprocessTransport.__del__ at 0x74a11b27b380>
Traceback (most recent call last):
  File "/usr/local/lib/python3.12/asyncio/base_subprocess.py", line 126, in __del__
    self.close()
  File "/usr/local/lib/python3.12/asyncio/base_subprocess.py", line 104, in close
    proto.pipe.close()
  File "/usr/local/lib/python3.12/asyncio/unix_events.py", line 767, in close
    self.write_eof()
  File "/usr/local/lib/python3.12/asyncio/unix_events.py", line 753, in write_eof
    self._loop.call_soon(self._call_connection_lost, None)
  File "/usr/local/lib/python3.12/asyncio/base_events.py", line 799, in call_soon
    self._check_closed()
  File "/usr/local/lib/python3.12/asyncio/base_events.py", line 545, in _check_closed
    raise RuntimeError('Event loop is closed')
RuntimeError: Event loop is closed
[09/08/26 23:15:53] INFO     Session ending — cleaning up          server.py:360
                             per-session resources                              
[09/08/26 23:16:00] INFO     Disabled tool 'lean_build' via        server.py:115
                             LEAN_MCP_DISABLED_TOOLS                            
                    INFO     Disabled tool 'lean_completions' via  server.py:115
                             LEAN_MCP_DISABLED_TOOLS                            
                    INFO     Disabled tool 'lean_declaration_file' server.py:115
                             via LEAN_MCP_DISABLED_TOOLS                        
                    INFO     Disabled tool                         server.py:115
                             'lean_diagnostic_messages' via                     
                             LEAN_MCP_DISABLED_TOOLS                            
                    INFO     Disabled tool 'lean_file_outline' via server.py:115
                             LEAN_MCP_DISABLED_TOOLS                            
                    INFO     Disabled tool                         server.py:115
                             'lean_get_widget_source' via                       
                             LEAN_MCP_DISABLED_TOOLS                            
                    INFO     Disabled tool 'lean_get_widgets' via  server.py:115
                             LEAN_MCP_DISABLED_TOOLS                            
                    INFO     Disabled tool 'lean_goal' via         server.py:115
                             LEAN_MCP_DISABLED_TOOLS                            
                    INFO     Disabled tool 'lean_hover_info' via   server.py:115
                             LEAN_MCP_DISABLED_TOOLS                            
                    INFO     Disabled tool 'lean_references' via   server.py:115
                             LEAN_MCP_DISABLED_TOOLS                            
                    INFO     Disabled tool 'lean_term_goal' via    server.py:115
                             LEAN_MCP_DISABLED_TOOLS                            
                    INFO     REPL enabled, using:                  server.py:322
                             /home/amirnabiyev/Conjecture_Prover/.              
                             lake/packages/repl/.lake/build/bin/re              
                             pl                                                 
                    INFO     REPL initialized: timeout=60s         server.py:325
                    INFO     Session ending — cleaning up          server.py:360
                             per-session resources                              
[09/08/26 23:16:02] INFO     Disabled tool 'lean_build' via        server.py:115
                             LEAN_MCP_DISABLED_TOOLS                            
                    INFO     Disabled tool 'lean_completions' via  server.py:115
                             LEAN_MCP_DISABLED_TOOLS                            
                    INFO     Disabled tool 'lean_declaration_file' server.py:115
                             via LEAN_MCP_DISABLED_TOOLS                        
                    INFO     Disabled tool                         server.py:115
                             'lean_diagnostic_messages' via                     
                             LEAN_MCP_DISABLED_TOOLS                            
                    INFO     Disabled tool 'lean_file_outline' via server.py:115
                             LEAN_MCP_DISABLED_TOOLS                            
                    INFO     Disabled tool                         server.py:115
                             'lean_get_widget_source' via                       
                             LEAN_MCP_DISABLED_TOOLS                            
                    INFO     Disabled tool 'lean_get_widgets' via  server.py:115
                             LEAN_MCP_DISABLED_TOOLS                            
                    INFO     Disabled tool 'lean_goal' via         server.py:115
                             LEAN_MCP_DISABLED_TOOLS                            
                    INFO     Disabled tool 'lean_hover_info' via   server.py:115
                             LEAN_MCP_DISABLED_TOOLS                            
                    INFO     Disabled tool 'lean_references' via   server.py:115
                             LEAN_MCP_DISABLED_TOOLS                            
                    INFO     Disabled tool 'lean_term_goal' via    server.py:115
                             LEAN_MCP_DISABLED_TOOLS                            
                    INFO     REPL enabled, using:                  server.py:322
                             /home/amirnabiyev/Conjecture_Prover/.              
                             lake/packages/repl/.lake/build/bin/re              
                             pl                                                 
                    INFO     REPL initialized: timeout=60s         server.py:325
[09/08/26 23:16:03] INFO     Session ending — cleaning up          server.py:360
                             per-session resources                              
[09/08/26 23:16:04] INFO     Disabled tool 'lean_build' via        server.py:115
                             LEAN_MCP_DISABLED_TOOLS                            
                    INFO     Disabled tool 'lean_completions' via  server.py:115
                             LEAN_MCP_DISABLED_TOOLS                            
                    INFO     Disabled tool 'lean_declaration_file' server.py:115
                             via LEAN_MCP_DISABLED_TOOLS                        
                    INFO     Disabled tool                         server.py:115
                             'lean_diagnostic_messages' via                     
                             LEAN_MCP_DISABLED_TOOLS                            
                    INFO     Disabled tool 'lean_file_outline' via server.py:115
                             LEAN_MCP_DISABLED_TOOLS                            
                    INFO     Disabled tool                         server.py:115
                             'lean_get_widget_source' via                       
                             LEAN_MCP_DISABLED_TOOLS                            
                    INFO     Disabled tool 'lean_get_widgets' via  server.py:115
                             LEAN_MCP_DISABLED_TOOLS                            
                    INFO     Disabled tool 'lean_goal' via         server.py:115
                             LEAN_MCP_DISABLED_TOOLS                            
                    INFO     Disabled tool 'lean_hover_info' via   server.py:115
                             LEAN_MCP_DISABLED_TOOLS                            
                    INFO     Disabled tool 'lean_references' via   server.py:115
                             LEAN_MCP_DISABLED_TOOLS                            
                    INFO     Disabled tool 'lean_term_goal' via    server.py:115
                             LEAN_MCP_DISABLED_TOOLS                            
                    INFO     REPL enabled, using:                  server.py:322
                             /home/amirnabiyev/Conjecture_Prover/.              
                             lake/packages/repl/.lake/build/bin/re              
                             pl                                                 
                    INFO     REPL initialized: timeout=60s         server.py:325
[09/08/26 23:16:10] INFO     Session ending — cleaning up          server.py:360
                             per-session resources                              
[09/08/26 23:16:17] INFO     Disabled tool 'lean_build' via        server.py:115
                             LEAN_MCP_DISABLED_TOOLS                            
                    INFO     Disabled tool 'lean_completions' via  server.py:115
                             LEAN_MCP_DISABLED_TOOLS                            
                    INFO     Disabled tool 'lean_declaration_file' server.py:115
                             via LEAN_MCP_DISABLED_TOOLS                        
                    INFO     Disabled tool                         server.py:115
                             'lean_diagnostic_messages' via                     
                             LEAN_MCP_DISABLED_TOOLS                            
                    INFO     Disabled tool 'lean_file_outline' via server.py:115
                             LEAN_MCP_DISABLED_TOOLS                            
                    INFO     Disabled tool                         server.py:115
                             'lean_get_widget_source' via                       
                             LEAN_MCP_DISABLED_TOOLS                            
                    INFO     Disabled tool 'lean_get_widgets' via  server.py:115
                             LEAN_MCP_DISABLED_TOOLS                            
                    INFO     Disabled tool 'lean_goal' via         server.py:115
                             LEAN_MCP_DISABLED_TOOLS                            
                    INFO     Disabled tool 'lean_hover_info' via   server.py:115
                             LEAN_MCP_DISABLED_TOOLS                            
                    INFO     Disabled tool 'lean_references' via   server.py:115
                             LEAN_MCP_DISABLED_TOOLS                            
                    INFO     Disabled tool 'lean_term_goal' via    server.py:115
                             LEAN_MCP_DISABLED_TOOLS                            
                    INFO     REPL enabled, using:                  server.py:322
                             /home/amirnabiyev/Conjecture_Prover/.              
                             lake/packages/repl/.lake/build/bin/re              
                             pl                                                 
                    INFO     REPL initialized: timeout=60s         server.py:325
[09/08/26 23:16:23] INFO     Session ending — cleaning up          server.py:360
                             per-session resources                              
[09/08/26 23:16:50] INFO     Disabled tool 'lean_build' via        server.py:115
                             LEAN_MCP_DISABLED_TOOLS                            
                    INFO     Disabled tool 'lean_completions' via  server.py:115
                             LEAN_MCP_DISABLED_TOOLS                            
                    INFO     Disabled tool 'lean_declaration_file' server.py:115
                             via LEAN_MCP_DISABLED_TOOLS                        
                    INFO     Disabled tool                         server.py:115
                             'lean_diagnostic_messages' via                     
                             LEAN_MCP_DISABLED_TOOLS                            
                    INFO     Disabled tool 'lean_file_outline' via server.py:115
                             LEAN_MCP_DISABLED_TOOLS                            
                    INFO     Disabled tool                         server.py:115
                             'lean_get_widget_source' via                       
                             LEAN_MCP_DISABLED_TOOLS                            
                    INFO     Disabled tool 'lean_get_widgets' via  server.py:115
                             LEAN_MCP_DISABLED_TOOLS                            
                    INFO     Disabled tool 'lean_goal' via         server.py:115
                             LEAN_MCP_DISABLED_TOOLS                            
                    INFO     Disabled tool 'lean_hover_info' via   server.py:115
                             LEAN_MCP_DISABLED_TOOLS                            
                    INFO     Disabled tool 'lean_references' via   server.py:115
                             LEAN_MCP_DISABLED_TOOLS                            
                    INFO     Disabled tool 'lean_term_goal' via    server.py:115
                             LEAN_MCP_DISABLED_TOOLS                            
                    INFO     REPL enabled, using:                  server.py:322
                             /home/amirnabiyev/Conjecture_Prover/.              
                             lake/packages/repl/.lake/build/bin/re              
                             pl                                                 
                    INFO     REPL initialized: timeout=60s         server.py:325
[09/08/26 23:16:56] INFO     Session ending — cleaning up          server.py:360
                             per-session resources                              
[09/08/26 23:17:21] INFO     Disabled tool 'lean_build' via        server.py:115
                             LEAN_MCP_DISABLED_TOOLS                            
                    INFO     Disabled tool 'lean_completions' via  server.py:115
                             LEAN_MCP_DISABLED_TOOLS                            
                    INFO     Disabled tool 'lean_declaration_file' server.py:115
                             via LEAN_MCP_DISABLED_TOOLS                        
                    INFO     Disabled tool                         server.py:115
                             'lean_diagnostic_messages' via                     
                             LEAN_MCP_DISABLED_TOOLS                            
                    INFO     Disabled tool 'lean_file_outline' via server.py:115
                             LEAN_MCP_DISABLED_TOOLS                            
                    INFO     Disabled tool                         server.py:115
                             'lean_get_widget_source' via                       
                             LEAN_MCP_DISABLED_TOOLS                            
                    INFO     Disabled tool 'lean_get_widgets' via  server.py:115
                             LEAN_MCP_DISABLED_TOOLS                            
                    INFO     Disabled tool 'lean_goal' via         server.py:115
                             LEAN_MCP_DISABLED_TOOLS                            
                    INFO     Disabled tool 'lean_hover_info' via   server.py:115
                             LEAN_MCP_DISABLED_TOOLS                            
                    INFO     Disabled tool 'lean_references' via   server.py:115
                             LEAN_MCP_DISABLED_TOOLS                            
                    INFO     Disabled tool 'lean_term_goal' via    server.py:115
                             LEAN_MCP_DISABLED_TOOLS                            
                    INFO     REPL enabled, using:                  server.py:322
                             /home/amirnabiyev/Conjecture_Prover/.              
                             lake/packages/repl/.lake/build/bin/re              
                             pl                                                 
                    INFO     REPL initialized: timeout=60s         server.py:325
[09/08/26 23:17:27] INFO     Session ending — cleaning up          server.py:360
                             per-session resources                              
[09/08/26 23:17:41] INFO     REPL enabled, using:                  server.py:322
                             /home/amirnabiyev/Conjecture_Prover/.              
                             lake/packages/repl/.lake/build/bin/re              
                             pl                                                 
                    INFO     REPL initialized: timeout=60s         server.py:325
                    INFO     Session ending — cleaning up          server.py:360
                             per-session resources                              
[09/08/26 23:18:16] INFO     REPL enabled, using:                  server.py:322
                             /home/amirnabiyev/Conjecture_Prover/.              
                             lake/packages/repl/.lake/build/bin/re              
                             pl                                                 
                    INFO     REPL initialized: timeout=60s         server.py:325
[09/08/26 23:18:18] INFO     Shared async LSP client         client_utils.py:133
                             connected at                                       
                             /home/amirnabiyev/Conjecture_Pr                    
                             over                                               
[09/08/26 23:18:44] INFO     Session ending — cleaning up          server.py:360
                             per-session resources                              
Exception ignored in: <function BaseSubprocessTransport.__del__ at 0x74ac9f56b380>
Traceback (most recent call last):
  File "/usr/local/lib/python3.12/asyncio/base_subprocess.py", line 126, in __del__
    self.close()
  File "/usr/local/lib/python3.12/asyncio/base_subprocess.py", line 104, in close
    proto.pipe.close()
  File "/usr/local/lib/python3.12/asyncio/unix_events.py", line 767, in close
    self.write_eof()
  File "/usr/local/lib/python3.12/asyncio/unix_events.py", line 753, in write_eof
    self._loop.call_soon(self._call_connection_lost, None)
  File "/usr/local/lib/python3.12/asyncio/base_events.py", line 799, in call_soon
    self._check_closed()
  File "/usr/local/lib/python3.12/asyncio/base_events.py", line 545, in _check_closed
    raise RuntimeError('Event loop is closed')
RuntimeError: Event loop is closed
[09/08/26 23:18:46] INFO     REPL enabled, using:                  server.py:322
                             /home/amirnabiyev/Conjecture_Prover/.              
                             lake/packages/repl/.lake/build/bin/re              
                             pl                                                 
                    INFO     REPL initialized: timeout=60s         server.py:325
[09/08/26 23:18:48] INFO     Shared async LSP client         client_utils.py:133
                             connected at                                       
                             /home/amirnabiyev/Conjecture_Pr                    
                             over                                               
[09/08/26 23:19:00] INFO     Session ending — cleaning up          server.py:360
                             per-session resources                              
Exception ignored in: <function BaseSubprocessTransport.__del__ at 0x7de0ab56f380>
Traceback (most recent call last):
  File "/usr/local/lib/python3.12/asyncio/base_subprocess.py", line 126, in __del__
    self.close()
  File "/usr/local/lib/python3.12/asyncio/base_subprocess.py", line 104, in close
    proto.pipe.close()
  File "/usr/local/lib/python3.12/asyncio/unix_events.py", line 767, in close
    self.write_eof()
  File "/usr/local/lib/python3.12/asyncio/unix_events.py", line 753, in write_eof
    self._loop.call_soon(self._call_connection_lost, None)
  File "/usr/local/lib/python3.12/asyncio/base_events.py", line 799, in call_soon
    self._check_closed()
  File "/usr/local/lib/python3.12/asyncio/base_events.py", line 545, in _check_closed
    raise RuntimeError('Event loop is closed')
RuntimeError: Event loop is closed
[09/08/26 23:19:51] INFO     REPL enabled, using:                  server.py:322
                             /home/amirnabiyev/Conjecture_Prover/.              
                             lake/packages/repl/.lake/build/bin/re              
                             pl                                                 
                    INFO     REPL initialized: timeout=60s         server.py:325
[09/08/26 23:19:53] INFO     Shared async LSP client         client_utils.py:133
                             connected at                                       
                             /home/amirnabiyev/Conjecture_Pr                    
                             over                                               
[09/08/26 23:20:05] INFO     Session ending — cleaning up          server.py:360
                             per-session resources                              
Exception ignored in: <function BaseSubprocessTransport.__del__ at 0x7b76302c3380>
Traceback (most recent call last):
  File "/usr/local/lib/python3.12/asyncio/base_subprocess.py", line 126, in __del__
    self.close()
  File "/usr/local/lib/python3.12/asyncio/base_subprocess.py", line 104, in close
    proto.pipe.close()
  File "/usr/local/lib/python3.12/asyncio/unix_events.py", line 767, in close
    self.write_eof()
  File "/usr/local/lib/python3.12/asyncio/unix_events.py", line 753, in write_eof
    self._loop.call_soon(self._call_connection_lost, None)
  File "/usr/local/lib/python3.12/asyncio/base_events.py", line 799, in call_soon
    self._check_closed()
  File "/usr/local/lib/python3.12/asyncio/base_events.py", line 545, in _check_closed
    raise RuntimeError('Event loop is closed')
RuntimeError: Event loop is closed
[09/08/26 23:20:27] INFO     REPL enabled, using:                  server.py:322
                             /home/amirnabiyev/Conjecture_Prover/.              
                             lake/packages/repl/.lake/build/bin/re              
                             pl                                                 
                    INFO     REPL initialized: timeout=60s         server.py:325
                    INFO     Session ending — cleaning up          server.py:360
                             per-session resources                              
[09/08/26 23:20:30] INFO     REPL enabled, using:                  server.py:322
                             /home/amirnabiyev/Conjecture_Prover/.              
                             lake/packages/repl/.lake/build/bin/re              
                             pl                                                 
                    INFO     REPL initialized: timeout=60s         server.py:325
                    INFO     Session ending — cleaning up          server.py:360
                             per-session resources                              

   🛠️  PL-Problem94.ideal_fg_of_finiteType AI made 1 tool call(s):
 → lean_verify
   💬 PL-Problem94.zeroSet_eq_orbitZeroSet_of_span AI says: The proof compiles cleanly. Let me run one final validation with the exact statement shape as it appears in the file (inside namespace) to be safe.
   🛠️  PL-Problem94.zeroSet_eq_orbitZeroSet_of_span AI made 1 tool call(s):
 → lean_run_code
   🛠️  PL-Problem94.zeroSet_finite_or_contain_arithmetic_progression AI made 2 tool call(s):
 → lean_leanfinder
 → lean_leansearch
   💬 PL-Problem94.zeroSet_eq_orbitZeroSet_of_span AI says: The proof compiles cleanly both as an `example` at top level and inside the `Problem94` namespace (no `sorry`, no errors).

1. Target: `Problem94.zeroSet_eq_orbitZeroSet_of_span`
2. Status: VERIFIED
3. Validated Lean code block (proof body to replace `sorry_using [...]`):

```lean
  ext n
  constructor
  · intro hn x hx
    have hxI : x ∈ I := by
      rw [hspan]
      exact Ideal.subset_span (show x ∈ (s : Set A) from hx)
    simpa using hn ⟨x, hxI⟩
  · intro hn x0
    let ψ : A →ₐ[k] k := ϕ.co
      ... (2316 total chars)
   💬 PL-Problem94.ideal_fg_of_finiteType AI says: Let me read the source file using Lean's IO.
   🛠️  PL-Problem94.ideal_fg_of_finiteType AI made 1 tool call(s):
 → lean_run_code
   💬 PL-Problem94.zeroSet_eq_orbitZeroSet_of_span AI says: [FINAL PROPOSAL]
status: VERIFIED
new_str:
```lean
lemma zeroSet_eq_orbitZeroSet_of_span {s : Finset A} (hspan : I = Ideal.span (s : Set A)) :
    zeroSet f ϕ I = orbitZeroSet f ϕ s := by
  ext n
  constructor
  · intro hn x hx
    have hxI : x ∈ I := by
      rw [hspan]
      exact Ideal.subset_span (show x ∈ (s : Set A) from hx)
    simpa using hn ⟨x, hxI⟩
  · intro hn x0
    let ψ : A →ₐ[k] k := ϕ.comp (f ^ n)
    have hker_s : (s : Set A) ⊆ (RingHom.ker ψ : Set A) := by
      intro x hx
    
      ... (2241 total chars)
   ✅ Lemma 'Problem94.zeroSet_eq_orbitZeroSet_of_span' appears proved (turn 12)
   💬 PL-Problem94.zeroSet_finite_or_contain_arithmetic_progression AI says: [FINAL PROPOSAL]
status: UNRESOLVED
new_str:
```lean
theorem zeroSet_finite_or_contain_arithmetic_progression (hf : f.FormallyEtale) :
    (zeroSet f ϕ I).Finite ∨ ∃ (d : ℕ+) (a : ℕ), ∀ n : ℕ, a + d * n ∈ zeroSet f ϕ I := by
  -- Intended (unverified) proof: combine the three dependencies.
  -- NOTE: exact statements/signatures of the dependencies are unknown in this sandbox,
  -- so this body is a reconstruction and was NOT checked against the real file.
  rcases ideal_fg_of_finiteType I with ⟨
      ... (3420 total chars)
   ⏰ Lemma 'Problem94.zeroSet_finite_or_contain_arithmetic_progression': turn limit (12) reached
   🛠️  PL-Problem94.ideal_fg_of_finiteType AI made 1 tool call(s):
 → lean_run_code
   💬 PL-Problem94.ideal_fg_of_finiteType AI says: Now I understand the actual file. Let me replicate the exact preamble to confirm what context the proof body sees.
   🛠️  PL-Problem94.ideal_fg_of_finiteType AI made 1 tool call(s):
 → lean_run_code
   🛠️  PL-Problem94.ideal_fg_of_finiteType AI made 1 tool call(s):
 → lean_run_code
   💬 PL-Problem94.ideal_fg_of_finiteType AI says: I have conclusive evidence about this task. Here is my analysis and final report.

---

**Finding: the declaration as it actually elaborates in the file is mathematically FALSE and unprovable as stated.**

Evidence gathered:

1. The real file (`/home/amirnabiyev/Conjecture_Prover/ConjectureProver.lean`) declares:
   ```lean
   variable {k A : Type} [Field k] [CharZero k] [CommRing A] [IsDomain A] [Algebra k A]
     [Algebra.FiniteType k A] (f : A →ₐ[k] A) (ϕ : A →ₐ[k] k) (I : Ideal A)
   lemma i
      ... (4918 total chars)
   ⚠️  Lemma 'Problem94.ideal_fg_of_finiteType': LLM flagged the statement as WRONG → STATEMENT_WRONG

======================================================================
AGGREGATOR: Applying proofs (round 1)
   Received 4 proposal(s)
======================================================================

   💬 AG AI says: I'll start by examining the workspace file structure and the exact declaration text.
   🛠️  AG AI made 2 tool call(s):
 → lean_file_outline
 → lean_declaration_file
   💬 AG AI says: Let me read the relevant region of the workspace file to get the exact declaration text.
   🛠️  AG AI made 1 tool call(s):
 → read_workspace
   💬 AG AI says: The proposal's `new_str` contains the full lemma declaration with the completed proof, though it omits the doc-comment and `@[blueprint]` attribute that wrap the declaration in the file. I'll apply the replacement preserving the file's declaration scaffolding (doc comment + `@[blueprint]` metadata), replacing only the placeholder body with the proposed proof — a single whole-block replacement.
   🛠️  AG AI made 1 tool call(s):
 → search_replace_workspace
   💬 AG AI says: Replacement applied. Now let me validate the file compiles.
   🛠️  AG AI made 1 tool call(s):
 → lean_diagnostic_messages
   💬 AG AI says: The proposal has been applied successfully. Validation results:

- **`lean_diagnostic_messages`**: `success: true`, no errors.
- The remaining diagnostics are warnings only:
  - `declaration uses sorry` at lines 86, 147, 170 — these belong to other lemmas (`ideal_fg_of_finiteType`, `orbitZeroSet_finite_or_arithProgression`, `zeroSet_finite_or_contain_arithmetic_progression`) that were not part of this proposal and still contain their placeholder `sorry_using` bodies (pre-existing, untouched).
  
      ... (1185 total chars)
   ✅ Aggregator LLM finished after 5 turn(s)
   📊 Blueprint JSON: 6 lemmas, 3 proved
   🚦 Route: aggregator → blueprint_refiner (round 1)

======================================================================
🔧 BLUEPRINT REFINER: Revising blueprint based on prover feedback
   Unproved lemmas to address: Problem94.ideal_fg_of_finiteType, Problem94.orbitZeroSet_finite_or_arithProgression, Problem94.zeroSet_finite_or_contain_arithmetic_progression
     • Problem94.ideal_fg_of_finiteType: [Turn 10] I have conclusive evidence about this task. Here is my analysis and final report.

---

**Finding: the declara...
     • Problem94.orbitZeroSet_finite_or_arithProgression: [Turn 12] [FINAL PROPOSAL]
status: UNRESOLVED
new_str:
```lean
/--
**Deep structural fact (dynamical Mordell–Lang type s...
     • Problem94.zeroSet_finite_or_contain_arithmetic_progression: [Turn 12] [FINAL PROPOSAL]
status: UNRESOLVED
new_str:
```lean
theorem zeroSet_finite_or_contain_arithmetic_progression ...
======================================================================

   🛠️  BR AI made 2 tool call(s):
 → read_workspace
 → list_directory
   🚦 Routing: blueprint_refiner → tools_br
   🚦 Routing: tool_node → blueprint_refiner

======================================================================
🔧 BLUEPRINT REFINER: Revising blueprint based on prover feedback
   Unproved lemmas to address: Problem94.ideal_fg_of_finiteType, Problem94.orbitZeroSet_finite_or_arithProgression, Problem94.zeroSet_finite_or_contain_arithmetic_progression
     • Problem94.ideal_fg_of_finiteType: [Turn 10] I have conclusive evidence about this task. Here is my analysis and final report.

---

**Finding: the declara...
     • Problem94.orbitZeroSet_finite_or_arithProgression: [Turn 12] [FINAL PROPOSAL]
status: UNRESOLVED
new_str:
```lean
/--
**Deep structural fact (dynamical Mordell–Lang type s...
     • Problem94.zeroSet_finite_or_contain_arithmetic_progression: [Turn 12] [FINAL PROPOSAL]
status: UNRESOLVED
new_str:
```lean
theorem zeroSet_finite_or_contain_arithmetic_progression ...
======================================================================

   💬 BR AI says: Let me explore the project structure and understand the `Architect`/`sorry_using` infrastructure.
   🛠️  BR AI made 2 tool call(s):
 → list_directory
 → list_directory
   🚦 Routing: blueprint_refiner → tools_br
   🚦 Routing: tool_node → blueprint_refiner

======================================================================[09/08/26 23:21:20] INFO     REPL enabled, using:                  server.py:322
                             /home/amirnabiyev/Conjecture_Prover/.              
                             lake/packages/repl/.lake/build/bin/re              
                             pl                                                 
                    INFO     REPL initialized: timeout=60s         server.py:325
                    INFO     Session ending — cleaning up          server.py:360
                             per-session resources                              
[09/08/26 23:21:23] INFO     REPL enabled, using:                  server.py:322
                             /home/amirnabiyev/Conjecture_Prover/.              
                             lake/packages/repl/.lake/build/bin/re              
                             pl                                                 
                    INFO     REPL initialized: timeout=60s         server.py:325
                    INFO     Session ending — cleaning up          server.py:360
                             per-session resources                              
[09/08/26 23:21:26] INFO     REPL enabled, using:                  server.py:322
                             /home/amirnabiyev/Conjecture_Prover/.              
                             lake/packages/repl/.lake/build/bin/re              
                             pl                                                 
                    INFO     REPL initialized: timeout=60s         server.py:325
                    INFO     Session ending — cleaning up          server.py:360
                             per-session resources                              
[09/08/26 23:21:29] INFO     REPL enabled, using:                  server.py:322
                             /home/amirnabiyev/Conjecture_Prover/.              
                             lake/packages/repl/.lake/build/bin/re              
                             pl                                                 
                    INFO     REPL initialized: timeout=60s         server.py:325
                    INFO     Session ending — cleaning up          server.py:360
                             per-session resources                              
[09/08/26 23:21:32] INFO     REPL enabled, using:                  server.py:322
                             /home/amirnabiyev/Conjecture_Prover/.              
                             lake/packages/repl/.lake/build/bin/re              
                             pl                                                 
                    INFO     REPL initialized: timeout=60s         server.py:325
                    INFO     Session ending — cleaning up          server.py:360
                             per-session resources                              
[09/08/26 23:21:46] INFO     REPL enabled, using:                  server.py:322
                             /home/amirnabiyev/Conjecture_Prover/.              
                             lake/packages/repl/.lake/build/bin/re              
                             pl                                                 
                    INFO     REPL initialized: timeout=60s         server.py:325
[09/08/26 23:21:46] INFO     REPL enabled, using:                  server.py:322
                             /home/amirnabiyev/Conjecture_Prover/.              
                             lake/packages/repl/.lake/build/bin/re              
                             pl                                                 
                    INFO     REPL initialized: timeout=60s         server.py:325
                    INFO     Session ending — cleaning up          server.py:360
                             per-session resources                              
[09/08/26 23:21:48] INFO     Shared async LSP client         client_utils.py:133
                             connected at                                       
                             /home/amirnabiyev/Conjecture_Pr                    
                             over                                               
[09/08/26 23:22:16] INFO     Session ending — cleaning up          server.py:360
                             per-session resources                              
Exception ignored in: <function BaseSubprocessTransport.__del__ at 0x77d7c017f380>
Traceback (most recent call last):
  File "/usr/local/lib/python3.12/asyncio/base_subprocess.py", line 126, in __del__
    self.close()
  File "/usr/local/lib/python3.12/asyncio/base_subprocess.py", line 104, in close
    proto.pipe.close()
  File "/usr/local/lib/python3.12/asyncio/unix_events.py", line 767, in close
    self.write_eof()
  File "/usr/local/lib/python3.12/asyncio/unix_events.py", line 753, in write_eof
    self._loop.call_soon(self._call_connection_lost, None)
  File "/usr/local/lib/python3.12/asyncio/base_events.py", line 799, in call_soon
    self._check_closed()
  File "/usr/local/lib/python3.12/asyncio/base_events.py", line 545, in _check_closed
    raise RuntimeError('Event loop is closed')
RuntimeError: Event loop is closed
[09/08/26 23:22:18] INFO     REPL enabled, using:                  server.py:322
                             /home/amirnabiyev/Conjecture_Prover/.              
                             lake/packages/repl/.lake/build/bin/re              
                             pl                                                 
                    INFO     REPL initialized: timeout=60s         server.py:325
                    INFO     Session ending — cleaning up          server.py:360
                             per-session resources                              
[09/08/26 23:22:23] INFO     REPL enabled, using:                  server.py:322
                             /home/amirnabiyev/Conjecture_Prover/.              
                             lake/packages/repl/.lake/build/bin/re              
                             pl                                                 
                    INFO     REPL initialized: timeout=60s         server.py:325
[09/08/26 23:22:23] INFO     REPL enabled, using:                  server.py:322
                             /home/amirnabiyev/Conjecture_Prover/.              
                             lake/packages/repl/.lake/build/bin/re              
                             pl                                                 
                    INFO     REPL initialized: timeout=60s         server.py:325
                    INFO     Session ending — cleaning up          server.py:360
                             per-session resources                              
[09/08/26 23:22:24] INFO     Session ending — cleaning up          server.py:360
                             per-session resources                              
[09/08/26 23:22:25] INFO     REPL enabled, using:                  server.py:322
                             /home/amirnabiyev/Conjecture_Prover/.              
                             lake/packages/repl/.lake/build/bin/re              
                             pl                                                 
                    INFO     REPL initialized: timeout=60s         server.py:325
                    INFO     Session ending — cleaning up          server.py:360
                             per-session resources                              
[09/08/26 23:22:29] INFO     REPL enabled, using:                  server.py:322
                             /home/amirnabiyev/Conjecture_Prover/.              
                             lake/packages/repl/.lake/build/bin/re              
                             pl                                                 
                    INFO     REPL initialized: timeout=60s         server.py:325
[09/08/26 23:22:29] INFO     REPL enabled, using:                  server.py:322
                             /home/amirnabiyev/Conjecture_Prover/.              
                             lake/packages/repl/.lake/build/bin/re              
                             pl                                                 
                    INFO     REPL initialized: timeout=60s         server.py:325
[09/08/26 23:22:30] INFO     Session ending — cleaning up          server.py:360
                             per-session resources                              
[09/08/26 23:22:31] INFO     Shared async LSP client         client_utils.py:133
                             connected at                                       
                             /home/amirnabiyev/Conjecture_Pr                    
                             over                                               
[09/08/26 23:22:35] INFO     Session ending — cleaning up          server.py:360
                             per-session resources                              
Exception ignored in: <function BaseSubprocessTransport.__del__ at 0x70707fd7b380>
Traceback (most recent call last):
  File "/usr/local/lib/python3.12/asyncio/base_subprocess.py", line 126, in __del__
    self.close()
  File "/usr/local/lib/python3.12/asyncio/base_subprocess.py", line 104, in close
    proto.pipe.close()
  File "/usr/local/lib/python3.12/asyncio/unix_events.py", line 767, in close
    self.write_eof()
  File "/usr/local/lib/python3.12/asyncio/unix_events.py", line 753, in write_eof
    self._loop.call_soon(self._call_connection_lost, None)
  File "/usr/local/lib/python3.12/asyncio/base_events.py", line 799, in call_soon
    self._check_closed()
  File "/usr/local/lib/python3.12/asyncio/base_events.py", line 545, in _check_closed
    raise RuntimeError('Event loop is closed')
RuntimeError: Event loop is closed

🔧 BLUEPRINT REFINER: Revising blueprint based on prover feedback
   Unproved lemmas to address: Problem94.ideal_fg_of_finiteType, Problem94.orbitZeroSet_finite_or_arithProgression, Problem94.zeroSet_finite_or_contain_arithmetic_progression
     • Problem94.ideal_fg_of_finiteType: [Turn 10] I have conclusive evidence about this task. Here is my analysis and final report.

---

**Finding: the declara...
     • Problem94.orbitZeroSet_finite_or_arithProgression: [Turn 12] [FINAL PROPOSAL]
status: UNRESOLVED
new_str:
```lean
/--
**Deep structural fact (dynamical Mordell–Lang type s...
     • Problem94.zeroSet_finite_or_contain_arithmetic_progression: [Turn 12] [FINAL PROPOSAL]
status: UNRESOLVED
new_str:
```lean
theorem zeroSet_finite_or_contain_arithmetic_progression ...
======================================================================

   🛠️  BR AI made 1 tool call(s):
 → list_directory
   🚦 Routing: blueprint_refiner → tools_br
   🚦 Routing: tool_node → blueprint_refiner

======================================================================
🔧 BLUEPRINT REFINER: Revising blueprint based on prover feedback
   Unproved lemmas to address: Problem94.ideal_fg_of_finiteType, Problem94.orbitZeroSet_finite_or_arithProgression, Problem94.zeroSet_finite_or_contain_arithmetic_progression
     • Problem94.ideal_fg_of_finiteType: [Turn 10] I have conclusive evidence about this task. Here is my analysis and final report.

---

**Finding: the declara...
     • Problem94.orbitZeroSet_finite_or_arithProgression: [Turn 12] [FINAL PROPOSAL]
status: UNRESOLVED
new_str:
```lean
/--
**Deep structural fact (dynamical Mordell–Lang type s...
     • Problem94.zeroSet_finite_or_contain_arithmetic_progression: [Turn 12] [FINAL PROPOSAL]
status: UNRESOLVED
new_str:
```lean
theorem zeroSet_finite_or_contain_arithmetic_progression ...
======================================================================

   🛠️  BR AI made 1 tool call(s):
 → list_directory
   🚦 Routing: blueprint_refiner → tools_br
   🚦 Routing: tool_node → blueprint_refiner

======================================================================
🔧 BLUEPRINT REFINER: Revising blueprint based on prover feedback
   Unproved lemmas to address: Problem94.ideal_fg_of_finiteType, Problem94.orbitZeroSet_finite_or_arithProgression, Problem94.zeroSet_finite_or_contain_arithmetic_progression
     • Problem94.ideal_fg_of_finiteType: [Turn 10] I have conclusive evidence about this task. Here is my analysis and final report.

---

**Finding: the declara...
     • Problem94.orbitZeroSet_finite_or_arithProgression: [Turn 12] [FINAL PROPOSAL]
status: UNRESOLVED
new_str:
```lean
/--
**Deep structural fact (dynamical Mordell–Lang type s...
     • Problem94.zeroSet_finite_or_contain_arithmetic_progression: [Turn 12] [FINAL PROPOSAL]
status: UNRESOLVED
new_str:
```lean
theorem zeroSet_finite_or_contain_arithmetic_progression ...
======================================================================

   🛠️  BR AI made 1 tool call(s):
 → list_directory
   🚦 Routing: blueprint_refiner → tools_br
   🚦 Routing: tool_node → blueprint_refiner

======================================================================
🔧 BLUEPRINT REFINER: Revising blueprint based on prover feedback
   Unproved lemmas to address: Problem94.ideal_fg_of_finiteType, Problem94.orbitZeroSet_finite_or_arithProgression, Problem94.zeroSet_finite_or_contain_arithmetic_progression
     • Problem94.ideal_fg_of_finiteType: [Turn 10] I have conclusive evidence about this task. Here is my analysis and final report.

---

**Finding: the declara...
     • Problem94.orbitZeroSet_finite_or_arithProgression: [Turn 12] [FINAL PROPOSAL]
status: UNRESOLVED
new_str:
```lean
/--
**Deep structural fact (dynamical Mordell–Lang type s...
     • Problem94.zeroSet_finite_or_contain_arithmetic_progression: [Turn 12] [FINAL PROPOSAL]
status: UNRESOLVED
new_str:
```lean
theorem zeroSet_finite_or_contain_arithmetic_progression ...
======================================================================

   🛠️  BR AI made 2 tool call(s):
 → read_workspace
 → read_workspace
   🚦 Routing: blueprint_refiner → tools_br
   🚦 Routing: tool_node → blueprint_refiner

======================================================================
🔧 BLUEPRINT REFINER: Revising blueprint based on prover feedback
   Unproved lemmas to address: Problem94.ideal_fg_of_finiteType, Problem94.orbitZeroSet_finite_or_arithProgression, Problem94.zeroSet_finite_or_contain_arithmetic_progression
     • Problem94.ideal_fg_of_finiteType: [Turn 10] I have conclusive evidence about this task. Here is my analysis and final report.

---

**Finding: the declara...
     • Problem94.orbitZeroSet_finite_or_arithProgression: [Turn 12] [FINAL PROPOSAL]
status: UNRESOLVED
new_str:
```lean
/--
**Deep structural fact (dynamical Mordell–Lang type s...
     • Problem94.zeroSet_finite_or_contain_arithmetic_progression: [Turn 12] [FINAL PROPOSAL]
status: UNRESOLVED
new_str:
```lean
theorem zeroSet_finite_or_contain_arithmetic_progression ...
======================================================================

   💬 BR AI says: Let me look at the current file's declarations and check how the blueprint infra sees them.
   🛠️  BR AI made 2 tool call(s):
 → lean_file_outline
 → lean_local_search
   🚦 Routing: blueprint_refiner → tools_br
   🚦 Routing: tool_node → blueprint_refiner

======================================================================
🔧 BLUEPRINT REFINER: Revising blueprint based on prover feedback
   Unproved lemmas to address: Problem94.ideal_fg_of_finiteType, Problem94.orbitZeroSet_finite_or_arithProgression, Problem94.zeroSet_finite_or_contain_arithmetic_progression
     • Problem94.ideal_fg_of_finiteType: [Turn 10] I have conclusive evidence about this task. Here is my analysis and final report.

---

**Finding: the declara...
     • Problem94.orbitZeroSet_finite_or_arithProgression: [Turn 12] [FINAL PROPOSAL]
status: UNRESOLVED
new_str:
```lean
/--
**Deep structural fact (dynamical Mordell–Lang type s...
     • Problem94.zeroSet_finite_or_contain_arithmetic_progression: [Turn 12] [FINAL PROPOSAL]
status: UNRESOLVED
new_str:
```lean
theorem zeroSet_finite_or_contain_arithmetic_progression ...
======================================================================

   🛠️  BR AI made 2 tool call(s):
 → lean_leansearch
 → lean_leansearch
   🚦 Routing: blueprint_refiner → tools_br
   🚦 Routing: tool_node → blueprint_refiner

======================================================================
🔧 BLUEPRINT REFINER: Revising blueprint based on prover feedback
   Unproved lemmas to address: Problem94.ideal_fg_of_finiteType, Problem94.orbitZeroSet_finite_or_arithProgression, Problem94.zeroSet_finite_or_contain_arithmetic_progression
     • Problem94.ideal_fg_of_finiteType: [Turn 10] I have conclusive evidence about this task. Here is my analysis and final report.

---

**Finding: the declara...
     • Problem94.orbitZeroSet_finite_or_arithProgression: [Turn 12] [FINAL PROPOSAL]
status: UNRESOLVED
new_str:
```lean
/--
**Deep structural fact (dynamical Mordell–Lang type s...
     • Problem94.zeroSet_finite_or_contain_arithmetic_progression: [Turn 12] [FINAL PROPOSAL]
status: UNRESOLVED
new_str:
```lean
theorem zeroSet_finite_or_contain_arithmetic_progression ...
======================================================================

   🛠️  BR AI made 2 tool call(s):
 → lean_leansearch
 → lean_declaration_file
   🚦 Routing: blueprint_refiner → tools_br
   🚦 Routing: tool_node → blueprint_refiner

======================================================================
🔧 BLUEPRINT REFINER: Revising blueprint based on prover feedback
   Unproved lemmas to address: Problem94.ideal_fg_of_finiteType, Problem94.orbitZeroSet_finite_or_arithProgression, Problem94.zeroSet_finite_or_contain_arithmetic_progression
     • Problem94.ideal_fg_of_finiteType: [Turn 10] I have conclusive evidence about this task. Here is my analysis and final report.

---

**Finding: the declara...[09/08/26 23:22:36] INFO     REPL enabled, using:                  server.py:322
                             /home/amirnabiyev/Conjecture_Prover/.              
                             lake/packages/repl/.lake/build/bin/re              
                             pl                                                 
                    INFO     REPL initialized: timeout=60s         server.py:325
                    INFO     Session ending — cleaning up          server.py:360
                             per-session resources                              
[09/08/26 23:22:39] INFO     REPL enabled, using:                  server.py:322
                             /home/amirnabiyev/Conjecture_Prover/.              
                             lake/packages/repl/.lake/build/bin/re              
                             pl                                                 
                    INFO     REPL initialized: timeout=60s         server.py:325
[09/08/26 23:22:40] INFO     Session ending — cleaning up          server.py:360
                             per-session resources                              
[09/08/26 23:22:55] INFO     REPL enabled, using:                  server.py:322
                             /home/amirnabiyev/Conjecture_Prover/.              
                             lake/packages/repl/.lake/build/bin/re              
                             pl                                                 
                    INFO     REPL initialized: timeout=60s         server.py:325
[09/08/26 23:23:01] INFO     Session ending — cleaning up          server.py:360
                             per-session resources                              
[09/08/26 23:23:03] INFO     REPL enabled, using:                  server.py:322
                             /home/amirnabiyev/Conjecture_Prover/.              
                             lake/packages/repl/.lake/build/bin/re              
                             pl                                                 
                    INFO     REPL initialized: timeout=60s         server.py:325
                    INFO     Session ending — cleaning up          server.py:360
                             per-session resources                              
[09/08/26 23:23:07] INFO     REPL enabled, using:                  server.py:322
                             /home/amirnabiyev/Conjecture_Prover/.              
                             lake/packages/repl/.lake/build/bin/re              
                             pl                                                 
                    INFO     REPL initialized: timeout=60s         server.py:325
[09/08/26 23:23:07] INFO     REPL enabled, using:                  server.py:322
                             /home/amirnabiyev/Conjecture_Prover/.              
                             lake/packages/repl/.lake/build/bin/re              
                             pl                                                 
                    INFO     REPL initialized: timeout=60s         server.py:325
[09/08/26 23:23:13] INFO     Session ending — cleaning up          server.py:360
                             per-session resources                              
[09/08/26 23:23:13] INFO     Session ending — cleaning up          server.py:360
                             per-session resources                              
[09/08/26 23:23:15] INFO     REPL enabled, using:                  server.py:322
                             /home/amirnabiyev/Conjecture_Prover/.              
                             lake/packages/repl/.lake/build/bin/re              
                             pl                                                 
                    INFO     REPL initialized: timeout=60s         server.py:325
                    INFO     Session ending — cleaning up          server.py:360
                             per-session resources                              
[09/08/26 23:24:24] INFO     REPL enabled, using:                  server.py:322
                             /home/amirnabiyev/Conjecture_Prover/.              
                             lake/packages/repl/.lake/build/bin/re              
                             pl                                                 
                    INFO     REPL initialized: timeout=60s         server.py:325
[09/08/26 23:24:24] INFO     REPL enabled, using:                  server.py:322
                             /home/amirnabiyev/Conjecture_Prover/.              
                             lake/packages/repl/.lake/build/bin/re              
                             pl                                                 
                    INFO     REPL initialized: timeout=60s         server.py:325
[09/08/26 23:24:26] INFO     Shared async LSP client         client_utils.py:133
                             connected at                                       
                             /home/amirnabiyev/Conjecture_Pr                    
                             over                                               
[09/08/26 23:24:33] INFO     Session ending — cleaning up          server.py:360
                             per-session resources                              
[09/08/26 23:24:41] INFO     Session ending — cleaning up          server.py:360
                             per-session resources                              
Exception ignored in: <function BaseSubprocessTransport.__del__ at 0x7307f7c7b380>
Traceback (most recent call last):
  File "/usr/local/lib/python3.12/asyncio/base_subprocess.py", line 126, in __del__
    self.close()
  File "/usr/local/lib/python3.12/asyncio/base_subprocess.py", line 104, in close
    proto.pipe.close()
  File "/usr/local/lib/python3.12/asyncio/unix_events.py", line 767, in close
    self.write_eof()
  File "/usr/local/lib/python3.12/asyncio/unix_events.py", line 753, in write_eof
    self._loop.call_soon(self._call_connection_lost, None)
  File "/usr/local/lib/python3.12/asyncio/base_events.py", line 799, in call_soon
    self._check_closed()
  File "/usr/local/lib/python3.12/asyncio/base_events.py", line 545, in _check_closed
    raise RuntimeError('Event loop is closed')
RuntimeError: Event loop is closed
[09/08/26 23:24:43] INFO     REPL enabled, using:                  server.py:322
                             /home/amirnabiyev/Conjecture_Prover/.              
                             lake/packages/repl/.lake/build/bin/re              
                             pl                                                 
                    INFO     REPL initialized: timeout=60s         server.py:325
                    INFO     Session ending — cleaning up          server.py:360
                             per-session resources                              
[09/08/26 23:24:50] INFO     REPL enabled, using:                  server.py:322
                             /home/amirnabiyev/Conjecture_Prover/.              
                             lake/packages/repl/.lake/build/bin/re              
                             pl                                                 
                    INFO     REPL initialized: timeout=60s         server.py:325
[09/08/26 23:24:50] INFO     REPL enabled, using:                  server.py:322
                             /home/amirnabiyev/Conjecture_Prover/.              
                             lake/packages/repl/.lake/build/bin/re              
                             pl                                                 
                    INFO     REPL initialized: timeout=60s         server.py:325
[09/08/26 23:24:57] INFO     Session ending — cleaning up          server.py:360
                             per-session resources                              
[09/08/26 23:24:57] INFO     Session ending — cleaning up          server.py:360
                             per-session resources                              
[09/08/26 23:24:58] INFO     REPL enabled, using:                  server.py:322
                             /home/amirnabiyev/Conjecture_Prover/.              
                             lake/packages/repl/.lake/build/bin/re              
                             pl                                                 
                    INFO     REPL initialized: timeout=60s         server.py:325
                    INFO     Session ending — cleaning up          server.py:360
                             per-session resources                              
[09/08/26 23:25:31] INFO     REPL enabled, using:                  server.py:322
                             /home/amirnabiyev/Conjecture_Prover/.              
                             lake/packages/repl/.lake/build/bin/re              
                             pl                                                 
                    INFO     REPL initialized: timeout=60s         server.py:325
[09/08/26 23:25:37] INFO     Session ending — cleaning up          server.py:360
                             per-session resources                              
[09/08/26 23:25:39] INFO     REPL enabled, using:                  server.py:322
                             /home/amirnabiyev/Conjecture_Prover/.              
                             lake/packages/repl/.lake/build/bin/re              
                             pl                                                 
                    INFO     REPL initialized: timeout=60s         server.py:325
                    INFO     Session ending — cleaning up          server.py:360
                             per-session resources                              

     • Problem94.orbitZeroSet_finite_or_arithProgression: [Turn 12] [FINAL PROPOSAL]
status: UNRESOLVED
new_str:
```lean
/--
**Deep structural fact (dynamical Mordell–Lang type s...
     • Problem94.zeroSet_finite_or_contain_arithmetic_progression: [Turn 12] [FINAL PROPOSAL]
status: UNRESOLVED
new_str:
```lean
theorem zeroSet_finite_or_contain_arithmetic_progression ...
======================================================================

   🛠️  BR AI made 1 tool call(s):
 → read_workspace
   🚦 Routing: blueprint_refiner → tools_br
   🚦 Routing: tool_node → blueprint_refiner

======================================================================
🔧 BLUEPRINT REFINER: Revising blueprint based on prover feedback
   Unproved lemmas to address: Problem94.ideal_fg_of_finiteType, Problem94.orbitZeroSet_finite_or_arithProgression, Problem94.zeroSet_finite_or_contain_arithmetic_progression
     • Problem94.ideal_fg_of_finiteType: [Turn 10] I have conclusive evidence about this task. Here is my analysis and final report.

---

**Finding: the declara...
     • Problem94.orbitZeroSet_finite_or_arithProgression: [Turn 12] [FINAL PROPOSAL]
status: UNRESOLVED
new_str:
```lean
/--
**Deep structural fact (dynamical Mordell–Lang type s...
     • Problem94.zeroSet_finite_or_contain_arithmetic_progression: [Turn 12] [FINAL PROPOSAL]
status: UNRESOLVED
new_str:
```lean
theorem zeroSet_finite_or_contain_arithmetic_progression ...
======================================================================

   💬 BR AI says: The file uses `variable` auto-inclusion; the reported failure is that `ideal_fg_of_finiteType : I.FG` drops the `k`-dependent binders. Let me verify the elaboration behavior and test fix strategies empirically.
   🛠️  BR AI made 1 tool call(s):
 → lean_run_code
   🚦 Routing: blueprint_refiner → tools_br
   🚦 Routing: tool_node → blueprint_refiner

======================================================================
🔧 BLUEPRINT REFINER: Revising blueprint based on prover feedback
   Unproved lemmas to address: Problem94.ideal_fg_of_finiteType, Problem94.orbitZeroSet_finite_or_arithProgression, Problem94.zeroSet_finite_or_contain_arithmetic_progression
     • Problem94.ideal_fg_of_finiteType: [Turn 10] I have conclusive evidence about this task. Here is my analysis and final report.

---

**Finding: the declara...
     • Problem94.orbitZeroSet_finite_or_arithProgression: [Turn 12] [FINAL PROPOSAL]
status: UNRESOLVED
new_str:
```lean
/--
**Deep structural fact (dynamical Mordell–Lang type s...
     • Problem94.zeroSet_finite_or_contain_arithmetic_progression: [Turn 12] [FINAL PROPOSAL]
status: UNRESOLVED
new_str:
```lean
theorem zeroSet_finite_or_contain_arithmetic_progression ...
======================================================================

   💬 BR AI says: Diagnosis confirmed. Now let me test fix strategies.
   🛠️  BR AI made 2 tool call(s):
 → lean_run_code
 → lean_run_code
   🚦 Routing: blueprint_refiner → tools_br
   🚦 Routing: tool_node → blueprint_refiner

======================================================================
🔧 BLUEPRINT REFINER: Revising blueprint based on prover feedback
   Unproved lemmas to address: Problem94.ideal_fg_of_finiteType, Problem94.orbitZeroSet_finite_or_arithProgression, Problem94.zeroSet_finite_or_contain_arithmetic_progression
     • Problem94.ideal_fg_of_finiteType: [Turn 10] I have conclusive evidence about this task. Here is my analysis and final report.

---

**Finding: the declara...
     • Problem94.orbitZeroSet_finite_or_arithProgression: [Turn 12] [FINAL PROPOSAL]
status: UNRESOLVED
new_str:
```lean
/--
**Deep structural fact (dynamical Mordell–Lang type s...
     • Problem94.zeroSet_finite_or_contain_arithmetic_progression: [Turn 12] [FINAL PROPOSAL]
status: UNRESOLVED
new_str:
```lean
theorem zeroSet_finite_or_contain_arithmetic_progression ...
======================================================================

   💬 BR AI says: Confirmed: both `include k` and explicit binders restore the intended elaborated signature. Let me verify the Hilbert-basis proof actually goes through in Mathlib (checking instance synthesis `[IsNoetherianRing k]` from `[Field k]`), and establish a diagnostics baseline for the real file.
   🛠️  BR AI made 2 tool call(s):
 → lean_run_code
 → lean_diagnostic_messages
   🚦 Routing: blueprint_refiner → tools_br
   🚦 Routing: tool_node → blueprint_refiner

======================================================================
🔧 BLUEPRINT REFINER: Revising blueprint based on prover feedback
   Unproved lemmas to address: Problem94.ideal_fg_of_finiteType, Problem94.orbitZeroSet_finite_or_arithProgression, Problem94.zeroSet_finite_or_contain_arithmetic_progression
     • Problem94.ideal_fg_of_finiteType: [Turn 10] I have conclusive evidence about this task. Here is my analysis and final report.

---

**Finding: the declara...
     • Problem94.orbitZeroSet_finite_or_arithProgression: [Turn 12] [FINAL PROPOSAL]
status: UNRESOLVED
new_str:
```lean
/--
**Deep structural fact (dynamical Mordell–Lang type s...
     • Problem94.zeroSet_finite_or_contain_arithmetic_progression: [Turn 12] [FINAL PROPOSAL]
status: UNRESOLVED
new_str:
```lean
theorem zeroSet_finite_or_contain_arithmetic_progression ...
======================================================================

   🛠️  BR AI made 2 tool call(s):
 → lean_run_code
 → lean_run_code
   🚦 Routing: blueprint_refiner → tools_br
   🚦 Routing: tool_node → blueprint_refiner

======================================================================
🔧 BLUEPRINT REFINER: Revising blueprint based on prover feedback
   Unproved lemmas to address: Problem94.ideal_fg_of_finiteType, Problem94.orbitZeroSet_finite_or_arithProgression, Problem94.zeroSet_finite_or_contain_arithmetic_progression
     • Problem94.ideal_fg_of_finiteType: [Turn 10] I have conclusive evidence about this task. Here is my analysis and final report.

---

**Finding: the declara...
     • Problem94.orbitZeroSet_finite_or_arithProgression: [Turn 12] [FINAL PROPOSAL]
status: UNRESOLVED
new_str:
```lean
/--
**Deep structural fact (dynamical Mordell–Lang type s...
     • Problem94.zeroSet_finite_or_contain_arithmetic_progression: [Turn 12] [FINAL PROPOSAL]
status: UNRESOLVED
new_str:
```lean
theorem zeroSet_finite_or_contain_arithmetic_progression ...
======================================================================

   💬 BR AI says: The `include k` and explicit-binder routes both give the intended signature and the proof closes via Mathlib typeclass search. Now let me validate the whole dependency chain end-to-end (defs + proved lemma + fixed `ideal_fg` + deep node as `sorry` + a concrete main-theorem proof) in a self-contained scratch, replicating the file's structure exactly.
   🛠️  BR AI made 1 tool call(s):
 → lean_run_code
   🚦 Routing: blueprint_refiner → tools_br
   🚦 Routing: tool_node → blueprint_refiner

======================================================================
🔧 BLUEPRINT REFINER: Revising blueprint based on prover feedback
   Unproved lemmas to address: Problem94.ideal_fg_of_finiteType, Problem94.orbitZeroSet_finite_or_arithProgression, Problem94.zeroSet_finite_or_contain_arithmetic_progression
     • Problem94.ideal_fg_of_finiteType: [Turn 10] I have conclusive evidence about this task. Here is my analysis and final report.

---

**Finding: the declara...
     • Problem94.orbitZeroSet_finite_or_arithProgression: [Turn 12] [FINAL PROPOSAL]
status: UNRESOLVED
new_str:
```lean
/--
**Deep structural fact (dynamical Mordell–Lang type s...
     • Problem94.zeroSet_finite_or_contain_arithmetic_progression: [Turn 12] [FINAL PROPOSAL]
status: UNRESOLVED
new_str:
```lean
theorem zeroSet_finite_or_contain_arithmetic_progression ...
======================================================================

   💬 BR AI says: Nearly there — only detail: since `Ideal A` doesn't mention `k`, `ideal_fg_of_finiteType I` leaves `k` as a metavariable for instance search. Need `(k := k)`, and the auto-included `f ϕ` must be supplied explicitly. Let me verify the exact call forms and rerun.[09/08/26 23:25:57] INFO     REPL enabled, using:                  server.py:322
                             /home/amirnabiyev/Conjecture_Prover/.              
                             lake/packages/repl/.lake/build/bin/re              
                             pl                                                 
                    INFO     REPL initialized: timeout=60s         server.py:325
[09/08/26 23:26:04] INFO     Session ending — cleaning up          server.py:360
                             per-session resources                              
[09/08/26 23:26:06] INFO     REPL enabled, using:                  server.py:322
                             /home/amirnabiyev/Conjecture_Prover/.              
                             lake/packages/repl/.lake/build/bin/re              
                             pl                                                 
                    INFO     REPL initialized: timeout=60s         server.py:325
                    INFO     Session ending — cleaning up          server.py:360
                             per-session resources                              
[09/08/26 23:26:23] INFO     REPL enabled, using:                  server.py:322
                             /home/amirnabiyev/Conjecture_Prover/.              
                             lake/packages/repl/.lake/build/bin/re              
                             pl                                                 
                    INFO     REPL initialized: timeout=60s         server.py:325
[09/08/26 23:26:29] INFO     Session ending — cleaning up          server.py:360
                             per-session resources                              
[09/08/26 23:26:31] INFO     REPL enabled, using:                  server.py:322
                             /home/amirnabiyev/Conjecture_Prover/.              
                             lake/packages/repl/.lake/build/bin/re              
                             pl                                                 
                    INFO     REPL initialized: timeout=60s         server.py:325
                    INFO     Session ending — cleaning up          server.py:360
                             per-session resources                              
[09/08/26 23:26:51] INFO     REPL enabled, using:                  server.py:322
                             /home/amirnabiyev/Conjecture_Prover/.              
                             lake/packages/repl/.lake/build/bin/re              
                             pl                                                 
                    INFO     REPL initialized: timeout=60s         server.py:325
                    INFO     Session ending — cleaning up          server.py:360
                             per-session resources                              
[09/08/26 23:26:54] INFO     REPL enabled, using:                  server.py:322
                             /home/amirnabiyev/Conjecture_Prover/.              
                             lake/packages/repl/.lake/build/bin/re              
                             pl                                                 
[09/08/26 23:26:54] INFO     REPL enabled, using:                  server.py:322
                             /home/amirnabiyev/Conjecture_Prover/.              
                             lake/packages/repl/.lake/build/bin/re              
                             pl                                                 
                    INFO     REPL initialized: timeout=60s         server.py:325
                    INFO     REPL initialized: timeout=60s         server.py:325
[09/08/26 23:26:56] INFO     Shared async LSP client         client_utils.py:133
                             connected at                                       
                             /home/amirnabiyev/Conjecture_Pr                    
                             over                                               
[09/08/26 23:26:56] INFO     Shared async LSP client         client_utils.py:133
                             connected at                                       
                             /home/amirnabiyev/Conjecture_Pr                    
                             over                                               
[09/08/26 23:27:18] INFO     Session ending — cleaning up          server.py:360
                             per-session resources                              
[09/08/26 23:27:18] INFO     Session ending — cleaning up          server.py:360
                             per-session resources                              
Exception ignored in: <function BaseSubprocessTransport.__del__ at 0x708001b6b380>
Traceback (most recent call last):
  File "/usr/local/lib/python3.12/asyncio/base_subprocess.py", line 126, in __del__
    self.close()
  File "/usr/local/lib/python3.12/asyncio/base_subprocess.py", line 104, in close
    proto.pipe.close()
  File "/usr/local/lib/python3.12/asyncio/unix_events.py", line 767, in close
    self.write_eof()
  File "/usr/local/lib/python3.12/asyncio/unix_events.py", line 753, in write_eof
    self._loop.call_soon(self._call_connection_lost, None)
  File "/usr/local/lib/python3.12/asyncio/base_events.py", line 799, in call_soon
    self._check_closed()
  File "/usr/local/lib/python3.12/asyncio/base_events.py", line 545, in _check_closed
    raise RuntimeError('Event loop is closed')
RuntimeError: Event loop is closed
Exception ignored in: <function BaseSubprocessTransport.__del__ at 0x788ab1d6b380>
Traceback (most recent call last):
  File "/usr/local/lib/python3.12/asyncio/base_subprocess.py", line 126, in __del__
    self.close()
  File "/usr/local/lib/python3.12/asyncio/base_subprocess.py", line 104, in close
    proto.pipe.close()
  File "/usr/local/lib/python3.12/asyncio/unix_events.py", line 767, in close
    self.write_eof()
  File "/usr/local/lib/python3.12/asyncio/unix_events.py", line 753, in write_eof
    self._loop.call_soon(self._call_connection_lost, None)
  File "/usr/local/lib/python3.12/asyncio/base_events.py", line 799, in call_soon
    self._check_closed()
  File "/usr/local/lib/python3.12/asyncio/base_events.py", line 545, in _check_closed
    raise RuntimeError('Event loop is closed')
RuntimeError: Event loop is closed
[09/08/26 23:27:20] INFO     REPL enabled, using:                  server.py:322
                             /home/amirnabiyev/Conjecture_Prover/.              
                             lake/packages/repl/.lake/build/bin/re              
                             pl                                                 
                    INFO     REPL initialized: timeout=60s         server.py:325
                    INFO     Session ending — cleaning up          server.py:360
                             per-session resources                              
[09/08/26 23:27:24] INFO     REPL enabled, using:                  server.py:322
                             /home/amirnabiyev/Conjecture_Prover/.              
                             lake/packages/repl/.lake/build/bin/re              
                             pl                                                 
                    INFO     REPL initialized: timeout=60s         server.py:325
                    INFO     Session ending — cleaning up          server.py:360
                             per-session resources                              
[09/08/26 23:27:33] INFO     REPL enabled, using:                  server.py:322
                             /home/amirnabiyev/Conjecture_Prover/.              
                             lake/packages/repl/.lake/build/bin/re              
                             pl                                                 
                    INFO     REPL initialized: timeout=60s         server.py:325
[09/08/26 23:27:34] INFO     Shared async LSP client         client_utils.py:133
                             connected at                                       
                             /home/amirnabiyev/Conjecture_Pr                    
                             over                                               
[09/08/26 23:28:03] INFO     Session ending — cleaning up          server.py:360
                             per-session resources                              
Exception ignored in: <function BaseSubprocessTransport.__del__ at 0x752696eb7380>
Traceback (most recent call last):
  File "/usr/local/lib/python3.12/asyncio/base_subprocess.py", line 126, in __del__
    self.close()
  File "/usr/local/lib/python3.12/asyncio/base_subprocess.py", line 104, in close
    proto.pipe.close()
  File "/usr/local/lib/python3.12/asyncio/unix_events.py", line 767, in close
    self.write_eof()
  File "/usr/local/lib/python3.12/asyncio/unix_events.py", line 753, in write_eof
    self._loop.call_soon(self._call_connection_lost, None)
  File "/usr/local/lib/python3.12/asyncio/base_events.py", line 799, in call_soon
    self._check_closed()
  File "/usr/local/lib/python3.12/asyncio/base_events.py", line 545, in _check_closed
    raise RuntimeError('Event loop is closed')
RuntimeError: Event loop is closed
[09/08/26 23:28:04] INFO     REPL enabled, using:                  server.py:322
                             /home/amirnabiyev/Conjecture_Prover/.              
                             lake/packages/repl/.lake/build/bin/re              
                             pl                                                 
                    INFO     REPL initialized: timeout=60s         server.py:325
                    INFO     Session ending — cleaning up          server.py:360
                             per-session resources                              

   🛠️  BR AI made 1 tool call(s):
 → lean_run_code
   🚦 Routing: blueprint_refiner → tools_br
   🚦 Routing: tool_node → blueprint_refiner

======================================================================
🔧 BLUEPRINT REFINER: Revising blueprint based on prover feedback
   Unproved lemmas to address: Problem94.ideal_fg_of_finiteType, Problem94.orbitZeroSet_finite_or_arithProgression, Problem94.zeroSet_finite_or_contain_arithmetic_progression
     • Problem94.ideal_fg_of_finiteType: [Turn 10] I have conclusive evidence about this task. Here is my analysis and final report.

---

**Finding: the declara...
     • Problem94.orbitZeroSet_finite_or_arithProgression: [Turn 12] [FINAL PROPOSAL]
status: UNRESOLVED
new_str:
```lean
/--
**Deep structural fact (dynamical Mordell–Lang type s...
     • Problem94.zeroSet_finite_or_contain_arithmetic_progression: [Turn 12] [FINAL PROPOSAL]
status: UNRESOLVED
new_str:
```lean
theorem zeroSet_finite_or_contain_arithmetic_progression ...
======================================================================

   💬 BR AI says: The elaborated signatures are now clear (`f ϕ I` are explicit auto-included args). Let me correct the call forms and confirm the whole chain compiles.
   🛠️  BR AI made 1 tool call(s):
 → lean_run_code
   🚦 Routing: blueprint_refiner → tools_br
   🚦 Routing: tool_node → blueprint_refiner

======================================================================
🔧 BLUEPRINT REFINER: Revising blueprint based on prover feedback
   Unproved lemmas to address: Problem94.ideal_fg_of_finiteType, Problem94.orbitZeroSet_finite_or_arithProgression, Problem94.zeroSet_finite_or_contain_arithmetic_progression
     • Problem94.ideal_fg_of_finiteType: [Turn 10] I have conclusive evidence about this task. Here is my analysis and final report.

---

**Finding: the declara...
     • Problem94.orbitZeroSet_finite_or_arithProgression: [Turn 12] [FINAL PROPOSAL]
status: UNRESOLVED
new_str:
```lean
/--
**Deep structural fact (dynamical Mordell–Lang type s...
     • Problem94.zeroSet_finite_or_contain_arithmetic_progression: [Turn 12] [FINAL PROPOSAL]
status: UNRESOLVED
new_str:
```lean
theorem zeroSet_finite_or_contain_arithmetic_progression ...
======================================================================

   💬 BR AI says: The full chain now elaborates: with the fixed `ideal_fg_of_finiteType` (k-hypotheses retained) plus the two other nodes (deep one admitted), the main-theorem transport proof goes through against the real signatures. Now I'll apply the single structural fix to the real file: give `ideal_fg_of_finiteType` explicit binders so the finite-type/field hypotheses survive elaboration.
   🛠️  BR AI made 1 tool call(s):
 → search_replace_workspace
   🚦 Routing: blueprint_refiner → tools_br
   🚦 Routing: tool_node → blueprint_refiner

======================================================================
🔧 BLUEPRINT REFINER: Revising blueprint based on prover feedback
   Unproved lemmas to address: Problem94.ideal_fg_of_finiteType, Problem94.orbitZeroSet_finite_or_arithProgression, Problem94.zeroSet_finite_or_contain_arithmetic_progression
     • Problem94.ideal_fg_of_finiteType: [Turn 10] I have conclusive evidence about this task. Here is my analysis and final report.

---

**Finding: the declara...
     • Problem94.orbitZeroSet_finite_or_arithProgression: [Turn 12] [FINAL PROPOSAL]
status: UNRESOLVED
new_str:
```lean
/--
**Deep structural fact (dynamical Mordell–Lang type s...
     • Problem94.zeroSet_finite_or_contain_arithmetic_progression: [Turn 12] [FINAL PROPOSAL]
status: UNRESOLVED
new_str:
```lean
theorem zeroSet_finite_or_contain_arithmetic_progression ...
======================================================================

   💬 BR AI says: Now validate the file and confirm the elaborated signature of the fixed lemma.
   🛠️  BR AI made 2 tool call(s):
 → lean_diagnostic_messages
 → lean_hover_info
   🚦 Routing: blueprint_refiner → tools_br
   🚦 Routing: tool_node → blueprint_refiner

======================================================================
🔧 BLUEPRINT REFINER: Revising blueprint based on prover feedback
   Unproved lemmas to address: Problem94.ideal_fg_of_finiteType, Problem94.orbitZeroSet_finite_or_arithProgression, Problem94.zeroSet_finite_or_contain_arithmetic_progression
     • Problem94.ideal_fg_of_finiteType: [Turn 10] I have conclusive evidence about this task. Here is my analysis and final report.

---

**Finding: the declara...
     • Problem94.orbitZeroSet_finite_or_arithProgression: [Turn 12] [FINAL PROPOSAL]
status: UNRESOLVED
new_str:
```lean
/--
**Deep structural fact (dynamical Mordell–Lang type s...
     • Problem94.zeroSet_finite_or_contain_arithmetic_progression: [Turn 12] [FINAL PROPOSAL]
status: UNRESOLVED
new_str:
```lean
theorem zeroSet_finite_or_contain_arithmetic_progression ...
======================================================================

   💬 BR AI says: File compiles with only expected warnings. Let me read the edited region and confirm the elaborated signature via hover on the lemma name.
   🛠️  BR AI made 1 tool call(s):
 → read_workspace
   🚦 Routing: blueprint_refiner → tools_br
   🚦 Routing: tool_node → blueprint_refiner

======================================================================
🔧 BLUEPRINT REFINER: Revising blueprint based on prover feedback
   Unproved lemmas to address: Problem94.ideal_fg_of_finiteType, Problem94.orbitZeroSet_finite_or_arithProgression, Problem94.zeroSet_finite_or_contain_arithmetic_progression
     • Problem94.ideal_fg_of_finiteType: [Turn 10] I have conclusive evidence about this task. Here is my analysis and final report.

---

**Finding: the declara...
     • Problem94.orbitZeroSet_finite_or_arithProgression: [Turn 12] [FINAL PROPOSAL]
status: UNRESOLVED
new_str:
```lean
/--
**Deep structural fact (dynamical Mordell–Lang type s...
     • Problem94.zeroSet_finite_or_contain_arithmetic_progression: [Turn 12] [FINAL PROPOSAL]
status: UNRESOLVED
new_str:
```lean
theorem zeroSet_finite_or_contain_arithmetic_progression ...
======================================================================

   💬 BR AI says: Let me confirm the elaborated signature retains the `k` hypotheses by hovering over the lemma identifier.
   🛠️  BR AI made 1 tool call(s):
 → lean_file_outline
   🚦 Routing: blueprint_refiner → tools_br
   🚦 Routing: tool_node → blueprint_refiner

======================================================================
🔧 BLUEPRINT REFINER: Revising blueprint based on prover feedback
   Unproved lemmas to address: Problem94.ideal_fg_of_finiteType, Problem94.orbitZeroSet_finite_or_arithProgression, Problem94.zeroSet_finite_or_contain_arithmetic_progression
     • Problem94.ideal_fg_of_finiteType: [Turn 10] I have conclusive evidence about this task. Here is my analysis and final report.

---

**Finding: the declara...
     • Problem94.orbitZeroSet_finite_or_arithProgression: [Turn 12] [FINAL PROPOSAL]
status: UNRESOLVED
new_str:
```lean
/--
**Deep structural fact (dynamical Mordell–Lang type s...
     • Problem94.zeroSet_finite_or_contain_arithmetic_progression: [Turn 12] [FINAL PROPOSAL]
status: UNRESOLVED
new_str:
```lean
theorem zeroSet_finite_or_contain_arithmetic_progression ...
======================================================================

   💬 BR AI says: Elaborated signature confirmed: `{k A : Type} [Field k] [CharZero k] [CommRing A] [IsDomain A] [Algebra k A] [Algebra.FiniteType k A] (I : Ideal A) : I.FG`. 

The file compiles cleanly. Now let me add a concise transport hint above the main theorem (the prior prover's failure was signature-guessing; I validated the exact call forms in scratch), then regenerate the blueprint.
   🛠️  BR AI made 1 tool call(s):
 → search_replace_workspace
   🚦 Routing: blueprint_refiner → tools_br
   🚦 Routing: tool_node → blueprint_refiner

======================================================================
🔧 BLUEPRINT REFINER: Revising blueprint based on prover feedback[09/08/26 23:28:45] INFO     REPL enabled, using:                  server.py:322
                             /home/amirnabiyev/Conjecture_Prover/.              
                             lake/packages/repl/.lake/build/bin/re              
                             pl                                                 
                    INFO     REPL initialized: timeout=60s         server.py:325
                    INFO     Session ending — cleaning up          server.py:360
                             per-session resources                              
[09/08/26 23:28:52] INFO     REPL enabled, using:                  server.py:322
                             /home/amirnabiyev/Conjecture_Prover/.              
                             lake/packages/repl/.lake/build/bin/re              
                             pl                                                 
                    INFO     REPL initialized: timeout=60s         server.py:325
                    INFO     Session ending — cleaning up          server.py:360
                             per-session resources                              
[09/08/26 23:28:55] INFO     REPL enabled, using:                  server.py:322
                             /home/amirnabiyev/Conjecture_Prover/.              
                             lake/packages/repl/.lake/build/bin/re              
                             pl                                                 
                    INFO     REPL initialized: timeout=60s         server.py:325
[09/08/26 23:28:56] INFO     Shared async LSP client         client_utils.py:133
                             connected at                                       
                             /home/amirnabiyev/Conjecture_Pr                    
                             over                                               
[09/08/26 23:29:09] INFO     Session ending — cleaning up          server.py:360
                             per-session resources                              
Exception ignored in: <function BaseSubprocessTransport.__del__ at 0x7a37dba77380>
Traceback (most recent call last):
  File "/usr/local/lib/python3.12/asyncio/base_subprocess.py", line 126, in __del__
    self.close()
  File "/usr/local/lib/python3.12/asyncio/base_subprocess.py", line 104, in close
    proto.pipe.close()
  File "/usr/local/lib/python3.12/asyncio/unix_events.py", line 767, in close
    self.write_eof()
  File "/usr/local/lib/python3.12/asyncio/unix_events.py", line 753, in write_eof
    self._loop.call_soon(self._call_connection_lost, None)
  File "/usr/local/lib/python3.12/asyncio/base_events.py", line 799, in call_soon
    self._check_closed()
  File "/usr/local/lib/python3.12/asyncio/base_events.py", line 545, in _check_closed
    raise RuntimeError('Event loop is closed')
RuntimeError: Event loop is closed
[09/08/26 23:29:10] INFO     REPL enabled, using:                  server.py:322
                             /home/amirnabiyev/Conjecture_Prover/.              
                             lake/packages/repl/.lake/build/bin/re              
                             pl                                                 
                    INFO     REPL initialized: timeout=60s         server.py:325
[09/08/26 23:29:11] INFO     Session ending — cleaning up          server.py:360
                             per-session resources                              
[09/08/26 23:29:31] INFO     REPL enabled, using:                  server.py:322
                             /home/amirnabiyev/Conjecture_Prover/.              
                             lake/packages/repl/.lake/build/bin/re              
                             pl                                                 
                    INFO     REPL initialized: timeout=60s         server.py:325
                    INFO     Session ending — cleaning up          server.py:360
                             per-session resources                              
[09/08/26 23:29:43] INFO     Disabled tool 'lean_build' via        server.py:115
                             LEAN_MCP_DISABLED_TOOLS                            
                    INFO     Disabled tool 'lean_completions' via  server.py:115
                             LEAN_MCP_DISABLED_TOOLS                            
                    INFO     Disabled tool 'lean_declaration_file' server.py:115
                             via LEAN_MCP_DISABLED_TOOLS                        
                    INFO     Disabled tool                         server.py:115
                             'lean_diagnostic_messages' via                     
                             LEAN_MCP_DISABLED_TOOLS                            
                    INFO     Disabled tool 'lean_file_outline' via server.py:115
                             LEAN_MCP_DISABLED_TOOLS                            
                    INFO     Disabled tool                         server.py:115
                             'lean_get_widget_source' via                       
                             LEAN_MCP_DISABLED_TOOLS                            
                    INFO     Disabled tool 'lean_get_widgets' via  server.py:115
                             LEAN_MCP_DISABLED_TOOLS                            
                    INFO     Disabled tool 'lean_goal' via         server.py:115
                             LEAN_MCP_DISABLED_TOOLS                            
                    INFO     Disabled tool 'lean_hover_info' via   server.py:115
                             LEAN_MCP_DISABLED_TOOLS                            
                    INFO     Disabled tool 'lean_references' via   server.py:115
                             LEAN_MCP_DISABLED_TOOLS                            
                    INFO     Disabled tool 'lean_term_goal' via    server.py:115
                             LEAN_MCP_DISABLED_TOOLS                            
                    INFO     REPL enabled, using:                  server.py:322
                             /home/amirnabiyev/Conjecture_Prover/.              
                             lake/packages/repl/.lake/build/bin/re              
                             pl                                                 
                    INFO     REPL initialized: timeout=60s         server.py:325
                    INFO     Session ending — cleaning up          server.py:360
                             per-session resources                              
[09/08/26 23:29:43] INFO     Disabled tool 'lean_build' via        server.py:115
                             LEAN_MCP_DISABLED_TOOLS                            
                    INFO     Disabled tool 'lean_completions' via  server.py:115
                             LEAN_MCP_DISABLED_TOOLS                            
                    INFO     Disabled tool 'lean_declaration_file' server.py:115
                             via LEAN_MCP_DISABLED_TOOLS                        
                    INFO     Disabled tool                         server.py:115
                             'lean_diagnostic_messages' via                     
                             LEAN_MCP_DISABLED_TOOLS                            
                    INFO     Disabled tool 'lean_file_outline' via server.py:115
                             LEAN_MCP_DISABLED_TOOLS                            
                    INFO     Disabled tool                         server.py:115
                             'lean_get_widget_source' via                       
                             LEAN_MCP_DISABLED_TOOLS                            
                    INFO     Disabled tool 'lean_get_widgets' via  server.py:115
                             LEAN_MCP_DISABLED_TOOLS                            
                    INFO     Disabled tool 'lean_goal' via         server.py:115
                             LEAN_MCP_DISABLED_TOOLS                            
                    INFO     Disabled tool 'lean_hover_info' via   server.py:115
                             LEAN_MCP_DISABLED_TOOLS                            
                    INFO     Disabled tool 'lean_references' via   server.py:115
                             LEAN_MCP_DISABLED_TOOLS                            
                    INFO     Disabled tool 'lean_term_goal' via    server.py:115
                             LEAN_MCP_DISABLED_TOOLS                            
[09/08/26 23:29:43] INFO     Disabled tool 'lean_build' via        server.py:115
                             LEAN_MCP_DISABLED_TOOLS                            
                    INFO     Disabled tool 'lean_completions' via  server.py:115
                             LEAN_MCP_DISABLED_TOOLS                            
                    INFO     Disabled tool 'lean_declaration_file' server.py:115
                             via LEAN_MCP_DISABLED_TOOLS                        
                    INFO     Disabled tool                         server.py:115
                             'lean_diagnostic_messages' via                     
                             LEAN_MCP_DISABLED_TOOLS                            
                    INFO     Disabled tool 'lean_file_outline' via server.py:115
                             LEAN_MCP_DISABLED_TOOLS                            
                    INFO     Disabled tool                         server.py:115
                             'lean_get_widget_source' via                       
                             LEAN_MCP_DISABLED_TOOLS                            
                    INFO     Disabled tool 'lean_get_widgets' via  server.py:115
                             LEAN_MCP_DISABLED_TOOLS                            
                    INFO     Disabled tool 'lean_goal' via         server.py:115
                             LEAN_MCP_DISABLED_TOOLS                            
                    INFO     Disabled tool 'lean_hover_info' via   server.py:115
                             LEAN_MCP_DISABLED_TOOLS                            
                    INFO     Disabled tool 'lean_references' via   server.py:115
                             LEAN_MCP_DISABLED_TOOLS                            
                    INFO     Disabled tool 'lean_term_goal' via    server.py:115
                             LEAN_MCP_DISABLED_TOOLS                            
                    INFO     REPL enabled, using:                  server.py:322
                             /home/amirnabiyev/Conjecture_Prover/.              
                             lake/packages/repl/.lake/build/bin/re              
                             pl                                                 
                    INFO     REPL initialized: timeout=60s         server.py:325
                    INFO     REPL enabled, using:                  server.py:322
                             /home/amirnabiyev/Conjecture_Prover/.              
                             lake/packages/repl/.lake/build/bin/re              
                             pl                                                 
                    INFO     Session ending — cleaning up          server.py:360
                             per-session resources                              
                    INFO     REPL initialized: timeout=60s         server.py:325
                    INFO     Session ending — cleaning up          server.py:360
                             per-session resources                              
[09/08/26 23:29:48] INFO     Disabled tool 'lean_build' via        server.py:115
                             LEAN_MCP_DISABLED_TOOLS                            
                    INFO     Disabled tool 'lean_completions' via  server.py:115
                             LEAN_MCP_DISABLED_TOOLS                            
                    INFO     Disabled tool 'lean_declaration_file' server.py:115
                             via LEAN_MCP_DISABLED_TOOLS                        
                    INFO     Disabled tool                         server.py:115
                             'lean_diagnostic_messages' via                     
                             LEAN_MCP_DISABLED_TOOLS                            
                    INFO     Disabled tool 'lean_file_outline' via server.py:115
                             LEAN_MCP_DISABLED_TOOLS                            
                    INFO     Disabled tool                         server.py:115
                             'lean_get_widget_source' via                       
                             LEAN_MCP_DISABLED_TOOLS                            
                    INFO     Disabled tool 'lean_get_widgets' via  server.py:115
                             LEAN_MCP_DISABLED_TOOLS                            
                    INFO     Disabled tool 'lean_goal' via         server.py:115
                             LEAN_MCP_DISABLED_TOOLS                            
                    INFO     Disabled tool 'lean_hover_info' via   server.py:115
                             LEAN_MCP_DISABLED_TOOLS                            
                    INFO     Disabled tool 'lean_references' via   server.py:115
                             LEAN_MCP_DISABLED_TOOLS                            
                    INFO     Disabled tool 'lean_term_goal' via    server.py:115
                             LEAN_MCP_DISABLED_TOOLS                            
                    INFO     REPL enabled, using:                  server.py:322
                             /home/amirnabiyev/Conjecture_Prover/.              
                             lake/packages/repl/.lake/build/bin/re              
                             pl                                                 
                    INFO     REPL initialized: timeout=60s         server.py:325
                    INFO     Session ending — cleaning up          server.py:360
                             per-session resources                              
[09/08/26 23:29:50] INFO     Disabled tool 'lean_build' via        server.py:115
                             LEAN_MCP_DISABLED_TOOLS                            
                    INFO     Disabled tool 'lean_completions' via  server.py:115
                             LEAN_MCP_DISABLED_TOOLS                            
                    INFO     Disabled tool 'lean_declaration_file' server.py:115
                             via LEAN_MCP_DISABLED_TOOLS                        
                    INFO     Disabled tool                         server.py:115
                             'lean_diagnostic_messages' via                     
                             LEAN_MCP_DISABLED_TOOLS                            
                    INFO     Disabled tool 'lean_file_outline' via server.py:115
                             LEAN_MCP_DISABLED_TOOLS                            
                    INFO     Disabled tool                         server.py:115
                             'lean_get_widget_source' via                       
                             LEAN_MCP_DISABLED_TOOLS                            
                    INFO     Disabled tool 'lean_get_widgets' via  server.py:115
                             LEAN_MCP_DISABLED_TOOLS                            
                    INFO     Disabled tool 'lean_goal' via         server.py:115
                             LEAN_MCP_DISABLED_TOOLS                            
                    INFO     Disabled tool 'lean_hover_info' via   server.py:115
                             LEAN_MCP_DISABLED_TOOLS                            
                    INFO     Disabled tool 'lean_references' via   server.py:115
                             LEAN_MCP_DISABLED_TOOLS                            
                    INFO     Disabled tool 'lean_term_goal' via    server.py:115
                             LEAN_MCP_DISABLED_TOOLS                            
                    INFO     REPL enabled, using:                  server.py:322
                             /home/amirnabiyev/Conjecture_Prover/.              
                             lake/packages/repl/.lake/build/bin/re              
                             pl                                                 
                    INFO     REPL initialized: timeout=60s         server.py:325
                    INFO     Session ending — cleaning up          server.py:360
                             per-session resources                              
[09/08/26 23:29:57] INFO     Disabled tool 'lean_build' via        server.py:115
                             LEAN_MCP_DISABLED_TOOLS                            
                    INFO     Disabled tool 'lean_completions' via  server.py:115
                             LEAN_MCP_DISABLED_TOOLS                            
                    INFO     Disabled tool 'lean_declaration_file' server.py:115
                             via LEAN_MCP_DISABLED_TOOLS                        
                    INFO     Disabled tool                         server.py:115
                             'lean_diagnostic_messages' via                     
                             LEAN_MCP_DISABLED_TOOLS                            
                    INFO     Disabled tool 'lean_file_outline' via server.py:115
                             LEAN_MCP_DISABLED_TOOLS                            
                    INFO     Disabled tool                         server.py:115
                             'lean_get_widget_source' via                       
                             LEAN_MCP_DISABLED_TOOLS                            
                    INFO     Disabled tool 'lean_get_widgets' via  server.py:115
                             LEAN_MCP_DISABLED_TOOLS                            
                    INFO     Disabled tool 'lean_goal' via         server.py:115
                             LEAN_MCP_DISABLED_TOOLS                            
                    INFO     Disabled tool 'lean_hover_info' via   server.py:115
                             LEAN_MCP_DISABLED_TOOLS                            
                    INFO     Disabled tool 'lean_references' via   server.py:115
                             LEAN_MCP_DISABLED_TOOLS                            
                    INFO     Disabled tool 'lean_term_goal' via    server.py:115
                             LEAN_MCP_DISABLED_TOOLS                            
                    INFO     REPL enabled, using:                  server.py:322
                             /home/amirnabiyev/Conjecture_Prover/.              
                             lake/packages/repl/.lake/build/bin/re              
                             pl                                                 
                    INFO     REPL initialized: timeout=60s         server.py:325
[09/08/26 23:30:04] INFO     Session ending — cleaning up          server.py:360
                             per-session resources                              
[09/08/26 23:30:05] INFO     Disabled tool 'lean_build' via        server.py:115
                             LEAN_MCP_DISABLED_TOOLS                            
[09/08/26 23:30:06] INFO     Disabled tool 'lean_completions' via  server.py:115
                             LEAN_MCP_DISABLED_TOOLS                            
                    INFO     Disabled tool 'lean_declaration_file' server.py:115
                             via LEAN_MCP_DISABLED_TOOLS                        
                    INFO     Disabled tool                         server.py:115
                             'lean_diagnostic_messages' via                     
                             LEAN_MCP_DISABLED_TOOLS                            
                    INFO     Disabled tool 'lean_file_outline' via server.py:115
                             LEAN_MCP_DISABLED_TOOLS                            
                    INFO     Disabled tool                         server.py:115
                             'lean_get_widget_source' via                       
                             LEAN_MCP_DISABLED_TOOLS                            
                    INFO     Disabled tool 'lean_get_widgets' via  server.py:115
                             LEAN_MCP_DISABLED_TOOLS                            
                    INFO     Disabled tool 'lean_goal' via         server.py:115
                             LEAN_MCP_DISABLED_TOOLS                            
                    INFO     Disabled tool 'lean_hover_info' via   server.py:115
                             LEAN_MCP_DISABLED_TOOLS                            
                    INFO     Disabled tool 'lean_references' via   server.py:115
                             LEAN_MCP_DISABLED_TOOLS                            
                    INFO     Disabled tool 'lean_term_goal' via    server.py:115
                             LEAN_MCP_DISABLED_TOOLS                            
                    INFO     REPL enabled, using:                  server.py:322
                             /home/amirnabiyev/Conjecture_Prover/.              
                             lake/packages/repl/.lake/build/bin/re              
                             pl                                                 
                    INFO     REPL initialized: timeout=60s         server.py:325
                    INFO     Session ending — cleaning up          server.py:360
                             per-session resources                              
[09/08/26 23:30:08] INFO     Disabled tool 'lean_build' via        server.py:115
                             LEAN_MCP_DISABLED_TOOLS                            
                    INFO     Disabled tool 'lean_completions' via  server.py:115
                             LEAN_MCP_DISABLED_TOOLS                            
                    INFO     Disabled tool 'lean_declaration_file' server.py:115
                             via LEAN_MCP_DISABLED_TOOLS                        
                    INFO     Disabled tool                         server.py:115
                             'lean_diagnostic_messages' via                     
                             LEAN_MCP_DISABLED_TOOLS                            
                    INFO     Disabled tool 'lean_file_outline' via server.py:115
                             LEAN_MCP_DISABLED_TOOLS                            
                    INFO     Disabled tool                         server.py:115
                             'lean_get_widget_source' via                       
                             LEAN_MCP_DISABLED_TOOLS                            
                    INFO     Disabled tool 'lean_get_widgets' via  server.py:115
                             LEAN_MCP_DISABLED_TOOLS                            
                    INFO     Disabled tool 'lean_goal' via         server.py:115
                             LEAN_MCP_DISABLED_TOOLS                            
                    INFO     Disabled tool 'lean_hover_info' via   server.py:115
                             LEAN_MCP_DISABLED_TOOLS                            
                    INFO     Disabled tool 'lean_references' via   server.py:115
                             LEAN_MCP_DISABLED_TOOLS                            
                    INFO     Disabled tool 'lean_term_goal' via    server.py:115
                             LEAN_MCP_DISABLED_TOOLS                            
                    INFO     REPL enabled, using:                  server.py:322
                             /home/amirnabiyev/Conjecture_Prover/.              
                             lake/packages/repl/.lake/build/bin/re              
                             pl                                                 
                    INFO     REPL initialized: timeout=60s         server.py:325
[09/08/26 23:30:09] INFO     Session ending — cleaning up          server.py:360
                             per-session resources                              
[09/08/26 23:30:12] INFO     Disabled tool 'lean_build' via        server.py:115
                             LEAN_MCP_DISABLED_TOOLS                            
                    INFO     Disabled tool 'lean_completions' via  server.py:115
                             LEAN_MCP_DISABLED_TOOLS                            
                    INFO     Disabled tool 'lean_declaration_file' server.py:115
                             via LEAN_MCP_DISABLED_TOOLS                        
                    INFO     Disabled tool                         server.py:115
                             'lean_diagnostic_messages' via                     
                             LEAN_MCP_DISABLED_TOOLS                            
                    INFO     Disabled tool 'lean_file_outline' via server.py:115
                             LEAN_MCP_DISABLED_TOOLS                            
                    INFO     Disabled tool                         server.py:115
                             'lean_get_widget_source' via                       
                             LEAN_MCP_DISABLED_TOOLS                            
[09/08/26 23:30:13] INFO     Disabled tool 'lean_get_widgets' via  server.py:115
                             LEAN_MCP_DISABLED_TOOLS                            
                    INFO     Disabled tool 'lean_goal' via         server.py:115
                             LEAN_MCP_DISABLED_TOOLS                            
                    INFO     Disabled tool 'lean_hover_info' via   server.py:115
                             LEAN_MCP_DISABLED_TOOLS                            
                    INFO     Disabled tool 'lean_references' via   server.py:115
                             LEAN_MCP_DISABLED_TOOLS                            
                    INFO     Disabled tool 'lean_term_goal' via    server.py:115
                             LEAN_MCP_DISABLED_TOOLS                            
                    INFO     REPL enabled, using:                  server.py:322
                             /home/amirnabiyev/Conjecture_Prover/.              
                             lake/packages/repl/.lake/build/bin/re              
                             pl                                                 
                    INFO     REPL initialized: timeout=60s         server.py:325
[09/08/26 23:30:13] INFO     Disabled tool 'lean_build' via        server.py:115
                             LEAN_MCP_DISABLED_TOOLS                            
                    INFO     Disabled tool 'lean_completions' via  server.py:115
                             LEAN_MCP_DISABLED_TOOLS                            
                    INFO     Disabled tool 'lean_declaration_file' server.py:115
                             via LEAN_MCP_DISABLED_TOOLS                        
                    INFO     Disabled tool                         server.py:115
                             'lean_diagnostic_messages' via                     
                             LEAN_MCP_DISABLED_TOOLS                            
                    INFO     Disabled tool 'lean_file_outline' via server.py:115
                             LEAN_MCP_DISABLED_TOOLS                            
                    INFO     Disabled tool                         server.py:115
                             'lean_get_widget_source' via                       
                             LEAN_MCP_DISABLED_TOOLS                            
                    INFO     Disabled tool 'lean_get_widgets' via  server.py:115
                             LEAN_MCP_DISABLED_TOOLS                            
                    INFO     Disabled tool 'lean_goal' via         server.py:115
                             LEAN_MCP_DISABLED_TOOLS                            
                    INFO     Disabled tool 'lean_hover_info' via   server.py:115
                             LEAN_MCP_DISABLED_TOOLS                            
                    INFO     Disabled tool 'lean_references' via   server.py:115
                             LEAN_MCP_DISABLED_TOOLS                            
                    INFO     Disabled tool 'lean_term_goal' via    server.py:115
                             LEAN_MCP_DISABLED_TOOLS                            
                    INFO     REPL enabled, using:                  server.py:322
                             /home/amirnabiyev/Conjecture_Prover/.              
                             lake/packages/repl/.lake/build/bin/re              
                             pl                                                 
                    INFO     REPL initialized: timeout=60s         server.py:325
                    INFO     Session ending — cleaning up          server.py:360
                             per-session resources                              
[09/08/26 23:30:15] INFO     Disabled tool 'lean_build' via        server.py:115
                             LEAN_MCP_DISABLED_TOOLS                            
                    INFO     Disabled tool 'lean_completions' via  server.py:115
                             LEAN_MCP_DISABLED_TOOLS                            
                    INFO     Disabled tool 'lean_declaration_file' server.py:115
                             via LEAN_MCP_DISABLED_TOOLS                        
                    INFO     Disabled tool                         server.py:115
                             'lean_diagnostic_messages' via                     
                             LEAN_MCP_DISABLED_TOOLS                            
                    INFO     Disabled tool 'lean_file_outline' via server.py:115
                             LEAN_MCP_DISABLED_TOOLS                            
                    INFO     Disabled tool                         server.py:115
                             'lean_get_widget_source' via                       
                             LEAN_MCP_DISABLED_TOOLS                            
                    INFO     Disabled tool 'lean_get_widgets' via  server.py:115
                             LEAN_MCP_DISABLED_TOOLS                            
                    INFO     Disabled tool 'lean_goal' via         server.py:115
                             LEAN_MCP_DISABLED_TOOLS                            
                    INFO     Disabled tool 'lean_hover_info' via   server.py:115
                             LEAN_MCP_DISABLED_TOOLS                            
                    INFO     Disabled tool 'lean_references' via   server.py:115
                             LEAN_MCP_DISABLED_TOOLS                            
                    INFO     Disabled tool 'lean_term_goal' via    server.py:115
                             LEAN_MCP_DISABLED_TOOLS                            
                    INFO     REPL enabled, using:                  server.py:322
                             /home/amirnabiyev/Conjecture_Prover/.              
                             lake/packages/repl/.lake/build/bin/re              
                             pl                                                 
                    INFO     REPL initialized: timeout=60s         server.py:325
                    INFO     Session ending — cleaning up          server.py:360
                             per-session resources                              
[09/08/26 23:30:17] INFO     Disabled tool 'lean_build' via        server.py:115
                             LEAN_MCP_DISABLED_TOOLS                            
                    INFO     Disabled tool 'lean_completions' via  server.py:115
                             LEAN_MCP_DISABLED_TOOLS                            
                    INFO     Disabled tool 'lean_declaration_file' server.py:115
                             via LEAN_MCP_DISABLED_TOOLS                        
                    INFO     Disabled tool                         server.py:115
                             'lean_diagnostic_messages' via                     
                             LEAN_MCP_DISABLED_TOOLS                            
                    INFO     Disabled tool 'lean_file_outline' via server.py:115
                             LEAN_MCP_DISABLED_TOOLS                            
                    INFO     Disabled tool                         server.py:115
                             'lean_get_widget_source' via                       
                             LEAN_MCP_DISABLED_TOOLS                            
                    INFO     Disabled tool 'lean_get_widgets' via  server.py:115
                             LEAN_MCP_DISABLED_TOOLS                            
                    INFO     Disabled tool 'lean_goal' via         server.py:115
                             LEAN_MCP_DISABLED_TOOLS                            
                    INFO     Disabled tool 'lean_hover_info' via   server.py:115
                             LEAN_MCP_DISABLED_TOOLS                            
                    INFO     Disabled tool 'lean_references' via   server.py:115
                             LEAN_MCP_DISABLED_TOOLS                            
                    INFO     Disabled tool 'lean_term_goal' via    server.py:115
                             LEAN_MCP_DISABLED_TOOLS                            
                    INFO     REPL enabled, using:                  server.py:322
                             /home/amirnabiyev/Conjecture_Prover/.              
                             lake/packages/repl/.lake/build/bin/re              
                             pl                                                 
                    INFO     REPL initialized: timeout=60s         server.py:325
                    INFO     Session ending — cleaning up          server.py:360
                             per-session resources                              
[09/08/26 23:30:19] INFO     Session ending — cleaning up          server.py:360
                             per-session resources                              
[09/08/26 23:30:26] INFO     Disabled tool 'lean_build' via        server.py:115
                             LEAN_MCP_DISABLED_TOOLS                            
                    INFO     Disabled tool 'lean_completions' via  server.py:115
                             LEAN_MCP_DISABLED_TOOLS                            
                    INFO     Disabled tool 'lean_declaration_file' server.py:115
                             via LEAN_MCP_DISABLED_TOOLS                        
                    INFO     Disabled tool                         server.py:115
                             'lean_diagnostic_messages' via                     
                             LEAN_MCP_DISABLED_TOOLS                            
                    INFO     Disabled tool 'lean_file_outline' via server.py:115
                             LEAN_MCP_DISABLED_TOOLS                            
                    INFO     Disabled tool                         server.py:115
                             'lean_get_widget_source' via                       
                             LEAN_MCP_DISABLED_TOOLS                            
                    INFO     Disabled tool 'lean_get_widgets' via  server.py:115
                             LEAN_MCP_DISABLED_TOOLS                            
                    INFO     Disabled tool 'lean_goal' via         server.py:115
                             LEAN_MCP_DISABLED_TOOLS                            
                    INFO     Disabled tool 'lean_hover_info' via   server.py:115
                             LEAN_MCP_DISABLED_TOOLS                            
                    INFO     Disabled tool 'lean_references' via   server.py:115
                             LEAN_MCP_DISABLED_TOOLS                            
                    INFO     Disabled tool 'lean_term_goal' via    server.py:115
                             LEAN_MCP_DISABLED_TOOLS                            
                    INFO     REPL enabled, using:                  server.py:322
                             /home/amirnabiyev/Conjecture_Prover/.              
                             lake/packages/repl/.lake/build/bin/re              
                             pl                                                 
                    INFO     REPL initialized: timeout=60s         server.py:325
                    INFO     Session ending — cleaning up          server.py:360
                             per-session resources                              
[09/08/26 23:30:29] INFO     Disabled tool 'lean_build' via        server.py:115
                             LEAN_MCP_DISABLED_TOOLS                            
                    INFO     Disabled tool 'lean_completions' via  server.py:115
                             LEAN_MCP_DISABLED_TOOLS                            
                    INFO     Disabled tool 'lean_declaration_file' server.py:115
                             via LEAN_MCP_DISABLED_TOOLS                        
                    INFO     Disabled tool                         server.py:115
                             'lean_diagnostic_messages' via                     
                             LEAN_MCP_DISABLED_TOOLS                            
                    INFO     Disabled tool 'lean_file_outline' via server.py:115
                             LEAN_MCP_DISABLED_TOOLS                            
                    INFO     Disabled tool                         server.py:115
                             'lean_get_widget_source' via                       
                             LEAN_MCP_DISABLED_TOOLS                            
                    INFO     Disabled tool 'lean_get_widgets' via  server.py:115
                             LEAN_MCP_DISABLED_TOOLS                            
                    INFO     Disabled tool 'lean_goal' via         server.py:115
                             LEAN_MCP_DISABLED_TOOLS                            
                    INFO     Disabled tool 'lean_hover_info' via   server.py:115
                             LEAN_MCP_DISABLED_TOOLS                            
                    INFO     Disabled tool 'lean_references' via   server.py:115
                             LEAN_MCP_DISABLED_TOOLS                            
                    INFO     Disabled tool 'lean_term_goal' via    server.py:115
                             LEAN_MCP_DISABLED_TOOLS                            
                    INFO     REPL enabled, using:                  server.py:322
                             /home/amirnabiyev/Conjecture_Prover/.              
                             lake/packages/repl/.lake/build/bin/re              
                             pl                                                 
                    INFO     REPL initialized: timeout=60s         server.py:325
[09/08/26 23:30:30] INFO     Disabled tool 'lean_build' via        server.py:115
                             LEAN_MCP_DISABLED_TOOLS                            
                    INFO     Disabled tool 'lean_completions' via  server.py:115
                             LEAN_MCP_DISABLED_TOOLS                            
                    INFO     Disabled tool 'lean_declaration_file' server.py:115
                             via LEAN_MCP_DISABLED_TOOLS                        
                    INFO     Disabled tool                         server.py:115
                             'lean_diagnostic_messages' via                     
                             LEAN_MCP_DISABLED_TOOLS                            
                    INFO     Disabled tool 'lean_file_outline' via server.py:115
                             LEAN_MCP_DISABLED_TOOLS                            
                    INFO     Disabled tool                         server.py:115
                             'lean_get_widget_source' via                       
                             LEAN_MCP_DISABLED_TOOLS                            
                    INFO     Disabled tool 'lean_get_widgets' via  server.py:115
                             LEAN_MCP_DISABLED_TOOLS                            
                    INFO     Disabled tool 'lean_goal' via         server.py:115
                             LEAN_MCP_DISABLED_TOOLS                            
                    INFO     Disabled tool 'lean_hover_info' via   server.py:115
                             LEAN_MCP_DISABLED_TOOLS                            
                    INFO     Disabled tool 'lean_references' via   server.py:115
                             LEAN_MCP_DISABLED_TOOLS                            
                    INFO     Disabled tool 'lean_term_goal' via    server.py:115
                             LEAN_MCP_DISABLED_TOOLS                            
                    INFO     REPL enabled, using:                  server.py:322
                             /home/amirnabiyev/Conjecture_Prover/.              
                             lake/packages/repl/.lake/build/bin/re              
                             pl                                                 
                    INFO     REPL initialized: timeout=60s         server.py:325
                    INFO     Session ending — cleaning up          server.py:360
                             per-session resources                              
[09/08/26 23:30:35] INFO     Session ending — cleaning up          server.py:360
                             per-session resources                              
[09/08/26 23:30:38] INFO     Disabled tool 'lean_build' via        server.py:115
                             LEAN_MCP_DISABLED_TOOLS                            
                    INFO     Disabled tool 'lean_completions' via  server.py:115
                             LEAN_MCP_DISABLED_TOOLS                            
                    INFO     Disabled tool 'lean_declaration_file' server.py:115
                             via LEAN_MCP_DISABLED_TOOLS                        
                    INFO     Disabled tool                         server.py:115
                             'lean_diagnostic_messages' via                     
                             LEAN_MCP_DISABLED_TOOLS                            
                    INFO     Disabled tool 'lean_file_outline' via server.py:115
                             LEAN_MCP_DISABLED_TOOLS                            
                    INFO     Disabled tool                         server.py:115
                             'lean_get_widget_source' via                       
                             LEAN_MCP_DISABLED_TOOLS                            
                    INFO     Disabled tool 'lean_get_widgets' via  server.py:115
                             LEAN_MCP_DISABLED_TOOLS                            
                    INFO     Disabled tool 'lean_goal' via         server.py:115
                             LEAN_MCP_DISABLED_TOOLS                            
                    INFO     Disabled tool 'lean_hover_info' via   server.py:115
                             LEAN_MCP_DISABLED_TOOLS                            
                    INFO     Disabled tool 'lean_references' via   server.py:115
                             LEAN_MCP_DISABLED_TOOLS                            
                    INFO     Disabled tool 'lean_term_goal' via    server.py:115
                             LEAN_MCP_DISABLED_TOOLS                            
                    INFO     REPL enabled, using:                  server.py:322
                             /home/amirnabiyev/Conjecture_Prover/.              
                             lake/packages/repl/.lake/build/bin/re              
                             pl                                                 
                    INFO     REPL initialized: timeout=60s         server.py:325
[09/08/26 23:30:44] INFO     Session ending — cleaning up          server.py:360
                             per-session resources                              
[09/08/26 23:30:48] INFO     Disabled tool 'lean_build' via        server.py:115
                             LEAN_MCP_DISABLED_TOOLS                            
                    INFO     Disabled tool 'lean_completions' via  server.py:115
                             LEAN_MCP_DISABLED_TOOLS                            
                    INFO     Disabled tool 'lean_declaration_file' server.py:115
                             via LEAN_MCP_DISABLED_TOOLS                        
                    INFO     Disabled tool                         server.py:115
                             'lean_diagnostic_messages' via                     
                             LEAN_MCP_DISABLED_TOOLS                            
                    INFO     Disabled tool 'lean_file_outline' via server.py:115
                             LEAN_MCP_DISABLED_TOOLS                            
                    INFO     Disabled tool                         server.py:115
                             'lean_get_widget_source' via                       
                             LEAN_MCP_DISABLED_TOOLS                            
                    INFO     Disabled tool 'lean_get_widgets' via  server.py:115
                             LEAN_MCP_DISABLED_TOOLS                            
                    INFO     Disabled tool 'lean_goal' via         server.py:115
                             LEAN_MCP_DISABLED_TOOLS                            
                    INFO     Disabled tool 'lean_hover_info' via   server.py:115
                             LEAN_MCP_DISABLED_TOOLS                            
                    INFO     Disabled tool 'lean_references' via   server.py:115
                             LEAN_MCP_DISABLED_TOOLS                            
                    INFO     Disabled tool 'lean_term_goal' via    server.py:115
                             LEAN_MCP_DISABLED_TOOLS                            
                    INFO     REPL enabled, using:                  server.py:322
                             /home/amirnabiyev/Conjecture_Prover/.              
                             lake/packages/repl/.lake/build/bin/re              
                             pl                                                 
                    INFO     REPL initialized: timeout=60s         server.py:325
[09/08/26 23:30:55] INFO     Session ending — cleaning up          server.py:360
                             per-session resources                              

   Unproved lemmas to address: Problem94.ideal_fg_of_finiteType, Problem94.orbitZeroSet_finite_or_arithProgression, Problem94.zeroSet_finite_or_contain_arithmetic_progression
     • Problem94.ideal_fg_of_finiteType: [Turn 10] I have conclusive evidence about this task. Here is my analysis and final report.

---

**Finding: the declara...
     • Problem94.orbitZeroSet_finite_or_arithProgression: [Turn 12] [FINAL PROPOSAL]
status: UNRESOLVED
new_str:
```lean
/--
**Deep structural fact (dynamical Mordell–Lang type s...
     • Problem94.zeroSet_finite_or_contain_arithmetic_progression: [Turn 12] [FINAL PROPOSAL]
status: UNRESOLVED
new_str:
```lean
theorem zeroSet_finite_or_contain_arithmetic_progression ...
======================================================================

   💬 BR AI says: Let me make that hint a plain comment (not a `/-!` docstring, which could conflict with the existing docstring) and re-validate.
   🛠️  BR AI made 1 tool call(s):
 → search_replace_workspace
   🚦 Routing: blueprint_refiner → tools_br
   🚦 Routing: tool_node → blueprint_refiner

======================================================================
🔧 BLUEPRINT REFINER: Revising blueprint based on prover feedback
   Unproved lemmas to address: Problem94.ideal_fg_of_finiteType, Problem94.orbitZeroSet_finite_or_arithProgression, Problem94.zeroSet_finite_or_contain_arithmetic_progression
     • Problem94.ideal_fg_of_finiteType: [Turn 10] I have conclusive evidence about this task. Here is my analysis and final report.

---

**Finding: the declara...
     • Problem94.orbitZeroSet_finite_or_arithProgression: [Turn 12] [FINAL PROPOSAL]
status: UNRESOLVED
new_str:
```lean
/--
**Deep structural fact (dynamical Mordell–Lang type s...
     • Problem94.zeroSet_finite_or_contain_arithmetic_progression: [Turn 12] [FINAL PROPOSAL]
status: UNRESOLVED
new_str:
```lean
theorem zeroSet_finite_or_contain_arithmetic_progression ...
======================================================================

   🛠️  BR AI made 1 tool call(s):
 → lean_diagnostic_messages
   🚦 Routing: blueprint_refiner → tools_br
   🚦 Routing: tool_node → blueprint_refiner

======================================================================
🔧 BLUEPRINT REFINER: Revising blueprint based on prover feedback
   Unproved lemmas to address: Problem94.ideal_fg_of_finiteType, Problem94.orbitZeroSet_finite_or_arithProgression, Problem94.zeroSet_finite_or_contain_arithmetic_progression
     • Problem94.ideal_fg_of_finiteType: [Turn 10] I have conclusive evidence about this task. Here is my analysis and final report.

---

**Finding: the declara...
     • Problem94.orbitZeroSet_finite_or_arithProgression: [Turn 12] [FINAL PROPOSAL]
status: UNRESOLVED
new_str:
```lean
/--
**Deep structural fact (dynamical Mordell–Lang type s...
     • Problem94.zeroSet_finite_or_contain_arithmetic_progression: [Turn 12] [FINAL PROPOSAL]
status: UNRESOLVED
new_str:
```lean
theorem zeroSet_finite_or_contain_arithmetic_progression ...
======================================================================

   💬 BR AI says: Clean compile (only expected `sorry_using`/linter warnings). Now regenerate the blueprint dependency graph.
   🛠️  BR AI made 1 tool call(s):
 → build_blueprint_json
   🚦 Routing: blueprint_refiner → tools_br
   🚦 Routing: tool_node → blueprint_refiner

======================================================================
🔧 BLUEPRINT REFINER: Revising blueprint based on prover feedback
   Unproved lemmas to address: Problem94.ideal_fg_of_finiteType, Problem94.orbitZeroSet_finite_or_arithProgression, Problem94.zeroSet_finite_or_contain_arithmetic_progression
     • Problem94.ideal_fg_of_finiteType: [Turn 10] I have conclusive evidence about this task. Here is my analysis and final report.

---

**Finding: the declara...
     • Problem94.orbitZeroSet_finite_or_arithProgression: [Turn 12] [FINAL PROPOSAL]
status: UNRESOLVED
new_str:
```lean
/--
**Deep structural fact (dynamical Mordell–Lang type s...
     • Problem94.zeroSet_finite_or_contain_arithmetic_progression: [Turn 12] [FINAL PROPOSAL]
status: UNRESOLVED
new_str:
```lean
theorem zeroSet_finite_or_contain_arithmetic_progression ...
======================================================================

   💬 BR AI says: The blueprint JSON regenerated successfully and the file compiles cleanly. Here is a summary of the revision.

## What was wrong

**`Problem94.ideal_fg_of_finiteType` (STATEMENT_WRONG).** The lemma was declared as
```lean
lemma ideal_fg_of_finiteType : I.FG := by sorry_using []
```
under a section whose `variable` preamble includes `{k A : Type} [Field k] ... [Algebra.FiniteType k A] (f) (ϕ) (I)`. Because the type `I.FG` mentions only `A` and `I`, Lean's section-variable auto-inclusion silently 
      ... (3237 total chars)
   🚦 Routing: blueprint_refiner → rebuild_blueprint

🔄 REBUILD BLUEPRINT: Refreshing blueprint state from JSON...
   📊 6 lemmas, 3 proved
   📊 Blueprint: 6 nodes, root='Problem94.zeroSet_finite_or_contain_arithmetic_progression'
   🚦 Routing: rebuild_blueprint → theorem_proving
   🚀 theorem_proving: dispatching 3 parallel agent(s) (skipped 0 without sorry_using)
      → Problem94.ideal_fg_of_finiteType
      → Problem94.orbitZeroSet_finite_or_arithProgression
      → Problem94.zeroSet_finite_or_contain_arithmetic_progression

============================================================
🔍 PROVE LEMMA: Problem94.ideal_fg_of_finiteType  (max 12 turns)
============================================================


============================================================
🔍 PROVE LEMMA: Problem94.orbitZeroSet_finite_or_arithProgression  (max 12 turns)
============================================================


============================================================
🔍 PROVE LEMMA: Problem94.zeroSet_finite_or_contain_arithmetic_progression  (max 12 turns)
============================================================

   🔌 MCP client ready for lemma 'Problem94.orbitZeroSet_finite_or_arithProgression' (proof-only mode)
   🔌 MCP client ready for lemma 'Problem94.ideal_fg_of_finiteType' (proof-only mode)
   🔌 MCP client ready for lemma 'Problem94.zeroSet_finite_or_contain_arithmetic_progression' (proof-only mode)
   🛠️  PL-Problem94.zeroSet_finite_or_contain_arithmetic_progression AI made 2 tool call(s):
 → lean_local_search
 → lean_local_search
   🛠️  PL-Problem94.zeroSet_finite_or_contain_arithmetic_progression AI made 2 tool call(s):
 → lean_run_code
 → lean_local_search
   🛠️  PL-Problem94.ideal_fg_of_finiteType AI made 2 tool call(s):
 → search_mathlib_docs_multi
 → lean_loogle
   🛠️  PL-Problem94.zeroSet_finite_or_contain_arithmetic_progression AI made 1 tool call(s):
 → lean_run_code
   🛠️  PL-Problem94.ideal_fg_of_finiteType AI made 3 tool call(s):
 → lean_loogle
 → lean_loogle
 → lean_loogle
   🛠️  PL-Problem94.ideal_fg_of_finiteType AI made 2 tool call(s):
 → search_mathlib_docs_multi
 → lean_loogle
   🛠️  PL-Problem94.zeroSet_finite_or_contain_arithmetic_progression AI made 1 tool call(s):
 → lean_run_code
   🛠️  PL-Problem94.ideal_fg_of_finiteType AI made 2 tool call(s):
 → search_mathlib_docs
 → lean_loogle
   💬 PL-Problem94.ideal_fg_of_finiteType AI says: Found the key theorem. Let me verify the exact approach in the REPL.
   🛠️  PL-Problem94.ideal_fg_of_finiteType AI made 1 tool call(s):
 → lean_run_code
   💬 PL-Problem94.zeroSet_finite_or_contain_arithmetic_progression AI says: The proof compiles cleanly as an `example` matching the theorem's full context. Let me do a final confirmation that the exact body works when embedded precisely as the theorem body (with the same binder structure).
   🛠️  PL-Problem94.zeroSet_finite_or_contain_arithmetic_progression AI made 1 tool call(s):
 → lean_run_code
   💬 PL-Problem94.zeroSet_finite_or_contain_arithmetic_progression AI says: 1. Target: `Problem94.zeroSet_finite_or_contain_arithmetic_progression`
2. Status: VERIFIED
3. Validated Lean code block:

```lean
theorem zeroSet_finite_or_contain_arithmetic_progression (hf : f.FormallyEtale) :
    (zeroSet f ϕ I).Finite ∨ ∃ (d : ℕ+) (a : ℕ), ∀ n : ℕ, a + d * n ∈ zeroSet f ϕ I := by
  rcases ideal_fg_of_finiteType (k := k) I with ⟨s, hs⟩
  have hset : zeroSet f ϕ I = orbitZeroSet f ϕ s :=
    zeroSet_eq_orbitZeroSet_of_span (f := f) (ϕ := ϕ) (I := I) (s := s) hs.symm
  rcases [09/08/26 23:31:09] INFO     Disabled tool 'lean_build' via        server.py:115
                             LEAN_MCP_DISABLED_TOOLS                            
                    INFO     Disabled tool 'lean_completions' via  server.py:115
                             LEAN_MCP_DISABLED_TOOLS                            
                    INFO     Disabled tool 'lean_declaration_file' server.py:115
                             via LEAN_MCP_DISABLED_TOOLS                        
                    INFO     Disabled tool                         server.py:115
                             'lean_diagnostic_messages' via                     
                             LEAN_MCP_DISABLED_TOOLS                            
                    INFO     Disabled tool 'lean_file_outline' via server.py:115
                             LEAN_MCP_DISABLED_TOOLS                            
                    INFO     Disabled tool                         server.py:115
                             'lean_get_widget_source' via                       
                             LEAN_MCP_DISABLED_TOOLS                            
                    INFO     Disabled tool 'lean_get_widgets' via  server.py:115
                             LEAN_MCP_DISABLED_TOOLS                            
                    INFO     Disabled tool 'lean_goal' via         server.py:115
                             LEAN_MCP_DISABLED_TOOLS                            
                    INFO     Disabled tool 'lean_hover_info' via   server.py:115
                             LEAN_MCP_DISABLED_TOOLS                            
                    INFO     Disabled tool 'lean_references' via   server.py:115
                             LEAN_MCP_DISABLED_TOOLS                            
                    INFO     Disabled tool 'lean_term_goal' via    server.py:115
                             LEAN_MCP_DISABLED_TOOLS                            
                    INFO     REPL enabled, using:                  server.py:322
                             /home/amirnabiyev/Conjecture_Prover/.              
                             lake/packages/repl/.lake/build/bin/re              
                             pl                                                 
                    INFO     REPL initialized: timeout=60s         server.py:325
[09/08/26 23:31:15] INFO     Session ending — cleaning up          server.py:360
                             per-session resources                              
[09/08/26 23:31:22] INFO     Disabled tool 'lean_build' via        server.py:115
                             LEAN_MCP_DISABLED_TOOLS                            
                    INFO     Disabled tool 'lean_completions' via  server.py:115
                             LEAN_MCP_DISABLED_TOOLS                            
                    INFO     Disabled tool 'lean_declaration_file' server.py:115
                             via LEAN_MCP_DISABLED_TOOLS                        
                    INFO     Disabled tool                         server.py:115
                             'lean_diagnostic_messages' via                     
                             LEAN_MCP_DISABLED_TOOLS                            
                    INFO     Disabled tool 'lean_file_outline' via server.py:115
                             LEAN_MCP_DISABLED_TOOLS                            
                    INFO     Disabled tool                         server.py:115
                             'lean_get_widget_source' via                       
                             LEAN_MCP_DISABLED_TOOLS                            
                    INFO     Disabled tool 'lean_get_widgets' via  server.py:115
                             LEAN_MCP_DISABLED_TOOLS                            
                    INFO     Disabled tool 'lean_goal' via         server.py:115
                             LEAN_MCP_DISABLED_TOOLS                            
                    INFO     Disabled tool 'lean_hover_info' via   server.py:115
                             LEAN_MCP_DISABLED_TOOLS                            
                    INFO     Disabled tool 'lean_references' via   server.py:115
                             LEAN_MCP_DISABLED_TOOLS                            
                    INFO     Disabled tool 'lean_term_goal' via    server.py:115
                             LEAN_MCP_DISABLED_TOOLS                            
                    INFO     REPL enabled, using:                  server.py:322
                             /home/amirnabiyev/Conjecture_Prover/.              
                             lake/packages/repl/.lake/build/bin/re              
                             pl                                                 
                    INFO     REPL initialized: timeout=60s         server.py:325
[09/08/26 23:31:28] INFO     Session ending — cleaning up          server.py:360
                             per-session resources                              
[09/08/26 23:32:12] INFO     Disabled tool 'lean_build' via        server.py:115
                             LEAN_MCP_DISABLED_TOOLS                            
                    INFO     Disabled tool 'lean_completions' via  server.py:115
                             LEAN_MCP_DISABLED_TOOLS                            
                    INFO     Disabled tool 'lean_declaration_file' server.py:115
                             via LEAN_MCP_DISABLED_TOOLS                        
                    INFO     Disabled tool                         server.py:115
                             'lean_diagnostic_messages' via                     
                             LEAN_MCP_DISABLED_TOOLS                            
                    INFO     Disabled tool 'lean_file_outline' via server.py:115
                             LEAN_MCP_DISABLED_TOOLS                            
                    INFO     Disabled tool                         server.py:115
                             'lean_get_widget_source' via                       
                             LEAN_MCP_DISABLED_TOOLS                            
                    INFO     Disabled tool 'lean_get_widgets' via  server.py:115
                             LEAN_MCP_DISABLED_TOOLS                            
                    INFO     Disabled tool 'lean_goal' via         server.py:115
                             LEAN_MCP_DISABLED_TOOLS                            
                    INFO     Disabled tool 'lean_hover_info' via   server.py:115
                             LEAN_MCP_DISABLED_TOOLS                            
                    INFO     Disabled tool 'lean_references' via   server.py:115
                             LEAN_MCP_DISABLED_TOOLS                            
                    INFO     Disabled tool 'lean_term_goal' via    server.py:115
                             LEAN_MCP_DISABLED_TOOLS                            
                    INFO     REPL enabled, using:                  server.py:322
                             /home/amirnabiyev/Conjecture_Prover/.              
                             lake/packages/repl/.lake/build/bin/re              
                             pl                                                 
                    INFO     REPL initialized: timeout=60s         server.py:325
                    INFO     Session ending — cleaning up          server.py:360
                             per-session resources                              
[09/08/26 23:32:14] INFO     Disabled tool 'lean_build' via        server.py:115
                             LEAN_MCP_DISABLED_TOOLS                            
                    INFO     Disabled tool 'lean_completions' via  server.py:115
                             LEAN_MCP_DISABLED_TOOLS                            
                    INFO     Disabled tool 'lean_declaration_file' server.py:115
                             via LEAN_MCP_DISABLED_TOOLS                        
                    INFO     Disabled tool                         server.py:115
                             'lean_diagnostic_messages' via                     
                             LEAN_MCP_DISABLED_TOOLS                            
                    INFO     Disabled tool 'lean_file_outline' via server.py:115
                             LEAN_MCP_DISABLED_TOOLS                            
                    INFO     Disabled tool                         server.py:115
                             'lean_get_widget_source' via                       
                             LEAN_MCP_DISABLED_TOOLS                            
                    INFO     Disabled tool 'lean_get_widgets' via  server.py:115
                             LEAN_MCP_DISABLED_TOOLS                            
                    INFO     Disabled tool 'lean_goal' via         server.py:115
                             LEAN_MCP_DISABLED_TOOLS                            
                    INFO     Disabled tool 'lean_hover_info' via   server.py:115
                             LEAN_MCP_DISABLED_TOOLS                            
                    INFO     Disabled tool 'lean_references' via   server.py:115
                             LEAN_MCP_DISABLED_TOOLS                            
                    INFO     Disabled tool 'lean_term_goal' via    server.py:115
                             LEAN_MCP_DISABLED_TOOLS                            
                    INFO     REPL enabled, using:                  server.py:322
                             /home/amirnabiyev/Conjecture_Prover/.              
                             lake/packages/repl/.lake/build/bin/re              
                             pl                                                 
                    INFO     REPL initialized: timeout=60s         server.py:325
                    INFO     Session ending — cleaning up          server.py:360
                             per-session resources                              
[09/08/26 23:32:18] INFO     Disabled tool 'lean_build' via        server.py:115
                             LEAN_MCP_DISABLED_TOOLS                            
                    INFO     Disabled tool 'lean_completions' via  server.py:115
                             LEAN_MCP_DISABLED_TOOLS                            
                    INFO     Disabled tool 'lean_declaration_file' server.py:115
                             via LEAN_MCP_DISABLED_TOOLS                        
                    INFO     Disabled tool                         server.py:115
                             'lean_diagnostic_messages' via                     
                             LEAN_MCP_DISABLED_TOOLS                            
                    INFO     Disabled tool 'lean_file_outline' via server.py:115
                             LEAN_MCP_DISABLED_TOOLS                            
                    INFO     Disabled tool                         server.py:115
                             'lean_get_widget_source' via                       
                             LEAN_MCP_DISABLED_TOOLS                            
                    INFO     Disabled tool 'lean_get_widgets' via  server.py:115
                             LEAN_MCP_DISABLED_TOOLS                            
                    INFO     Disabled tool 'lean_goal' via         server.py:115
                             LEAN_MCP_DISABLED_TOOLS                            
                    INFO     Disabled tool 'lean_hover_info' via   server.py:115
                             LEAN_MCP_DISABLED_TOOLS                            
                    INFO     Disabled tool 'lean_references' via   server.py:115
                             LEAN_MCP_DISABLED_TOOLS                            
                    INFO     Disabled tool 'lean_term_goal' via    server.py:115
                             LEAN_MCP_DISABLED_TOOLS                            
                    INFO     REPL enabled, using:                  server.py:322
                             /home/amirnabiyev/Conjecture_Prover/.              
                             lake/packages/repl/.lake/build/bin/re              
                             pl                                                 
                    INFO     REPL initialized: timeout=60s         server.py:325
[09/08/26 23:32:25] INFO     Session ending — cleaning up          server.py:360
                             per-session resources                              
[09/08/26 23:32:29] INFO     Disabled tool 'lean_build' via        server.py:115
                             LEAN_MCP_DISABLED_TOOLS                            
                    INFO     Disabled tool 'lean_completions' via  server.py:115
                             LEAN_MCP_DISABLED_TOOLS                            
                    INFO     Disabled tool 'lean_declaration_file' server.py:115
                             via LEAN_MCP_DISABLED_TOOLS                        
                    INFO     Disabled tool                         server.py:115
                             'lean_diagnostic_messages' via                     
                             LEAN_MCP_DISABLED_TOOLS                            
                    INFO     Disabled tool 'lean_file_outline' via server.py:115
                             LEAN_MCP_DISABLED_TOOLS                            
                    INFO     Disabled tool                         server.py:115
                             'lean_get_widget_source' via                       
                             LEAN_MCP_DISABLED_TOOLS                            
                    INFO     Disabled tool 'lean_get_widgets' via  server.py:115
                             LEAN_MCP_DISABLED_TOOLS                            
                    INFO     Disabled tool 'lean_goal' via         server.py:115
                             LEAN_MCP_DISABLED_TOOLS                            
                    INFO     Disabled tool 'lean_hover_info' via   server.py:115
                             LEAN_MCP_DISABLED_TOOLS                            
                    INFO     Disabled tool 'lean_references' via   server.py:115
                             LEAN_MCP_DISABLED_TOOLS                            
                    INFO     Disabled tool 'lean_term_goal' via    server.py:115
                             LEAN_MCP_DISABLED_TOOLS                            
                    INFO     REPL enabled, using:                  server.py:322
                             /home/amirnabiyev/Conjecture_Prover/.              
                             lake/packages/repl/.lake/build/bin/re              
                             pl                                                 
                    INFO     REPL initialized: timeout=60s         server.py:325
[09/08/26 23:32:36] INFO     Session ending — cleaning up          server.py:360
                             per-session resources                              
[09/08/26 23:32:37] INFO     Disabled tool 'lean_build' via        server.py:115
                             LEAN_MCP_DISABLED_TOOLS                            
                    INFO     Disabled tool 'lean_completions' via  server.py:115
                             LEAN_MCP_DISABLED_TOOLS                            
                    INFO     Disabled tool 'lean_declaration_file' server.py:115
                             via LEAN_MCP_DISABLED_TOOLS                        
                    INFO     Disabled tool                         server.py:115
                             'lean_diagnostic_messages' via                     
                             LEAN_MCP_DISABLED_TOOLS                            
                    INFO     Disabled tool 'lean_file_outline' via server.py:115
                             LEAN_MCP_DISABLED_TOOLS                            
                    INFO     Disabled tool                         server.py:115
                             'lean_get_widget_source' via                       
                             LEAN_MCP_DISABLED_TOOLS                            
                    INFO     Disabled tool 'lean_get_widgets' via  server.py:115
                             LEAN_MCP_DISABLED_TOOLS                            
                    INFO     Disabled tool 'lean_goal' via         server.py:115
                             LEAN_MCP_DISABLED_TOOLS                            
                    INFO     Disabled tool 'lean_hover_info' via   server.py:115
                             LEAN_MCP_DISABLED_TOOLS                            
                    INFO     Disabled tool 'lean_references' via   server.py:115
                             LEAN_MCP_DISABLED_TOOLS                            
                    INFO     Disabled tool 'lean_term_goal' via    server.py:115
                             LEAN_MCP_DISABLED_TOOLS                            
                    INFO     REPL enabled, using:                  server.py:322
                             /home/amirnabiyev/Conjecture_Prover/.              
                             lake/packages/repl/.lake/build/bin/re              
                             pl                                                 
                    INFO     REPL initialized: timeout=60s         server.py:325
[09/08/26 23:32:38] INFO     Session ending — cleaning up          server.py:360
                             per-session resources                              
[09/08/26 23:32:39] INFO     Disabled tool 'lean_build' via        server.py:115
                             LEAN_MCP_DISABLED_TOOLS                            
                    INFO     Disabled tool 'lean_completions' via  server.py:115
                             LEAN_MCP_DISABLED_TOOLS                            
                    INFO     Disabled tool 'lean_declaration_file' server.py:115
                             via LEAN_MCP_DISABLED_TOOLS                        
                    INFO     Disabled tool                         server.py:115
                             'lean_diagnostic_messages' via                     
                             LEAN_MCP_DISABLED_TOOLS                            
                    INFO     Disabled tool 'lean_file_outline' via server.py:115
                             LEAN_MCP_DISABLED_TOOLS                            
                    INFO     Disabled tool                         server.py:115
                             'lean_get_widget_source' via                       
                             LEAN_MCP_DISABLED_TOOLS                            
                    INFO     Disabled tool 'lean_get_widgets' via  server.py:115
                             LEAN_MCP_DISABLED_TOOLS                            
                    INFO     Disabled tool 'lean_goal' via         server.py:115
                             LEAN_MCP_DISABLED_TOOLS                            
                    INFO     Disabled tool 'lean_hover_info' via   server.py:115
                             LEAN_MCP_DISABLED_TOOLS                            
                    INFO     Disabled tool 'lean_references' via   server.py:115
                             LEAN_MCP_DISABLED_TOOLS                            
                    INFO     Disabled tool 'lean_term_goal' via    server.py:115
                             LEAN_MCP_DISABLED_TOOLS                            
                    INFO     REPL enabled, using:                  server.py:322
                             /home/amirnabiyev/Conjecture_Prover/.              
                             lake/packages/repl/.lake/build/bin/re              
                             pl                                                 
                    INFO     REPL initialized: timeout=60s         server.py:325
                    INFO     Session ending — cleaning up          server.py:360
                             per-session resources                              
[09/08/26 23:32:52] INFO     Disabled tool 'lean_build' via        server.py:115
                             LEAN_MCP_DISABLED_TOOLS                            
                    INFO     Disabled tool 'lean_completions' via  server.py:115
                             LEAN_MCP_DISABLED_TOOLS                            
                    INFO     Disabled tool 'lean_declaration_file' server.py:115
                             via LEAN_MCP_DISABLED_TOOLS                        
                    INFO     Disabled tool                         server.py:115
                             'lean_diagnostic_messages' via                     
                             LEAN_MCP_DISABLED_TOOLS                            
                    INFO     Disabled tool 'lean_file_outline' via server.py:115
                             LEAN_MCP_DISABLED_TOOLS                            
                    INFO     Disabled tool                         server.py:115
                             'lean_get_widget_source' via                       
                             LEAN_MCP_DISABLED_TOOLS                            
                    INFO     Disabled tool 'lean_get_widgets' via  server.py:115
                             LEAN_MCP_DISABLED_TOOLS                            
                    INFO     Disabled tool 'lean_goal' via         server.py:115
                             LEAN_MCP_DISABLED_TOOLS                            
                    INFO     Disabled tool 'lean_hover_info' via   server.py:115
                             LEAN_MCP_DISABLED_TOOLS                            
                    INFO     Disabled tool 'lean_references' via   server.py:115
                             LEAN_MCP_DISABLED_TOOLS                            
                    INFO     Disabled tool 'lean_term_goal' via    server.py:115
                             LEAN_MCP_DISABLED_TOOLS                            
                    INFO     REPL enabled, using:                  server.py:322
                             /home/amirnabiyev/Conjecture_Prover/.              
                             lake/packages/repl/.lake/build/bin/re              
                             pl                                                 
                    INFO     REPL initialized: timeout=60s         server.py:325
[09/08/26 23:33:01] INFO     Session ending — cleaning up          server.py:360
                             per-session resources                              
[09/08/26 23:33:05] INFO     Disabled tool 'lean_build' via        server.py:115
                             LEAN_MCP_DISABLED_TOOLS                            
                    INFO     Disabled tool 'lean_completions' via  server.py:115
                             LEAN_MCP_DISABLED_TOOLS                            
                    INFO     Disabled tool 'lean_declaration_file' server.py:115
                             via LEAN_MCP_DISABLED_TOOLS                        
                    INFO     Disabled tool                         server.py:115
                             'lean_diagnostic_messages' via                     
                             LEAN_MCP_DISABLED_TOOLS                            
                    INFO     Disabled tool 'lean_file_outline' via server.py:115
                             LEAN_MCP_DISABLED_TOOLS                            
                    INFO     Disabled tool                         server.py:115
                             'lean_get_widget_source' via                       
                             LEAN_MCP_DISABLED_TOOLS                            
                    INFO     Disabled tool 'lean_get_widgets' via  server.py:115
                             LEAN_MCP_DISABLED_TOOLS                            
                    INFO     Disabled tool 'lean_goal' via         server.py:115
                             LEAN_MCP_DISABLED_TOOLS                            
                    INFO     Disabled tool 'lean_hover_info' via   server.py:115
                             LEAN_MCP_DISABLED_TOOLS                            
                    INFO     Disabled tool 'lean_references' via   server.py:115
                             LEAN_MCP_DISABLED_TOOLS                            
                    INFO     Disabled tool 'lean_term_goal' via    server.py:115
                             LEAN_MCP_DISABLED_TOOLS                            
                    INFO     REPL enabled, using:                  server.py:322
                             /home/amirnabiyev/Conjecture_Prover/.              
                             lake/packages/repl/.lake/build/bin/re              
                             pl                                                 
                    INFO     REPL initialized: timeout=60s         server.py:325
[09/08/26 23:33:11] INFO     Session ending — cleaning up          server.py:360
                             per-session resources                              
[09/08/26 23:33:17] INFO     Disabled tool 'lean_build' via        server.py:115
                             LEAN_MCP_DISABLED_TOOLS                            
                    INFO     Disabled tool 'lean_completions' via  server.py:115
                             LEAN_MCP_DISABLED_TOOLS                            
                    INFO     Disabled tool 'lean_declaration_file' server.py:115
                             via LEAN_MCP_DISABLED_TOOLS                        
                    INFO     Disabled tool                         server.py:115
                             'lean_diagnostic_messages' via                     
                             LEAN_MCP_DISABLED_TOOLS                            
                    INFO     Disabled tool 'lean_file_outline' via server.py:115
                             LEAN_MCP_DISABLED_TOOLS                            
                    INFO     Disabled tool                         server.py:115
                             'lean_get_widget_source' via                       
                             LEAN_MCP_DISABLED_TOOLS                            
                    INFO     Disabled tool 'lean_get_widgets' via  server.py:115
                             LEAN_MCP_DISABLED_TOOLS                            
                    INFO     Disabled tool 'lean_goal' via         server.py:115
                             LEAN_MCP_DISABLED_TOOLS                            
                    INFO     Disabled tool 'lean_hover_info' via   server.py:115
                             LEAN_MCP_DISABLED_TOOLS                            
                    INFO     Disabled tool 'lean_references' via   server.py:115
                             LEAN_MCP_DISABLED_TOOLS                            
                    INFO     Disabled tool 'lean_term_goal' via    server.py:115
                             LEAN_MCP_DISABLED_TOOLS                            
                    INFO     REPL enabled, using:                  server.py:322
                             /home/amirnabiyev/Conjecture_Prover/.              
                             lake/packages/repl/.lake/build/bin/re              
                             pl                                                 
                    INFO     REPL initialized: timeout=60s         server.py:325
[09/08/26 23:33:23] INFO     Session ending — cleaning up          server.py:360
                             per-session resources                              
[09/08/26 23:33:56] INFO     Disabled tool 'lean_build' via        server.py:115
                             LEAN_MCP_DISABLED_TOOLS                            
                    INFO     Disabled tool 'lean_completions' via  server.py:115
                             LEAN_MCP_DISABLED_TOOLS                            
                    INFO     Disabled tool 'lean_declaration_file' server.py:115
                             via LEAN_MCP_DISABLED_TOOLS                        
                    INFO     Disabled tool                         server.py:115
                             'lean_diagnostic_messages' via                     
                             LEAN_MCP_DISABLED_TOOLS                            
                    INFO     Disabled tool 'lean_file_outline' via server.py:115
                             LEAN_MCP_DISABLED_TOOLS                            
                    INFO     Disabled tool                         server.py:115
                             'lean_get_widget_source' via                       
                             LEAN_MCP_DISABLED_TOOLS                            
                    INFO     Disabled tool 'lean_get_widgets' via  server.py:115
                             LEAN_MCP_DISABLED_TOOLS                            
                    INFO     Disabled tool 'lean_goal' via         server.py:115
                             LEAN_MCP_DISABLED_TOOLS                            
                    INFO     Disabled tool 'lean_hover_info' via   server.py:115
                             LEAN_MCP_DISABLED_TOOLS                            
                    INFO     Disabled tool 'lean_references' via   server.py:115
                             LEAN_MCP_DISABLED_TOOLS                            
                    INFO     Disabled tool 'lean_term_goal' via    server.py:115
                             LEAN_MCP_DISABLED_TOOLS                            
                    INFO     REPL enabled, using:                  server.py:322
                             /home/amirnabiyev/Conjecture_Prover/.              
                             lake/packages/repl/.lake/build/bin/re              
                             pl                                                 
                    INFO     REPL initialized: timeout=60s         server.py:325
[09/08/26 23:34:02] INFO     Session ending — cleaning up          server.py:360
                             per-session resources                              
[09/08/26 23:34:15] INFO     Disabled tool 'lean_build' via        server.py:115
                             LEAN_MCP_DISABLED_TOOLS                            
                    INFO     Disabled tool 'lean_completions' via  server.py:115
                             LEAN_MCP_DISABLED_TOOLS                            
                    INFO     Disabled tool 'lean_declaration_file' server.py:115
                             via LEAN_MCP_DISABLED_TOOLS                        
                    INFO     Disabled tool                         server.py:115
                             'lean_diagnostic_messages' via                     
                             LEAN_MCP_DISABLED_TOOLS                            
                    INFO     Disabled tool 'lean_file_outline' via server.py:115
                             LEAN_MCP_DISABLED_TOOLS                            
                    INFO     Disabled tool                         server.py:115
                             'lean_get_widget_source' via                       
                             LEAN_MCP_DISABLED_TOOLS                            
                    INFO     Disabled tool 'lean_get_widgets' via  server.py:115
                             LEAN_MCP_DISABLED_TOOLS                            
                    INFO     Disabled tool 'lean_goal' via         server.py:115
                             LEAN_MCP_DISABLED_TOOLS                            
                    INFO     Disabled tool 'lean_hover_info' via   server.py:115
                             LEAN_MCP_DISABLED_TOOLS                            
                    INFO     Disabled tool 'lean_references' via   server.py:115
                             LEAN_MCP_DISABLED_TOOLS                            
                    INFO     Disabled tool 'lean_term_goal' via    server.py:115
                             LEAN_MCP_DISABLED_TOOLS                            
                    INFO     REPL enabled, using:                  server.py:322
                             /home/amirnabiyev/Conjecture_Prover/.              
                             lake/packages/repl/.lake/build/bin/re              
                             pl                                                 
                    INFO     REPL initialized: timeout=60s         server.py:325
[09/08/26 23:34:21] INFO     Session ending — cleaning up          server.py:360
                             per-session resources                              
[09/08/26 23:34:38] INFO     REPL enabled, using:                  server.py:322
                             /home/amirnabiyev/Conjecture_Prover/.              
                             lake/packages/repl/.lake/build/bin/re              
                             pl                                                 
                    INFO     REPL initialized: timeout=60s         server.py:325
                    INFO     Session ending — cleaning up          server.py:360
                             per-session resources                              
[09/08/26 23:37:23] INFO     REPL enabled, using:                  server.py:322
                             /home/amirnabiyev/Conjecture_Prover/.              
                             lake/packages/repl/.lake/build/bin/re              
                             pl                                                 
                    INFO     REPL initialized: timeout=60s         server.py:325
[09/08/26 23:37:25] INFO     Shared async LSP client         client_utils.py:133
                             connected at                                       
                             /home/amirnabiyev/Conjecture_Pr                    
                             over                                               
[09/08/26 23:37:38] INFO     Session ending — cleaning up          server.py:360
                             per-session resources                              
Exception ignored in: <function BaseSubprocessTransport.__del__ at 0x78e33acb7380>
Traceback (most recent call last):
  File "/usr/local/lib/python3.12/asyncio/base_subprocess.py", line 126, in __del__
    self.close()
  File "/usr/local/lib/python3.12/asyncio/base_subprocess.py", line 104, in close
    proto.pipe.close()
  File "/usr/local/lib/python3.12/asyncio/unix_events.py", line 767, in close
    self.write_eof()
  File "/usr/local/lib/python3.12/asyncio/unix_events.py", line 753, in write_eof
    self._loop.call_soon(self._call_connection_lost, None)
  File "/usr/local/lib/python3.12/asyncio/base_events.py", line 799, in call_soon
    self._check_closed()
  File "/usr/local/lib/python3.12/asyncio/base_events.py", line 545, in _check_closed
    raise RuntimeError('Event loop is closed')
RuntimeError: Event loop is closed
[09/08/26 23:38:07] INFO     REPL enabled, using:                  server.py:322
                             /home/amirnabiyev/Conjecture_Prover/.              
                             lake/packages/repl/.lake/build/bin/re              
                             pl                                                 
                    INFO     REPL initialized: timeout=60s         server.py:325
                    INFO     Session ending — cleaning up          server.py:360
                             per-session resources                              
[09/08/26 23:38:11] INFO     REPL enabled, using:                  server.py:322
                             /home/amirnabiyev/Conjecture_Prover/.              
                             lake/packages/repl/.lake/build/bin/re              
                             pl                                                 
                    INFO     REPL initialized: timeout=60s         server.py:325
                    INFO     Session ending — cleaning up          server.py:360
                             per-session resources                              
[09/08/26 23:38:36] INFO     REPL enabled, using:                  server.py:322
                             /home/amirnabiyev/Conjecture_Prover/.              
                             lake/packages/repl/.lake/build/bin/re              
                             pl                                                 
                    INFO     REPL initialized: timeout=60s         server.py:325
[09/08/26 23:38:36] INFO     REPL enabled, using:                  server.py:322
                             /home/amirnabiyev/Conjecture_Prover/.              
                             lake/packages/repl/.lake/build/bin/re              
                             pl                                                 
                    INFO     REPL initialized: timeout=60s         server.py:325
[09/08/26 23:38:38] INFO     Shared async LSP client         client_utils.py:133
                             connected at                                       
                             /home/amirnabiyev/Conjecture_Pr                    
                             over                                               
[09/08/26 23:38:38] INFO     Shared async LSP client         client_utils.py:133
                             connected at                                       
                             /home/amirnabiyev/Conjecture_Pr                    
                             over                                               
[09/08/26 23:39:00] INFO     Session ending — cleaning up          server.py:360
                             per-session resources                              
Exception ignored in: <function BaseSubprocessTransport.__del__ at 0x7e86d3ec3380>
Traceback (most recent call last):
  File "/usr/local/lib/python3.12/asyncio/base_subprocess.py", line 126, in __del__
    self.close()
  File "/usr/local/lib/python3.12/asyncio/base_subprocess.py", line 104, in close
    proto.pipe.close()
  File "/usr/local/lib/python3.12/asyncio/unix_events.py", line 767, in close
    self.write_eof()
  File "/usr/local/lib/python3.12/asyncio/unix_events.py", line 753, in write_eof
    self._loop.call_soon(self._call_connection_lost, None)
  File "/usr/local/lib/python3.12/asyncio/base_events.py", line 799, in call_soon
    self._check_closed()
  File "/usr/local/lib/python3.12/asyncio/base_events.py", line 545, in _check_closed
    raise RuntimeError('Event loop is closed')
RuntimeError: Event loop is closed
[09/08/26 23:39:15] INFO     Session ending — cleaning up          server.py:360
                             per-session resources                              
Exception ignored in: <function BaseSubprocessTransport.__del__ at 0x7e6dce96b380>
Traceback (most recent call last):
  File "/usr/local/lib/python3.12/asyncio/base_subprocess.py", line 126, in __del__
    self.close()
  File "/usr/local/lib/python3.12/asyncio/base_subprocess.py", line 104, in close
    proto.pipe.close()
  File "/usr/local/lib/python3.12/asyncio/unix_events.py", line 767, in close
    self.write_eof()
  File "/usr/local/lib/python3.12/asyncio/unix_events.py", line 753, in write_eof
    self._loop.call_soon(self._call_connection_lost, None)
  File "/usr/local/lib/python3.12/asyncio/base_events.py", line 799, in call_soon
    self._check_closed()
  File "/usr/local/lib/python3.12/asyncio/base_events.py", line 545, in _check_closed
    raise RuntimeError('Event loop is closed')
RuntimeError: Event loop is closed

      ... (1694 total chars)
   ✅ Lemma 'Problem94.zeroSet_finite_or_contain_arithmetic_progression' appears proved (turn 6)
   💬 PL-Problem94.ideal_fg_of_finiteType AI says: The error is a dot-notation issue: the theorem has implicit arguments, so `.mp` can't be applied directly. Let me fix.
   🛠️  PL-Problem94.ideal_fg_of_finiteType AI made 1 tool call(s):
 → lean_run_code
   💬 PL-Problem94.ideal_fg_of_finiteType AI says: The proof compiles cleanly. Let me run a final self-contained check mimicking the file context.
   🛠️  PL-Problem94.ideal_fg_of_finiteType AI made 1 tool call(s):
 → lean_run_code
   💬 PL-Problem94.ideal_fg_of_finiteType AI says: 1. Target: Problem94.ideal_fg_of_finiteType
2. Status: VERIFIED
3. Validated Lean code block:
```lean
  letI : IsNoetherianRing A := Algebra.FiniteType.isNoetherianRing k A
  exact (isNoetherianRing_iff_ideal_fg (R := A)).mp inferInstance I
```
4. Strategy: The whole proof reduces to two library facts. Since `k` is a field (hence `IsNoetherianRing k` — synthesized automatically) and `A` is an `Algebra.FiniteType k A`, the Mathlib theorem `Algebra.FiniteType.isNoetherianRing k A` directly yields 
      ... (1252 total chars)
   ✅ Lemma 'Problem94.ideal_fg_of_finiteType' appears proved (turn 8)
   🛠️  PL-Problem94.orbitZeroSet_finite_or_arithProgression AI made 2 tool call(s):
 → lean_local_search
 → lean_local_search
   🛠️  PL-Problem94.orbitZeroSet_finite_or_arithProgression AI made 1 tool call(s):
 → lean_run_code
   🛠️  PL-Problem94.orbitZeroSet_finite_or_arithProgression AI made 3 tool call(s):
 → lean_run_code
 → lean_local_search
 → lean_local_search
   🛠️  PL-Problem94.orbitZeroSet_finite_or_arithProgression AI made 1 tool call(s):
 → lean_run_code
   🛠️  PL-Problem94.orbitZeroSet_finite_or_arithProgression AI made 1 tool call(s):
 → lean_run_code
   🛠️  PL-Problem94.orbitZeroSet_finite_or_arithProgression AI made 1 tool call(s):
 → lean_run_code
   🛠️  PL-Problem94.orbitZeroSet_finite_or_arithProgression AI made 1 tool call(s):
 → lean_run_code
   🛠️  PL-Problem94.orbitZeroSet_finite_or_arithProgression AI made 1 tool call(s):
 → lean_run_code
   💬 PL-Problem94.orbitZeroSet_finite_or_arithProgression AI says: The lemma compiles cleanly. Here is my report.

[TRIAL FEEDBACK]
Attempted: Inspected `Problem94` declarations in `ConjectureProver.lean` via env enumeration; found `Problem94.zeroSet_finite_or_contain_arithmetic_progression` (the standalone DML-style theorem over ideals) and the fully proved `Problem94.zeroSet_eq_orbitZeroSet_of_span`.
Result: A short reduction proof — set `I := Ideal.span (s : Set A)`, get `zeroSet f ϕ I = orbitZeroSet f ϕ s` by `zeroSet_eq_orbitZeroSet_of_span f ϕ I rfl`, the
      ... (2421 total chars)
   💬 PL-Problem94.orbitZeroSet_finite_or_arithProgression AI says: The lemma is fully proved and verified. The proof compiles cleanly (no diagnostics) when tested both standalone and inside namespace `Problem94`.

1. Target: Problem94.orbitZeroSet_finite_or_arithProgression
2. Status: VERIFIED
3. Validated Lean code block:
   ```lean
   lemma orbitZeroSet_finite_or_arithProgression (hf : f.FormallyEtale) (s : Finset A) :
       (orbitZeroSet f ϕ s).Finite ∨ ∃ (d : ℕ+) (a : ℕ), ∀ n : ℕ, a + d * n ∈ orbitZeroSet f ϕ s := by
     let I : Ideal A := Ideal.span (s :
      ... (1762 total chars)
   💬 PL-Problem94.orbitZeroSet_finite_or_arithProgression AI says: The task is complete. The verified Lean 4 proof for `Problem94.orbitZeroSet_finite_or_arithProgression` is provided above, with no `sorry` or `sorry_using` remaining in the body.

**Summary of what was done:**
- Discovered via environment introspection that `ConjectureProver.lean` already contains the standalone deep theorem `Problem94.zeroSet_finite_or_contain_arithmetic_progression` (the étale DML-style dichotomy for `zeroSet f ϕ I` over ideals) and the fully proved bridge lemma `Problem94.zer
      ... (967 total chars)
   💬 PL-Problem94.orbitZeroSet_finite_or_arithProgression AI says: [FINAL PROPOSAL]
status: VERIFIED
new_str:
```lean
lemma orbitZeroSet_finite_or_arithProgression (hf : f.FormallyEtale) (s : Finset A) :
    (orbitZeroSet f ϕ s).Finite ∨ ∃ (d : ℕ+) (a : ℕ), ∀ n : ℕ, a + d * n ∈ orbitZeroSet f ϕ s := by
  let I : Ideal A := Ideal.span (s : Set A)
  have hEq : zeroSet f ϕ I = orbitZeroSet f ϕ s :=
    zeroSet_eq_orbitZeroSet_of_span f ϕ I rfl
  exact hEq ▸ zeroSet_finite_or_contain_arithmetic_progression f ϕ I hf
```
feedback:
[TRIAL FEEDBACK]
Attempted: Enumerat
      ... (1523 total chars)
   ⏰ Lemma 'Problem94.orbitZeroSet_finite_or_arithProgression': turn limit (12) reached

======================================================================
AGGREGATOR: Applying proofs (round 2)
   Received 3 proposal(s)
======================================================================

   🛠️  AG AI made 1 tool call(s):
 → read_workspace
   💬 AG AI says: I've reviewed the workspace file and both proposals. Let me assess them against the validation rules.

**Proposal 1 (`Problem94.ideal_fg_of_finiteType`):** After stripping the prose wrapper, the "validated Lean code block" contains only a proof-body fragment (two tactic lines). There is **no full Lean declaration** — no `lemma`/`theorem` header, no name, no statement — so I cannot verify name/statement match, and applying it as a whole-declaration replacement is impossible. Per the validation ru
      ... (895 total chars)
   🛠️  AG AI made 1 tool call(s):
 → search_replace_workspace
   🛠️  AG AI made 1 tool call(s):
 → lean_diagnostic_messages
   💬 AG AI says: Validation complete — the file compiles successfully (`"success": true`, no errors). The only diagnostics are pre-existing warnings (`sorry` in the not-yet-proved `ideal_fg_of_finiteType` and the `notReady` deep lemma `orbitZeroSet_finite_or_arithProgression`, plus an unused-section-variable linter warning on an unrelated, previously-proved lemma) — none are errors and none were introduced by my edit.

## Summary

**Proposal 1 — `Problem94.ideal_fg_of_finiteType`: `INVALID_PROPOSAL` (skipped).**
      ... (1699 total chars)
   ✅ Aggregator LLM finished after 4 turn(s)
   📊 Blueprint JSON: 6 lemmas, 4 proved
   🚦 Route: aggregator → blueprint_refiner (round 2)

======================================================================
🔧 BLUEPRINT REFINER: Revising blueprint based on prover feedback
   Unproved lemmas to address: Problem94.ideal_fg_of_finiteType, Problem94.orbitZeroSet_finite_or_arithProgression
     • Problem94.ideal_fg_of_finiteType: [Turn 8] PROVED...
     • Problem94.orbitZeroSet_finite_or_arithProgression: [Turn 9] The lemma compiles cleanly. Here is my report.

[TRIAL FEEDBACK]
Attempted: Inspected `Problem94` declarations ...
======================================================================

   🛠️  BR AI made 1 tool call(s):
 → read_workspace
   🚦 Routing: blueprint_refiner → tools_br
   🚦 Routing: tool_node → blueprint_refiner

======================================================================
🔧 BLUEPRINT REFINER: Revising blueprint based on prover feedback
   Unproved lemmas to address: Problem94.ideal_fg_of_finiteType, Problem94.orbitZeroSet_finite_or_arithProgression
     • Problem94.ideal_fg_of_finiteType: [Turn 8] PROVED...
     • Problem94.orbitZeroSet_finite_or_arithProgression: [Turn 9] The lemma compiles cleanly. Here is my report.

[TRIAL FEEDBACK]
Attempted: Inspected `Problem94` declarations ...
======================================================================

   💬 BR AI says: The file state seems to have changed underneath me — the main theorem now carries a real proof body (externally injected) instead of the `sorry_using [...]` body. Let me check the current state precisely.
   🛠️  BR AI made 2 tool call(s):
 → lean_file_outline
 → lean_diagnostic_messages
   🚦 Routing: blueprint_refiner → tools_br
   🚦 Routing: tool_node → blueprint_refiner

======================================================================[09/08/26 23:39:16] INFO     REPL enabled, using:                  server.py:322
                             /home/amirnabiyev/Conjecture_Prover/.              
                             lake/packages/repl/.lake/build/bin/re              
                             pl                                                 
                    INFO     REPL initialized: timeout=60s         server.py:325
                    INFO     Session ending — cleaning up          server.py:360
                             per-session resources                              
[09/08/26 23:39:25] INFO     REPL enabled, using:                  server.py:322
                             /home/amirnabiyev/Conjecture_Prover/.              
                             lake/packages/repl/.lake/build/bin/re              
                             pl                                                 
                    INFO     REPL initialized: timeout=60s         server.py:325
                    INFO     Session ending — cleaning up          server.py:360
                             per-session resources                              
[09/08/26 23:39:32] INFO     REPL enabled, using:                  server.py:322
                             /home/amirnabiyev/Conjecture_Prover/.              
                             lake/packages/repl/.lake/build/bin/re              
                             pl                                                 
                    INFO     REPL initialized: timeout=60s         server.py:325
[09/08/26 23:39:34] INFO     Shared async LSP client         client_utils.py:133
                             connected at                                       
                             /home/amirnabiyev/Conjecture_Pr                    
                             over                                               
[09/08/26 23:39:47] INFO     Session ending — cleaning up          server.py:360
                             per-session resources                              
Exception ignored in: <function BaseSubprocessTransport.__del__ at 0x701dc976b380>
Traceback (most recent call last):
  File "/usr/local/lib/python3.12/asyncio/base_subprocess.py", line 126, in __del__
    self.close()
  File "/usr/local/lib/python3.12/asyncio/base_subprocess.py", line 104, in close
    proto.pipe.close()
  File "/usr/local/lib/python3.12/asyncio/unix_events.py", line 767, in close
    self.write_eof()
  File "/usr/local/lib/python3.12/asyncio/unix_events.py", line 753, in write_eof
    self._loop.call_soon(self._call_connection_lost, None)
  File "/usr/local/lib/python3.12/asyncio/base_events.py", line 799, in call_soon
    self._check_closed()
  File "/usr/local/lib/python3.12/asyncio/base_events.py", line 545, in _check_closed
    raise RuntimeError('Event loop is closed')
RuntimeError: Event loop is closed
[09/08/26 23:39:48] INFO     REPL enabled, using:                  server.py:322
                             /home/amirnabiyev/Conjecture_Prover/.              
                             lake/packages/repl/.lake/build/bin/re              
                             pl                                                 
                    INFO     REPL initialized: timeout=60s         server.py:325
                    INFO     Session ending — cleaning up          server.py:360
                             per-session resources                              
[09/08/26 23:40:09] INFO     REPL enabled, using:                  server.py:322
                             /home/amirnabiyev/Conjecture_Prover/.              
                             lake/packages/repl/.lake/build/bin/re              
                             pl                                                 
                    INFO     REPL initialized: timeout=60s         server.py:325
                    INFO     Session ending — cleaning up          server.py:360
                             per-session resources                              
[09/08/26 23:40:12] INFO     REPL enabled, using:                  server.py:322
                             /home/amirnabiyev/Conjecture_Prover/.              
                             lake/packages/repl/.lake/build/bin/re              
                             pl                                                 
                    INFO     REPL initialized: timeout=60s         server.py:325
[09/08/26 23:40:14] INFO     Shared async LSP client         client_utils.py:133
                             connected at                                       
                             /home/amirnabiyev/Conjecture_Pr                    
                             over                                               
[09/08/26 23:40:42] INFO     Session ending — cleaning up          server.py:360
                             per-session resources                              
Exception ignored in: <function BaseSubprocessTransport.__del__ at 0x7ce23976b380>
Traceback (most recent call last):
  File "/usr/local/lib/python3.12/asyncio/base_subprocess.py", line 126, in __del__
    self.close()
  File "/usr/local/lib/python3.12/asyncio/base_subprocess.py", line 104, in close
    proto.pipe.close()
  File "/usr/local/lib/python3.12/asyncio/unix_events.py", line 767, in close
    self.write_eof()
  File "/usr/local/lib/python3.12/asyncio/unix_events.py", line 753, in write_eof
    self._loop.call_soon(self._call_connection_lost, None)
  File "/usr/local/lib/python3.12/asyncio/base_events.py", line 799, in call_soon
    self._check_closed()
  File "/usr/local/lib/python3.12/asyncio/base_events.py", line 545, in _check_closed
    raise RuntimeError('Event loop is closed')
RuntimeError: Event loop is closed
[09/08/26 23:40:44] INFO     REPL enabled, using:                  server.py:322
                             /home/amirnabiyev/Conjecture_Prover/.              
                             lake/packages/repl/.lake/build/bin/re              
                             pl                                                 
                    INFO     REPL initialized: timeout=60s         server.py:325
                    INFO     Session ending — cleaning up          server.py:360
                             per-session resources                              
[09/08/26 23:40:48] INFO     REPL enabled, using:                  server.py:322
                             /home/amirnabiyev/Conjecture_Prover/.              
                             lake/packages/repl/.lake/build/bin/re              
                             pl                                                 
                    INFO     REPL initialized: timeout=60s         server.py:325
                    INFO     Session ending — cleaning up          server.py:360
                             per-session resources                              
[09/08/26 23:40:58] INFO     Disabled tool 'lean_build' via        server.py:115
                             LEAN_MCP_DISABLED_TOOLS                            
                    INFO     Disabled tool 'lean_completions' via  server.py:115
                             LEAN_MCP_DISABLED_TOOLS                            
                    INFO     Disabled tool 'lean_declaration_file' server.py:115
                             via LEAN_MCP_DISABLED_TOOLS                        
                    INFO     Disabled tool                         server.py:115
                             'lean_diagnostic_messages' via                     
                             LEAN_MCP_DISABLED_TOOLS                            
                    INFO     Disabled tool 'lean_file_outline' via server.py:115
                             LEAN_MCP_DISABLED_TOOLS                            
                    INFO     Disabled tool                         server.py:115
                             'lean_get_widget_source' via                       
                             LEAN_MCP_DISABLED_TOOLS                            
                    INFO     Disabled tool 'lean_get_widgets' via  server.py:115
                             LEAN_MCP_DISABLED_TOOLS                            
                    INFO     Disabled tool 'lean_goal' via         server.py:115
                             LEAN_MCP_DISABLED_TOOLS                            
                    INFO     Disabled tool 'lean_hover_info' via   server.py:115
                             LEAN_MCP_DISABLED_TOOLS                            
                    INFO     Disabled tool 'lean_references' via   server.py:115
                             LEAN_MCP_DISABLED_TOOLS                            
                    INFO     Disabled tool 'lean_term_goal' via    server.py:115
                             LEAN_MCP_DISABLED_TOOLS                            
                    INFO     REPL enabled, using:                  server.py:322
                             /home/amirnabiyev/Conjecture_Prover/.              
                             lake/packages/repl/.lake/build/bin/re              
                             pl                                                 
                    INFO     REPL initialized: timeout=60s         server.py:325
                    INFO     Session ending — cleaning up          server.py:360
                             per-session resources                              
[09/08/26 23:40:58] INFO     Disabled tool 'lean_build' via        server.py:115
                             LEAN_MCP_DISABLED_TOOLS                            
                    INFO     Disabled tool 'lean_completions' via  server.py:115
                             LEAN_MCP_DISABLED_TOOLS                            
                    INFO     Disabled tool 'lean_declaration_file' server.py:115
                             via LEAN_MCP_DISABLED_TOOLS                        
                    INFO     Disabled tool                         server.py:115
                             'lean_diagnostic_messages' via                     
                             LEAN_MCP_DISABLED_TOOLS                            
                    INFO     Disabled tool 'lean_file_outline' via server.py:115
                             LEAN_MCP_DISABLED_TOOLS                            
                    INFO     Disabled tool                         server.py:115
                             'lean_get_widget_source' via                       
                             LEAN_MCP_DISABLED_TOOLS                            
                    INFO     Disabled tool 'lean_get_widgets' via  server.py:115
                             LEAN_MCP_DISABLED_TOOLS                            
                    INFO     Disabled tool 'lean_goal' via         server.py:115
                             LEAN_MCP_DISABLED_TOOLS                            
                    INFO     Disabled tool 'lean_hover_info' via   server.py:115
                             LEAN_MCP_DISABLED_TOOLS                            
                    INFO     Disabled tool 'lean_references' via   server.py:115
                             LEAN_MCP_DISABLED_TOOLS                            
                    INFO     Disabled tool 'lean_term_goal' via    server.py:115
                             LEAN_MCP_DISABLED_TOOLS                            
                    INFO     REPL enabled, using:                  server.py:322
                             /home/amirnabiyev/Conjecture_Prover/.              
                             lake/packages/repl/.lake/build/bin/re              
                             pl                                                 
                    INFO     REPL initialized: timeout=60s         server.py:325
                    INFO     Session ending — cleaning up          server.py:360
                             per-session resources                              
[09/08/26 23:40:58] INFO     Disabled tool 'lean_build' via        server.py:115
                             LEAN_MCP_DISABLED_TOOLS                            
                    INFO     Disabled tool 'lean_completions' via  server.py:115
                             LEAN_MCP_DISABLED_TOOLS                            
                    INFO     Disabled tool 'lean_declaration_file' server.py:115
                             via LEAN_MCP_DISABLED_TOOLS                        
                    INFO     Disabled tool                         server.py:115
                             'lean_diagnostic_messages' via                     
                             LEAN_MCP_DISABLED_TOOLS                            
                    INFO     Disabled tool 'lean_file_outline' via server.py:115
                             LEAN_MCP_DISABLED_TOOLS                            
                    INFO     Disabled tool                         server.py:115
                             'lean_get_widget_source' via                       
                             LEAN_MCP_DISABLED_TOOLS                            
                    INFO     Disabled tool 'lean_get_widgets' via  server.py:115
                             LEAN_MCP_DISABLED_TOOLS                            
                    INFO     Disabled tool 'lean_goal' via         server.py:115
                             LEAN_MCP_DISABLED_TOOLS                            
                    INFO     Disabled tool 'lean_hover_info' via   server.py:115
                             LEAN_MCP_DISABLED_TOOLS                            
                    INFO     Disabled tool 'lean_references' via   server.py:115
                             LEAN_MCP_DISABLED_TOOLS                            
                    INFO     Disabled tool 'lean_term_goal' via    server.py:115
                             LEAN_MCP_DISABLED_TOOLS                            
                    INFO     REPL enabled, using:                  server.py:322
                             /home/amirnabiyev/Conjecture_Prover/.              
                             lake/packages/repl/.lake/build/bin/re              
                             pl                                                 
                    INFO     REPL initialized: timeout=60s         server.py:325
                    INFO     Session ending — cleaning up          server.py:360
                             per-session resources                              
[09/08/26 23:41:04] INFO     Disabled tool 'lean_build' via        server.py:115
                             LEAN_MCP_DISABLED_TOOLS                            
                    INFO     Disabled tool 'lean_completions' via  server.py:115
                             LEAN_MCP_DISABLED_TOOLS                            
                    INFO     Disabled tool 'lean_declaration_file' server.py:115
                             via LEAN_MCP_DISABLED_TOOLS                        
                    INFO     Disabled tool                         server.py:115
                             'lean_diagnostic_messages' via                     
                             LEAN_MCP_DISABLED_TOOLS                            
                    INFO     Disabled tool 'lean_file_outline' via server.py:115
                             LEAN_MCP_DISABLED_TOOLS                            
                    INFO     Disabled tool                         server.py:115
                             'lean_get_widget_source' via                       
                             LEAN_MCP_DISABLED_TOOLS                            
                    INFO     Disabled tool 'lean_get_widgets' via  server.py:115
                             LEAN_MCP_DISABLED_TOOLS                            
                    INFO     Disabled tool 'lean_goal' via         server.py:115
                             LEAN_MCP_DISABLED_TOOLS                            
                    INFO     Disabled tool 'lean_hover_info' via   server.py:115
                             LEAN_MCP_DISABLED_TOOLS                            
                    INFO     Disabled tool 'lean_references' via   server.py:115
                             LEAN_MCP_DISABLED_TOOLS                            
                    INFO     Disabled tool 'lean_term_goal' via    server.py:115
                             LEAN_MCP_DISABLED_TOOLS                            
                    INFO     REPL enabled, using:                  server.py:322
                             /home/amirnabiyev/Conjecture_Prover/.              
                             lake/packages/repl/.lake/build/bin/re              
                             pl                                                 
                    INFO     REPL initialized: timeout=60s         server.py:325
[09/08/26 23:41:05] INFO     Disabled tool 'lean_build' via        server.py:115
                             LEAN_MCP_DISABLED_TOOLS                            
                    INFO     Disabled tool 'lean_completions' via  server.py:115
                             LEAN_MCP_DISABLED_TOOLS                            
                    INFO     Disabled tool 'lean_declaration_file' server.py:115
                             via LEAN_MCP_DISABLED_TOOLS                        
                    INFO     Disabled tool                         server.py:115
                             'lean_diagnostic_messages' via                     
                             LEAN_MCP_DISABLED_TOOLS                            
                    INFO     Disabled tool 'lean_file_outline' via server.py:115
                             LEAN_MCP_DISABLED_TOOLS                            
                    INFO     Disabled tool                         server.py:115
                             'lean_get_widget_source' via                       
                             LEAN_MCP_DISABLED_TOOLS                            
                    INFO     Disabled tool 'lean_get_widgets' via  server.py:115
                             LEAN_MCP_DISABLED_TOOLS                            
                    INFO     Disabled tool 'lean_goal' via         server.py:115
                             LEAN_MCP_DISABLED_TOOLS                            
                    INFO     Disabled tool 'lean_hover_info' via   server.py:115
                             LEAN_MCP_DISABLED_TOOLS                            
                    INFO     Disabled tool 'lean_references' via   server.py:115
                             LEAN_MCP_DISABLED_TOOLS                            
                    INFO     Disabled tool 'lean_term_goal' via    server.py:115
                             LEAN_MCP_DISABLED_TOOLS                            
                    INFO     REPL enabled, using:                  server.py:322
                             /home/amirnabiyev/Conjecture_Prover/.              
                             lake/packages/repl/.lake/build/bin/re              
                             pl                                                 
                    INFO     REPL initialized: timeout=60s         server.py:325
[09/08/26 23:41:06] INFO     Session ending — cleaning up          server.py:360
                             per-session resources                              
[09/08/26 23:41:06] INFO     Session ending — cleaning up          server.py:360
                             per-session resources                              
[09/08/26 23:41:07] INFO     Disabled tool 'lean_build' via        server.py:115
                             LEAN_MCP_DISABLED_TOOLS                            
                    INFO     Disabled tool 'lean_completions' via  server.py:115
                             LEAN_MCP_DISABLED_TOOLS                            
                    INFO     Disabled tool 'lean_declaration_file' server.py:115
                             via LEAN_MCP_DISABLED_TOOLS                        
                    INFO     Disabled tool                         server.py:115
                             'lean_diagnostic_messages' via                     
                             LEAN_MCP_DISABLED_TOOLS                            
                    INFO     Disabled tool 'lean_file_outline' via server.py:115
                             LEAN_MCP_DISABLED_TOOLS                            
                    INFO     Disabled tool                         server.py:115
                             'lean_get_widget_source' via                       
                             LEAN_MCP_DISABLED_TOOLS                            
                    INFO     Disabled tool 'lean_get_widgets' via  server.py:115
                             LEAN_MCP_DISABLED_TOOLS                            
                    INFO     Disabled tool 'lean_goal' via         server.py:115
                             LEAN_MCP_DISABLED_TOOLS                            
                    INFO     Disabled tool 'lean_hover_info' via   server.py:115
                             LEAN_MCP_DISABLED_TOOLS                            
                    INFO     Disabled tool 'lean_references' via   server.py:115
                             LEAN_MCP_DISABLED_TOOLS                            
                    INFO     Disabled tool 'lean_term_goal' via    server.py:115
                             LEAN_MCP_DISABLED_TOOLS                            
                    INFO     REPL enabled, using:                  server.py:322
                             /home/amirnabiyev/Conjecture_Prover/.              
                             lake/packages/repl/.lake/build/bin/re              
                             pl                                                 
                    INFO     REPL initialized: timeout=60s         server.py:325
[09/08/26 23:41:08] INFO     Disabled tool 'lean_build' via        server.py:115
                             LEAN_MCP_DISABLED_TOOLS                            
                    INFO     Disabled tool 'lean_completions' via  server.py:115
                             LEAN_MCP_DISABLED_TOOLS                            
                    INFO     Disabled tool 'lean_declaration_file' server.py:115
                             via LEAN_MCP_DISABLED_TOOLS                        
                    INFO     Disabled tool                         server.py:115
                             'lean_diagnostic_messages' via                     
                             LEAN_MCP_DISABLED_TOOLS                            
                    INFO     Disabled tool 'lean_file_outline' via server.py:115
                             LEAN_MCP_DISABLED_TOOLS                            
                    INFO     Disabled tool                         server.py:115
                             'lean_get_widget_source' via                       
                             LEAN_MCP_DISABLED_TOOLS                            
                    INFO     Disabled tool 'lean_get_widgets' via  server.py:115
                             LEAN_MCP_DISABLED_TOOLS                            
                    INFO     Disabled tool 'lean_goal' via         server.py:115
                             LEAN_MCP_DISABLED_TOOLS                            
                    INFO     Disabled tool 'lean_hover_info' via   server.py:115
                             LEAN_MCP_DISABLED_TOOLS                            
                    INFO     Disabled tool 'lean_references' via   server.py:115
                             LEAN_MCP_DISABLED_TOOLS                            
                    INFO     Disabled tool 'lean_term_goal' via    server.py:115
                             LEAN_MCP_DISABLED_TOOLS                            
                    INFO     REPL enabled, using:                  server.py:322
                             /home/amirnabiyev/Conjecture_Prover/.              
                             lake/packages/repl/.lake/build/bin/re              
                             pl                                                 
                    INFO     REPL initialized: timeout=60s         server.py:325
[09/08/26 23:41:08] INFO     Session ending — cleaning up          server.py:360
                             per-session resources                              
                    INFO     Session ending — cleaning up          server.py:360
                             per-session resources                              
[09/08/26 23:41:11] INFO     Disabled tool 'lean_build' via        server.py:115
                             LEAN_MCP_DISABLED_TOOLS                            
                    INFO     Disabled tool 'lean_completions' via  server.py:115
                             LEAN_MCP_DISABLED_TOOLS                            
                    INFO     Disabled tool 'lean_declaration_file' server.py:115
                             via LEAN_MCP_DISABLED_TOOLS                        
                    INFO     Disabled tool                         server.py:115
                             'lean_diagnostic_messages' via                     
                             LEAN_MCP_DISABLED_TOOLS                            
                    INFO     Disabled tool 'lean_file_outline' via server.py:115
                             LEAN_MCP_DISABLED_TOOLS                            
                    INFO     Disabled tool                         server.py:115
                             'lean_get_widget_source' via                       
                             LEAN_MCP_DISABLED_TOOLS                            
                    INFO     Disabled tool 'lean_get_widgets' via  server.py:115
                             LEAN_MCP_DISABLED_TOOLS                            
                    INFO     Disabled tool 'lean_goal' via         server.py:115
                             LEAN_MCP_DISABLED_TOOLS                            
                    INFO     Disabled tool 'lean_hover_info' via   server.py:115
                             LEAN_MCP_DISABLED_TOOLS                            
                    INFO     Disabled tool 'lean_references' via   server.py:115
                             LEAN_MCP_DISABLED_TOOLS                            
                    INFO     Disabled tool 'lean_term_goal' via    server.py:115
                             LEAN_MCP_DISABLED_TOOLS                            
                    INFO     REPL enabled, using:                  server.py:322
                             /home/amirnabiyev/Conjecture_Prover/.              
                             lake/packages/repl/.lake/build/bin/re              
                             pl                                                 
                    INFO     REPL initialized: timeout=60s         server.py:325
[09/08/26 23:41:11] INFO     Disabled tool 'lean_build' via        server.py:115
                             LEAN_MCP_DISABLED_TOOLS                            
                    INFO     Disabled tool 'lean_completions' via  server.py:115
                             LEAN_MCP_DISABLED_TOOLS                            
                    INFO     Disabled tool 'lean_declaration_file' server.py:115
                             via LEAN_MCP_DISABLED_TOOLS                        
                    INFO     Disabled tool                         server.py:115
                             'lean_diagnostic_messages' via                     
                             LEAN_MCP_DISABLED_TOOLS                            
                    INFO     Disabled tool 'lean_file_outline' via server.py:115
                             LEAN_MCP_DISABLED_TOOLS                            
                    INFO     Disabled tool                         server.py:115
                             'lean_get_widget_source' via                       
                             LEAN_MCP_DISABLED_TOOLS                            
                    INFO     Disabled tool 'lean_get_widgets' via  server.py:115
                             LEAN_MCP_DISABLED_TOOLS                            
                    INFO     Disabled tool 'lean_goal' via         server.py:115
                             LEAN_MCP_DISABLED_TOOLS                            
                    INFO     Disabled tool 'lean_hover_info' via   server.py:115
                             LEAN_MCP_DISABLED_TOOLS                            
                    INFO     Disabled tool 'lean_references' via   server.py:115
                             LEAN_MCP_DISABLED_TOOLS                            
                    INFO     Disabled tool 'lean_term_goal' via    server.py:115
                             LEAN_MCP_DISABLED_TOOLS                            
                    INFO     REPL enabled, using:                  server.py:322
                             /home/amirnabiyev/Conjecture_Prover/.              
                             lake/packages/repl/.lake/build/bin/re              
                             pl                                                 
                    INFO     REPL initialized: timeout=60s         server.py:325
                    INFO     Session ending — cleaning up          server.py:360
                             per-session resources                              
[09/08/26 23:41:13] INFO     Disabled tool 'lean_build' via        server.py:115
                             LEAN_MCP_DISABLED_TOOLS                            
                    INFO     Disabled tool 'lean_completions' via  server.py:115
                             LEAN_MCP_DISABLED_TOOLS                            
                    INFO     Disabled tool 'lean_declaration_file' server.py:115
                             via LEAN_MCP_DISABLED_TOOLS                        
                    INFO     Disabled tool                         server.py:115
                             'lean_diagnostic_messages' via                     
                             LEAN_MCP_DISABLED_TOOLS                            
                    INFO     Disabled tool 'lean_file_outline' via server.py:115
                             LEAN_MCP_DISABLED_TOOLS                            
                    INFO     Disabled tool                         server.py:115
                             'lean_get_widget_source' via                       
                             LEAN_MCP_DISABLED_TOOLS                            
                    INFO     Disabled tool 'lean_get_widgets' via  server.py:115
                             LEAN_MCP_DISABLED_TOOLS                            
                    INFO     Disabled tool 'lean_goal' via         server.py:115
                             LEAN_MCP_DISABLED_TOOLS                            
                    INFO     Disabled tool 'lean_hover_info' via   server.py:115
                             LEAN_MCP_DISABLED_TOOLS                            
                    INFO     Disabled tool 'lean_references' via   server.py:115
                             LEAN_MCP_DISABLED_TOOLS                            
                    INFO     Disabled tool 'lean_term_goal' via    server.py:115
                             LEAN_MCP_DISABLED_TOOLS                            
                    INFO     REPL enabled, using:                  server.py:322
                             /home/amirnabiyev/Conjecture_Prover/.              
                             lake/packages/repl/.lake/build/bin/re              
                             pl                                                 
                    INFO     REPL initialized: timeout=60s         server.py:325
                    INFO     Session ending — cleaning up          server.py:360
                             per-session resources                              
[09/08/26 23:41:15] INFO     Disabled tool 'lean_build' via        server.py:115
                             LEAN_MCP_DISABLED_TOOLS                            
                    INFO     Disabled tool 'lean_completions' via  server.py:115
                             LEAN_MCP_DISABLED_TOOLS                            
                    INFO     Disabled tool 'lean_declaration_file' server.py:115
                             via LEAN_MCP_DISABLED_TOOLS                        
                    INFO     Disabled tool                         server.py:115
                             'lean_diagnostic_messages' via                     
                             LEAN_MCP_DISABLED_TOOLS                            
                    INFO     Disabled tool 'lean_file_outline' via server.py:115
                             LEAN_MCP_DISABLED_TOOLS                            
                    INFO     Disabled tool                         server.py:115
                             'lean_get_widget_source' via                       
                             LEAN_MCP_DISABLED_TOOLS                            
                    INFO     Disabled tool 'lean_get_widgets' via  server.py:115
                             LEAN_MCP_DISABLED_TOOLS                            
                    INFO     Disabled tool 'lean_goal' via         server.py:115
                             LEAN_MCP_DISABLED_TOOLS                            
                    INFO     Disabled tool 'lean_hover_info' via   server.py:115
                             LEAN_MCP_DISABLED_TOOLS                            
                    INFO     Disabled tool 'lean_references' via   server.py:115
                             LEAN_MCP_DISABLED_TOOLS                            
                    INFO     Disabled tool 'lean_term_goal' via    server.py:115
                             LEAN_MCP_DISABLED_TOOLS                            
                    INFO     REPL enabled, using:                  server.py:322
                             /home/amirnabiyev/Conjecture_Prover/.              
                             lake/packages/repl/.lake/build/bin/re              
                             pl                                                 
                    INFO     REPL initialized: timeout=60s         server.py:325
                    INFO     Session ending — cleaning up          server.py:360
                             per-session resources                              
[09/08/26 23:41:18] INFO     Session ending — cleaning up          server.py:360
                             per-session resources                              
[09/08/26 23:41:22] INFO     Disabled tool 'lean_build' via        server.py:115
                             LEAN_MCP_DISABLED_TOOLS                            
                    INFO     Disabled tool 'lean_completions' via  server.py:115
                             LEAN_MCP_DISABLED_TOOLS                            
                    INFO     Disabled tool 'lean_declaration_file' server.py:115
                             via LEAN_MCP_DISABLED_TOOLS                        
                    INFO     Disabled tool                         server.py:115
                             'lean_diagnostic_messages' via                     
                             LEAN_MCP_DISABLED_TOOLS                            
                    INFO     Disabled tool 'lean_file_outline' via server.py:115
                             LEAN_MCP_DISABLED_TOOLS                            
                    INFO     Disabled tool                         server.py:115
                             'lean_get_widget_source' via                       
                             LEAN_MCP_DISABLED_TOOLS                            
                    INFO     Disabled tool 'lean_get_widgets' via  server.py:115
                             LEAN_MCP_DISABLED_TOOLS                            
                    INFO     Disabled tool 'lean_goal' via         server.py:115
                             LEAN_MCP_DISABLED_TOOLS                            
                    INFO     Disabled tool 'lean_hover_info' via   server.py:115
                             LEAN_MCP_DISABLED_TOOLS                            
                    INFO     Disabled tool 'lean_references' via   server.py:115
                             LEAN_MCP_DISABLED_TOOLS                            
                    INFO     Disabled tool 'lean_term_goal' via    server.py:115
                             LEAN_MCP_DISABLED_TOOLS                            
                    INFO     REPL enabled, using:                  server.py:322
                             /home/amirnabiyev/Conjecture_Prover/.              
                             lake/packages/repl/.lake/build/bin/re              
                             pl                                                 
                    INFO     REPL initialized: timeout=60s         server.py:325
                    INFO     Session ending — cleaning up          server.py:360
                             per-session resources                              
[09/08/26 23:41:24] INFO     Disabled tool 'lean_build' via        server.py:115
                             LEAN_MCP_DISABLED_TOOLS                            
                    INFO     Disabled tool 'lean_completions' via  server.py:115
                             LEAN_MCP_DISABLED_TOOLS                            
                    INFO     Disabled tool 'lean_declaration_file' server.py:115
                             via LEAN_MCP_DISABLED_TOOLS                        
                    INFO     Disabled tool                         server.py:115
                             'lean_diagnostic_messages' via                     
                             LEAN_MCP_DISABLED_TOOLS                            
                    INFO     Disabled tool 'lean_file_outline' via server.py:115
                             LEAN_MCP_DISABLED_TOOLS                            
                    INFO     Disabled tool                         server.py:115
                             'lean_get_widget_source' via                       
                             LEAN_MCP_DISABLED_TOOLS                            
                    INFO     Disabled tool 'lean_get_widgets' via  server.py:115
                             LEAN_MCP_DISABLED_TOOLS                            
                    INFO     Disabled tool 'lean_goal' via         server.py:115
                             LEAN_MCP_DISABLED_TOOLS                            
                    INFO     Disabled tool 'lean_hover_info' via   server.py:115
                             LEAN_MCP_DISABLED_TOOLS                            
                    INFO     Disabled tool 'lean_references' via   server.py:115
                             LEAN_MCP_DISABLED_TOOLS                            
                    INFO     Disabled tool 'lean_term_goal' via    server.py:115
                             LEAN_MCP_DISABLED_TOOLS                            
                    INFO     REPL enabled, using:                  server.py:322
                             /home/amirnabiyev/Conjecture_Prover/.              
                             lake/packages/repl/.lake/build/bin/re              
                             pl                                                 
                    INFO     REPL initialized: timeout=60s         server.py:325
                    INFO     Session ending — cleaning up          server.py:360
                             per-session resources                              
[09/08/26 23:41:25] INFO     Disabled tool 'lean_build' via        server.py:115
                             LEAN_MCP_DISABLED_TOOLS                            
                    INFO     Disabled tool 'lean_completions' via  server.py:115
                             LEAN_MCP_DISABLED_TOOLS                            
                    INFO     Disabled tool 'lean_declaration_file' server.py:115
                             via LEAN_MCP_DISABLED_TOOLS                        
                    INFO     Disabled tool                         server.py:115
                             'lean_diagnostic_messages' via                     
                             LEAN_MCP_DISABLED_TOOLS                            
                    INFO     Disabled tool 'lean_file_outline' via server.py:115
                             LEAN_MCP_DISABLED_TOOLS                            
                    INFO     Disabled tool                         server.py:115
                             'lean_get_widget_source' via                       
                             LEAN_MCP_DISABLED_TOOLS                            
                    INFO     Disabled tool 'lean_get_widgets' via  server.py:115
                             LEAN_MCP_DISABLED_TOOLS                            
                    INFO     Disabled tool 'lean_goal' via         server.py:115
                             LEAN_MCP_DISABLED_TOOLS                            
                    INFO     Disabled tool 'lean_hover_info' via   server.py:115
                             LEAN_MCP_DISABLED_TOOLS                            
                    INFO     Disabled tool 'lean_references' via   server.py:115
                             LEAN_MCP_DISABLED_TOOLS                            
                    INFO     Disabled tool 'lean_term_goal' via    server.py:115
                             LEAN_MCP_DISABLED_TOOLS                            
                    INFO     REPL enabled, using:                  server.py:322
                             /home/amirnabiyev/Conjecture_Prover/.              
                             lake/packages/repl/.lake/build/bin/re              
                             pl                                                 
                    INFO     REPL initialized: timeout=60s         server.py:325
[09/08/26 23:41:26] INFO     Disabled tool 'lean_build' via        server.py:115
                             LEAN_MCP_DISABLED_TOOLS                            
                    INFO     Disabled tool 'lean_completions' via  server.py:115
                             LEAN_MCP_DISABLED_TOOLS                            
                    INFO     Disabled tool 'lean_declaration_file' server.py:115
                             via LEAN_MCP_DISABLED_TOOLS                        
                    INFO     Disabled tool                         server.py:115
                             'lean_diagnostic_messages' via                     
                             LEAN_MCP_DISABLED_TOOLS                            
                    INFO     Disabled tool 'lean_file_outline' via server.py:115
                             LEAN_MCP_DISABLED_TOOLS                            
                    INFO     Disabled tool                         server.py:115
                             'lean_get_widget_source' via                       
                             LEAN_MCP_DISABLED_TOOLS                            
                    INFO     Disabled tool 'lean_get_widgets' via  server.py:115
                             LEAN_MCP_DISABLED_TOOLS                            
                    INFO     Disabled tool 'lean_goal' via         server.py:115
                             LEAN_MCP_DISABLED_TOOLS                            
                    INFO     Disabled tool 'lean_hover_info' via   server.py:115
                             LEAN_MCP_DISABLED_TOOLS                            
                    INFO     Disabled tool 'lean_references' via   server.py:115
                             LEAN_MCP_DISABLED_TOOLS                            
                    INFO     Disabled tool 'lean_term_goal' via    server.py:115
                             LEAN_MCP_DISABLED_TOOLS                            
                    INFO     REPL enabled, using:                  server.py:322
                             /home/amirnabiyev/Conjecture_Prover/.              
                             lake/packages/repl/.lake/build/bin/re              
                             pl                                                 
                    INFO     REPL initialized: timeout=60s         server.py:325
[09/08/26 23:41:30] INFO     Disabled tool 'lean_build' via        server.py:115
                             LEAN_MCP_DISABLED_TOOLS                            
                    INFO     Disabled tool 'lean_completions' via  server.py:115
                             LEAN_MCP_DISABLED_TOOLS                            
                    INFO     Disabled tool 'lean_declaration_file' server.py:115
                             via LEAN_MCP_DISABLED_TOOLS                        
                    INFO     Disabled tool                         server.py:115
                             'lean_diagnostic_messages' via                     
                             LEAN_MCP_DISABLED_TOOLS                            
                    INFO     Disabled tool 'lean_file_outline' via server.py:115
                             LEAN_MCP_DISABLED_TOOLS                            
                    INFO     Disabled tool                         server.py:115
                             'lean_get_widget_source' via                       
                             LEAN_MCP_DISABLED_TOOLS                            
                    INFO     Disabled tool 'lean_get_widgets' via  server.py:115
                             LEAN_MCP_DISABLED_TOOLS                            
                    INFO     Disabled tool 'lean_goal' via         server.py:115
                             LEAN_MCP_DISABLED_TOOLS                            
                    INFO     Disabled tool 'lean_hover_info' via   server.py:115
                             LEAN_MCP_DISABLED_TOOLS                            
                    INFO     Disabled tool 'lean_references' via   server.py:115
                             LEAN_MCP_DISABLED_TOOLS                            
                    INFO     Disabled tool 'lean_term_goal' via    server.py:115
                             LEAN_MCP_DISABLED_TOOLS                            
                    INFO     REPL enabled, using:                  server.py:322
                             /home/amirnabiyev/Conjecture_Prover/.              
                             lake/packages/repl/.lake/build/bin/re              
                             pl                                                 
                    INFO     REPL initialized: timeout=60s         server.py:325
[09/08/26 23:41:33] INFO     Session ending — cleaning up          server.py:360
                             per-session resources                              
[09/08/26 23:41:34] INFO     Session ending — cleaning up          server.py:360
                             per-session resources                              
[09/08/26 23:41:37] INFO     Session ending — cleaning up          server.py:360
                             per-session resources                              
[09/08/26 23:41:39] INFO     Disabled tool 'lean_build' via        server.py:115
                             LEAN_MCP_DISABLED_TOOLS                            
                    INFO     Disabled tool 'lean_completions' via  server.py:115
                             LEAN_MCP_DISABLED_TOOLS                            
                    INFO     Disabled tool 'lean_declaration_file' server.py:115
                             via LEAN_MCP_DISABLED_TOOLS                        
                    INFO     Disabled tool                         server.py:115
                             'lean_diagnostic_messages' via                     
                             LEAN_MCP_DISABLED_TOOLS                            
                    INFO     Disabled tool 'lean_file_outline' via server.py:115
                             LEAN_MCP_DISABLED_TOOLS                            
                    INFO     Disabled tool                         server.py:115
                             'lean_get_widget_source' via                       
                             LEAN_MCP_DISABLED_TOOLS                            
                    INFO     Disabled tool 'lean_get_widgets' via  server.py:115
                             LEAN_MCP_DISABLED_TOOLS                            
                    INFO     Disabled tool 'lean_goal' via         server.py:115
                             LEAN_MCP_DISABLED_TOOLS                            
                    INFO     Disabled tool 'lean_hover_info' via   server.py:115
                             LEAN_MCP_DISABLED_TOOLS                            
                    INFO     Disabled tool 'lean_references' via   server.py:115
                             LEAN_MCP_DISABLED_TOOLS                            
                    INFO     Disabled tool 'lean_term_goal' via    server.py:115
                             LEAN_MCP_DISABLED_TOOLS                            
                    INFO     REPL enabled, using:                  server.py:322
                             /home/amirnabiyev/Conjecture_Prover/.              
                             lake/packages/repl/.lake/build/bin/re              
                             pl                                                 
                    INFO     REPL initialized: timeout=60s         server.py:325
[09/08/26 23:41:40] INFO     Session ending — cleaning up          server.py:360
                             per-session resources                              
[09/08/26 23:41:45] INFO     Disabled tool 'lean_build' via        server.py:115
                             LEAN_MCP_DISABLED_TOOLS                            
                    INFO     Disabled tool 'lean_completions' via  server.py:115
                             LEAN_MCP_DISABLED_TOOLS                            
                    INFO     Disabled tool 'lean_declaration_file' server.py:115
                             via LEAN_MCP_DISABLED_TOOLS                        
                    INFO     Disabled tool                         server.py:115
                             'lean_diagnostic_messages' via                     
                             LEAN_MCP_DISABLED_TOOLS                            
                    INFO     Disabled tool 'lean_file_outline' via server.py:115
                             LEAN_MCP_DISABLED_TOOLS                            
                    INFO     Disabled tool                         server.py:115
                             'lean_get_widget_source' via                       
                             LEAN_MCP_DISABLED_TOOLS                            
                    INFO     Disabled tool 'lean_get_widgets' via  server.py:115
                             LEAN_MCP_DISABLED_TOOLS                            
                    INFO     Disabled tool 'lean_goal' via         server.py:115
                             LEAN_MCP_DISABLED_TOOLS                            
                    INFO     Disabled tool 'lean_hover_info' via   server.py:115
                             LEAN_MCP_DISABLED_TOOLS                            
                    INFO     Disabled tool 'lean_references' via   server.py:115
                             LEAN_MCP_DISABLED_TOOLS                            
                    INFO     Disabled tool 'lean_term_goal' via    server.py:115
                             LEAN_MCP_DISABLED_TOOLS                            
                    INFO     REPL enabled, using:                  server.py:322
                             /home/amirnabiyev/Conjecture_Prover/.              
                             lake/packages/repl/.lake/build/bin/re              
                             pl                                                 
                    INFO     REPL initialized: timeout=60s         server.py:325

🔧 BLUEPRINT REFINER: Revising blueprint based on prover feedback
   Unproved lemmas to address: Problem94.ideal_fg_of_finiteType, Problem94.orbitZeroSet_finite_or_arithProgression
     • Problem94.ideal_fg_of_finiteType: [Turn 8] PROVED...
     • Problem94.orbitZeroSet_finite_or_arithProgression: [Turn 9] The lemma compiles cleanly. Here is my report.

[TRIAL FEEDBACK]
Attempted: Inspected `Problem94` declarations ...
======================================================================

   💬 BR AI says: The main theorem body was auto-replaced with a real proof by the environment (it elaborates, but it silently depends on the admitted deep node, and it violates the blueprint deliverable format, which requires `sorry_using [...]` bodies). Let me restore the spec-conformant body.
   🛠️  BR AI made 1 tool call(s):
 → search_replace_workspace
   🚦 Routing: blueprint_refiner → tools_br
   🚦 Routing: tool_node → blueprint_refiner

======================================================================
🔧 BLUEPRINT REFINER: Revising blueprint based on prover feedback
   Unproved lemmas to address: Problem94.ideal_fg_of_finiteType, Problem94.orbitZeroSet_finite_or_arithProgression
     • Problem94.ideal_fg_of_finiteType: [Turn 8] PROVED...
     • Problem94.orbitZeroSet_finite_or_arithProgression: [Turn 9] The lemma compiles cleanly. Here is my report.

[TRIAL FEEDBACK]
Attempted: Inspected `Problem94` declarations ...
======================================================================

   🛠️  BR AI made 1 tool call(s):
 → lean_diagnostic_messages
   🚦 Routing: blueprint_refiner → tools_br
   🚦 Routing: tool_node → blueprint_refiner

======================================================================
🔧 BLUEPRINT REFINER: Revising blueprint based on prover feedback
   Unproved lemmas to address: Problem94.ideal_fg_of_finiteType, Problem94.orbitZeroSet_finite_or_arithProgression
     • Problem94.ideal_fg_of_finiteType: [Turn 8] PROVED...
     • Problem94.orbitZeroSet_finite_or_arithProgression: [Turn 9] The lemma compiles cleanly. Here is my report.

[TRIAL FEEDBACK]
Attempted: Inspected `Problem94` declarations ...
======================================================================

   💬 BR AI says: File compiles with the expected `sorry_using` warnings restored. Regenerating the blueprint and doing a final state check.
   🛠️  BR AI made 1 tool call(s):
 → build_blueprint_json
   🚦 Routing: blueprint_refiner → tools_br
   🚦 Routing: tool_node → blueprint_refiner

======================================================================
🔧 BLUEPRINT REFINER: Revising blueprint based on prover feedback
   Unproved lemmas to address: Problem94.ideal_fg_of_finiteType, Problem94.orbitZeroSet_finite_or_arithProgression
     • Problem94.ideal_fg_of_finiteType: [Turn 8] PROVED...
     • Problem94.orbitZeroSet_finite_or_arithProgression: [Turn 9] The lemma compiles cleanly. Here is my report.

[TRIAL FEEDBACK]
Attempted: Inspected `Problem94` declarations ...
======================================================================

   🛠️  BR AI made 1 tool call(s):
 → lean_file_outline
   🚦 Routing: blueprint_refiner → tools_br
   🚦 Routing: tool_node → blueprint_refiner

======================================================================
🔧 BLUEPRINT REFINER: Revising blueprint based on prover feedback
   Unproved lemmas to address: Problem94.ideal_fg_of_finiteType, Problem94.orbitZeroSet_finite_or_arithProgression
     • Problem94.ideal_fg_of_finiteType: [Turn 8] PROVED...
     • Problem94.orbitZeroSet_finite_or_arithProgression: [Turn 9] The lemma compiles cleanly. Here is my report.

[TRIAL FEEDBACK]
Attempted: Inspected `Problem94` declarations ...
======================================================================

   🛠️  BR AI made 1 tool call(s):
 → read_workspace
   🚦 Routing: blueprint_refiner → tools_br
   🚦 Routing: tool_node → blueprint_refiner

======================================================================
🔧 BLUEPRINT REFINER: Revising blueprint based on prover feedback
   Unproved lemmas to address: Problem94.ideal_fg_of_finiteType, Problem94.orbitZeroSet_finite_or_arithProgression
     • Problem94.ideal_fg_of_finiteType: [Turn 8] PROVED...
     • Problem94.orbitZeroSet_finite_or_arithProgression: [Turn 9] The lemma compiles cleanly. Here is my report.

[TRIAL FEEDBACK]
Attempted: Inspected `Problem94` declarations ...
======================================================================

   💬 BR AI says: The revised workspace is finalized. Here is the summary of the revision.

## Changes made to `ConjectureProver.lean`

### Fixed (STATEMENT_WRONG)
**`Problem94.ideal_fg_of_finiteType`** — the root cause of the prover's failure was confirmed by experiment: with the statement written as `lemma ideal_fg_of_finiteType : I.FG`, Lean's section-variable auto-inclusion drops every `k`-dependent binder (since `I.FG` doesn't syntactically mention `k`), so the *elaborated* statement became
`∀ {A} [CommRing 
      ... (3048 total chars)
   🚦 Routing: blueprint_refiner → rebuild_blueprint

🔄 REBUILD BLUEPRINT: Refreshing blueprint state from JSON...
   📊 6 lemmas, 3 proved
   📊 Blueprint: 6 nodes, root='Problem94.zeroSet_finite_or_contain_arithmetic_progression'
   🚦 Routing: rebuild_blueprint → theorem_proving
   🚀 theorem_proving: dispatching 3 parallel agent(s) (skipped 0 without sorry_using)
      → Problem94.ideal_fg_of_finiteType
      → Problem94.orbitZeroSet_finite_or_arithProgression
      → Problem94.zeroSet_finite_or_contain_arithmetic_progression

============================================================
🔍 PROVE LEMMA: Problem94.ideal_fg_of_finiteType  (max 12 turns)
============================================================


============================================================
🔍 PROVE LEMMA: Problem94.orbitZeroSet_finite_or_arithProgression  (max 12 turns)
============================================================


============================================================
🔍 PROVE LEMMA: Problem94.zeroSet_finite_or_contain_arithmetic_progression  (max 12 turns)
============================================================

   🔌 MCP client ready for lemma 'Problem94.ideal_fg_of_finiteType' (proof-only mode)
   🔌 MCP client ready for lemma 'Problem94.zeroSet_finite_or_contain_arithmetic_progression' (proof-only mode)
   🔌 MCP client ready for lemma 'Problem94.orbitZeroSet_finite_or_arithProgression' (proof-only mode)
   🛠️  PL-Problem94.orbitZeroSet_finite_or_arithProgression AI made 2 tool call(s):
 → lean_run_code
 → lean_local_search
   🛠️  PL-Problem94.zeroSet_finite_or_contain_arithmetic_progression AI made 2 tool call(s):
 → lean_local_search
 → lean_local_search
   🛠️  PL-Problem94.zeroSet_finite_or_contain_arithmetic_progression AI made 3 tool call(s):
 → lean_local_search
 → lean_local_search
 → lean_local_search
   🛠️  PL-Problem94.orbitZeroSet_finite_or_arithProgression AI made 1 tool call(s):
 → lean_run_code
   🛠️  PL-Problem94.ideal_fg_of_finiteType AI made 2 tool call(s):
 → search_mathlib_docs_multi
 → lean_leansearch
   🛠️  PL-Problem94.orbitZeroSet_finite_or_arithProgression AI made 2 tool call(s):
 → lean_local_search
 → lean_run_code
   🛠️  PL-Problem94.zeroSet_finite_or_contain_arithmetic_progression AI made 1 tool call(s):
 → lean_run_code
   💬 PL-Problem94.ideal_fg_of_finiteType AI says: Found the key lemma: `Algebra.FiniteType.isNoetherianRing`. Now let me check how to get `I.FG` from `IsNoetherianRing`.
   🛠️  PL-Problem94.ideal_fg_of_finiteType AI made 2 tool call(s):
 → lean_run_code
 → lean_loogle
   💬 PL-Problem94.zeroSet_finite_or_contain_arithmetic_progression AI says: The import works and I can see exact signatures. Now let me test the sketch as an `example`:
   🛠️  PL-Problem94.zeroSet_finite_or_contain_arithmetic_progression AI made 1 tool call(s):
 → lean_run_code
   💬 PL-Problem94.ideal_fg_of_finiteType AI says: I have the full picture. Let me test the complete proof.[09/08/26 23:41:46] INFO     Disabled tool 'lean_build' via        server.py:115
                             LEAN_MCP_DISABLED_TOOLS                            
                    INFO     Disabled tool 'lean_completions' via  server.py:115
                             LEAN_MCP_DISABLED_TOOLS                            
                    INFO     Disabled tool 'lean_declaration_file' server.py:115
                             via LEAN_MCP_DISABLED_TOOLS                        
                    INFO     Disabled tool                         server.py:115
                             'lean_diagnostic_messages' via                     
                             LEAN_MCP_DISABLED_TOOLS                            
                    INFO     Disabled tool 'lean_file_outline' via server.py:115
                             LEAN_MCP_DISABLED_TOOLS                            
                    INFO     Disabled tool                         server.py:115
                             'lean_get_widget_source' via                       
                             LEAN_MCP_DISABLED_TOOLS                            
                    INFO     Disabled tool 'lean_get_widgets' via  server.py:115
                             LEAN_MCP_DISABLED_TOOLS                            
                    INFO     Disabled tool 'lean_goal' via         server.py:115
                             LEAN_MCP_DISABLED_TOOLS                            
                    INFO     Disabled tool 'lean_hover_info' via   server.py:115
                             LEAN_MCP_DISABLED_TOOLS                            
                    INFO     Disabled tool 'lean_references' via   server.py:115
                             LEAN_MCP_DISABLED_TOOLS                            
                    INFO     Disabled tool 'lean_term_goal' via    server.py:115
                             LEAN_MCP_DISABLED_TOOLS                            
                    INFO     REPL enabled, using:                  server.py:322
                             /home/amirnabiyev/Conjecture_Prover/.              
                             lake/packages/repl/.lake/build/bin/re              
                             pl                                                 
                    INFO     REPL initialized: timeout=60s         server.py:325
[09/08/26 23:41:51] INFO     Session ending — cleaning up          server.py:360
                             per-session resources                              
[09/08/26 23:41:52] INFO     Session ending — cleaning up          server.py:360
                             per-session resources                              
[09/08/26 23:42:10] INFO     Disabled tool 'lean_build' via        server.py:115
                             LEAN_MCP_DISABLED_TOOLS                            
                    INFO     Disabled tool 'lean_completions' via  server.py:115
                             LEAN_MCP_DISABLED_TOOLS                            
                    INFO     Disabled tool 'lean_declaration_file' server.py:115
                             via LEAN_MCP_DISABLED_TOOLS                        
                    INFO     Disabled tool                         server.py:115
                             'lean_diagnostic_messages' via                     
                             LEAN_MCP_DISABLED_TOOLS                            
                    INFO     Disabled tool 'lean_file_outline' via server.py:115
                             LEAN_MCP_DISABLED_TOOLS                            
                    INFO     Disabled tool                         server.py:115
                             'lean_get_widget_source' via                       
                             LEAN_MCP_DISABLED_TOOLS                            
                    INFO     Disabled tool 'lean_get_widgets' via  server.py:115
                             LEAN_MCP_DISABLED_TOOLS                            
                    INFO     Disabled tool 'lean_goal' via         server.py:115
                             LEAN_MCP_DISABLED_TOOLS                            
                    INFO     Disabled tool 'lean_hover_info' via   server.py:115
                             LEAN_MCP_DISABLED_TOOLS                            
                    INFO     Disabled tool 'lean_references' via   server.py:115
                             LEAN_MCP_DISABLED_TOOLS                            
                    INFO     Disabled tool 'lean_term_goal' via    server.py:115
                             LEAN_MCP_DISABLED_TOOLS                            
                    INFO     REPL enabled, using:                  server.py:322
                             /home/amirnabiyev/Conjecture_Prover/.              
                             lake/packages/repl/.lake/build/bin/re              
                             pl                                                 
                    INFO     REPL initialized: timeout=60s         server.py:325
[09/08/26 23:42:11] INFO     Session ending — cleaning up          server.py:360
                             per-session resources                              
[09/08/26 23:42:12] INFO     Disabled tool 'lean_build' via        server.py:115
                             LEAN_MCP_DISABLED_TOOLS                            
                    INFO     Disabled tool 'lean_completions' via  server.py:115
                             LEAN_MCP_DISABLED_TOOLS                            
                    INFO     Disabled tool 'lean_declaration_file' server.py:115
                             via LEAN_MCP_DISABLED_TOOLS                        
                    INFO     Disabled tool                         server.py:115
                             'lean_diagnostic_messages' via                     
                             LEAN_MCP_DISABLED_TOOLS                            
                    INFO     Disabled tool 'lean_file_outline' via server.py:115
                             LEAN_MCP_DISABLED_TOOLS                            
                    INFO     Disabled tool                         server.py:115
                             'lean_get_widget_source' via                       
                             LEAN_MCP_DISABLED_TOOLS                            
                    INFO     Disabled tool 'lean_get_widgets' via  server.py:115
                             LEAN_MCP_DISABLED_TOOLS                            
                    INFO     Disabled tool 'lean_goal' via         server.py:115
                             LEAN_MCP_DISABLED_TOOLS                            
                    INFO     Disabled tool 'lean_hover_info' via   server.py:115
                             LEAN_MCP_DISABLED_TOOLS                            
                    INFO     Disabled tool 'lean_references' via   server.py:115
                             LEAN_MCP_DISABLED_TOOLS                            
                    INFO     Disabled tool 'lean_term_goal' via    server.py:115
                             LEAN_MCP_DISABLED_TOOLS                            
                    INFO     REPL enabled, using:                  server.py:322
                             /home/amirnabiyev/Conjecture_Prover/.              
                             lake/packages/repl/.lake/build/bin/re              
                             pl                                                 
                    INFO     REPL initialized: timeout=60s         server.py:325
[09/08/26 23:42:13] INFO     Disabled tool 'lean_build' via        server.py:115
                             LEAN_MCP_DISABLED_TOOLS                            
                    INFO     Disabled tool 'lean_completions' via  server.py:115
                             LEAN_MCP_DISABLED_TOOLS                            
                    INFO     Disabled tool 'lean_declaration_file' server.py:115
                             via LEAN_MCP_DISABLED_TOOLS                        
                    INFO     Disabled tool                         server.py:115
                             'lean_diagnostic_messages' via                     
                             LEAN_MCP_DISABLED_TOOLS                            
                    INFO     Disabled tool 'lean_file_outline' via server.py:115
                             LEAN_MCP_DISABLED_TOOLS                            
                    INFO     Disabled tool                         server.py:115
                             'lean_get_widget_source' via                       
                             LEAN_MCP_DISABLED_TOOLS                            
                    INFO     Disabled tool 'lean_get_widgets' via  server.py:115
                             LEAN_MCP_DISABLED_TOOLS                            
                    INFO     Disabled tool 'lean_goal' via         server.py:115
                             LEAN_MCP_DISABLED_TOOLS                            
                    INFO     Disabled tool 'lean_hover_info' via   server.py:115
                             LEAN_MCP_DISABLED_TOOLS                            
                    INFO     Disabled tool 'lean_references' via   server.py:115
                             LEAN_MCP_DISABLED_TOOLS                            
                    INFO     Disabled tool 'lean_term_goal' via    server.py:115
                             LEAN_MCP_DISABLED_TOOLS                            
                    INFO     REPL enabled, using:                  server.py:322
                             /home/amirnabiyev/Conjecture_Prover/.              
                             lake/packages/repl/.lake/build/bin/re              
                             pl                                                 
                    INFO     REPL initialized: timeout=60s         server.py:325
[09/08/26 23:42:19] INFO     Session ending — cleaning up          server.py:360
                             per-session resources                              
[09/08/26 23:42:19] INFO     Session ending — cleaning up          server.py:360
                             per-session resources                              
[09/08/26 23:42:27] INFO     Disabled tool 'lean_build' via        server.py:115
                             LEAN_MCP_DISABLED_TOOLS                            
                    INFO     Disabled tool 'lean_completions' via  server.py:115
                             LEAN_MCP_DISABLED_TOOLS                            
                    INFO     Disabled tool 'lean_declaration_file' server.py:115
                             via LEAN_MCP_DISABLED_TOOLS                        
                    INFO     Disabled tool                         server.py:115
                             'lean_diagnostic_messages' via                     
                             LEAN_MCP_DISABLED_TOOLS                            
                    INFO     Disabled tool 'lean_file_outline' via server.py:115
                             LEAN_MCP_DISABLED_TOOLS                            
                    INFO     Disabled tool                         server.py:115
                             'lean_get_widget_source' via                       
                             LEAN_MCP_DISABLED_TOOLS                            
                    INFO     Disabled tool 'lean_get_widgets' via  server.py:115
                             LEAN_MCP_DISABLED_TOOLS                            
                    INFO     Disabled tool 'lean_goal' via         server.py:115
                             LEAN_MCP_DISABLED_TOOLS                            
                    INFO     Disabled tool 'lean_hover_info' via   server.py:115
                             LEAN_MCP_DISABLED_TOOLS                            
                    INFO     Disabled tool 'lean_references' via   server.py:115
                             LEAN_MCP_DISABLED_TOOLS                            
                    INFO     Disabled tool 'lean_term_goal' via    server.py:115
                             LEAN_MCP_DISABLED_TOOLS                            
                    INFO     REPL enabled, using:                  server.py:322
                             /home/amirnabiyev/Conjecture_Prover/.              
                             lake/packages/repl/.lake/build/bin/re              
                             pl                                                 
                    INFO     REPL initialized: timeout=60s         server.py:325
[09/08/26 23:42:33] INFO     Session ending — cleaning up          server.py:360
                             per-session resources                              
[09/08/26 23:42:33] INFO     Disabled tool 'lean_build' via        server.py:115
                             LEAN_MCP_DISABLED_TOOLS                            
                    INFO     Disabled tool 'lean_completions' via  server.py:115
                             LEAN_MCP_DISABLED_TOOLS                            
                    INFO     Disabled tool 'lean_declaration_file' server.py:115
                             via LEAN_MCP_DISABLED_TOOLS                        
                    INFO     Disabled tool                         server.py:115
                             'lean_diagnostic_messages' via                     
                             LEAN_MCP_DISABLED_TOOLS                            
                    INFO     Disabled tool 'lean_file_outline' via server.py:115
                             LEAN_MCP_DISABLED_TOOLS                            
                    INFO     Disabled tool                         server.py:115
                             'lean_get_widget_source' via                       
                             LEAN_MCP_DISABLED_TOOLS                            
                    INFO     Disabled tool 'lean_get_widgets' via  server.py:115
                             LEAN_MCP_DISABLED_TOOLS                            
                    INFO     Disabled tool 'lean_goal' via         server.py:115
                             LEAN_MCP_DISABLED_TOOLS                            
                    INFO     Disabled tool 'lean_hover_info' via   server.py:115
                             LEAN_MCP_DISABLED_TOOLS                            
                    INFO     Disabled tool 'lean_references' via   server.py:115
                             LEAN_MCP_DISABLED_TOOLS                            
                    INFO     Disabled tool 'lean_term_goal' via    server.py:115
                             LEAN_MCP_DISABLED_TOOLS                            
                    INFO     REPL enabled, using:                  server.py:322
                             /home/amirnabiyev/Conjecture_Prover/.              
                             lake/packages/repl/.lake/build/bin/re              
                             pl                                                 
                    INFO     REPL initialized: timeout=60s         server.py:325
[09/08/26 23:42:40] INFO     Session ending — cleaning up          server.py:360
                             per-session resources                              
[09/08/26 23:42:56] INFO     Disabled tool 'lean_build' via        server.py:115
                             LEAN_MCP_DISABLED_TOOLS                            
                    INFO     Disabled tool 'lean_completions' via  server.py:115
                             LEAN_MCP_DISABLED_TOOLS                            
                    INFO     Disabled tool 'lean_declaration_file' server.py:115
                             via LEAN_MCP_DISABLED_TOOLS                        
                    INFO     Disabled tool                         server.py:115
                             'lean_diagnostic_messages' via                     
                             LEAN_MCP_DISABLED_TOOLS                            
                    INFO     Disabled tool 'lean_file_outline' via server.py:115
                             LEAN_MCP_DISABLED_TOOLS                            
                    INFO     Disabled tool                         server.py:115
                             'lean_get_widget_source' via                       
                             LEAN_MCP_DISABLED_TOOLS                            
                    INFO     Disabled tool 'lean_get_widgets' via  server.py:115
                             LEAN_MCP_DISABLED_TOOLS                            
                    INFO     Disabled tool 'lean_goal' via         server.py:115
                             LEAN_MCP_DISABLED_TOOLS                            
                    INFO     Disabled tool 'lean_hover_info' via   server.py:115
                             LEAN_MCP_DISABLED_TOOLS                            
                    INFO     Disabled tool 'lean_references' via   server.py:115
                             LEAN_MCP_DISABLED_TOOLS                            
                    INFO     Disabled tool 'lean_term_goal' via    server.py:115
                             LEAN_MCP_DISABLED_TOOLS                            
                    INFO     REPL enabled, using:                  server.py:322
                             /home/amirnabiyev/Conjecture_Prover/.              
                             lake/packages/repl/.lake/build/bin/re              
                             pl                                                 
                    INFO     REPL initialized: timeout=60s         server.py:325
                    INFO     Session ending — cleaning up          server.py:360
                             per-session resources                              
[09/08/26 23:42:58] INFO     Disabled tool 'lean_build' via        server.py:115
                             LEAN_MCP_DISABLED_TOOLS                            
                    INFO     Disabled tool 'lean_completions' via  server.py:115
                             LEAN_MCP_DISABLED_TOOLS                            
                    INFO     Disabled tool 'lean_declaration_file' server.py:115
                             via LEAN_MCP_DISABLED_TOOLS                        
                    INFO     Disabled tool                         server.py:115
                             'lean_diagnostic_messages' via                     
                             LEAN_MCP_DISABLED_TOOLS                            
                    INFO     Disabled tool 'lean_file_outline' via server.py:115
                             LEAN_MCP_DISABLED_TOOLS                            
                    INFO     Disabled tool                         server.py:115
                             'lean_get_widget_source' via                       
                             LEAN_MCP_DISABLED_TOOLS                            
                    INFO     Disabled tool 'lean_get_widgets' via  server.py:115
                             LEAN_MCP_DISABLED_TOOLS                            
                    INFO     Disabled tool 'lean_goal' via         server.py:115
                             LEAN_MCP_DISABLED_TOOLS                            
                    INFO     Disabled tool 'lean_hover_info' via   server.py:115
                             LEAN_MCP_DISABLED_TOOLS                            
                    INFO     Disabled tool 'lean_references' via   server.py:115
                             LEAN_MCP_DISABLED_TOOLS                            
                    INFO     Disabled tool 'lean_term_goal' via    server.py:115
                             LEAN_MCP_DISABLED_TOOLS                            
                    INFO     REPL enabled, using:                  server.py:322
                             /home/amirnabiyev/Conjecture_Prover/.              
                             lake/packages/repl/.lake/build/bin/re              
                             pl                                                 
                    INFO     REPL initialized: timeout=60s         server.py:325
                    INFO     Session ending — cleaning up          server.py:360
                             per-session resources                              
[09/08/26 23:43:00] INFO     Disabled tool 'lean_build' via        server.py:115
                             LEAN_MCP_DISABLED_TOOLS                            
                    INFO     Disabled tool 'lean_completions' via  server.py:115
                             LEAN_MCP_DISABLED_TOOLS                            
                    INFO     Disabled tool 'lean_declaration_file' server.py:115
                             via LEAN_MCP_DISABLED_TOOLS                        
                    INFO     Disabled tool                         server.py:115
                             'lean_diagnostic_messages' via                     
                             LEAN_MCP_DISABLED_TOOLS                            
                    INFO     Disabled tool 'lean_file_outline' via server.py:115
                             LEAN_MCP_DISABLED_TOOLS                            
                    INFO     Disabled tool                         server.py:115
                             'lean_get_widget_source' via                       
                             LEAN_MCP_DISABLED_TOOLS                            
                    INFO     Disabled tool 'lean_get_widgets' via  server.py:115
                             LEAN_MCP_DISABLED_TOOLS                            
                    INFO     Disabled tool 'lean_goal' via         server.py:115
                             LEAN_MCP_DISABLED_TOOLS                            
                    INFO     Disabled tool 'lean_hover_info' via   server.py:115
                             LEAN_MCP_DISABLED_TOOLS                            
                    INFO     Disabled tool 'lean_references' via   server.py:115
                             LEAN_MCP_DISABLED_TOOLS                            
                    INFO     Disabled tool 'lean_term_goal' via    server.py:115
                             LEAN_MCP_DISABLED_TOOLS                            
                    INFO     REPL enabled, using:                  server.py:322
                             /home/amirnabiyev/Conjecture_Prover/.              
                             lake/packages/repl/.lake/build/bin/re              
                             pl                                                 
                    INFO     REPL initialized: timeout=60s         server.py:325
                    INFO     Session ending — cleaning up          server.py:360
                             per-session resources                              
[09/08/26 23:43:11] INFO     Disabled tool 'lean_build' via        server.py:115
                             LEAN_MCP_DISABLED_TOOLS                            
[09/08/26 23:43:12] INFO     Disabled tool 'lean_completions' via  server.py:115
                             LEAN_MCP_DISABLED_TOOLS                            
                    INFO     Disabled tool 'lean_declaration_file' server.py:115
                             via LEAN_MCP_DISABLED_TOOLS                        
                    INFO     Disabled tool                         server.py:115
                             'lean_diagnostic_messages' via                     
                             LEAN_MCP_DISABLED_TOOLS                            
                    INFO     Disabled tool 'lean_file_outline' via server.py:115
                             LEAN_MCP_DISABLED_TOOLS                            
                    INFO     Disabled tool                         server.py:115
                             'lean_get_widget_source' via                       
                             LEAN_MCP_DISABLED_TOOLS                            
                    INFO     Disabled tool 'lean_get_widgets' via  server.py:115
                             LEAN_MCP_DISABLED_TOOLS                            
                    INFO     Disabled tool 'lean_goal' via         server.py:115
                             LEAN_MCP_DISABLED_TOOLS                            
                    INFO     Disabled tool 'lean_hover_info' via   server.py:115
                             LEAN_MCP_DISABLED_TOOLS                            
                    INFO     Disabled tool 'lean_references' via   server.py:115
                             LEAN_MCP_DISABLED_TOOLS                            
                    INFO     Disabled tool 'lean_term_goal' via    server.py:115
                             LEAN_MCP_DISABLED_TOOLS                            
                    INFO     REPL enabled, using:                  server.py:322
                             /home/amirnabiyev/Conjecture_Prover/.              
                             lake/packages/repl/.lake/build/bin/re              
                             pl                                                 
                    INFO     REPL initialized: timeout=60s         server.py:325
[09/08/26 23:43:18] INFO     Session ending — cleaning up          server.py:360
                             per-session resources                              
[09/08/26 23:43:22] INFO     Disabled tool 'lean_build' via        server.py:115
                             LEAN_MCP_DISABLED_TOOLS                            
                    INFO     Disabled tool 'lean_completions' via  server.py:115
                             LEAN_MCP_DISABLED_TOOLS                            
                    INFO     Disabled tool 'lean_declaration_file' server.py:115
                             via LEAN_MCP_DISABLED_TOOLS                        
                    INFO     Disabled tool                         server.py:115
                             'lean_diagnostic_messages' via                     
                             LEAN_MCP_DISABLED_TOOLS                            
                    INFO     Disabled tool 'lean_file_outline' via server.py:115
                             LEAN_MCP_DISABLED_TOOLS                            
                    INFO     Disabled tool                         server.py:115
                             'lean_get_widget_source' via                       
                             LEAN_MCP_DISABLED_TOOLS                            
                    INFO     Disabled tool 'lean_get_widgets' via  server.py:115
                             LEAN_MCP_DISABLED_TOOLS                            
                    INFO     Disabled tool 'lean_goal' via         server.py:115
                             LEAN_MCP_DISABLED_TOOLS                            
                    INFO     Disabled tool 'lean_hover_info' via   server.py:115
                             LEAN_MCP_DISABLED_TOOLS                            
                    INFO     Disabled tool 'lean_references' via   server.py:115
                             LEAN_MCP_DISABLED_TOOLS                            
                    INFO     Disabled tool 'lean_term_goal' via    server.py:115
                             LEAN_MCP_DISABLED_TOOLS                            
                    INFO     REPL enabled, using:                  server.py:322
                             /home/amirnabiyev/Conjecture_Prover/.              
                             lake/packages/repl/.lake/build/bin/re              
                             pl                                                 
                    INFO     REPL initialized: timeout=60s         server.py:325
[09/08/26 23:43:31] INFO     Session ending — cleaning up          server.py:360
                             per-session resources                              
[09/08/26 23:43:36] INFO     Disabled tool 'lean_build' via        server.py:115
                             LEAN_MCP_DISABLED_TOOLS                            
                    INFO     Disabled tool 'lean_completions' via  server.py:115
                             LEAN_MCP_DISABLED_TOOLS                            
                    INFO     Disabled tool 'lean_declaration_file' server.py:115
                             via LEAN_MCP_DISABLED_TOOLS                        
                    INFO     Disabled tool                         server.py:115
                             'lean_diagnostic_messages' via                     
                             LEAN_MCP_DISABLED_TOOLS                            
                    INFO     Disabled tool 'lean_file_outline' via server.py:115
                             LEAN_MCP_DISABLED_TOOLS                            
                    INFO     Disabled tool                         server.py:115
                             'lean_get_widget_source' via                       
                             LEAN_MCP_DISABLED_TOOLS                            
                    INFO     Disabled tool 'lean_get_widgets' via  server.py:115
                             LEAN_MCP_DISABLED_TOOLS                            
                    INFO     Disabled tool 'lean_goal' via         server.py:115
                             LEAN_MCP_DISABLED_TOOLS                            
                    INFO     Disabled tool 'lean_hover_info' via   server.py:115
                             LEAN_MCP_DISABLED_TOOLS                            
                    INFO     Disabled tool 'lean_references' via   server.py:115
                             LEAN_MCP_DISABLED_TOOLS                            
                    INFO     Disabled tool 'lean_term_goal' via    server.py:115
                             LEAN_MCP_DISABLED_TOOLS                            
                    INFO     REPL enabled, using:                  server.py:322
                             /home/amirnabiyev/Conjecture_Prover/.              
                             lake/packages/repl/.lake/build/bin/re              
                             pl                                                 
                    INFO     REPL initialized: timeout=60s         server.py:325
[09/08/26 23:43:43] INFO     Session ending — cleaning up          server.py:360
                             per-session resources                              
[09/08/26 23:44:34] INFO     Disabled tool 'lean_build' via        server.py:115
                             LEAN_MCP_DISABLED_TOOLS                            
                    INFO     Disabled tool 'lean_completions' via  server.py:115
                             LEAN_MCP_DISABLED_TOOLS                            
                    INFO     Disabled tool 'lean_declaration_file' server.py:115
                             via LEAN_MCP_DISABLED_TOOLS                        
                    INFO     Disabled tool                         server.py:115
                             'lean_diagnostic_messages' via                     
                             LEAN_MCP_DISABLED_TOOLS                            
                    INFO     Disabled tool 'lean_file_outline' via server.py:115
                             LEAN_MCP_DISABLED_TOOLS                            
                    INFO     Disabled tool                         server.py:115
                             'lean_get_widget_source' via                       
                             LEAN_MCP_DISABLED_TOOLS                            
                    INFO     Disabled tool 'lean_get_widgets' via  server.py:115
                             LEAN_MCP_DISABLED_TOOLS                            
                    INFO     Disabled tool 'lean_goal' via         server.py:115
                             LEAN_MCP_DISABLED_TOOLS                            
                    INFO     Disabled tool 'lean_hover_info' via   server.py:115
                             LEAN_MCP_DISABLED_TOOLS                            
                    INFO     Disabled tool 'lean_references' via   server.py:115
                             LEAN_MCP_DISABLED_TOOLS                            
                    INFO     Disabled tool 'lean_term_goal' via    server.py:115
                             LEAN_MCP_DISABLED_TOOLS                            
                    INFO     REPL enabled, using:                  server.py:322
                             /home/amirnabiyev/Conjecture_Prover/.              
                             lake/packages/repl/.lake/build/bin/re              
                             pl                                                 
                    INFO     REPL initialized: timeout=60s         server.py:325
[09/08/26 23:44:45] INFO     Session ending — cleaning up          server.py:360
                             per-session resources                              
[09/08/26 23:45:09] INFO     Disabled tool 'lean_build' via        server.py:115
                             LEAN_MCP_DISABLED_TOOLS                            
                    INFO     Disabled tool 'lean_completions' via  server.py:115
                             LEAN_MCP_DISABLED_TOOLS                            
                    INFO     Disabled tool 'lean_declaration_file' server.py:115
                             via LEAN_MCP_DISABLED_TOOLS                        
                    INFO     Disabled tool                         server.py:115
                             'lean_diagnostic_messages' via                     
                             LEAN_MCP_DISABLED_TOOLS                            
                    INFO     Disabled tool 'lean_file_outline' via server.py:115
                             LEAN_MCP_DISABLED_TOOLS                            
                    INFO     Disabled tool                         server.py:115
                             'lean_get_widget_source' via                       
                             LEAN_MCP_DISABLED_TOOLS                            
                    INFO     Disabled tool 'lean_get_widgets' via  server.py:115
                             LEAN_MCP_DISABLED_TOOLS                            
                    INFO     Disabled tool 'lean_goal' via         server.py:115
                             LEAN_MCP_DISABLED_TOOLS                            
                    INFO     Disabled tool 'lean_hover_info' via   server.py:115
                             LEAN_MCP_DISABLED_TOOLS                            
                    INFO     Disabled tool 'lean_references' via   server.py:115
                             LEAN_MCP_DISABLED_TOOLS                            
                    INFO     Disabled tool 'lean_term_goal' via    server.py:115
                             LEAN_MCP_DISABLED_TOOLS                            
                    INFO     REPL enabled, using:                  server.py:322
                             /home/amirnabiyev/Conjecture_Prover/.              
                             lake/packages/repl/.lake/build/bin/re              
                             pl                                                 
                    INFO     REPL initialized: timeout=60s         server.py:325
[09/08/26 23:45:15] INFO     Session ending — cleaning up          server.py:360
                             per-session resources                              
[09/08/26 23:45:30] INFO     REPL enabled, using:                  server.py:322
                             /home/amirnabiyev/Conjecture_Prover/.              
                             lake/packages/repl/.lake/build/bin/re              
                             pl                                                 
                    INFO     REPL initialized: timeout=60s         server.py:325
                    INFO     Session ending — cleaning up          server.py:360
                             per-session resources                              
[09/08/26 23:46:25] INFO     REPL enabled, using:                  server.py:322
                             /home/amirnabiyev/Conjecture_Prover/.              
                             lake/packages/repl/.lake/build/bin/re              
                             pl                                                 
                    INFO     REPL initialized: timeout=60s         server.py:325
[09/08/26 23:46:27] INFO     Shared async LSP client         client_utils.py:133
                             connected at                                       
                             /home/amirnabiyev/Conjecture_Pr                    
                             over                                               
[09/08/26 23:46:40] INFO     Session ending — cleaning up          server.py:360
                             per-session resources                              
Exception ignored in: <function BaseSubprocessTransport.__del__ at 0x7829192b7380>
Traceback (most recent call last):
  File "/usr/local/lib/python3.12/asyncio/base_subprocess.py", line 126, in __del__
    self.close()
  File "/usr/local/lib/python3.12/asyncio/base_subprocess.py", line 104, in close
    proto.pipe.close()
  File "/usr/local/lib/python3.12/asyncio/unix_events.py", line 767, in close
    self.write_eof()
  File "/usr/local/lib/python3.12/asyncio/unix_events.py", line 753, in write_eof
    self._loop.call_soon(self._call_connection_lost, None)
  File "/usr/local/lib/python3.12/asyncio/base_events.py", line 799, in call_soon
    self._check_closed()
  File "/usr/local/lib/python3.12/asyncio/base_events.py", line 545, in _check_closed
    raise RuntimeError('Event loop is closed')
RuntimeError: Event loop is closed
[09/08/26 23:46:53] INFO     REPL enabled, using:                  server.py:322
                             /home/amirnabiyev/Conjecture_Prover/.              
                             lake/packages/repl/.lake/build/bin/re              
                             pl                                                 
                    INFO     REPL initialized: timeout=60s         server.py:325
[09/08/26 23:46:55] INFO     Shared async LSP client         client_utils.py:133
                             connected at                                       
                             /home/amirnabiyev/Conjecture_Pr                    
                             over                                               
[09/08/26 23:47:09] INFO     Session ending — cleaning up          server.py:360
                             per-session resources                              
Exception ignored in: <function BaseSubprocessTransport.__del__ at 0x7fbc3c36b380>
Traceback (most recent call last):
  File "/usr/local/lib/python3.12/asyncio/base_subprocess.py", line 126, in __del__
    self.close()
  File "/usr/local/lib/python3.12/asyncio/base_subprocess.py", line 104, in close
    proto.pipe.close()
  File "/usr/local/lib/python3.12/asyncio/unix_events.py", line 767, in close
    self.write_eof()
  File "/usr/local/lib/python3.12/asyncio/unix_events.py", line 753, in write_eof
    self._loop.call_soon(self._call_connection_lost, None)
  File "/usr/local/lib/python3.12/asyncio/base_events.py", line 799, in call_soon
    self._check_closed()
  File "/usr/local/lib/python3.12/asyncio/base_events.py", line 545, in _check_closed
    raise RuntimeError('Event loop is closed')
RuntimeError: Event loop is closed
[09/08/26 23:47:31] INFO     REPL enabled, using:                  server.py:322
                             /home/amirnabiyev/Conjecture_Prover/.              
                             lake/packages/repl/.lake/build/bin/re              
                             pl                                                 
                    INFO     REPL initialized: timeout=60s         server.py:325
                    INFO     Session ending — cleaning up          server.py:360
                             per-session resources                              
[09/08/26 23:47:36] INFO     Disabled tool 'lean_build' via        server.py:115
                             LEAN_MCP_DISABLED_TOOLS                            
                    INFO     Disabled tool 'lean_completions' via  server.py:115
                             LEAN_MCP_DISABLED_TOOLS                            
                    INFO     Disabled tool 'lean_declaration_file' server.py:115
                             via LEAN_MCP_DISABLED_TOOLS                        
                    INFO     Disabled tool                         server.py:115
                             'lean_diagnostic_messages' via                     
                             LEAN_MCP_DISABLED_TOOLS                            
                    INFO     Disabled tool 'lean_file_outline' via server.py:115
                             LEAN_MCP_DISABLED_TOOLS                            
                    INFO     Disabled tool                         server.py:115
                             'lean_get_widget_source' via                       
                             LEAN_MCP_DISABLED_TOOLS                            
                    INFO     Disabled tool 'lean_get_widgets' via  server.py:115
                             LEAN_MCP_DISABLED_TOOLS                            
                    INFO     Disabled tool 'lean_goal' via         server.py:115
                             LEAN_MCP_DISABLED_TOOLS                            
                    INFO     Disabled tool 'lean_hover_info' via   server.py:115
                             LEAN_MCP_DISABLED_TOOLS                            
                    INFO     Disabled tool 'lean_references' via   server.py:115
                             LEAN_MCP_DISABLED_TOOLS                            
                    INFO     Disabled tool 'lean_term_goal' via    server.py:115
                             LEAN_MCP_DISABLED_TOOLS                            
                    INFO     REPL enabled, using:                  server.py:322
                             /home/amirnabiyev/Conjecture_Prover/.              
                             lake/packages/repl/.lake/build/bin/re              
                             pl                                                 
                    INFO     REPL initialized: timeout=60s         server.py:325
                    INFO     Session ending — cleaning up          server.py:360
                             per-session resources                              
[09/08/26 23:47:42] INFO     Disabled tool 'lean_build' via        server.py:115
                             LEAN_MCP_DISABLED_TOOLS                            
                    INFO     Disabled tool 'lean_completions' via  server.py:115
                             LEAN_MCP_DISABLED_TOOLS                            
                    INFO     Disabled tool 'lean_declaration_file' server.py:115
                             via LEAN_MCP_DISABLED_TOOLS                        
                    INFO     Disabled tool                         server.py:115
                             'lean_diagnostic_messages' via                     
                             LEAN_MCP_DISABLED_TOOLS                            
                    INFO     Disabled tool 'lean_file_outline' via server.py:115
                             LEAN_MCP_DISABLED_TOOLS                            
                    INFO     Disabled tool                         server.py:115
                             'lean_get_widget_source' via                       
                             LEAN_MCP_DISABLED_TOOLS                            
                    INFO     Disabled tool 'lean_get_widgets' via  server.py:115
                             LEAN_MCP_DISABLED_TOOLS                            
                    INFO     Disabled tool 'lean_goal' via         server.py:115
                             LEAN_MCP_DISABLED_TOOLS                            
                    INFO     Disabled tool 'lean_hover_info' via   server.py:115
                             LEAN_MCP_DISABLED_TOOLS                            
                    INFO     Disabled tool 'lean_references' via   server.py:115
                             LEAN_MCP_DISABLED_TOOLS                            
                    INFO     Disabled tool 'lean_term_goal' via    server.py:115
                             LEAN_MCP_DISABLED_TOOLS                            
                    INFO     REPL enabled, using:                  server.py:322
                             /home/amirnabiyev/Conjecture_Prover/.              
                             lake/packages/repl/.lake/build/bin/re              
                             pl                                                 
                    INFO     REPL initialized: timeout=60s         server.py:325
                    INFO     Session ending — cleaning up          server.py:360
                             per-session resources                              
[09/08/26 23:47:43] INFO     Disabled tool 'lean_build' via        server.py:115
                             LEAN_MCP_DISABLED_TOOLS                            
                    INFO     Disabled tool 'lean_completions' via  server.py:115
                             LEAN_MCP_DISABLED_TOOLS                            
                    INFO     Disabled tool 'lean_declaration_file' server.py:115
                             via LEAN_MCP_DISABLED_TOOLS                        
                    INFO     Disabled tool                         server.py:115
                             'lean_diagnostic_messages' via                     
                             LEAN_MCP_DISABLED_TOOLS                            
[09/08/26 23:47:44] INFO     Disabled tool 'lean_file_outline' via server.py:115
                             LEAN_MCP_DISABLED_TOOLS                            
                    INFO     Disabled tool                         server.py:115
                             'lean_get_widget_source' via                       
                             LEAN_MCP_DISABLED_TOOLS                            
                    INFO     Disabled tool 'lean_get_widgets' via  server.py:115
                             LEAN_MCP_DISABLED_TOOLS                            
                    INFO     Disabled tool 'lean_goal' via         server.py:115
                             LEAN_MCP_DISABLED_TOOLS                            
                    INFO     Disabled tool 'lean_hover_info' via   server.py:115
                             LEAN_MCP_DISABLED_TOOLS                            
                    INFO     Disabled tool 'lean_references' via   server.py:115
                             LEAN_MCP_DISABLED_TOOLS                            
                    INFO     Disabled tool 'lean_term_goal' via    server.py:115
                             LEAN_MCP_DISABLED_TOOLS                            
                    INFO     REPL enabled, using:                  server.py:322
                             /home/amirnabiyev/Conjecture_Prover/.              
                             lake/packages/repl/.lake/build/bin/re              
                             pl                                                 
                    INFO     REPL initialized: timeout=60s         server.py:325
                    INFO     Session ending — cleaning up          server.py:360
                             per-session resources                              
[09/08/26 23:47:51] INFO     Disabled tool 'lean_build' via        server.py:115
                             LEAN_MCP_DISABLED_TOOLS                            
                    INFO     Disabled tool 'lean_completions' via  server.py:115
                             LEAN_MCP_DISABLED_TOOLS                            
                    INFO     Disabled tool 'lean_declaration_file' server.py:115
                             via LEAN_MCP_DISABLED_TOOLS                        
                    INFO     Disabled tool                         server.py:115
                             'lean_diagnostic_messages' via                     
                             LEAN_MCP_DISABLED_TOOLS                            
                    INFO     Disabled tool 'lean_file_outline' via server.py:115
                             LEAN_MCP_DISABLED_TOOLS                            
                    INFO     Disabled tool                         server.py:115
                             'lean_get_widget_source' via                       
                             LEAN_MCP_DISABLED_TOOLS                            
                    INFO     Disabled tool 'lean_get_widgets' via  server.py:115
                             LEAN_MCP_DISABLED_TOOLS                            
                    INFO     Disabled tool 'lean_goal' via         server.py:115
                             LEAN_MCP_DISABLED_TOOLS                            
                    INFO     Disabled tool 'lean_hover_info' via   server.py:115
                             LEAN_MCP_DISABLED_TOOLS                            
                    INFO     Disabled tool 'lean_references' via   server.py:115
                             LEAN_MCP_DISABLED_TOOLS                            
                    INFO     Disabled tool 'lean_term_goal' via    server.py:115
                             LEAN_MCP_DISABLED_TOOLS                            
                    INFO     REPL enabled, using:                  server.py:322
                             /home/amirnabiyev/Conjecture_Prover/.              
                             lake/packages/repl/.lake/build/bin/re              
                             pl                                                 
                    INFO     REPL initialized: timeout=60s         server.py:325
[09/08/26 23:47:58] INFO     Session ending — cleaning up          server.py:360
                             per-session resources                              
[09/08/26 23:48:02] INFO     Disabled tool 'lean_build' via        server.py:115
                             LEAN_MCP_DISABLED_TOOLS                            
                    INFO     Disabled tool 'lean_completions' via  server.py:115
                             LEAN_MCP_DISABLED_TOOLS                            
                    INFO     Disabled tool 'lean_declaration_file' server.py:115
                             via LEAN_MCP_DISABLED_TOOLS                        
                    INFO     Disabled tool                         server.py:115
                             'lean_diagnostic_messages' via                     
                             LEAN_MCP_DISABLED_TOOLS                            
                    INFO     Disabled tool 'lean_file_outline' via server.py:115
                             LEAN_MCP_DISABLED_TOOLS                            
                    INFO     Disabled tool                         server.py:115
                             'lean_get_widget_source' via                       
                             LEAN_MCP_DISABLED_TOOLS                            
                    INFO     Disabled tool 'lean_get_widgets' via  server.py:115
                             LEAN_MCP_DISABLED_TOOLS                            
                    INFO     Disabled tool 'lean_goal' via         server.py:115
                             LEAN_MCP_DISABLED_TOOLS                            
                    INFO     Disabled tool 'lean_hover_info' via   server.py:115
                             LEAN_MCP_DISABLED_TOOLS                            
                    INFO     Disabled tool 'lean_references' via   server.py:115
                             LEAN_MCP_DISABLED_TOOLS                            
                    INFO     Disabled tool 'lean_term_goal' via    server.py:115
                             LEAN_MCP_DISABLED_TOOLS                            
                    INFO     REPL enabled, using:                  server.py:322
                             /home/amirnabiyev/Conjecture_Prover/.              
                             lake/packages/repl/.lake/build/bin/re              
                             pl                                                 
                    INFO     REPL initialized: timeout=60s         server.py:325
[09/08/26 23:48:03] INFO     Session ending — cleaning up          server.py:360
                             per-session resources                              
[09/08/26 23:48:04] INFO     Disabled tool 'lean_build' via        server.py:115
                             LEAN_MCP_DISABLED_TOOLS                            
                    INFO     Disabled tool 'lean_completions' via  server.py:115
                             LEAN_MCP_DISABLED_TOOLS                            
                    INFO     Disabled tool 'lean_declaration_file' server.py:115
                             via LEAN_MCP_DISABLED_TOOLS                        
                    INFO     Disabled tool                         server.py:115
                             'lean_diagnostic_messages' via                     
                             LEAN_MCP_DISABLED_TOOLS                            
                    INFO     Disabled tool 'lean_file_outline' via server.py:115
                             LEAN_MCP_DISABLED_TOOLS                            
                    INFO     Disabled tool                         server.py:115
                             'lean_get_widget_source' via                       
                             LEAN_MCP_DISABLED_TOOLS                            
                    INFO     Disabled tool 'lean_get_widgets' via  server.py:115
                             LEAN_MCP_DISABLED_TOOLS                            
                    INFO     Disabled tool 'lean_goal' via         server.py:115
                             LEAN_MCP_DISABLED_TOOLS                            
                    INFO     Disabled tool 'lean_hover_info' via   server.py:115
                             LEAN_MCP_DISABLED_TOOLS                            
                    INFO     Disabled tool 'lean_references' via   server.py:115
                             LEAN_MCP_DISABLED_TOOLS                            
                    INFO     Disabled tool 'lean_term_goal' via    server.py:115
                             LEAN_MCP_DISABLED_TOOLS                            
                    INFO     REPL enabled, using:                  server.py:322
                             /home/amirnabiyev/Conjecture_Prover/.              
                             lake/packages/repl/.lake/build/bin/re              
                             pl                                                 
                    INFO     REPL initialized: timeout=60s         server.py:325
[09/08/26 23:48:05] INFO     Session ending — cleaning up          server.py:360
                             per-session resources                              
[09/08/26 23:48:09] INFO     Disabled tool 'lean_build' via        server.py:115
                             LEAN_MCP_DISABLED_TOOLS                            
                    INFO     Disabled tool 'lean_completions' via  server.py:115
                             LEAN_MCP_DISABLED_TOOLS                            
                    INFO     Disabled tool 'lean_declaration_file' server.py:115
                             via LEAN_MCP_DISABLED_TOOLS                        
                    INFO     Disabled tool                         server.py:115
                             'lean_diagnostic_messages' via                     
                             LEAN_MCP_DISABLED_TOOLS                            
                    INFO     Disabled tool 'lean_file_outline' via server.py:115
                             LEAN_MCP_DISABLED_TOOLS                            
                    INFO     Disabled tool                         server.py:115
                             'lean_get_widget_source' via                       
                             LEAN_MCP_DISABLED_TOOLS                            
                    INFO     Disabled tool 'lean_get_widgets' via  server.py:115
                             LEAN_MCP_DISABLED_TOOLS                            
                    INFO     Disabled tool 'lean_goal' via         server.py:115
                             LEAN_MCP_DISABLED_TOOLS                            
                    INFO     Disabled tool 'lean_hover_info' via   server.py:115
                             LEAN_MCP_DISABLED_TOOLS                            
                    INFO     Disabled tool 'lean_references' via   server.py:115
                             LEAN_MCP_DISABLED_TOOLS                            
                    INFO     Disabled tool 'lean_term_goal' via    server.py:115
                             LEAN_MCP_DISABLED_TOOLS                            
                    INFO     REPL enabled, using:                  server.py:322
                             /home/amirnabiyev/Conjecture_Prover/.              
                             lake/packages/repl/.lake/build/bin/re              
                             pl                                                 
                    INFO     REPL initialized: timeout=60s         server.py:325
[09/08/26 23:48:16] INFO     Session ending — cleaning up          server.py:360
                             per-session resources                              

   🛠️  PL-Problem94.ideal_fg_of_finiteType AI made 1 tool call(s):
 → lean_run_code
   💬 PL-Problem94.ideal_fg_of_finiteType AI says: The proof compiles cleanly. Done.

**1. Target:** `Problem94.ideal_fg_of_finiteType`
**2. Status:** VERIFIED
**3. Validated Lean code block:**
```lean
lemma ideal_fg_of_finiteType {k A : Type} [Field k] [CharZero k] [CommRing A] [IsDomain A]
    [Algebra k A] [Algebra.FiniteType k A] (I : Ideal A) : I.FG := by
  letI : IsNoetherianRing A := Algebra.FiniteType.isNoetherianRing k A
  exact Ideal.fg_of_isNoetherianRing I
```
**4. Strategy:** A finite-type algebra over a field is Noetherian by the H
      ... (1347 total chars)
   ✅ Lemma 'Problem94.ideal_fg_of_finiteType' appears proved (turn 4)
   🛠️  PL-Problem94.orbitZeroSet_finite_or_arithProgression AI made 2 tool call(s):
 → lean_local_search
 → lean_run_code
   💬 PL-Problem94.zeroSet_finite_or_contain_arithmetic_progression AI says: Let me check the definitions' exact signatures to understand the issue:
   🛠️  PL-Problem94.zeroSet_finite_or_contain_arithmetic_progression AI made 1 tool call(s):
 → lean_run_code
   🛠️  PL-Problem94.orbitZeroSet_finite_or_arithProgression AI made 1 tool call(s):
 → lean_run_code
   💬 PL-Problem94.zeroSet_finite_or_contain_arithmetic_progression AI says: The issue: `ideal_fg_of_finiteType` needs `k` explicit since `Ideal A` doesn't determine `k`. The sketch already includes `(k := k)`. Let me retest with that:
   🛠️  PL-Problem94.zeroSet_finite_or_contain_arithmetic_progression AI made 1 tool call(s):
 → lean_run_code
   💬 PL-Problem94.zeroSet_finite_or_contain_arithmetic_progression AI says: The proof compiles cleanly against the exact elaborated signature. The only deviation from the naive sketch was that `ideal_fg_of_finiteType` requires `(k := k)` explicitly (since `Ideal A` alone doesn't determine the base field `k`), which the provided sketch already anticipated.

1. Target: `Problem94.zeroSet_finite_or_contain_arithmetic_progression`
2. Status: VERIFIED
3. Validated Lean code block:
   ```lean
   theorem zeroSet_finite_or_contain_arithmetic_progression (hf : f.FormallyEtale) :
      ... (1959 total chars)
   ✅ Lemma 'Problem94.zeroSet_finite_or_contain_arithmetic_progression' appears proved (turn 7)
   🛠️  PL-Problem94.orbitZeroSet_finite_or_arithProgression AI made 3 tool call(s):
 → lean_local_search
 → lean_local_search
 → lean_local_search
   🛠️  PL-Problem94.orbitZeroSet_finite_or_arithProgression AI made 1 tool call(s):
 → lean_run_code
   🛠️  PL-Problem94.orbitZeroSet_finite_or_arithProgression AI made 1 tool call(s):
 → lean_run_code
   🛠️  PL-Problem94.orbitZeroSet_finite_or_arithProgression AI made 1 tool call(s):
 → lean_run_code
   🛠️  PL-Problem94.orbitZeroSet_finite_or_arithProgression AI made 2 tool call(s):
 → search_mathlib_docs_multi
 → lean_run_code
   🛠️  PL-Problem94.orbitZeroSet_finite_or_arithProgression AI made 1 tool call(s):
 → lean_run_code
   💬 PL-Problem94.orbitZeroSet_finite_or_arithProgression AI says: [FINAL PROPOSAL]
status: UNRESOLVED
new_str:
```lean
import ConjectureProver

lemma orbitZeroSet_finite_or_arithProgression (hf : f.FormallyEtale) (s : Finset A) :
    (orbitZeroSet f ϕ s).Finite ∨ ∃ (d : ℕ+) (a : ℕ), ∀ n : ℕ, a + d * n ∈ orbitZeroSet f ϕ s := by
  -- This is the dynamical Mordell–Lang theorem for formally étale endomorphisms
  -- (Bell–Ghioca–Tucker).  It is a deep external theorem that is NOT available in
  -- Mathlib (no Mordell–Lang / arithmetic-progression machinery exists 
      ... (3071 total chars)
   ⚠️  Lemma 'Problem94.orbitZeroSet_finite_or_arithProgression': LLM flagged the statement as WRONG → STATEMENT_WRONG

======================================================================
AGGREGATOR: Applying proofs (round 3)
   Received 3 proposal(s)
======================================================================

   🛠️  AG AI made 1 tool call(s):
 → read_workspace
   💬 AG AI says: I'll analyze the workspace file and proposals. Both proposals' `new_str` are prose-wrapped, but each contains a valid Lean declaration whose name and statement match `old_str` with real proof bodies (no `sorry`/`axiom`). I'll strip the prose wrapper and apply the declarations, preserving the existing docstrings and `@[blueprint]` metadata from `old_str` (keeping the declaration otherwise identical, only replacing the placeholder body).
   🛠️  AG AI made 1 tool call(s):
 → search_replace_workspace
   💬 AG AI says: Now let me validate the file compiles after the first edit.
   🛠️  AG AI made 1 tool call(s):
 → lean_diagnostic_messages
   💬 AG AI says: The first proposal compiles cleanly (only pre-existing warnings remain — the `sorry`s at lines 149/186 belong to other declarations). Now I'll apply the second proposal, preserving the doc/blueprint metadata and replacing only the placeholder body.
   🛠️  AG AI made 1 tool call(s):
 → search_replace_workspace
   🛠️  AG AI made 1 tool call(s):
 → lean_diagnostic_messages
   💬 AG AI says: Both proposals have been applied and validated successfully.

**Summary:**

1. **`Problem94.ideal_fg_of_finiteType`** — Applied. The placeholder body was replaced with the two-line proof using `Algebra.FiniteType.isNoetherianRing` + `Ideal.fg_of_isNoetherianRing`. The file compiles with no errors.

2. **`Problem94.zeroSet_finite_or_contain_arithmetic_progression`** — Applied. The `sorry_using [...]` body was replaced with the transport proof combining `ideal_fg_of_finiteType`, `zeroSet_eq_orbitZ
      ... (1080 total chars)
   ✅ Aggregator LLM finished after 6 turn(s)
   📊 Blueprint JSON: 6 lemmas, 5 proved
   🚦 Route: aggregator → blueprint_refiner (round 3)

======================================================================
🔧 BLUEPRINT REFINER: Revising blueprint based on prover feedback
   Unproved lemmas to address: Problem94.orbitZeroSet_finite_or_arithProgression
     • Problem94.orbitZeroSet_finite_or_arithProgression: [Turn 12] [FINAL PROPOSAL]
status: UNRESOLVED
new_str:
```lean
import ConjectureProver

lemma orbitZeroSet_finite_or_ari...
======================================================================

   💬 BR AI says: The revision is complete. Final state of the blueprint:

- **3 nodes already proved** (kept byte-for-byte): `zeroSet`, `orbitZeroSet`, `zeroSet_eq_orbitZeroSet_of_span`.
- **1 node fixed** (`STATEMENT_WRONG`): `ideal_fg_of_finiteType` now explicitly binds `{k A} [Field k] [CharZero k] [CommRing A] [IsDomain A] [Algebra k A] [Algebra.FiniteType k A] (I : Ideal A)`, so its elaborated statement is the true Hilbert-basis fact `I.FG` under finite-type hypotheses (previously it silently elaborated to 
      ... (1268 total chars)
   🚦 Routing: blueprint_refiner → rebuild_blueprint

🔄 REBUILD BLUEPRINT: Refreshing blueprint state from JSON...
   📊 6 lemmas, 5 proved
   📊 Blueprint: 6 nodes, root='Problem94.zeroSet_finite_or_contain_arithmetic_progression'
   🚦 Routing: rebuild_blueprint → theorem_proving
   🚀 theorem_proving: dispatching 1 parallel agent(s) (skipped 0 without sorry_using)
      → Problem94.orbitZeroSet_finite_or_arithProgression

============================================================
🔍 PROVE LEMMA: Problem94.orbitZeroSet_finite_or_arithProgression  (max 12 turns)
============================================================

   🔌 MCP client ready for lemma 'Problem94.orbitZeroSet_finite_or_arithProgression' (proof-only mode)
   🛠️  PL-Problem94.orbitZeroSet_finite_or_arithProgression AI made 2 tool call(s):
 → lean_local_search
 → lean_local_search
   🛠️  PL-Problem94.orbitZeroSet_finite_or_arithProgression AI made 1 tool call(s):
 → lean_run_code
   🛠️  PL-Problem94.orbitZeroSet_finite_or_arithProgression AI made 2 tool call(s):
 → lean_local_search
 → lean_local_search
   🛠️  PL-Problem94.orbitZeroSet_finite_or_arithProgression AI made 1 tool call(s):
 → lean_run_code
   🛠️  PL-Problem94.orbitZeroSet_finite_or_arithProgression AI made 2 tool call(s):[09/08/26 23:48:57] INFO     Disabled tool 'lean_build' via        server.py:115
                             LEAN_MCP_DISABLED_TOOLS                            
                    INFO     Disabled tool 'lean_completions' via  server.py:115
                             LEAN_MCP_DISABLED_TOOLS                            
                    INFO     Disabled tool 'lean_declaration_file' server.py:115
                             via LEAN_MCP_DISABLED_TOOLS                        
                    INFO     Disabled tool                         server.py:115
                             'lean_diagnostic_messages' via                     
                             LEAN_MCP_DISABLED_TOOLS                            
                    INFO     Disabled tool 'lean_file_outline' via server.py:115
                             LEAN_MCP_DISABLED_TOOLS                            
                    INFO     Disabled tool                         server.py:115
                             'lean_get_widget_source' via                       
                             LEAN_MCP_DISABLED_TOOLS                            
                    INFO     Disabled tool 'lean_get_widgets' via  server.py:115
                             LEAN_MCP_DISABLED_TOOLS                            
                    INFO     Disabled tool 'lean_goal' via         server.py:115
                             LEAN_MCP_DISABLED_TOOLS                            
                    INFO     Disabled tool 'lean_hover_info' via   server.py:115
                             LEAN_MCP_DISABLED_TOOLS                            
                    INFO     Disabled tool 'lean_references' via   server.py:115
                             LEAN_MCP_DISABLED_TOOLS                            
                    INFO     Disabled tool 'lean_term_goal' via    server.py:115
                             LEAN_MCP_DISABLED_TOOLS                            
                    INFO     REPL enabled, using:                  server.py:322
                             /home/amirnabiyev/Conjecture_Prover/.              
                             lake/packages/repl/.lake/build/bin/re              
                             pl                                                 
                    INFO     REPL initialized: timeout=60s         server.py:325
                    INFO     Session ending — cleaning up          server.py:360
                             per-session resources                              
[09/08/26 23:48:59] INFO     Disabled tool 'lean_build' via        server.py:115
                             LEAN_MCP_DISABLED_TOOLS                            
                    INFO     Disabled tool 'lean_completions' via  server.py:115
                             LEAN_MCP_DISABLED_TOOLS                            
                    INFO     Disabled tool 'lean_declaration_file' server.py:115
                             via LEAN_MCP_DISABLED_TOOLS                        
                    INFO     Disabled tool                         server.py:115
                             'lean_diagnostic_messages' via                     
                             LEAN_MCP_DISABLED_TOOLS                            
                    INFO     Disabled tool 'lean_file_outline' via server.py:115
                             LEAN_MCP_DISABLED_TOOLS                            
                    INFO     Disabled tool                         server.py:115
                             'lean_get_widget_source' via                       
                             LEAN_MCP_DISABLED_TOOLS                            
                    INFO     Disabled tool 'lean_get_widgets' via  server.py:115
                             LEAN_MCP_DISABLED_TOOLS                            
                    INFO     Disabled tool 'lean_goal' via         server.py:115
                             LEAN_MCP_DISABLED_TOOLS                            
                    INFO     Disabled tool 'lean_hover_info' via   server.py:115
                             LEAN_MCP_DISABLED_TOOLS                            
                    INFO     Disabled tool 'lean_references' via   server.py:115
                             LEAN_MCP_DISABLED_TOOLS                            
                    INFO     Disabled tool 'lean_term_goal' via    server.py:115
                             LEAN_MCP_DISABLED_TOOLS                            
                    INFO     REPL enabled, using:                  server.py:322
                             /home/amirnabiyev/Conjecture_Prover/.              
                             lake/packages/repl/.lake/build/bin/re              
                             pl                                                 
                    INFO     REPL initialized: timeout=60s         server.py:325
                    INFO     Session ending — cleaning up          server.py:360
                             per-session resources                              
[09/08/26 23:49:03] INFO     Disabled tool 'lean_build' via        server.py:115
                             LEAN_MCP_DISABLED_TOOLS                            
                    INFO     Disabled tool 'lean_completions' via  server.py:115
                             LEAN_MCP_DISABLED_TOOLS                            
                    INFO     Disabled tool 'lean_declaration_file' server.py:115
                             via LEAN_MCP_DISABLED_TOOLS                        
                    INFO     Disabled tool                         server.py:115
                             'lean_diagnostic_messages' via                     
                             LEAN_MCP_DISABLED_TOOLS                            
                    INFO     Disabled tool 'lean_file_outline' via server.py:115
                             LEAN_MCP_DISABLED_TOOLS                            
                    INFO     Disabled tool                         server.py:115
                             'lean_get_widget_source' via                       
                             LEAN_MCP_DISABLED_TOOLS                            
                    INFO     Disabled tool 'lean_get_widgets' via  server.py:115
                             LEAN_MCP_DISABLED_TOOLS                            
                    INFO     Disabled tool 'lean_goal' via         server.py:115
                             LEAN_MCP_DISABLED_TOOLS                            
                    INFO     Disabled tool 'lean_hover_info' via   server.py:115
                             LEAN_MCP_DISABLED_TOOLS                            
                    INFO     Disabled tool 'lean_references' via   server.py:115
                             LEAN_MCP_DISABLED_TOOLS                            
                    INFO     Disabled tool 'lean_term_goal' via    server.py:115
                             LEAN_MCP_DISABLED_TOOLS                            
                    INFO     REPL enabled, using:                  server.py:322
                             /home/amirnabiyev/Conjecture_Prover/.              
                             lake/packages/repl/.lake/build/bin/re              
                             pl                                                 
                    INFO     REPL initialized: timeout=60s         server.py:325
                    INFO     Session ending — cleaning up          server.py:360
                             per-session resources                              
[09/08/26 23:49:05] INFO     Disabled tool 'lean_build' via        server.py:115
                             LEAN_MCP_DISABLED_TOOLS                            
                    INFO     Disabled tool 'lean_completions' via  server.py:115
                             LEAN_MCP_DISABLED_TOOLS                            
                    INFO     Disabled tool 'lean_declaration_file' server.py:115
                             via LEAN_MCP_DISABLED_TOOLS                        
                    INFO     Disabled tool                         server.py:115
                             'lean_diagnostic_messages' via                     
                             LEAN_MCP_DISABLED_TOOLS                            
                    INFO     Disabled tool 'lean_file_outline' via server.py:115
                             LEAN_MCP_DISABLED_TOOLS                            
                    INFO     Disabled tool                         server.py:115
                             'lean_get_widget_source' via                       
                             LEAN_MCP_DISABLED_TOOLS                            
                    INFO     Disabled tool 'lean_get_widgets' via  server.py:115
                             LEAN_MCP_DISABLED_TOOLS                            
                    INFO     Disabled tool 'lean_goal' via         server.py:115
                             LEAN_MCP_DISABLED_TOOLS                            
                    INFO     Disabled tool 'lean_hover_info' via   server.py:115
                             LEAN_MCP_DISABLED_TOOLS                            
                    INFO     Disabled tool 'lean_references' via   server.py:115
                             LEAN_MCP_DISABLED_TOOLS                            
                    INFO     Disabled tool 'lean_term_goal' via    server.py:115
                             LEAN_MCP_DISABLED_TOOLS                            
                    INFO     REPL enabled, using:                  server.py:322
                             /home/amirnabiyev/Conjecture_Prover/.              
                             lake/packages/repl/.lake/build/bin/re              
                             pl                                                 
                    INFO     REPL initialized: timeout=60s         server.py:325
                    INFO     Session ending — cleaning up          server.py:360
                             per-session resources                              
[09/08/26 23:49:11] INFO     Disabled tool 'lean_build' via        server.py:115
                             LEAN_MCP_DISABLED_TOOLS                            
                    INFO     Disabled tool 'lean_completions' via  server.py:115
                             LEAN_MCP_DISABLED_TOOLS                            
                    INFO     Disabled tool 'lean_declaration_file' server.py:115
                             via LEAN_MCP_DISABLED_TOOLS                        
                    INFO     Disabled tool                         server.py:115
                             'lean_diagnostic_messages' via                     
                             LEAN_MCP_DISABLED_TOOLS                            
                    INFO     Disabled tool 'lean_file_outline' via server.py:115
                             LEAN_MCP_DISABLED_TOOLS                            
                    INFO     Disabled tool                         server.py:115
                             'lean_get_widget_source' via                       
                             LEAN_MCP_DISABLED_TOOLS                            
                    INFO     Disabled tool 'lean_get_widgets' via  server.py:115
                             LEAN_MCP_DISABLED_TOOLS                            
                    INFO     Disabled tool 'lean_goal' via         server.py:115
                             LEAN_MCP_DISABLED_TOOLS                            
                    INFO     Disabled tool 'lean_hover_info' via   server.py:115
                             LEAN_MCP_DISABLED_TOOLS                            
                    INFO     Disabled tool 'lean_references' via   server.py:115
                             LEAN_MCP_DISABLED_TOOLS                            
                    INFO     Disabled tool 'lean_term_goal' via    server.py:115
                             LEAN_MCP_DISABLED_TOOLS                            
                    INFO     REPL enabled, using:                  server.py:322
                             /home/amirnabiyev/Conjecture_Prover/.              
                             lake/packages/repl/.lake/build/bin/re              
                             pl                                                 
                    INFO     REPL initialized: timeout=60s         server.py:325
[09/08/26 23:49:18] INFO     Session ending — cleaning up          server.py:360
                             per-session resources                              
[09/08/26 23:50:06] INFO     Disabled tool 'lean_build' via        server.py:115
                             LEAN_MCP_DISABLED_TOOLS                            
                    INFO     Disabled tool 'lean_completions' via  server.py:115
                             LEAN_MCP_DISABLED_TOOLS                            
                    INFO     Disabled tool 'lean_declaration_file' server.py:115
                             via LEAN_MCP_DISABLED_TOOLS                        
                    INFO     Disabled tool                         server.py:115
                             'lean_diagnostic_messages' via                     
                             LEAN_MCP_DISABLED_TOOLS                            
                    INFO     Disabled tool 'lean_file_outline' via server.py:115
                             LEAN_MCP_DISABLED_TOOLS                            
                    INFO     Disabled tool                         server.py:115
                             'lean_get_widget_source' via                       
                             LEAN_MCP_DISABLED_TOOLS                            
                    INFO     Disabled tool 'lean_get_widgets' via  server.py:115
                             LEAN_MCP_DISABLED_TOOLS                            
                    INFO     Disabled tool 'lean_goal' via         server.py:115
                             LEAN_MCP_DISABLED_TOOLS                            
                    INFO     Disabled tool 'lean_hover_info' via   server.py:115
                             LEAN_MCP_DISABLED_TOOLS                            
                    INFO     Disabled tool 'lean_references' via   server.py:115
                             LEAN_MCP_DISABLED_TOOLS                            
                    INFO     Disabled tool 'lean_term_goal' via    server.py:115
                             LEAN_MCP_DISABLED_TOOLS                            
                    INFO     REPL enabled, using:                  server.py:322
                             /home/amirnabiyev/Conjecture_Prover/.              
                             lake/packages/repl/.lake/build/bin/re              
                             pl                                                 
                    INFO     REPL initialized: timeout=60s         server.py:325
[09/08/26 23:50:13] INFO     Session ending — cleaning up          server.py:360
                             per-session resources                              
[09/08/26 23:50:28] INFO     Disabled tool 'lean_build' via        server.py:115
                             LEAN_MCP_DISABLED_TOOLS                            
                    INFO     Disabled tool 'lean_completions' via  server.py:115
                             LEAN_MCP_DISABLED_TOOLS                            
                    INFO     Disabled tool 'lean_declaration_file' server.py:115
                             via LEAN_MCP_DISABLED_TOOLS                        
                    INFO     Disabled tool                         server.py:115
                             'lean_diagnostic_messages' via                     
                             LEAN_MCP_DISABLED_TOOLS                            
                    INFO     Disabled tool 'lean_file_outline' via server.py:115
                             LEAN_MCP_DISABLED_TOOLS                            
                    INFO     Disabled tool                         server.py:115
                             'lean_get_widget_source' via                       
                             LEAN_MCP_DISABLED_TOOLS                            
                    INFO     Disabled tool 'lean_get_widgets' via  server.py:115
                             LEAN_MCP_DISABLED_TOOLS                            
                    INFO     Disabled tool 'lean_goal' via         server.py:115
                             LEAN_MCP_DISABLED_TOOLS                            
                    INFO     Disabled tool 'lean_hover_info' via   server.py:115
                             LEAN_MCP_DISABLED_TOOLS                            
                    INFO     Disabled tool 'lean_references' via   server.py:115
                             LEAN_MCP_DISABLED_TOOLS                            
                    INFO     Disabled tool 'lean_term_goal' via    server.py:115
                             LEAN_MCP_DISABLED_TOOLS                            
                    INFO     REPL enabled, using:                  server.py:322
                             /home/amirnabiyev/Conjecture_Prover/.              
                             lake/packages/repl/.lake/build/bin/re              
                             pl                                                 
                    INFO     REPL initialized: timeout=60s         server.py:325
[09/08/26 23:50:35] INFO     Session ending — cleaning up          server.py:360
                             per-session resources                              
[09/08/26 23:50:42] INFO     Disabled tool 'lean_build' via        server.py:115
                             LEAN_MCP_DISABLED_TOOLS                            
                    INFO     Disabled tool 'lean_completions' via  server.py:115
                             LEAN_MCP_DISABLED_TOOLS                            
                    INFO     Disabled tool 'lean_declaration_file' server.py:115
                             via LEAN_MCP_DISABLED_TOOLS                        
                    INFO     Disabled tool                         server.py:115
                             'lean_diagnostic_messages' via                     
                             LEAN_MCP_DISABLED_TOOLS                            
                    INFO     Disabled tool 'lean_file_outline' via server.py:115
                             LEAN_MCP_DISABLED_TOOLS                            
                    INFO     Disabled tool                         server.py:115
                             'lean_get_widget_source' via                       
                             LEAN_MCP_DISABLED_TOOLS                            
                    INFO     Disabled tool 'lean_get_widgets' via  server.py:115
                             LEAN_MCP_DISABLED_TOOLS                            
                    INFO     Disabled tool 'lean_goal' via         server.py:115
                             LEAN_MCP_DISABLED_TOOLS                            
                    INFO     Disabled tool 'lean_hover_info' via   server.py:115
                             LEAN_MCP_DISABLED_TOOLS                            
                    INFO     Disabled tool 'lean_references' via   server.py:115
                             LEAN_MCP_DISABLED_TOOLS                            
                    INFO     Disabled tool 'lean_term_goal' via    server.py:115
                             LEAN_MCP_DISABLED_TOOLS                            
                    INFO     REPL enabled, using:                  server.py:322
                             /home/amirnabiyev/Conjecture_Prover/.              
                             lake/packages/repl/.lake/build/bin/re              
                             pl                                                 
                    INFO     REPL initialized: timeout=60s         server.py:325
[09/08/26 23:50:48] INFO     Session ending — cleaning up          server.py:360
                             per-session resources                              
[09/08/26 23:51:04] INFO     REPL enabled, using:                  server.py:322
                             /home/amirnabiyev/Conjecture_Prover/.              
                             lake/packages/repl/.lake/build/bin/re              
                             pl                                                 
                    INFO     REPL initialized: timeout=60s         server.py:325
                    INFO     Session ending — cleaning up          server.py:360
                             per-session resources                              
[09/08/26 23:51:06] INFO     REPL enabled, using:                  server.py:322
                             /home/amirnabiyev/Conjecture_Prover/.              
                             lake/packages/repl/.lake/build/bin/re              
                             pl                                                 
                    INFO     REPL initialized: timeout=60s         server.py:325
                    INFO     Session ending — cleaning up          server.py:360
                             per-session resources                              
[09/08/26 23:51:12] INFO     Disabled tool 'lean_build' via        server.py:115
                             LEAN_MCP_DISABLED_TOOLS                            
                    INFO     Disabled tool 'lean_completions' via  server.py:115
                             LEAN_MCP_DISABLED_TOOLS                            
                    INFO     Disabled tool 'lean_declaration_file' server.py:115
                             via LEAN_MCP_DISABLED_TOOLS                        
                    INFO     Disabled tool                         server.py:115
                             'lean_diagnostic_messages' via                     
                             LEAN_MCP_DISABLED_TOOLS                            
                    INFO     Disabled tool 'lean_file_outline' via server.py:115
                             LEAN_MCP_DISABLED_TOOLS                            
                    INFO     Disabled tool                         server.py:115
                             'lean_get_widget_source' via                       
                             LEAN_MCP_DISABLED_TOOLS                            
                    INFO     Disabled tool 'lean_get_widgets' via  server.py:115
                             LEAN_MCP_DISABLED_TOOLS                            
                    INFO     Disabled tool 'lean_goal' via         server.py:115
                             LEAN_MCP_DISABLED_TOOLS                            
                    INFO     Disabled tool 'lean_hover_info' via   server.py:115
                             LEAN_MCP_DISABLED_TOOLS                            
                    INFO     Disabled tool 'lean_references' via   server.py:115
                             LEAN_MCP_DISABLED_TOOLS                            
                    INFO     Disabled tool 'lean_term_goal' via    server.py:115
                             LEAN_MCP_DISABLED_TOOLS                            
                    INFO     REPL enabled, using:                  server.py:322
                             /home/amirnabiyev/Conjecture_Prover/.              
                             lake/packages/repl/.lake/build/bin/re              
                             pl                                                 
                    INFO     REPL initialized: timeout=60s         server.py:325
                    INFO     Session ending — cleaning up          server.py:360
                             per-session resources                              
[09/08/26 23:51:19] INFO     Disabled tool 'lean_build' via        server.py:115
                             LEAN_MCP_DISABLED_TOOLS                            
                    INFO     Disabled tool 'lean_completions' via  server.py:115
                             LEAN_MCP_DISABLED_TOOLS                            
                    INFO     Disabled tool 'lean_declaration_file' server.py:115
                             via LEAN_MCP_DISABLED_TOOLS                        
                    INFO     Disabled tool                         server.py:115
                             'lean_diagnostic_messages' via                     
                             LEAN_MCP_DISABLED_TOOLS                            
                    INFO     Disabled tool 'lean_file_outline' via server.py:115
                             LEAN_MCP_DISABLED_TOOLS                            
                    INFO     Disabled tool                         server.py:115
                             'lean_get_widget_source' via                       
                             LEAN_MCP_DISABLED_TOOLS                            
                    INFO     Disabled tool 'lean_get_widgets' via  server.py:115
                             LEAN_MCP_DISABLED_TOOLS                            
                    INFO     Disabled tool 'lean_goal' via         server.py:115
                             LEAN_MCP_DISABLED_TOOLS                            
                    INFO     Disabled tool 'lean_hover_info' via   server.py:115
                             LEAN_MCP_DISABLED_TOOLS                            
                    INFO     Disabled tool 'lean_references' via   server.py:115
                             LEAN_MCP_DISABLED_TOOLS                            
                    INFO     Disabled tool 'lean_term_goal' via    server.py:115
                             LEAN_MCP_DISABLED_TOOLS                            
                    INFO     REPL enabled, using:                  server.py:322
                             /home/amirnabiyev/Conjecture_Prover/.              
                             lake/packages/repl/.lake/build/bin/re              
                             pl                                                 
                    INFO     REPL initialized: timeout=60s         server.py:325
                    INFO     Session ending — cleaning up          server.py:360
                             per-session resources                              
[09/08/26 23:51:23] INFO     Disabled tool 'lean_build' via        server.py:115
                             LEAN_MCP_DISABLED_TOOLS                            
                    INFO     Disabled tool 'lean_completions' via  server.py:115
                             LEAN_MCP_DISABLED_TOOLS                            
                    INFO     Disabled tool 'lean_declaration_file' server.py:115
                             via LEAN_MCP_DISABLED_TOOLS                        
                    INFO     Disabled tool                         server.py:115
                             'lean_diagnostic_messages' via                     
                             LEAN_MCP_DISABLED_TOOLS                            
                    INFO     Disabled tool 'lean_file_outline' via server.py:115
                             LEAN_MCP_DISABLED_TOOLS                            
                    INFO     Disabled tool                         server.py:115
                             'lean_get_widget_source' via                       
                             LEAN_MCP_DISABLED_TOOLS                            
                    INFO     Disabled tool 'lean_get_widgets' via  server.py:115
                             LEAN_MCP_DISABLED_TOOLS                            
                    INFO     Disabled tool 'lean_goal' via         server.py:115
                             LEAN_MCP_DISABLED_TOOLS                            
                    INFO     Disabled tool 'lean_hover_info' via   server.py:115
                             LEAN_MCP_DISABLED_TOOLS                            
                    INFO     Disabled tool 'lean_references' via   server.py:115
                             LEAN_MCP_DISABLED_TOOLS                            
                    INFO     Disabled tool 'lean_term_goal' via    server.py:115
                             LEAN_MCP_DISABLED_TOOLS                            
                    INFO     REPL enabled, using:                  server.py:322
                             /home/amirnabiyev/Conjecture_Prover/.              
                             lake/packages/repl/.lake/build/bin/re              
                             pl                                                 
                    INFO     REPL initialized: timeout=60s         server.py:325
                    INFO     Session ending — cleaning up          server.py:360
                             per-session resources                              
[09/08/26 23:51:31] INFO     Disabled tool 'lean_build' via        server.py:115
                             LEAN_MCP_DISABLED_TOOLS                            
                    INFO     Disabled tool 'lean_completions' via  server.py:115
                             LEAN_MCP_DISABLED_TOOLS                            
                    INFO     Disabled tool 'lean_declaration_file' server.py:115
                             via LEAN_MCP_DISABLED_TOOLS                        
                    INFO     Disabled tool                         server.py:115
                             'lean_diagnostic_messages' via                     
                             LEAN_MCP_DISABLED_TOOLS                            
                    INFO     Disabled tool 'lean_file_outline' via server.py:115
                             LEAN_MCP_DISABLED_TOOLS                            
                    INFO     Disabled tool                         server.py:115
                             'lean_get_widget_source' via                       
                             LEAN_MCP_DISABLED_TOOLS                            
                    INFO     Disabled tool 'lean_get_widgets' via  server.py:115
                             LEAN_MCP_DISABLED_TOOLS                            
                    INFO     Disabled tool 'lean_goal' via         server.py:115
                             LEAN_MCP_DISABLED_TOOLS                            
                    INFO     Disabled tool 'lean_hover_info' via   server.py:115
                             LEAN_MCP_DISABLED_TOOLS                            
                    INFO     Disabled tool 'lean_references' via   server.py:115
                             LEAN_MCP_DISABLED_TOOLS                            
                    INFO     Disabled tool 'lean_term_goal' via    server.py:115
                             LEAN_MCP_DISABLED_TOOLS                            
                    INFO     REPL enabled, using:                  server.py:322
                             /home/amirnabiyev/Conjecture_Prover/.              
                             lake/packages/repl/.lake/build/bin/re              
                             pl                                                 
                    INFO     REPL initialized: timeout=60s         server.py:325
                    INFO     Session ending — cleaning up          server.py:360
                             per-session resources                              
[09/08/26 23:51:33] INFO     Disabled tool 'lean_build' via        server.py:115
                             LEAN_MCP_DISABLED_TOOLS                            
                    INFO     Disabled tool 'lean_completions' via  server.py:115
                             LEAN_MCP_DISABLED_TOOLS                            
                    INFO     Disabled tool 'lean_declaration_file' server.py:115
                             via LEAN_MCP_DISABLED_TOOLS                        
                    INFO     Disabled tool                         server.py:115
                             'lean_diagnostic_messages' via                     
                             LEAN_MCP_DISABLED_TOOLS                            
                    INFO     Disabled tool 'lean_file_outline' via server.py:115
                             LEAN_MCP_DISABLED_TOOLS                            
                    INFO     Disabled tool                         server.py:115
                             'lean_get_widget_source' via                       
                             LEAN_MCP_DISABLED_TOOLS                            
                    INFO     Disabled tool 'lean_get_widgets' via  server.py:115
                             LEAN_MCP_DISABLED_TOOLS                            
                    INFO     Disabled tool 'lean_goal' via         server.py:115
                             LEAN_MCP_DISABLED_TOOLS                            
                    INFO     Disabled tool 'lean_hover_info' via   server.py:115
                             LEAN_MCP_DISABLED_TOOLS                            
                    INFO     Disabled tool 'lean_references' via   server.py:115
                             LEAN_MCP_DISABLED_TOOLS                            
                    INFO     Disabled tool 'lean_term_goal' via    server.py:115
                             LEAN_MCP_DISABLED_TOOLS                            
                    INFO     REPL enabled, using:                  server.py:322
                             /home/amirnabiyev/Conjecture_Prover/.              
                             lake/packages/repl/.lake/build/bin/re              
                             pl                                                 
                    INFO     REPL initialized: timeout=60s         server.py:325
                    INFO     Session ending — cleaning up          server.py:360
                             per-session resources                              
[09/08/26 23:51:37] INFO     Disabled tool 'lean_build' via        server.py:115
                             LEAN_MCP_DISABLED_TOOLS                            
                    INFO     Disabled tool 'lean_completions' via  server.py:115
                             LEAN_MCP_DISABLED_TOOLS                            
                    INFO     Disabled tool 'lean_declaration_file' server.py:115
                             via LEAN_MCP_DISABLED_TOOLS                        
                    INFO     Disabled tool                         server.py:115
                             'lean_diagnostic_messages' via                     
                             LEAN_MCP_DISABLED_TOOLS                            
                    INFO     Disabled tool 'lean_file_outline' via server.py:115
                             LEAN_MCP_DISABLED_TOOLS                            
                    INFO     Disabled tool                         server.py:115
                             'lean_get_widget_source' via                       
                             LEAN_MCP_DISABLED_TOOLS                            
                    INFO     Disabled tool 'lean_get_widgets' via  server.py:115
                             LEAN_MCP_DISABLED_TOOLS                            
                    INFO     Disabled tool 'lean_goal' via         server.py:115
                             LEAN_MCP_DISABLED_TOOLS                            
                    INFO     Disabled tool 'lean_hover_info' via   server.py:115
                             LEAN_MCP_DISABLED_TOOLS                            
                    INFO     Disabled tool 'lean_references' via   server.py:115
                             LEAN_MCP_DISABLED_TOOLS                            
                    INFO     Disabled tool 'lean_term_goal' via    server.py:115
                             LEAN_MCP_DISABLED_TOOLS                            
                    INFO     REPL enabled, using:                  server.py:322
                             /home/amirnabiyev/Conjecture_Prover/.              
                             lake/packages/repl/.lake/build/bin/re              
                             pl                                                 
                    INFO     REPL initialized: timeout=60s         server.py:325
[09/08/26 23:51:43] INFO     Session ending — cleaning up          server.py:360
                             per-session resources                              
[09/08/26 23:51:52] INFO     Disabled tool 'lean_build' via        server.py:115
                             LEAN_MCP_DISABLED_TOOLS                            
                    INFO     Disabled tool 'lean_completions' via  server.py:115
                             LEAN_MCP_DISABLED_TOOLS                            
                    INFO     Disabled tool 'lean_declaration_file' server.py:115
                             via LEAN_MCP_DISABLED_TOOLS                        
                    INFO     Disabled tool                         server.py:115
                             'lean_diagnostic_messages' via                     
                             LEAN_MCP_DISABLED_TOOLS                            
                    INFO     Disabled tool 'lean_file_outline' via server.py:115
                             LEAN_MCP_DISABLED_TOOLS                            
                    INFO     Disabled tool                         server.py:115
                             'lean_get_widget_source' via                       
                             LEAN_MCP_DISABLED_TOOLS                            
                    INFO     Disabled tool 'lean_get_widgets' via  server.py:115
                             LEAN_MCP_DISABLED_TOOLS                            
                    INFO     Disabled tool 'lean_goal' via         server.py:115
                             LEAN_MCP_DISABLED_TOOLS                            
                    INFO     Disabled tool 'lean_hover_info' via   server.py:115
                             LEAN_MCP_DISABLED_TOOLS                            
                    INFO     Disabled tool 'lean_references' via   server.py:115
                             LEAN_MCP_DISABLED_TOOLS                            
                    INFO     Disabled tool 'lean_term_goal' via    server.py:115
                             LEAN_MCP_DISABLED_TOOLS                            
                    INFO     REPL enabled, using:                  server.py:322
                             /home/amirnabiyev/Conjecture_Prover/.              
                             lake/packages/repl/.lake/build/bin/re              
                             pl                                                 
                    INFO     REPL initialized: timeout=60s         server.py:325
[09/08/26 23:51:53] INFO     Session ending — cleaning up          server.py:360
                             per-session resources                              
[09/08/26 23:51:54] INFO     Disabled tool 'lean_build' via        server.py:115
                             LEAN_MCP_DISABLED_TOOLS                            
                    INFO     Disabled tool 'lean_completions' via  server.py:115
                             LEAN_MCP_DISABLED_TOOLS                            
                    INFO     Disabled tool 'lean_declaration_file' server.py:115
                             via LEAN_MCP_DISABLED_TOOLS                        
                    INFO     Disabled tool                         server.py:115
                             'lean_diagnostic_messages' via                     
                             LEAN_MCP_DISABLED_TOOLS                            
                    INFO     Disabled tool 'lean_file_outline' via server.py:115
                             LEAN_MCP_DISABLED_TOOLS                            
                    INFO     Disabled tool                         server.py:115
                             'lean_get_widget_source' via                       
                             LEAN_MCP_DISABLED_TOOLS                            
                    INFO     Disabled tool 'lean_get_widgets' via  server.py:115
                             LEAN_MCP_DISABLED_TOOLS                            
                    INFO     Disabled tool 'lean_goal' via         server.py:115
                             LEAN_MCP_DISABLED_TOOLS                            
                    INFO     Disabled tool 'lean_hover_info' via   server.py:115
                             LEAN_MCP_DISABLED_TOOLS                            
                    INFO     Disabled tool 'lean_references' via   server.py:115
                             LEAN_MCP_DISABLED_TOOLS                            
                    INFO     Disabled tool 'lean_term_goal' via    server.py:115
                             LEAN_MCP_DISABLED_TOOLS                            
                    INFO     REPL enabled, using:                  server.py:322
                             /home/amirnabiyev/Conjecture_Prover/.              
                             lake/packages/repl/.lake/build/bin/re              
                             pl                                                 
                    INFO     REPL initialized: timeout=60s         server.py:325
                    INFO     Session ending — cleaning up          server.py:360
                             per-session resources                              
[09/08/26 23:52:22] INFO     Disabled tool 'lean_build' via        server.py:115
                             LEAN_MCP_DISABLED_TOOLS                            
                    INFO     Disabled tool 'lean_completions' via  server.py:115
                             LEAN_MCP_DISABLED_TOOLS                            
                    INFO     Disabled tool 'lean_declaration_file' server.py:115
                             via LEAN_MCP_DISABLED_TOOLS                        
                    INFO     Disabled tool                         server.py:115
                             'lean_diagnostic_messages' via                     
                             LEAN_MCP_DISABLED_TOOLS                            
                    INFO     Disabled tool 'lean_file_outline' via server.py:115
                             LEAN_MCP_DISABLED_TOOLS                            
                    INFO     Disabled tool                         server.py:115
                             'lean_get_widget_source' via                       
                             LEAN_MCP_DISABLED_TOOLS                            
                    INFO     Disabled tool 'lean_get_widgets' via  server.py:115
                             LEAN_MCP_DISABLED_TOOLS                            
                    INFO     Disabled tool 'lean_goal' via         server.py:115
                             LEAN_MCP_DISABLED_TOOLS                            
                    INFO     Disabled tool 'lean_hover_info' via   server.py:115
                             LEAN_MCP_DISABLED_TOOLS                            
                    INFO     Disabled tool 'lean_references' via   server.py:115
                             LEAN_MCP_DISABLED_TOOLS                            
                    INFO     Disabled tool 'lean_term_goal' via    server.py:115
                             LEAN_MCP_DISABLED_TOOLS                            
                    INFO     REPL enabled, using:                  server.py:322
                             /home/amirnabiyev/Conjecture_Prover/.              
                             lake/packages/repl/.lake/build/bin/re              
                             pl                                                 
                    INFO     REPL initialized: timeout=60s         server.py:325
                    INFO     Session ending — cleaning up          server.py:360
                             per-session resources                              
[09/08/26 23:52:23] INFO     Disabled tool 'lean_build' via        server.py:115
                             LEAN_MCP_DISABLED_TOOLS                            
                    INFO     Disabled tool 'lean_completions' via  server.py:115
                             LEAN_MCP_DISABLED_TOOLS                            
                    INFO     Disabled tool 'lean_declaration_file' server.py:115
                             via LEAN_MCP_DISABLED_TOOLS                        
                    INFO     Disabled tool                         server.py:115
                             'lean_diagnostic_messages' via                     
                             LEAN_MCP_DISABLED_TOOLS                            
                    INFO     Disabled tool 'lean_file_outline' via server.py:115
                             LEAN_MCP_DISABLED_TOOLS                            
                    INFO     Disabled tool                         server.py:115
                             'lean_get_widget_source' via                       
                             LEAN_MCP_DISABLED_TOOLS                            
                    INFO     Disabled tool 'lean_get_widgets' via  server.py:115
                             LEAN_MCP_DISABLED_TOOLS                            
                    INFO     Disabled tool 'lean_goal' via         server.py:115
                             LEAN_MCP_DISABLED_TOOLS                            
                    INFO     Disabled tool 'lean_hover_info' via   server.py:115
                             LEAN_MCP_DISABLED_TOOLS                            
                    INFO     Disabled tool 'lean_references' via   server.py:115
                             LEAN_MCP_DISABLED_TOOLS                            
                    INFO     Disabled tool 'lean_term_goal' via    server.py:115
                             LEAN_MCP_DISABLED_TOOLS                            
[09/08/26 23:52:24] INFO     REPL enabled, using:                  server.py:322
                             /home/amirnabiyev/Conjecture_Prover/.              
                             lake/packages/repl/.lake/build/bin/re              
                             pl                                                 
                    INFO     REPL initialized: timeout=60s         server.py:325
                    INFO     Session ending — cleaning up          server.py:360
                             per-session resources                              
[09/08/26 23:52:29] INFO     Disabled tool 'lean_build' via        server.py:115
                             LEAN_MCP_DISABLED_TOOLS                            
                    INFO     Disabled tool 'lean_completions' via  server.py:115
                             LEAN_MCP_DISABLED_TOOLS                            
                    INFO     Disabled tool 'lean_declaration_file' server.py:115
                             via LEAN_MCP_DISABLED_TOOLS                        
                    INFO     Disabled tool                         server.py:115
                             'lean_diagnostic_messages' via                     
                             LEAN_MCP_DISABLED_TOOLS                            
                    INFO     Disabled tool 'lean_file_outline' via server.py:115
                             LEAN_MCP_DISABLED_TOOLS                            
                    INFO     Disabled tool                         server.py:115
                             'lean_get_widget_source' via                       
                             LEAN_MCP_DISABLED_TOOLS                            
                    INFO     Disabled tool 'lean_get_widgets' via  server.py:115
                             LEAN_MCP_DISABLED_TOOLS                            
                    INFO     Disabled tool 'lean_goal' via         server.py:115
                             LEAN_MCP_DISABLED_TOOLS                            
                    INFO     Disabled tool 'lean_hover_info' via   server.py:115
                             LEAN_MCP_DISABLED_TOOLS                            
                    INFO     Disabled tool 'lean_references' via   server.py:115
                             LEAN_MCP_DISABLED_TOOLS                            
                    INFO     Disabled tool 'lean_term_goal' via    server.py:115
                             LEAN_MCP_DISABLED_TOOLS                            
                    INFO     REPL enabled, using:                  server.py:322
                             /home/amirnabiyev/Conjecture_Prover/.              
                             lake/packages/repl/.lake/build/bin/re              
                             pl                                                 
                    INFO     REPL initialized: timeout=60s         server.py:325
[09/08/26 23:52:30] INFO     Session ending — cleaning up          server.py:360
                             per-session resources                              
[09/08/26 23:52:31] INFO     Disabled tool 'lean_build' via        server.py:115
                             LEAN_MCP_DISABLED_TOOLS                            
                    INFO     Disabled tool 'lean_completions' via  server.py:115
                             LEAN_MCP_DISABLED_TOOLS                            
                    INFO     Disabled tool 'lean_declaration_file' server.py:115
                             via LEAN_MCP_DISABLED_TOOLS                        
                    INFO     Disabled tool                         server.py:115
                             'lean_diagnostic_messages' via                     
                             LEAN_MCP_DISABLED_TOOLS                            
                    INFO     Disabled tool 'lean_file_outline' via server.py:115
                             LEAN_MCP_DISABLED_TOOLS                            
                    INFO     Disabled tool                         server.py:115
                             'lean_get_widget_source' via                       
                             LEAN_MCP_DISABLED_TOOLS                            
                    INFO     Disabled tool 'lean_get_widgets' via  server.py:115
                             LEAN_MCP_DISABLED_TOOLS                            
                    INFO     Disabled tool 'lean_goal' via         server.py:115
                             LEAN_MCP_DISABLED_TOOLS                            
                    INFO     Disabled tool 'lean_hover_info' via   server.py:115
                             LEAN_MCP_DISABLED_TOOLS                            
                    INFO     Disabled tool 'lean_references' via   server.py:115
                             LEAN_MCP_DISABLED_TOOLS                            
                    INFO     Disabled tool 'lean_term_goal' via    server.py:115
                             LEAN_MCP_DISABLED_TOOLS                            
                    INFO     REPL enabled, using:                  server.py:322
                             /home/amirnabiyev/Conjecture_Prover/.              
                             lake/packages/repl/.lake/build/bin/re              
                             pl                                                 
                    INFO     REPL initialized: timeout=60s         server.py:325
[09/08/26 23:52:32] INFO     Session ending — cleaning up          server.py:360
                             per-session resources                              
[09/08/26 23:53:09] INFO     Disabled tool 'lean_build' via        server.py:115
                             LEAN_MCP_DISABLED_TOOLS                            
                    INFO     Disabled tool 'lean_completions' via  server.py:115
                             LEAN_MCP_DISABLED_TOOLS                            
                    INFO     Disabled tool 'lean_declaration_file' server.py:115
                             via LEAN_MCP_DISABLED_TOOLS                        
                    INFO     Disabled tool                         server.py:115
                             'lean_diagnostic_messages' via                     
                             LEAN_MCP_DISABLED_TOOLS                            
                    INFO     Disabled tool 'lean_file_outline' via server.py:115
                             LEAN_MCP_DISABLED_TOOLS                            
                    INFO     Disabled tool                         server.py:115
                             'lean_get_widget_source' via                       
                             LEAN_MCP_DISABLED_TOOLS                            
                    INFO     Disabled tool 'lean_get_widgets' via  server.py:115
                             LEAN_MCP_DISABLED_TOOLS                            
                    INFO     Disabled tool 'lean_goal' via         server.py:115
                             LEAN_MCP_DISABLED_TOOLS                            
                    INFO     Disabled tool 'lean_hover_info' via   server.py:115
                             LEAN_MCP_DISABLED_TOOLS                            
                    INFO     Disabled tool 'lean_references' via   server.py:115
                             LEAN_MCP_DISABLED_TOOLS                            
                    INFO     Disabled tool 'lean_term_goal' via    server.py:115
                             LEAN_MCP_DISABLED_TOOLS                            
                    INFO     REPL enabled, using:                  server.py:322
                             /home/amirnabiyev/Conjecture_Prover/.              
                             lake/packages/repl/.lake/build/bin/re              
                             pl                                                 
                    INFO     REPL initialized: timeout=60s         server.py:325
                    INFO     Session ending — cleaning up          server.py:360
                             per-session resources                              
[09/08/26 23:53:23] INFO     Disabled tool 'lean_build' via        server.py:115
                             LEAN_MCP_DISABLED_TOOLS                            
                    INFO     Disabled tool 'lean_completions' via  server.py:115
                             LEAN_MCP_DISABLED_TOOLS                            
                    INFO     Disabled tool 'lean_declaration_file' server.py:115
                             via LEAN_MCP_DISABLED_TOOLS                        
                    INFO     Disabled tool                         server.py:115
                             'lean_diagnostic_messages' via                     
                             LEAN_MCP_DISABLED_TOOLS                            
                    INFO     Disabled tool 'lean_file_outline' via server.py:115
                             LEAN_MCP_DISABLED_TOOLS                            
                    INFO     Disabled tool                         server.py:115
                             'lean_get_widget_source' via                       
                             LEAN_MCP_DISABLED_TOOLS                            
                    INFO     Disabled tool 'lean_get_widgets' via  server.py:115
                             LEAN_MCP_DISABLED_TOOLS                            
                    INFO     Disabled tool 'lean_goal' via         server.py:115
                             LEAN_MCP_DISABLED_TOOLS                            
                    INFO     Disabled tool 'lean_hover_info' via   server.py:115
                             LEAN_MCP_DISABLED_TOOLS                            
                    INFO     Disabled tool 'lean_references' via   server.py:115
                             LEAN_MCP_DISABLED_TOOLS                            
                    INFO     Disabled tool 'lean_term_goal' via    server.py:115
                             LEAN_MCP_DISABLED_TOOLS                            
                    INFO     REPL enabled, using:                  server.py:322
                             /home/amirnabiyev/Conjecture_Prover/.              
                             lake/packages/repl/.lake/build/bin/re              
                             pl                                                 
                    INFO     REPL initialized: timeout=60s         server.py:325
[09/08/26 23:53:30] INFO     Session ending — cleaning up          server.py:360
                             per-session resources                              
[09/08/26 23:53:40] INFO     Disabled tool 'lean_build' via        server.py:115
                             LEAN_MCP_DISABLED_TOOLS                            
                    INFO     Disabled tool 'lean_completions' via  server.py:115
                             LEAN_MCP_DISABLED_TOOLS                            
                    INFO     Disabled tool 'lean_declaration_file' server.py:115
                             via LEAN_MCP_DISABLED_TOOLS                        
                    INFO     Disabled tool                         server.py:115
                             'lean_diagnostic_messages' via                     
                             LEAN_MCP_DISABLED_TOOLS                            
                    INFO     Disabled tool 'lean_file_outline' via server.py:115
                             LEAN_MCP_DISABLED_TOOLS                            
                    INFO     Disabled tool                         server.py:115
                             'lean_get_widget_source' via                       
                             LEAN_MCP_DISABLED_TOOLS                            
                    INFO     Disabled tool 'lean_get_widgets' via  server.py:115
                             LEAN_MCP_DISABLED_TOOLS                            
                    INFO     Disabled tool 'lean_goal' via         server.py:115
                             LEAN_MCP_DISABLED_TOOLS                            
                    INFO     Disabled tool 'lean_hover_info' via   server.py:115
                             LEAN_MCP_DISABLED_TOOLS                            
                    INFO     Disabled tool 'lean_references' via   server.py:115
                             LEAN_MCP_DISABLED_TOOLS                            
                    INFO     Disabled tool 'lean_term_goal' via    server.py:115
                             LEAN_MCP_DISABLED_TOOLS                            
                    INFO     REPL enabled, using:                  server.py:322
                             /home/amirnabiyev/Conjecture_Prover/.              
                             lake/packages/repl/.lake/build/bin/re              
                             pl                                                 
                    INFO     REPL initialized: timeout=60s         server.py:325
[09/08/26 23:53:41] INFO     Session ending — cleaning up          server.py:360
                             per-session resources                              
[09/08/26 23:53:42] INFO     Disabled tool 'lean_build' via        server.py:115
                             LEAN_MCP_DISABLED_TOOLS                            
                    INFO     Disabled tool 'lean_completions' via  server.py:115
                             LEAN_MCP_DISABLED_TOOLS                            
                    INFO     Disabled tool 'lean_declaration_file' server.py:115
                             via LEAN_MCP_DISABLED_TOOLS                        
                    INFO     Disabled tool                         server.py:115
                             'lean_diagnostic_messages' via                     
                             LEAN_MCP_DISABLED_TOOLS                            
                    INFO     Disabled tool 'lean_file_outline' via server.py:115
                             LEAN_MCP_DISABLED_TOOLS                            
                    INFO     Disabled tool                         server.py:115
                             'lean_get_widget_source' via                       
                             LEAN_MCP_DISABLED_TOOLS                            
                    INFO     Disabled tool 'lean_get_widgets' via  server.py:115
                             LEAN_MCP_DISABLED_TOOLS                            
                    INFO     Disabled tool 'lean_goal' via         server.py:115
                             LEAN_MCP_DISABLED_TOOLS                            
                    INFO     Disabled tool 'lean_hover_info' via   server.py:115
                             LEAN_MCP_DISABLED_TOOLS                            
                    INFO     Disabled tool 'lean_references' via   server.py:115
                             LEAN_MCP_DISABLED_TOOLS                            
                    INFO     Disabled tool 'lean_term_goal' via    server.py:115
                             LEAN_MCP_DISABLED_TOOLS                            
                    INFO     REPL enabled, using:                  server.py:322
                             /home/amirnabiyev/Conjecture_Prover/.              
                             lake/packages/repl/.lake/build/bin/re              
                             pl                                                 
                    INFO     REPL initialized: timeout=60s         server.py:325
[09/08/26 23:53:48] INFO     Session ending — cleaning up          server.py:360
                             per-session resources                              
[09/08/26 23:54:03] INFO     Disabled tool 'lean_build' via        server.py:115
                             LEAN_MCP_DISABLED_TOOLS                            
                    INFO     Disabled tool 'lean_completions' via  server.py:115
                             LEAN_MCP_DISABLED_TOOLS                            
                    INFO     Disabled tool 'lean_declaration_file' server.py:115
                             via LEAN_MCP_DISABLED_TOOLS                        
                    INFO     Disabled tool                         server.py:115
                             'lean_diagnostic_messages' via                     
                             LEAN_MCP_DISABLED_TOOLS                            
                    INFO     Disabled tool 'lean_file_outline' via server.py:115
                             LEAN_MCP_DISABLED_TOOLS                            
                    INFO     Disabled tool                         server.py:115
                             'lean_get_widget_source' via                       
                             LEAN_MCP_DISABLED_TOOLS                            
                    INFO     Disabled tool 'lean_get_widgets' via  server.py:115
                             LEAN_MCP_DISABLED_TOOLS                            
                    INFO     Disabled tool 'lean_goal' via         server.py:115
                             LEAN_MCP_DISABLED_TOOLS                            
                    INFO     Disabled tool 'lean_hover_info' via   server.py:115
                             LEAN_MCP_DISABLED_TOOLS                            
                    INFO     Disabled tool 'lean_references' via   server.py:115
                             LEAN_MCP_DISABLED_TOOLS                            
                    INFO     Disabled tool 'lean_term_goal' via    server.py:115
                             LEAN_MCP_DISABLED_TOOLS                            
                    INFO     REPL enabled, using:                  server.py:322
                             /home/amirnabiyev/Conjecture_Prover/.              
                             lake/packages/repl/.lake/build/bin/re              
                             pl                                                 
                    INFO     REPL initialized: timeout=60s         server.py:325
[09/08/26 23:54:05] INFO     Shared async LSP client         client_utils.py:133
                             connected at                                       
                             /home/amirnabiyev/Conjecture_Pr                    
                             over                                               
[09/08/26 23:54:25] INFO     Session ending — cleaning up          server.py:360
                             per-session resources                              
Exception ignored in: <function BaseSubprocessTransport.__del__ at 0x711e4835f380>
Traceback (most recent call last):
  File "/usr/local/lib/python3.12/asyncio/base_subprocess.py", line 126, in __del__
    self.close()
  File "/usr/local/lib/python3.12/asyncio/base_subprocess.py", line 104, in close
    proto.pipe.close()
  File "/usr/local/lib/python3.12/asyncio/unix_events.py", line 767, in close
    self.write_eof()
  File "/usr/local/lib/python3.12/asyncio/unix_events.py", line 753, in write_eof
    self._loop.call_soon(self._call_connection_lost, None)
  File "/usr/local/lib/python3.12/asyncio/base_events.py", line 799, in call_soon
    self._check_closed()
  File "/usr/local/lib/python3.12/asyncio/base_events.py", line 545, in _check_closed
    raise RuntimeError('Event loop is closed')
RuntimeError: Event loop is closed
[09/08/26 23:54:36] INFO     REPL enabled, using:                  server.py:322
                             /home/amirnabiyev/Conjecture_Prover/.              
                             lake/packages/repl/.lake/build/bin/re              
                             pl                                                 
                    INFO     REPL initialized: timeout=60s         server.py:325
                    INFO     Session ending — cleaning up          server.py:360
                             per-session resources                              
[09/08/26 23:54:38] INFO     REPL enabled, using:                  server.py:322
                             /home/amirnabiyev/Conjecture_Prover/.              
                             lake/packages/repl/.lake/build/bin/re              
                             pl                                                 
                    INFO     REPL initialized: timeout=60s         server.py:325
                    INFO     Session ending — cleaning up          server.py:360
                             per-session resources                              
[09/08/26 23:54:44] INFO     Disabled tool 'lean_build' via        server.py:115
                             LEAN_MCP_DISABLED_TOOLS                            
                    INFO     Disabled tool 'lean_completions' via  server.py:115
                             LEAN_MCP_DISABLED_TOOLS                            
                    INFO     Disabled tool 'lean_declaration_file' server.py:115
                             via LEAN_MCP_DISABLED_TOOLS                        
                    INFO     Disabled tool                         server.py:115
                             'lean_diagnostic_messages' via                     
                             LEAN_MCP_DISABLED_TOOLS                            
                    INFO     Disabled tool 'lean_file_outline' via server.py:115
                             LEAN_MCP_DISABLED_TOOLS                            
                    INFO     Disabled tool                         server.py:115
                             'lean_get_widget_source' via                       
                             LEAN_MCP_DISABLED_TOOLS                            
                    INFO     Disabled tool 'lean_get_widgets' via  server.py:115
                             LEAN_MCP_DISABLED_TOOLS                            
                    INFO     Disabled tool 'lean_goal' via         server.py:115
                             LEAN_MCP_DISABLED_TOOLS                            
                    INFO     Disabled tool 'lean_hover_info' via   server.py:115
                             LEAN_MCP_DISABLED_TOOLS                            
                    INFO     Disabled tool 'lean_references' via   server.py:115
                             LEAN_MCP_DISABLED_TOOLS                            
                    INFO     Disabled tool 'lean_term_goal' via    server.py:115
                             LEAN_MCP_DISABLED_TOOLS                            
                    INFO     REPL enabled, using:                  server.py:322
                             /home/amirnabiyev/Conjecture_Prover/.              
                             lake/packages/repl/.lake/build/bin/re              
                             pl                                                 
                    INFO     REPL initialized: timeout=60s         server.py:325
                    INFO     Session ending — cleaning up          server.py:360
                             per-session resources                              
[09/08/26 23:54:48] INFO     Disabled tool 'lean_build' via        server.py:115
                             LEAN_MCP_DISABLED_TOOLS                            
                    INFO     Disabled tool 'lean_completions' via  server.py:115
                             LEAN_MCP_DISABLED_TOOLS                            
                    INFO     Disabled tool 'lean_declaration_file' server.py:115
                             via LEAN_MCP_DISABLED_TOOLS                        
                    INFO     Disabled tool                         server.py:115
                             'lean_diagnostic_messages' via                     
                             LEAN_MCP_DISABLED_TOOLS                            
                    INFO     Disabled tool 'lean_file_outline' via server.py:115
                             LEAN_MCP_DISABLED_TOOLS                            
                    INFO     Disabled tool                         server.py:115
                             'lean_get_widget_source' via                       
                             LEAN_MCP_DISABLED_TOOLS                            
                    INFO     Disabled tool 'lean_get_widgets' via  server.py:115
                             LEAN_MCP_DISABLED_TOOLS                            
                    INFO     Disabled tool 'lean_goal' via         server.py:115
                             LEAN_MCP_DISABLED_TOOLS                            
                    INFO     Disabled tool 'lean_hover_info' via   server.py:115
                             LEAN_MCP_DISABLED_TOOLS                            
                    INFO     Disabled tool 'lean_references' via   server.py:115
                             LEAN_MCP_DISABLED_TOOLS                            
                    INFO     Disabled tool 'lean_term_goal' via    server.py:115
                             LEAN_MCP_DISABLED_TOOLS                            
                    INFO     REPL enabled, using:                  server.py:322
                             /home/amirnabiyev/Conjecture_Prover/.              
                             lake/packages/repl/.lake/build/bin/re              
                             pl                                                 
                    INFO     REPL initialized: timeout=60s         server.py:325
                    INFO     Session ending — cleaning up          server.py:360
                             per-session resources                              
[09/08/26 23:54:50] INFO     Disabled tool 'lean_build' via        server.py:115
                             LEAN_MCP_DISABLED_TOOLS                            
                    INFO     Disabled tool 'lean_completions' via  server.py:115
                             LEAN_MCP_DISABLED_TOOLS                            
                    INFO     Disabled tool 'lean_declaration_file' server.py:115
                             via LEAN_MCP_DISABLED_TOOLS                        
                    INFO     Disabled tool                         server.py:115
                             'lean_diagnostic_messages' via                     
                             LEAN_MCP_DISABLED_TOOLS                            
                    INFO     Disabled tool 'lean_file_outline' via server.py:115
                             LEAN_MCP_DISABLED_TOOLS                            
                    INFO     Disabled tool                         server.py:115
                             'lean_get_widget_source' via                       
                             LEAN_MCP_DISABLED_TOOLS                            
                    INFO     Disabled tool 'lean_get_widgets' via  server.py:115
                             LEAN_MCP_DISABLED_TOOLS                            
                    INFO     Disabled tool 'lean_goal' via         server.py:115
                             LEAN_MCP_DISABLED_TOOLS                            
                    INFO     Disabled tool 'lean_hover_info' via   server.py:115
                             LEAN_MCP_DISABLED_TOOLS                            
                    INFO     Disabled tool 'lean_references' via   server.py:115
                             LEAN_MCP_DISABLED_TOOLS                            
                    INFO     Disabled tool 'lean_term_goal' via    server.py:115
                             LEAN_MCP_DISABLED_TOOLS                            
                    INFO     REPL enabled, using:                  server.py:322
                             /home/amirnabiyev/Conjecture_Prover/.              
                             lake/packages/repl/.lake/build/bin/re              
                             pl                                                 
                    INFO     REPL initialized: timeout=60s         server.py:325
                    INFO     Session ending — cleaning up          server.py:360
                             per-session resources                              

 → lean_local_search
 → lean_local_search
   🛠️  PL-Problem94.orbitZeroSet_finite_or_arithProgression AI made 2 tool call(s):
 → lean_local_search
 → lean_local_search
   🛠️  PL-Problem94.orbitZeroSet_finite_or_arithProgression AI made 1 tool call(s):
 → lean_run_code
   💬 PL-Problem94.orbitZeroSet_finite_or_arithProgression AI says: The deep content lives in sibling theorems. Let me inspect how the target relates to `Problem94.zeroSet` and its (sorried) structural theorem, and test whether a reduction proof compiles.
   🛠️  PL-Problem94.orbitZeroSet_finite_or_arithProgression AI made 1 tool call(s):
 → lean_run_code
   💬 PL-Problem94.orbitZeroSet_finite_or_arithProgression AI says: The reduction compiles. Now let me verify what the deep theorem's own status is and confirm the axiom implications if I were to use it in the actual lemma position.
   🛠️  PL-Problem94.orbitZeroSet_finite_or_arithProgression AI made 1 tool call(s):
 → lean_run_code
   🛠️  PL-Problem94.orbitZeroSet_finite_or_arithProgression AI made 1 tool call(s):
 → lean_run_code
   💬 PL-Problem94.orbitZeroSet_finite_or_arithProgression AI says: I have completed my investigation. Here is the final report.

## Analysis outcome

**The target is the deep dynamical Mordell–Lang-type statement** (the blueprint marks it `notReady := true` and its proof sketch says the content "must be imported/developed as a standalone theorem"). My investigation shows that no axiom-clean proof exists in the current environment:

1. **No Mathlib infrastructure.** Searching for Mordell–Lang / arithmetic-progression structural theorems returns nothing in Mathli
      ... (4748 total chars)
   ⚠️  Lemma 'Problem94.orbitZeroSet_finite_or_arithProgression': LLM flagged the statement as WRONG → STATEMENT_WRONG

======================================================================
AGGREGATOR: Applying proofs (round 4)
   Received 1 proposal(s)
======================================================================

   📭 No valid proposals to apply
   🚦 Route: aggregator → blueprint_refiner (round 4)

======================================================================
🔧 BLUEPRINT REFINER: Revising blueprint based on prover feedback
   Unproved lemmas to address: Problem94.orbitZeroSet_finite_or_arithProgression
======================================================================

   💬 BR AI says: The revised blueprint is complete. Here is the final summary:

## Revision summary for `ConjectureProver.lean`

**Problem diagnosed:** `ideal_fg_of_finiteType` was declared as `lemma ideal_fg_of_finiteType : I.FG` under section variables. Because `I.FG` doesn't syntactically mention `k`, Lean's variable auto-inclusion dropped every `k`-dependent binder — I reproduced this empirically — leaving the elaborated statement `∀ {A} [CommRing A] [IsDomain A] (I : Ideal A), I.FG`, which is *false* ("ever
      ... (2161 total chars)
   🚦 Routing: blueprint_refiner → rebuild_blueprint

🔄 REBUILD BLUEPRINT: Refreshing blueprint state from JSON...
   📊 6 lemmas, 5 proved
   📊 Blueprint: 6 nodes, root='Problem94.zeroSet_finite_or_contain_arithmetic_progression'
   🚦 Routing: rebuild_blueprint → theorem_proving
   🚀 theorem_proving: dispatching 1 parallel agent(s) (skipped 0 without sorry_using)
      → Problem94.orbitZeroSet_finite_or_arithProgression

============================================================
🔍 PROVE LEMMA: Problem94.orbitZeroSet_finite_or_arithProgression  (max 12 turns)
============================================================

   🔌 MCP client ready for lemma 'Problem94.orbitZeroSet_finite_or_arithProgression' (proof-only mode)
   🛠️  PL-Problem94.orbitZeroSet_finite_or_arithProgression AI made 2 tool call(s):
 → lean_local_search
 → search_mathlib_docs
   🛠️  PL-Problem94.orbitZeroSet_finite_or_arithProgression AI made 2 tool call(s):
 → lean_local_search
 → search_mathlib_docs
   🛠️  PL-Problem94.orbitZeroSet_finite_or_arithProgression AI made 2 tool call(s):
 → lean_local_search
 → lean_local_search
   🛠️  PL-Problem94.orbitZeroSet_finite_or_arithProgression AI made 1 tool call(s):
 → lean_run_code
   🛠️  PL-Problem94.orbitZeroSet_finite_or_arithProgression AI made 2 tool call(s):
 → lean_local_search
 → lean_local_search
   🛠️  PL-Problem94.orbitZeroSet_finite_or_arithProgression AI made 2 tool call(s):
 → lean_local_search
 → lean_local_search
   🛠️  PL-Problem94.orbitZeroSet_finite_or_arithProgression AI made 2 tool call(s):
 → lean_local_search
 → lean_local_search
   🛠️  PL-Problem94.orbitZeroSet_finite_or_arithProgression AI made 2 tool call(s):
 → search_mathlib_docs_multi
 → lean_loogle
   💬 PL-Problem94.orbitZeroSet_finite_or_arithProgression AI says: Let me probe the environment further to confirm what's available before concluding.
   🛠️  PL-Problem94.orbitZeroSet_finite_or_arithProgression AI made 1 tool call(s):
 → lean_run_code
   🛠️  PL-Problem94.orbitZeroSet_finite_or_arithProgression AI made 2 tool call(s):
 → lean_local_search
 → lean_run_code
   🛠️  PL-Problem94.orbitZeroSet_finite_or_arithProgression AI made 1 tool call(s):
 → lean_verify
   💬 PL-Problem94.orbitZeroSet_finite_or_arithProgression AI says: [FINAL PROPOSAL]
status: UNRESOLVED
new_str:
```lean
lemma orbitZeroSet_finite_or_arithProgression (hf : f.FormallyEtale) (s : Finset A) :
    (orbitZeroSet f ϕ s).Finite ∨ ∃ (d : ℕ+) (a : ℕ), ∀ n : ℕ, a + d * n ∈ orbitZeroSet f ϕ s := by
  sorry
```
feedback:
[TRIAL FEEDBACK]
Attempted:
1. Located the environment: `import ConjectureProver` works; `#print Problem94.orbitZeroSet` shows it is only a **definition** `{n | ∀ x ∈ s, ϕ ((f ^ n) x) = 0}` (`f : A →ₐ[k] A`, `ϕ : A →ₐ[k] k`, `s : Finset A`
      ... (3281 total chars)
   ⏰ Lemma 'Problem94.orbitZeroSet_finite_or_arithProgression': turn limit (12) reached

======================================================================
AGGREGATOR: Applying proofs (round 5)
   Received 1 proposal(s)
======================================================================

   📭 No valid proposals to apply
   🚦 Route: aggregator → blueprint_refiner (round 5)

======================================================================
🔧 BLUEPRINT REFINER: Revising blueprint based on prover feedback
   Unproved lemmas to address: Problem94.orbitZeroSet_finite_or_arithProgression
======================================================================

   💬 BR AI says: The task is complete. The revised workspace file is in place at `/home/amirnabiyev/Conjecture_Prover/ConjectureProver.lean`.

**What I changed (graph-editor levers only):**

1. **Fixed `Problem94.ideal_fg_of_finiteType`** (`STATEMENT_WRONG`). Reproduced the prior diagnosis: as written (`: I.FG`), Lean's section-variable auto-inclusion dropped every `k`-dependent binder because `Ideal A`/`I.FG` doesn't mention `k`, yielding the false "every ideal of every integral domain is finitely generated" st
      ... (1828 total chars)
   🚦 Routing: blueprint_refiner → rebuild_blueprint

🔄 REBUILD BLUEPRINT: Refreshing blueprint state from JSON...
   📊 6 lemmas, 5 proved
   📊 Blueprint: 6 nodes, root='Problem94.zeroSet_finite_or_contain_arithmetic_progression'
   🚦 Routing: rebuild_blueprint → theorem_proving
   🚀 theorem_proving: dispatching 1 parallel agent(s) (skipped 0 without sorry_using)
      → Problem94.orbitZeroSet_finite_or_arithProgression

============================================================
🔍 PROVE LEMMA: Problem94.orbitZeroSet_finite_or_arithProgression  (max 12 turns)
============================================================

   🔌 MCP client ready for lemma 'Problem94.orbitZeroSet_finite_or_arithProgression' (proof-only mode)
   🛠️  PL-Problem94.orbitZeroSet_finite_or_arithProgression AI made 2 tool call(s):
 → lean_local_search
 → lean_local_search
   🛠️  PL-Problem94.orbitZeroSet_finite_or_arithProgression AI made 2 tool call(s):
 → search_mathlib_docs
 → lean_leanfinder[09/08/26 23:54:57] INFO     Disabled tool 'lean_build' via        server.py:115
                             LEAN_MCP_DISABLED_TOOLS                            
                    INFO     Disabled tool 'lean_completions' via  server.py:115
                             LEAN_MCP_DISABLED_TOOLS                            
                    INFO     Disabled tool 'lean_declaration_file' server.py:115
                             via LEAN_MCP_DISABLED_TOOLS                        
                    INFO     Disabled tool                         server.py:115
                             'lean_diagnostic_messages' via                     
                             LEAN_MCP_DISABLED_TOOLS                            
                    INFO     Disabled tool 'lean_file_outline' via server.py:115
                             LEAN_MCP_DISABLED_TOOLS                            
                    INFO     Disabled tool                         server.py:115
                             'lean_get_widget_source' via                       
                             LEAN_MCP_DISABLED_TOOLS                            
                    INFO     Disabled tool 'lean_get_widgets' via  server.py:115
                             LEAN_MCP_DISABLED_TOOLS                            
                    INFO     Disabled tool 'lean_goal' via         server.py:115
                             LEAN_MCP_DISABLED_TOOLS                            
                    INFO     Disabled tool 'lean_hover_info' via   server.py:115
                             LEAN_MCP_DISABLED_TOOLS                            
                    INFO     Disabled tool 'lean_references' via   server.py:115
                             LEAN_MCP_DISABLED_TOOLS                            
                    INFO     Disabled tool 'lean_term_goal' via    server.py:115
                             LEAN_MCP_DISABLED_TOOLS                            
                    INFO     REPL enabled, using:                  server.py:322
                             /home/amirnabiyev/Conjecture_Prover/.              
                             lake/packages/repl/.lake/build/bin/re              
                             pl                                                 
                    INFO     REPL initialized: timeout=60s         server.py:325
                    INFO     Session ending — cleaning up          server.py:360
                             per-session resources                              
[09/08/26 23:55:02] INFO     Disabled tool 'lean_build' via        server.py:115
                             LEAN_MCP_DISABLED_TOOLS                            
                    INFO     Disabled tool 'lean_completions' via  server.py:115
                             LEAN_MCP_DISABLED_TOOLS                            
                    INFO     Disabled tool 'lean_declaration_file' server.py:115
                             via LEAN_MCP_DISABLED_TOOLS                        
                    INFO     Disabled tool                         server.py:115
                             'lean_diagnostic_messages' via                     
                             LEAN_MCP_DISABLED_TOOLS                            
                    INFO     Disabled tool 'lean_file_outline' via server.py:115
                             LEAN_MCP_DISABLED_TOOLS                            
                    INFO     Disabled tool                         server.py:115
                             'lean_get_widget_source' via                       
                             LEAN_MCP_DISABLED_TOOLS                            
                    INFO     Disabled tool 'lean_get_widgets' via  server.py:115
                             LEAN_MCP_DISABLED_TOOLS                            
                    INFO     Disabled tool 'lean_goal' via         server.py:115
                             LEAN_MCP_DISABLED_TOOLS                            
                    INFO     Disabled tool 'lean_hover_info' via   server.py:115
                             LEAN_MCP_DISABLED_TOOLS                            
                    INFO     Disabled tool 'lean_references' via   server.py:115
                             LEAN_MCP_DISABLED_TOOLS                            
                    INFO     Disabled tool 'lean_term_goal' via    server.py:115
                             LEAN_MCP_DISABLED_TOOLS                            
                    INFO     REPL enabled, using:                  server.py:322
                             /home/amirnabiyev/Conjecture_Prover/.              
                             lake/packages/repl/.lake/build/bin/re              
                             pl                                                 
                    INFO     REPL initialized: timeout=60s         server.py:325
[09/08/26 23:55:03] INFO     Session ending — cleaning up          server.py:360
                             per-session resources                              
[09/08/26 23:55:06] INFO     Disabled tool 'lean_build' via        server.py:115
                             LEAN_MCP_DISABLED_TOOLS                            
                    INFO     Disabled tool 'lean_completions' via  server.py:115
                             LEAN_MCP_DISABLED_TOOLS                            
                    INFO     Disabled tool 'lean_declaration_file' server.py:115
                             via LEAN_MCP_DISABLED_TOOLS                        
                    INFO     Disabled tool                         server.py:115
                             'lean_diagnostic_messages' via                     
                             LEAN_MCP_DISABLED_TOOLS                            
                    INFO     Disabled tool 'lean_file_outline' via server.py:115
                             LEAN_MCP_DISABLED_TOOLS                            
                    INFO     Disabled tool                         server.py:115
                             'lean_get_widget_source' via                       
                             LEAN_MCP_DISABLED_TOOLS                            
                    INFO     Disabled tool 'lean_get_widgets' via  server.py:115
                             LEAN_MCP_DISABLED_TOOLS                            
                    INFO     Disabled tool 'lean_goal' via         server.py:115
                             LEAN_MCP_DISABLED_TOOLS                            
                    INFO     Disabled tool 'lean_hover_info' via   server.py:115
                             LEAN_MCP_DISABLED_TOOLS                            
                    INFO     Disabled tool 'lean_references' via   server.py:115
                             LEAN_MCP_DISABLED_TOOLS                            
                    INFO     Disabled tool 'lean_term_goal' via    server.py:115
                             LEAN_MCP_DISABLED_TOOLS                            
                    INFO     REPL enabled, using:                  server.py:322
                             /home/amirnabiyev/Conjecture_Prover/.              
                             lake/packages/repl/.lake/build/bin/re              
                             pl                                                 
                    INFO     REPL initialized: timeout=60s         server.py:325
[09/08/26 23:55:08] INFO     Session ending — cleaning up          server.py:360
                             per-session resources                              
[09/08/26 23:55:23] INFO     Disabled tool 'lean_build' via        server.py:115
                             LEAN_MCP_DISABLED_TOOLS                            
                    INFO     Disabled tool 'lean_completions' via  server.py:115
                             LEAN_MCP_DISABLED_TOOLS                            
                    INFO     Disabled tool 'lean_declaration_file' server.py:115
                             via LEAN_MCP_DISABLED_TOOLS                        
                    INFO     Disabled tool                         server.py:115
                             'lean_diagnostic_messages' via                     
                             LEAN_MCP_DISABLED_TOOLS                            
                    INFO     Disabled tool 'lean_file_outline' via server.py:115
                             LEAN_MCP_DISABLED_TOOLS                            
                    INFO     Disabled tool                         server.py:115
                             'lean_get_widget_source' via                       
                             LEAN_MCP_DISABLED_TOOLS                            
                    INFO     Disabled tool 'lean_get_widgets' via  server.py:115
                             LEAN_MCP_DISABLED_TOOLS                            
                    INFO     Disabled tool 'lean_goal' via         server.py:115
                             LEAN_MCP_DISABLED_TOOLS                            
                    INFO     Disabled tool 'lean_hover_info' via   server.py:115
                             LEAN_MCP_DISABLED_TOOLS                            
                    INFO     Disabled tool 'lean_references' via   server.py:115
                             LEAN_MCP_DISABLED_TOOLS                            
                    INFO     Disabled tool 'lean_term_goal' via    server.py:115
                             LEAN_MCP_DISABLED_TOOLS                            
                    INFO     REPL enabled, using:                  server.py:322
                             /home/amirnabiyev/Conjecture_Prover/.              
                             lake/packages/repl/.lake/build/bin/re              
                             pl                                                 
                    INFO     REPL initialized: timeout=60s         server.py:325
[09/08/26 23:55:24] INFO     Session ending — cleaning up          server.py:360
                             per-session resources                              
[09/08/26 23:55:28] INFO     Disabled tool 'lean_build' via        server.py:115
                             LEAN_MCP_DISABLED_TOOLS                            
                    INFO     Disabled tool 'lean_completions' via  server.py:115
                             LEAN_MCP_DISABLED_TOOLS                            
                    INFO     Disabled tool 'lean_declaration_file' server.py:115
                             via LEAN_MCP_DISABLED_TOOLS                        
                    INFO     Disabled tool                         server.py:115
                             'lean_diagnostic_messages' via                     
                             LEAN_MCP_DISABLED_TOOLS                            
                    INFO     Disabled tool 'lean_file_outline' via server.py:115
                             LEAN_MCP_DISABLED_TOOLS                            
                    INFO     Disabled tool                         server.py:115
                             'lean_get_widget_source' via                       
                             LEAN_MCP_DISABLED_TOOLS                            
                    INFO     Disabled tool 'lean_get_widgets' via  server.py:115
                             LEAN_MCP_DISABLED_TOOLS                            
                    INFO     Disabled tool 'lean_goal' via         server.py:115
                             LEAN_MCP_DISABLED_TOOLS                            
                    INFO     Disabled tool 'lean_hover_info' via   server.py:115
                             LEAN_MCP_DISABLED_TOOLS                            
                    INFO     Disabled tool 'lean_references' via   server.py:115
                             LEAN_MCP_DISABLED_TOOLS                            
                    INFO     Disabled tool 'lean_term_goal' via    server.py:115
                             LEAN_MCP_DISABLED_TOOLS                            
                    INFO     REPL enabled, using:                  server.py:322
                             /home/amirnabiyev/Conjecture_Prover/.              
                             lake/packages/repl/.lake/build/bin/re              
                             pl                                                 
                    INFO     REPL initialized: timeout=60s         server.py:325
[09/08/26 23:55:29] INFO     Session ending — cleaning up          server.py:360
                             per-session resources                              
[09/08/26 23:55:35] INFO     Disabled tool 'lean_build' via        server.py:115
                             LEAN_MCP_DISABLED_TOOLS                            
                    INFO     Disabled tool 'lean_completions' via  server.py:115
                             LEAN_MCP_DISABLED_TOOLS                            
                    INFO     Disabled tool 'lean_declaration_file' server.py:115
                             via LEAN_MCP_DISABLED_TOOLS                        
                    INFO     Disabled tool                         server.py:115
                             'lean_diagnostic_messages' via                     
                             LEAN_MCP_DISABLED_TOOLS                            
                    INFO     Disabled tool 'lean_file_outline' via server.py:115
                             LEAN_MCP_DISABLED_TOOLS                            
                    INFO     Disabled tool                         server.py:115
                             'lean_get_widget_source' via                       
                             LEAN_MCP_DISABLED_TOOLS                            
                    INFO     Disabled tool 'lean_get_widgets' via  server.py:115
                             LEAN_MCP_DISABLED_TOOLS                            
                    INFO     Disabled tool 'lean_goal' via         server.py:115
                             LEAN_MCP_DISABLED_TOOLS                            
                    INFO     Disabled tool 'lean_hover_info' via   server.py:115
                             LEAN_MCP_DISABLED_TOOLS                            
                    INFO     Disabled tool 'lean_references' via   server.py:115
                             LEAN_MCP_DISABLED_TOOLS                            
                    INFO     Disabled tool 'lean_term_goal' via    server.py:115
                             LEAN_MCP_DISABLED_TOOLS                            
                    INFO     REPL enabled, using:                  server.py:322
                             /home/amirnabiyev/Conjecture_Prover/.              
                             lake/packages/repl/.lake/build/bin/re              
                             pl                                                 
                    INFO     REPL initialized: timeout=60s         server.py:325
[09/08/26 23:55:41] INFO     Session ending — cleaning up          server.py:360
                             per-session resources                              
[09/08/26 23:55:43] INFO     Disabled tool 'lean_build' via        server.py:115
                             LEAN_MCP_DISABLED_TOOLS                            
                    INFO     Disabled tool 'lean_completions' via  server.py:115
                             LEAN_MCP_DISABLED_TOOLS                            
                    INFO     Disabled tool 'lean_declaration_file' server.py:115
                             via LEAN_MCP_DISABLED_TOOLS                        
                    INFO     Disabled tool                         server.py:115
                             'lean_diagnostic_messages' via                     
                             LEAN_MCP_DISABLED_TOOLS                            
                    INFO     Disabled tool 'lean_file_outline' via server.py:115
                             LEAN_MCP_DISABLED_TOOLS                            
                    INFO     Disabled tool                         server.py:115
                             'lean_get_widget_source' via                       
                             LEAN_MCP_DISABLED_TOOLS                            
                    INFO     Disabled tool 'lean_get_widgets' via  server.py:115
                             LEAN_MCP_DISABLED_TOOLS                            
                    INFO     Disabled tool 'lean_goal' via         server.py:115
                             LEAN_MCP_DISABLED_TOOLS                            
                    INFO     Disabled tool 'lean_hover_info' via   server.py:115
                             LEAN_MCP_DISABLED_TOOLS                            
                    INFO     Disabled tool 'lean_references' via   server.py:115
                             LEAN_MCP_DISABLED_TOOLS                            
                    INFO     Disabled tool 'lean_term_goal' via    server.py:115
                             LEAN_MCP_DISABLED_TOOLS                            
                    INFO     REPL enabled, using:                  server.py:322
                             /home/amirnabiyev/Conjecture_Prover/.              
                             lake/packages/repl/.lake/build/bin/re              
                             pl                                                 
                    INFO     REPL initialized: timeout=60s         server.py:325
                    INFO     Session ending — cleaning up          server.py:360
                             per-session resources                              
[09/08/26 23:55:49] INFO     Disabled tool 'lean_build' via        server.py:115
                             LEAN_MCP_DISABLED_TOOLS                            
                    INFO     Disabled tool 'lean_completions' via  server.py:115
                             LEAN_MCP_DISABLED_TOOLS                            
                    INFO     Disabled tool 'lean_declaration_file' server.py:115
                             via LEAN_MCP_DISABLED_TOOLS                        
                    INFO     Disabled tool                         server.py:115
                             'lean_diagnostic_messages' via                     
                             LEAN_MCP_DISABLED_TOOLS                            
                    INFO     Disabled tool 'lean_file_outline' via server.py:115
                             LEAN_MCP_DISABLED_TOOLS                            
                    INFO     Disabled tool                         server.py:115
                             'lean_get_widget_source' via                       
                             LEAN_MCP_DISABLED_TOOLS                            
                    INFO     Disabled tool 'lean_get_widgets' via  server.py:115
                             LEAN_MCP_DISABLED_TOOLS                            
                    INFO     Disabled tool 'lean_goal' via         server.py:115
                             LEAN_MCP_DISABLED_TOOLS                            
                    INFO     Disabled tool 'lean_hover_info' via   server.py:115
                             LEAN_MCP_DISABLED_TOOLS                            
                    INFO     Disabled tool 'lean_references' via   server.py:115
                             LEAN_MCP_DISABLED_TOOLS                            
                    INFO     Disabled tool 'lean_term_goal' via    server.py:115
                             LEAN_MCP_DISABLED_TOOLS                            
                    INFO     REPL enabled, using:                  server.py:322
                             /home/amirnabiyev/Conjecture_Prover/.              
                             lake/packages/repl/.lake/build/bin/re              
                             pl                                                 
                    INFO     REPL initialized: timeout=60s         server.py:325
[09/08/26 23:55:56] INFO     Session ending — cleaning up          server.py:360
                             per-session resources                              
[09/08/26 23:56:09] INFO     Disabled tool 'lean_build' via        server.py:115
                             LEAN_MCP_DISABLED_TOOLS                            
                    INFO     Disabled tool 'lean_completions' via  server.py:115
                             LEAN_MCP_DISABLED_TOOLS                            
                    INFO     Disabled tool 'lean_declaration_file' server.py:115
                             via LEAN_MCP_DISABLED_TOOLS                        
                    INFO     Disabled tool                         server.py:115
                             'lean_diagnostic_messages' via                     
                             LEAN_MCP_DISABLED_TOOLS                            
                    INFO     Disabled tool 'lean_file_outline' via server.py:115
                             LEAN_MCP_DISABLED_TOOLS                            
                    INFO     Disabled tool                         server.py:115
                             'lean_get_widget_source' via                       
                             LEAN_MCP_DISABLED_TOOLS                            
                    INFO     Disabled tool 'lean_get_widgets' via  server.py:115
                             LEAN_MCP_DISABLED_TOOLS                            
                    INFO     Disabled tool 'lean_goal' via         server.py:115
                             LEAN_MCP_DISABLED_TOOLS                            
                    INFO     Disabled tool 'lean_hover_info' via   server.py:115
                             LEAN_MCP_DISABLED_TOOLS                            
                    INFO     Disabled tool 'lean_references' via   server.py:115
                             LEAN_MCP_DISABLED_TOOLS                            
                    INFO     Disabled tool 'lean_term_goal' via    server.py:115
                             LEAN_MCP_DISABLED_TOOLS                            
                    INFO     REPL enabled, using:                  server.py:322
                             /home/amirnabiyev/Conjecture_Prover/.              
                             lake/packages/repl/.lake/build/bin/re              
                             pl                                                 
                    INFO     REPL initialized: timeout=60s         server.py:325
[09/08/26 23:56:15] INFO     Session ending — cleaning up          server.py:360
                             per-session resources                              
[09/08/26 23:56:35] INFO     Disabled tool 'lean_build' via        server.py:115
                             LEAN_MCP_DISABLED_TOOLS                            
                    INFO     Disabled tool 'lean_completions' via  server.py:115
                             LEAN_MCP_DISABLED_TOOLS                            
                    INFO     Disabled tool 'lean_declaration_file' server.py:115
                             via LEAN_MCP_DISABLED_TOOLS                        
                    INFO     Disabled tool                         server.py:115
                             'lean_diagnostic_messages' via                     
                             LEAN_MCP_DISABLED_TOOLS                            
                    INFO     Disabled tool 'lean_file_outline' via server.py:115
                             LEAN_MCP_DISABLED_TOOLS                            
                    INFO     Disabled tool                         server.py:115
                             'lean_get_widget_source' via                       
                             LEAN_MCP_DISABLED_TOOLS                            
                    INFO     Disabled tool 'lean_get_widgets' via  server.py:115
                             LEAN_MCP_DISABLED_TOOLS                            
                    INFO     Disabled tool 'lean_goal' via         server.py:115
                             LEAN_MCP_DISABLED_TOOLS                            
                    INFO     Disabled tool 'lean_hover_info' via   server.py:115
                             LEAN_MCP_DISABLED_TOOLS                            
                    INFO     Disabled tool 'lean_references' via   server.py:115
                             LEAN_MCP_DISABLED_TOOLS                            
                    INFO     Disabled tool 'lean_term_goal' via    server.py:115
                             LEAN_MCP_DISABLED_TOOLS                            
                    INFO     REPL enabled, using:                  server.py:322
                             /home/amirnabiyev/Conjecture_Prover/.              
                             lake/packages/repl/.lake/build/bin/re              
                             pl                                                 
                    INFO     REPL initialized: timeout=60s         server.py:325
[09/08/26 23:56:41] INFO     Session ending — cleaning up          server.py:360
                             per-session resources                              
[09/08/26 23:56:46] INFO     Disabled tool 'lean_build' via        server.py:115
                             LEAN_MCP_DISABLED_TOOLS                            
                    INFO     Disabled tool 'lean_completions' via  server.py:115
                             LEAN_MCP_DISABLED_TOOLS                            
                    INFO     Disabled tool 'lean_declaration_file' server.py:115
                             via LEAN_MCP_DISABLED_TOOLS                        
                    INFO     Disabled tool                         server.py:115
                             'lean_diagnostic_messages' via                     
                             LEAN_MCP_DISABLED_TOOLS                            
                    INFO     Disabled tool 'lean_file_outline' via server.py:115
                             LEAN_MCP_DISABLED_TOOLS                            
                    INFO     Disabled tool                         server.py:115
                             'lean_get_widget_source' via                       
                             LEAN_MCP_DISABLED_TOOLS                            
                    INFO     Disabled tool 'lean_get_widgets' via  server.py:115
                             LEAN_MCP_DISABLED_TOOLS                            
                    INFO     Disabled tool 'lean_goal' via         server.py:115
                             LEAN_MCP_DISABLED_TOOLS                            
                    INFO     Disabled tool 'lean_hover_info' via   server.py:115
                             LEAN_MCP_DISABLED_TOOLS                            
                    INFO     Disabled tool 'lean_references' via   server.py:115
                             LEAN_MCP_DISABLED_TOOLS                            
                    INFO     Disabled tool 'lean_term_goal' via    server.py:115
                             LEAN_MCP_DISABLED_TOOLS                            
                    INFO     REPL enabled, using:                  server.py:322
                             /home/amirnabiyev/Conjecture_Prover/.              
                             lake/packages/repl/.lake/build/bin/re              
                             pl                                                 
                    INFO     REPL initialized: timeout=60s         server.py:325
[09/08/26 23:56:52] INFO     Session ending — cleaning up          server.py:360
                             per-session resources                              
[09/08/26 23:57:07] INFO     REPL enabled, using:                  server.py:322
                             /home/amirnabiyev/Conjecture_Prover/.              
                             lake/packages/repl/.lake/build/bin/re              
                             pl                                                 
                    INFO     REPL initialized: timeout=60s         server.py:325
                    INFO     Session ending — cleaning up          server.py:360
                             per-session resources                              
[09/08/26 23:57:09] INFO     REPL enabled, using:                  server.py:322
                             /home/amirnabiyev/Conjecture_Prover/.              
                             lake/packages/repl/.lake/build/bin/re              
                             pl                                                 
                    INFO     REPL initialized: timeout=60s         server.py:325
                    INFO     Session ending — cleaning up          server.py:360
                             per-session resources                              
[09/08/26 23:57:15] INFO     Disabled tool 'lean_build' via        server.py:115
                             LEAN_MCP_DISABLED_TOOLS                            
                    INFO     Disabled tool 'lean_completions' via  server.py:115
                             LEAN_MCP_DISABLED_TOOLS                            
                    INFO     Disabled tool 'lean_declaration_file' server.py:115
                             via LEAN_MCP_DISABLED_TOOLS                        
                    INFO     Disabled tool                         server.py:115
                             'lean_diagnostic_messages' via                     
                             LEAN_MCP_DISABLED_TOOLS                            
                    INFO     Disabled tool 'lean_file_outline' via server.py:115
                             LEAN_MCP_DISABLED_TOOLS                            
                    INFO     Disabled tool                         server.py:115
                             'lean_get_widget_source' via                       
                             LEAN_MCP_DISABLED_TOOLS                            
                    INFO     Disabled tool 'lean_get_widgets' via  server.py:115
                             LEAN_MCP_DISABLED_TOOLS                            
                    INFO     Disabled tool 'lean_goal' via         server.py:115
                             LEAN_MCP_DISABLED_TOOLS                            
                    INFO     Disabled tool 'lean_hover_info' via   server.py:115
                             LEAN_MCP_DISABLED_TOOLS                            
                    INFO     Disabled tool 'lean_references' via   server.py:115
                             LEAN_MCP_DISABLED_TOOLS                            
                    INFO     Disabled tool 'lean_term_goal' via    server.py:115
                             LEAN_MCP_DISABLED_TOOLS                            
                    INFO     REPL enabled, using:                  server.py:322
                             /home/amirnabiyev/Conjecture_Prover/.              
                             lake/packages/repl/.lake/build/bin/re              
                             pl                                                 
                    INFO     REPL initialized: timeout=60s         server.py:325
                    INFO     Session ending — cleaning up          server.py:360
                             per-session resources                              
[09/08/26 23:57:22] INFO     Disabled tool 'lean_build' via        server.py:115
                             LEAN_MCP_DISABLED_TOOLS                            
                    INFO     Disabled tool 'lean_completions' via  server.py:115
                             LEAN_MCP_DISABLED_TOOLS                            
                    INFO     Disabled tool 'lean_declaration_file' server.py:115
                             via LEAN_MCP_DISABLED_TOOLS                        
                    INFO     Disabled tool                         server.py:115
                             'lean_diagnostic_messages' via                     
                             LEAN_MCP_DISABLED_TOOLS                            
                    INFO     Disabled tool 'lean_file_outline' via server.py:115
                             LEAN_MCP_DISABLED_TOOLS                            
                    INFO     Disabled tool                         server.py:115
                             'lean_get_widget_source' via                       
                             LEAN_MCP_DISABLED_TOOLS                            
                    INFO     Disabled tool 'lean_get_widgets' via  server.py:115
                             LEAN_MCP_DISABLED_TOOLS                            
                    INFO     Disabled tool 'lean_goal' via         server.py:115
                             LEAN_MCP_DISABLED_TOOLS                            
                    INFO     Disabled tool 'lean_hover_info' via   server.py:115
                             LEAN_MCP_DISABLED_TOOLS                            
                    INFO     Disabled tool 'lean_references' via   server.py:115
                             LEAN_MCP_DISABLED_TOOLS                            
                    INFO     Disabled tool 'lean_term_goal' via    server.py:115
                             LEAN_MCP_DISABLED_TOOLS                            
                    INFO     REPL enabled, using:                  server.py:322
                             /home/amirnabiyev/Conjecture_Prover/.              
                             lake/packages/repl/.lake/build/bin/re              
                             pl                                                 
                    INFO     REPL initialized: timeout=60s         server.py:325
                    INFO     Session ending — cleaning up          server.py:360
                             per-session resources                              
[09/08/26 23:57:24] INFO     Disabled tool 'lean_build' via        server.py:115
                             LEAN_MCP_DISABLED_TOOLS                            
                    INFO     Disabled tool 'lean_completions' via  server.py:115
                             LEAN_MCP_DISABLED_TOOLS                            
                    INFO     Disabled tool 'lean_declaration_file' server.py:115
                             via LEAN_MCP_DISABLED_TOOLS                        
                    INFO     Disabled tool                         server.py:115
                             'lean_diagnostic_messages' via                     
                             LEAN_MCP_DISABLED_TOOLS                            
                    INFO     Disabled tool 'lean_file_outline' via server.py:115
                             LEAN_MCP_DISABLED_TOOLS                            
                    INFO     Disabled tool                         server.py:115
                             'lean_get_widget_source' via                       
                             LEAN_MCP_DISABLED_TOOLS                            
                    INFO     Disabled tool 'lean_get_widgets' via  server.py:115
                             LEAN_MCP_DISABLED_TOOLS                            
                    INFO     Disabled tool 'lean_goal' via         server.py:115
                             LEAN_MCP_DISABLED_TOOLS                            
                    INFO     Disabled tool 'lean_hover_info' via   server.py:115
                             LEAN_MCP_DISABLED_TOOLS                            
                    INFO     Disabled tool 'lean_references' via   server.py:115
                             LEAN_MCP_DISABLED_TOOLS                            
                    INFO     Disabled tool 'lean_term_goal' via    server.py:115
                             LEAN_MCP_DISABLED_TOOLS                            
                    INFO     REPL enabled, using:                  server.py:322
                             /home/amirnabiyev/Conjecture_Prover/.              
                             lake/packages/repl/.lake/build/bin/re              
                             pl                                                 
                    INFO     REPL initialized: timeout=60s         server.py:325
                    INFO     Session ending — cleaning up          server.py:360
                             per-session resources                              
[09/08/26 23:57:35] INFO     Disabled tool 'lean_build' via        server.py:115
                             LEAN_MCP_DISABLED_TOOLS                            
                    INFO     Disabled tool 'lean_completions' via  server.py:115
                             LEAN_MCP_DISABLED_TOOLS                            
                    INFO     Disabled tool 'lean_declaration_file' server.py:115
                             via LEAN_MCP_DISABLED_TOOLS                        
                    INFO     Disabled tool                         server.py:115
                             'lean_diagnostic_messages' via                     
                             LEAN_MCP_DISABLED_TOOLS                            
                    INFO     Disabled tool 'lean_file_outline' via server.py:115
                             LEAN_MCP_DISABLED_TOOLS                            
                    INFO     Disabled tool                         server.py:115
                             'lean_get_widget_source' via                       
                             LEAN_MCP_DISABLED_TOOLS                            
                    INFO     Disabled tool 'lean_get_widgets' via  server.py:115
                             LEAN_MCP_DISABLED_TOOLS                            
                    INFO     Disabled tool 'lean_goal' via         server.py:115
                             LEAN_MCP_DISABLED_TOOLS                            
                    INFO     Disabled tool 'lean_hover_info' via   server.py:115
                             LEAN_MCP_DISABLED_TOOLS                            
                    INFO     Disabled tool 'lean_references' via   server.py:115
                             LEAN_MCP_DISABLED_TOOLS                            
                    INFO     Disabled tool 'lean_term_goal' via    server.py:115
                             LEAN_MCP_DISABLED_TOOLS                            
                    INFO     REPL enabled, using:                  server.py:322
                             /home/amirnabiyev/Conjecture_Prover/.              
                             lake/packages/repl/.lake/build/bin/re              
                             pl                                                 
                    INFO     REPL initialized: timeout=60s         server.py:325
[09/08/26 23:57:42] INFO     Session ending — cleaning up          server.py:360
                             per-session resources                              
[09/08/26 23:57:51] INFO     Disabled tool 'lean_build' via        server.py:115
                             LEAN_MCP_DISABLED_TOOLS                            
                    INFO     Disabled tool 'lean_completions' via  server.py:115
                             LEAN_MCP_DISABLED_TOOLS                            
                    INFO     Disabled tool 'lean_declaration_file' server.py:115
                             via LEAN_MCP_DISABLED_TOOLS                        
                    INFO     Disabled tool                         server.py:115
                             'lean_diagnostic_messages' via                     
                             LEAN_MCP_DISABLED_TOOLS                            
                    INFO     Disabled tool 'lean_file_outline' via server.py:115
                             LEAN_MCP_DISABLED_TOOLS                            
                    INFO     Disabled tool                         server.py:115
                             'lean_get_widget_source' via                       
                             LEAN_MCP_DISABLED_TOOLS                            
                    INFO     Disabled tool 'lean_get_widgets' via  server.py:115
                             LEAN_MCP_DISABLED_TOOLS                            
                    INFO     Disabled tool 'lean_goal' via         server.py:115
                             LEAN_MCP_DISABLED_TOOLS                            
                    INFO     Disabled tool 'lean_hover_info' via   server.py:115
                             LEAN_MCP_DISABLED_TOOLS                            
                    INFO     Disabled tool 'lean_references' via   server.py:115
                             LEAN_MCP_DISABLED_TOOLS                            
                    INFO     Disabled tool 'lean_term_goal' via    server.py:115
                             LEAN_MCP_DISABLED_TOOLS                            
                    INFO     REPL enabled, using:                  server.py:322
                             /home/amirnabiyev/Conjecture_Prover/.              
                             lake/packages/repl/.lake/build/bin/re              
                             pl                                                 
                    INFO     REPL initialized: timeout=60s         server.py:325
[09/08/26 23:57:52] INFO     Session ending — cleaning up          server.py:360
                             per-session resources                              
[09/08/26 23:57:59] INFO     Disabled tool 'lean_build' via        server.py:115
                             LEAN_MCP_DISABLED_TOOLS                            
                    INFO     Disabled tool 'lean_completions' via  server.py:115
                             LEAN_MCP_DISABLED_TOOLS                            
                    INFO     Disabled tool 'lean_declaration_file' server.py:115
                             via LEAN_MCP_DISABLED_TOOLS                        
                    INFO     Disabled tool                         server.py:115
                             'lean_diagnostic_messages' via                     
                             LEAN_MCP_DISABLED_TOOLS                            
                    INFO     Disabled tool 'lean_file_outline' via server.py:115
                             LEAN_MCP_DISABLED_TOOLS                            
                    INFO     Disabled tool                         server.py:115
                             'lean_get_widget_source' via                       
                             LEAN_MCP_DISABLED_TOOLS                            
                    INFO     Disabled tool 'lean_get_widgets' via  server.py:115
                             LEAN_MCP_DISABLED_TOOLS                            
                    INFO     Disabled tool 'lean_goal' via         server.py:115
                             LEAN_MCP_DISABLED_TOOLS                            
                    INFO     Disabled tool 'lean_hover_info' via   server.py:115
                             LEAN_MCP_DISABLED_TOOLS                            
                    INFO     Disabled tool 'lean_references' via   server.py:115
                             LEAN_MCP_DISABLED_TOOLS                            
                    INFO     Disabled tool 'lean_term_goal' via    server.py:115
                             LEAN_MCP_DISABLED_TOOLS                            
                    INFO     REPL enabled, using:                  server.py:322
                             /home/amirnabiyev/Conjecture_Prover/.              
                             lake/packages/repl/.lake/build/bin/re              
                             pl                                                 
                    INFO     REPL initialized: timeout=60s         server.py:325
[09/08/26 23:58:07] INFO     Session ending — cleaning up          server.py:360
                             per-session resources                              
[09/08/26 23:58:12] INFO     Disabled tool 'lean_build' via        server.py:115
                             LEAN_MCP_DISABLED_TOOLS                            
                    INFO     Disabled tool 'lean_completions' via  server.py:115
                             LEAN_MCP_DISABLED_TOOLS                            
                    INFO     Disabled tool 'lean_declaration_file' server.py:115
                             via LEAN_MCP_DISABLED_TOOLS                        
                    INFO     Disabled tool                         server.py:115
                             'lean_diagnostic_messages' via                     
                             LEAN_MCP_DISABLED_TOOLS                            
                    INFO     Disabled tool 'lean_file_outline' via server.py:115
                             LEAN_MCP_DISABLED_TOOLS                            
                    INFO     Disabled tool                         server.py:115
                             'lean_get_widget_source' via                       
                             LEAN_MCP_DISABLED_TOOLS                            
                    INFO     Disabled tool 'lean_get_widgets' via  server.py:115
                             LEAN_MCP_DISABLED_TOOLS                            
                    INFO     Disabled tool 'lean_goal' via         server.py:115
                             LEAN_MCP_DISABLED_TOOLS                            
                    INFO     Disabled tool 'lean_hover_info' via   server.py:115
                             LEAN_MCP_DISABLED_TOOLS                            
                    INFO     Disabled tool 'lean_references' via   server.py:115
                             LEAN_MCP_DISABLED_TOOLS                            
                    INFO     Disabled tool 'lean_term_goal' via    server.py:115
                             LEAN_MCP_DISABLED_TOOLS                            
                    INFO     REPL enabled, using:                  server.py:322
                             /home/amirnabiyev/Conjecture_Prover/.              
                             lake/packages/repl/.lake/build/bin/re              
                             pl                                                 
                    INFO     REPL initialized: timeout=60s         server.py:325
[09/08/26 23:58:18] INFO     Session ending — cleaning up          server.py:360
                             per-session resources                              
[09/08/26 23:59:09] INFO     Disabled tool 'lean_build' via        server.py:115
                             LEAN_MCP_DISABLED_TOOLS                            
                    INFO     Disabled tool 'lean_completions' via  server.py:115
                             LEAN_MCP_DISABLED_TOOLS                            
                    INFO     Disabled tool 'lean_declaration_file' server.py:115
                             via LEAN_MCP_DISABLED_TOOLS                        
                    INFO     Disabled tool                         server.py:115
                             'lean_diagnostic_messages' via                     
                             LEAN_MCP_DISABLED_TOOLS                            
                    INFO     Disabled tool 'lean_file_outline' via server.py:115
                             LEAN_MCP_DISABLED_TOOLS                            
                    INFO     Disabled tool                         server.py:115
                             'lean_get_widget_source' via                       
                             LEAN_MCP_DISABLED_TOOLS                            
                    INFO     Disabled tool 'lean_get_widgets' via  server.py:115
                             LEAN_MCP_DISABLED_TOOLS                            
                    INFO     Disabled tool 'lean_goal' via         server.py:115
                             LEAN_MCP_DISABLED_TOOLS                            
                    INFO     Disabled tool 'lean_hover_info' via   server.py:115
                             LEAN_MCP_DISABLED_TOOLS                            
                    INFO     Disabled tool 'lean_references' via   server.py:115
                             LEAN_MCP_DISABLED_TOOLS                            
                    INFO     Disabled tool 'lean_term_goal' via    server.py:115
                             LEAN_MCP_DISABLED_TOOLS                            
                    INFO     REPL enabled, using:                  server.py:322
                             /home/amirnabiyev/Conjecture_Prover/.              
                             lake/packages/repl/.lake/build/bin/re              
                             pl                                                 
                    INFO     REPL initialized: timeout=60s         server.py:325
[09/08/26 23:59:19] INFO     Session ending — cleaning up          server.py:360
                             per-session resources                              
[09/08/26 23:59:21] INFO     Disabled tool 'lean_build' via        server.py:115
                             LEAN_MCP_DISABLED_TOOLS                            
                    INFO     Disabled tool 'lean_completions' via  server.py:115
                             LEAN_MCP_DISABLED_TOOLS                            
                    INFO     Disabled tool 'lean_declaration_file' server.py:115
                             via LEAN_MCP_DISABLED_TOOLS                        
                    INFO     Disabled tool                         server.py:115
                             'lean_diagnostic_messages' via                     
                             LEAN_MCP_DISABLED_TOOLS                            
                    INFO     Disabled tool 'lean_file_outline' via server.py:115
                             LEAN_MCP_DISABLED_TOOLS                            
                    INFO     Disabled tool                         server.py:115
                             'lean_get_widget_source' via                       
                             LEAN_MCP_DISABLED_TOOLS                            
                    INFO     Disabled tool 'lean_get_widgets' via  server.py:115
                             LEAN_MCP_DISABLED_TOOLS                            
                    INFO     Disabled tool 'lean_goal' via         server.py:115
                             LEAN_MCP_DISABLED_TOOLS                            
                    INFO     Disabled tool 'lean_hover_info' via   server.py:115
                             LEAN_MCP_DISABLED_TOOLS                            
                    INFO     Disabled tool 'lean_references' via   server.py:115
                             LEAN_MCP_DISABLED_TOOLS                            
                    INFO     Disabled tool 'lean_term_goal' via    server.py:115
                             LEAN_MCP_DISABLED_TOOLS                            
                    INFO     REPL enabled, using:                  server.py:322
                             /home/amirnabiyev/Conjecture_Prover/.              
                             lake/packages/repl/.lake/build/bin/re              
                             pl                                                 
                    INFO     REPL initialized: timeout=60s         server.py:325
[09/08/26 23:59:22] INFO     Session ending — cleaning up          server.py:360
                             per-session resources                              
[09/08/26 23:59:32] INFO     Disabled tool 'lean_build' via        server.py:115
                             LEAN_MCP_DISABLED_TOOLS                            
                    INFO     Disabled tool 'lean_completions' via  server.py:115
                             LEAN_MCP_DISABLED_TOOLS                            
                    INFO     Disabled tool 'lean_declaration_file' server.py:115
                             via LEAN_MCP_DISABLED_TOOLS                        
                    INFO     Disabled tool                         server.py:115
                             'lean_diagnostic_messages' via                     
                             LEAN_MCP_DISABLED_TOOLS                            
                    INFO     Disabled tool 'lean_file_outline' via server.py:115
                             LEAN_MCP_DISABLED_TOOLS                            
                    INFO     Disabled tool                         server.py:115
                             'lean_get_widget_source' via                       
                             LEAN_MCP_DISABLED_TOOLS                            
                    INFO     Disabled tool 'lean_get_widgets' via  server.py:115
                             LEAN_MCP_DISABLED_TOOLS                            
                    INFO     Disabled tool 'lean_goal' via         server.py:115
                             LEAN_MCP_DISABLED_TOOLS                            
                    INFO     Disabled tool 'lean_hover_info' via   server.py:115
                             LEAN_MCP_DISABLED_TOOLS                            
                    INFO     Disabled tool 'lean_references' via   server.py:115
                             LEAN_MCP_DISABLED_TOOLS                            
                    INFO     Disabled tool 'lean_term_goal' via    server.py:115
                             LEAN_MCP_DISABLED_TOOLS                            
                    INFO     REPL enabled, using:                  server.py:322
                             /home/amirnabiyev/Conjecture_Prover/.              
                             lake/packages/repl/.lake/build/bin/re              
                             pl                                                 
                    INFO     REPL initialized: timeout=60s         server.py:325
[09/08/26 23:59:38] INFO     Session ending — cleaning up          server.py:360
                             per-session resources                              
[09/08/26 23:59:57] INFO     Disabled tool 'lean_build' via        server.py:115
                             LEAN_MCP_DISABLED_TOOLS                            
                    INFO     Disabled tool 'lean_completions' via  server.py:115
                             LEAN_MCP_DISABLED_TOOLS                            
                    INFO     Disabled tool 'lean_declaration_file' server.py:115
                             via LEAN_MCP_DISABLED_TOOLS                        
                    INFO     Disabled tool                         server.py:115
                             'lean_diagnostic_messages' via                     
                             LEAN_MCP_DISABLED_TOOLS                            
                    INFO     Disabled tool 'lean_file_outline' via server.py:115
                             LEAN_MCP_DISABLED_TOOLS                            
                    INFO     Disabled tool                         server.py:115
                             'lean_get_widget_source' via                       
                             LEAN_MCP_DISABLED_TOOLS                            
                    INFO     Disabled tool 'lean_get_widgets' via  server.py:115
                             LEAN_MCP_DISABLED_TOOLS                            
                    INFO     Disabled tool 'lean_goal' via         server.py:115
                             LEAN_MCP_DISABLED_TOOLS                            
                    INFO     Disabled tool 'lean_hover_info' via   server.py:115
                             LEAN_MCP_DISABLED_TOOLS                            
                    INFO     Disabled tool 'lean_references' via   server.py:115
                             LEAN_MCP_DISABLED_TOOLS                            
                    INFO     Disabled tool 'lean_term_goal' via    server.py:115
                             LEAN_MCP_DISABLED_TOOLS                            
                    INFO     REPL enabled, using:                  server.py:322
                             /home/amirnabiyev/Conjecture_Prover/.              
                             lake/packages/repl/.lake/build/bin/re              
                             pl                                                 
                    INFO     REPL initialized: timeout=60s         server.py:325
[09/09/26 00:00:04] INFO     Session ending — cleaning up          server.py:360
                             per-session resources                              
[09/09/26 00:00:40] INFO     REPL enabled, using:                  server.py:322
                             /home/amirnabiyev/Conjecture_Prover/.              
                             lake/packages/repl/.lake/build/bin/re              
                             pl                                                 
                    INFO     REPL initialized: timeout=60s         server.py:325
                    INFO     Session ending — cleaning up          server.py:360
                             per-session resources                              
[09/09/26 00:00:41] INFO     REPL enabled, using:                  server.py:322
                             /home/amirnabiyev/Conjecture_Prover/.              
                             lake/packages/repl/.lake/build/bin/re              
                             pl                                                 
                    INFO     REPL initialized: timeout=60s         server.py:325
                    INFO     Session ending — cleaning up          server.py:360
                             per-session resources                              
[09/09/26 00:00:48] INFO     Disabled tool 'lean_build' via        server.py:115
                             LEAN_MCP_DISABLED_TOOLS                            
                    INFO     Disabled tool 'lean_completions' via  server.py:115
                             LEAN_MCP_DISABLED_TOOLS                            
                    INFO     Disabled tool 'lean_declaration_file' server.py:115
                             via LEAN_MCP_DISABLED_TOOLS                        
                    INFO     Disabled tool                         server.py:115
                             'lean_diagnostic_messages' via                     
                             LEAN_MCP_DISABLED_TOOLS                            
                    INFO     Disabled tool 'lean_file_outline' via server.py:115
                             LEAN_MCP_DISABLED_TOOLS                            
                    INFO     Disabled tool                         server.py:115
                             'lean_get_widget_source' via                       
                             LEAN_MCP_DISABLED_TOOLS                            
                    INFO     Disabled tool 'lean_get_widgets' via  server.py:115
                             LEAN_MCP_DISABLED_TOOLS                            
                    INFO     Disabled tool 'lean_goal' via         server.py:115
                             LEAN_MCP_DISABLED_TOOLS                            
                    INFO     Disabled tool 'lean_hover_info' via   server.py:115
                             LEAN_MCP_DISABLED_TOOLS                            
                    INFO     Disabled tool 'lean_references' via   server.py:115
                             LEAN_MCP_DISABLED_TOOLS                            
                    INFO     Disabled tool 'lean_term_goal' via    server.py:115
                             LEAN_MCP_DISABLED_TOOLS                            
                    INFO     REPL enabled, using:                  server.py:322
                             /home/amirnabiyev/Conjecture_Prover/.              
                             lake/packages/repl/.lake/build/bin/re              
                             pl                                                 
                    INFO     REPL initialized: timeout=60s         server.py:325
                    INFO     Session ending — cleaning up          server.py:360
                             per-session resources                              
[09/09/26 00:00:56] INFO     Disabled tool 'lean_build' via        server.py:115
                             LEAN_MCP_DISABLED_TOOLS                            
                    INFO     Disabled tool 'lean_completions' via  server.py:115
                             LEAN_MCP_DISABLED_TOOLS                            
                    INFO     Disabled tool 'lean_declaration_file' server.py:115
                             via LEAN_MCP_DISABLED_TOOLS                        
                    INFO     Disabled tool                         server.py:115
                             'lean_diagnostic_messages' via                     
                             LEAN_MCP_DISABLED_TOOLS                            
                    INFO     Disabled tool 'lean_file_outline' via server.py:115
                             LEAN_MCP_DISABLED_TOOLS                            
                    INFO     Disabled tool                         server.py:115
                             'lean_get_widget_source' via                       
                             LEAN_MCP_DISABLED_TOOLS                            
                    INFO     Disabled tool 'lean_get_widgets' via  server.py:115
                             LEAN_MCP_DISABLED_TOOLS                            
                    INFO     Disabled tool 'lean_goal' via         server.py:115
                             LEAN_MCP_DISABLED_TOOLS                            
                    INFO     Disabled tool 'lean_hover_info' via   server.py:115
                             LEAN_MCP_DISABLED_TOOLS                            
                    INFO     Disabled tool 'lean_references' via   server.py:115
                             LEAN_MCP_DISABLED_TOOLS                            
                    INFO     Disabled tool 'lean_term_goal' via    server.py:115
                             LEAN_MCP_DISABLED_TOOLS                            
                    INFO     REPL enabled, using:                  server.py:322
                             /home/amirnabiyev/Conjecture_Prover/.              
                             lake/packages/repl/.lake/build/bin/re              
                             pl                                                 
                    INFO     REPL initialized: timeout=60s         server.py:325
                    INFO     Session ending — cleaning up          server.py:360
                             per-session resources                              
[09/09/26 00:00:58] INFO     Disabled tool 'lean_build' via        server.py:115
                             LEAN_MCP_DISABLED_TOOLS                            
                    INFO     Disabled tool 'lean_completions' via  server.py:115
                             LEAN_MCP_DISABLED_TOOLS                            
                    INFO     Disabled tool 'lean_declaration_file' server.py:115
                             via LEAN_MCP_DISABLED_TOOLS                        
                    INFO     Disabled tool                         server.py:115
                             'lean_diagnostic_messages' via                     
                             LEAN_MCP_DISABLED_TOOLS                            
                    INFO     Disabled tool 'lean_file_outline' via server.py:115
                             LEAN_MCP_DISABLED_TOOLS                            
                    INFO     Disabled tool                         server.py:115
                             'lean_get_widget_source' via                       
                             LEAN_MCP_DISABLED_TOOLS                            
                    INFO     Disabled tool 'lean_get_widgets' via  server.py:115
                             LEAN_MCP_DISABLED_TOOLS                            
                    INFO     Disabled tool 'lean_goal' via         server.py:115
                             LEAN_MCP_DISABLED_TOOLS                            
                    INFO     Disabled tool 'lean_hover_info' via   server.py:115
                             LEAN_MCP_DISABLED_TOOLS                            
                    INFO     Disabled tool 'lean_references' via   server.py:115
                             LEAN_MCP_DISABLED_TOOLS                            
                    INFO     Disabled tool 'lean_term_goal' via    server.py:115
                             LEAN_MCP_DISABLED_TOOLS                            
                    INFO     REPL enabled, using:                  server.py:322
                             /home/amirnabiyev/Conjecture_Prover/.              
                             lake/packages/repl/.lake/build/bin/re              
                             pl                                                 
                    INFO     REPL initialized: timeout=60s         server.py:325
                    INFO     Session ending — cleaning up          server.py:360
                             per-session resources                              
[09/09/26 00:01:04] INFO     Disabled tool 'lean_build' via        server.py:115
                             LEAN_MCP_DISABLED_TOOLS                            
                    INFO     Disabled tool 'lean_completions' via  server.py:115
                             LEAN_MCP_DISABLED_TOOLS                            
                    INFO     Disabled tool 'lean_declaration_file' server.py:115
                             via LEAN_MCP_DISABLED_TOOLS                        
                    INFO     Disabled tool                         server.py:115
                             'lean_diagnostic_messages' via                     
                             LEAN_MCP_DISABLED_TOOLS                            
                    INFO     Disabled tool 'lean_file_outline' via server.py:115
                             LEAN_MCP_DISABLED_TOOLS                            
                    INFO     Disabled tool                         server.py:115
                             'lean_get_widget_source' via                       
                             LEAN_MCP_DISABLED_TOOLS                            
                    INFO     Disabled tool 'lean_get_widgets' via  server.py:115
                             LEAN_MCP_DISABLED_TOOLS                            
                    INFO     Disabled tool 'lean_goal' via         server.py:115
                             LEAN_MCP_DISABLED_TOOLS                            
                    INFO     Disabled tool 'lean_hover_info' via   server.py:115
                             LEAN_MCP_DISABLED_TOOLS                            
                    INFO     Disabled tool 'lean_references' via   server.py:115
                             LEAN_MCP_DISABLED_TOOLS                            
                    INFO     Disabled tool 'lean_term_goal' via    server.py:115
                             LEAN_MCP_DISABLED_TOOLS                            
                    INFO     REPL enabled, using:                  server.py:322
                             /home/amirnabiyev/Conjecture_Prover/.              
                             lake/packages/repl/.lake/build/bin/re              
                             pl                                                 
                    INFO     REPL initialized: timeout=60s         server.py:325
                    INFO     Session ending — cleaning up          server.py:360
                             per-session resources                              
[09/09/26 00:01:06] INFO     Disabled tool 'lean_build' via        server.py:115
                             LEAN_MCP_DISABLED_TOOLS                            
                    INFO     Disabled tool 'lean_completions' via  server.py:115
                             LEAN_MCP_DISABLED_TOOLS                            
                    INFO     Disabled tool 'lean_declaration_file' server.py:115
                             via LEAN_MCP_DISABLED_TOOLS                        
                    INFO     Disabled tool                         server.py:115
                             'lean_diagnostic_messages' via                     
                             LEAN_MCP_DISABLED_TOOLS                            
                    INFO     Disabled tool 'lean_file_outline' via server.py:115
                             LEAN_MCP_DISABLED_TOOLS                            
                    INFO     Disabled tool                         server.py:115
                             'lean_get_widget_source' via                       
                             LEAN_MCP_DISABLED_TOOLS                            
                    INFO     Disabled tool 'lean_get_widgets' via  server.py:115
                             LEAN_MCP_DISABLED_TOOLS                            
                    INFO     Disabled tool 'lean_goal' via         server.py:115
                             LEAN_MCP_DISABLED_TOOLS                            
                    INFO     Disabled tool 'lean_hover_info' via   server.py:115
                             LEAN_MCP_DISABLED_TOOLS                            
                    INFO     Disabled tool 'lean_references' via   server.py:115
                             LEAN_MCP_DISABLED_TOOLS                            
                    INFO     Disabled tool 'lean_term_goal' via    server.py:115
                             LEAN_MCP_DISABLED_TOOLS                            
                    INFO     REPL enabled, using:                  server.py:322
                             /home/amirnabiyev/Conjecture_Prover/.              
                             lake/packages/repl/.lake/build/bin/re              
                             pl                                                 
                    INFO     REPL initialized: timeout=60s         server.py:325
                    INFO     Session ending — cleaning up          server.py:360
                             per-session resources                              

   🛠️  PL-Problem94.orbitZeroSet_finite_or_arithProgression AI made 1 tool call(s):
 → lean_run_code
   🛠️  PL-Problem94.orbitZeroSet_finite_or_arithProgression AI made 1 tool call(s):
 → lean_run_code
   🛠️  PL-Problem94.orbitZeroSet_finite_or_arithProgression AI made 1 tool call(s):
 → lean_run_code
   🛠️  PL-Problem94.orbitZeroSet_finite_or_arithProgression AI made 1 tool call(s):
 → lean_run_code
   🛠️  PL-Problem94.orbitZeroSet_finite_or_arithProgression AI made 2 tool call(s):
 → lean_run_code
 → lean_local_search
   🛠️  PL-Problem94.orbitZeroSet_finite_or_arithProgression AI made 1 tool call(s):
 → lean_run_code
   🛠️  PL-Problem94.orbitZeroSet_finite_or_arithProgression AI made 1 tool call(s):
 → lean_run_code
   🛠️  PL-Problem94.orbitZeroSet_finite_or_arithProgression AI made 1 tool call(s):
 → lean_run_code
   🛠️  PL-Problem94.orbitZeroSet_finite_or_arithProgression AI made 1 tool call(s):
 → lean_run_code
   💬 PL-Problem94.orbitZeroSet_finite_or_arithProgression AI says: [FINAL PROPOSAL]
status: UNRESOLVED
new_str:
```lean
/--
**Deep structural fact (dynamical Mordell–Lang type statement for étale endomorphisms).**
Let $f$ be an étale $k$-algebra endomorphism of the finite-type domain $A$ over the
characteristic-zero field $k$.  For every finite family $s\subseteq A$, the orbit zero set
$Z_s(f,\varphi)$ is either finite or contains an arithmetic progression with positive common
difference.
-/
@[blueprint
  (statement := /-- Let $A$ be a finite-type domain over t
      ... (4186 total chars)
   ⚠️  Lemma 'Problem94.orbitZeroSet_finite_or_arithProgression': LLM flagged the statement as WRONG → STATEMENT_WRONG

======================================================================
AGGREGATOR: Applying proofs (round 6)
   Received 1 proposal(s)
======================================================================

   📭 No valid proposals to apply
   🚦 Route: aggregator → blueprint_refiner (round 6)

======================================================================
🔧 BLUEPRINT REFINER: Revising blueprint based on prover feedback
   Unproved lemmas to address: Problem94.orbitZeroSet_finite_or_arithProgression
======================================================================

   💬 BR AI says: The revision is finalized. Summary of the delivered blueprint state in `ConjectureProver.lean`:

## Changes

**1. Repaired `Problem94.ideal_fg_of_finiteType` (STATEMENT_WRONG).**
The original `lemma ideal_fg_of_finiteType : I.FG` silently lost every `k`-dependent binder during elaboration (verified by experiment), producing the false statement "every ideal of every integral domain is finitely generated". It now reads:

```lean
lemma ideal_fg_of_finiteType {k A : Type} [Field k] [CharZero k] [Com
      ... (2193 total chars)
   🚦 Routing: blueprint_refiner → rebuild_blueprint

🔄 REBUILD BLUEPRINT: Refreshing blueprint state from JSON...
   📊 6 lemmas, 5 proved
   📊 Blueprint: 6 nodes, root='Problem94.zeroSet_finite_or_contain_arithmetic_progression'
   🚦 Routing: rebuild_blueprint → theorem_proving
   🚀 theorem_proving: dispatching 1 parallel agent(s) (skipped 0 without sorry_using)
      → Problem94.orbitZeroSet_finite_or_arithProgression

============================================================
🔍 PROVE LEMMA: Problem94.orbitZeroSet_finite_or_arithProgression  (max 12 turns)
============================================================

   🔌 MCP client ready for lemma 'Problem94.orbitZeroSet_finite_or_arithProgression' (proof-only mode)
   🛠️  PL-Problem94.orbitZeroSet_finite_or_arithProgression AI made 3 tool call(s):
 → lean_local_search
 → lean_local_search
 → search_mathlib_docs
   🛠️  PL-Problem94.orbitZeroSet_finite_or_arithProgression AI made 1 tool call(s):
 → lean_run_code
   🛠️  PL-Problem94.orbitZeroSet_finite_or_arithProgression AI made 1 tool call(s):
 → lean_local_search
   🛠️  PL-Problem94.orbitZeroSet_finite_or_arithProgression AI made 1 tool call(s):
 → lean_run_code
   🛠️  PL-Problem94.orbitZeroSet_finite_or_arithProgression AI made 1 tool call(s):
 → lean_run_code
   💬 PL-Problem94.orbitZeroSet_finite_or_arithProgression AI says: Let me look at the surrounding context more closely — how `FormallyEtale` is being used for `f`, and whether any of the sibling lemmas can help.
   🛠️  PL-Problem94.orbitZeroSet_finite_or_arithProgression AI made 2 tool call(s):
 → lean_run_code
 → lean_leansearch
   🛠️  PL-Problem94.orbitZeroSet_finite_or_arithProgression AI made 1 tool call(s):
 → lean_run_code
   💬 PL-Problem94.orbitZeroSet_finite_or_arithProgression AI says: The statement requires deep content (dynamical Mordell–Lang for étale endomorphisms) that is clearly not in Mathlib. Let me do due diligence by trying generic tactics and checking whether any part of the statement collapses trivially.
   🛠️  PL-Problem94.orbitZeroSet_finite_or_arithProgression AI made 1 tool call(s):
 → lean_run_code
   💬 PL-Problem94.orbitZeroSet_finite_or_arithProgression AI says: [TRIAL FEEDBACK]
Attempted: (1) enumerated all declarations in `ConjectureProver.lean` and confirmed the only previously-proved sibling lemmas are `ideal_fg_of_finiteType` (noetherian f.g. ⇒ `I.FG`) and `zeroSet_eq_orbitZeroSet_of_span`, which reduce *the other* lemma (`zeroSet_finite_or_contain_arithmetic_progression`) to **this** one — the dependency graph is circular with our target as the genuine "deep" node; (2) reproduced the exact goal in an `example` and ran `aesop` (fails, exhaustive); 
      ... (4676 total chars)
   ⚠️  Lemma 'Problem94.orbitZeroSet_finite_or_arithProgression': LLM flagged the statement as WRONG → STATEMENT_WRONG

======================================================================
AGGREGATOR: Applying proofs (round 7)
   Received 1 proposal(s)
======================================================================

   📭 No valid proposals to apply
   🚦 Route: aggregator → blueprint_refiner (round 7)

======================================================================
🔧 BLUEPRINT REFINER: Revising blueprint based on prover feedback
   Unproved lemmas to address: Problem94.orbitZeroSet_finite_or_arithProgression
======================================================================

   💬 BR AI says: The task is complete. Final summary:

## Revised blueprint — `ConjectureProver.lean`

### Fixed node (STATEMENT_WRONG)
**`Problem94.ideal_fg_of_finiteType`** — empirically confirmed that the original `: I.FG` statement elaborated to `∀ {A} [CommRing A] [IsDomain A] (I : Ideal A), I.FG` (Lean's auto-inclusion dropped all `k`-dependent binders), which is false. The lemma now declares explicit binders

```lean
lemma ideal_fg_of_finiteType {k A : Type} [Field k] [CharZero k] [CommRing A] [IsDomain A
      ... (1759 total chars)
   🚦 Routing: blueprint_refiner → rebuild_blueprint

🔄 REBUILD BLUEPRINT: Refreshing blueprint state from JSON...
   📊 6 lemmas, 5 proved
   📊 Blueprint: 6 nodes, root='Problem94.zeroSet_finite_or_contain_arithmetic_progression'
   🚦 Routing: rebuild_blueprint → theorem_proving
   🚀 theorem_proving: dispatching 1 parallel agent(s) (skipped 0 without sorry_using)
      → Problem94.orbitZeroSet_finite_or_arithProgression

============================================================
🔍 PROVE LEMMA: Problem94.orbitZeroSet_finite_or_arithProgression  (max 12 turns)
============================================================

   🔌 MCP client ready for lemma 'Problem94.orbitZeroSet_finite_or_arithProgression' (proof-only mode)
   🛠️  PL-Problem94.orbitZeroSet_finite_or_arithProgression AI made 2 tool call(s):
 → lean_local_search
 → lean_local_search
   🛠️  PL-Problem94.orbitZeroSet_finite_or_arithProgression AI made 2 tool call(s):
 → lean_local_search
 → lean_local_search
   💬 PL-Problem94.orbitZeroSet_finite_or_arithProgression AI says: The declaration lives in a project file `ConjectureProver.lean`. Let me try to load it and inspect the relevant declarations.[09/09/26 00:01:21] INFO     Disabled tool 'lean_build' via        server.py:115
                             LEAN_MCP_DISABLED_TOOLS                            
                    INFO     Disabled tool 'lean_completions' via  server.py:115
                             LEAN_MCP_DISABLED_TOOLS                            
                    INFO     Disabled tool 'lean_declaration_file' server.py:115
                             via LEAN_MCP_DISABLED_TOOLS                        
                    INFO     Disabled tool                         server.py:115
                             'lean_diagnostic_messages' via                     
                             LEAN_MCP_DISABLED_TOOLS                            
                    INFO     Disabled tool 'lean_file_outline' via server.py:115
                             LEAN_MCP_DISABLED_TOOLS                            
                    INFO     Disabled tool                         server.py:115
                             'lean_get_widget_source' via                       
                             LEAN_MCP_DISABLED_TOOLS                            
                    INFO     Disabled tool 'lean_get_widgets' via  server.py:115
                             LEAN_MCP_DISABLED_TOOLS                            
                    INFO     Disabled tool 'lean_goal' via         server.py:115
                             LEAN_MCP_DISABLED_TOOLS                            
                    INFO     Disabled tool 'lean_hover_info' via   server.py:115
                             LEAN_MCP_DISABLED_TOOLS                            
                    INFO     Disabled tool 'lean_references' via   server.py:115
                             LEAN_MCP_DISABLED_TOOLS                            
                    INFO     Disabled tool 'lean_term_goal' via    server.py:115
                             LEAN_MCP_DISABLED_TOOLS                            
                    INFO     REPL enabled, using:                  server.py:322
                             /home/amirnabiyev/Conjecture_Prover/.              
                             lake/packages/repl/.lake/build/bin/re              
                             pl                                                 
                    INFO     REPL initialized: timeout=60s         server.py:325
[09/09/26 00:01:28] INFO     Session ending — cleaning up          server.py:360
                             per-session resources                              
[09/09/26 00:01:33] INFO     Disabled tool 'lean_build' via        server.py:115
                             LEAN_MCP_DISABLED_TOOLS                            
                    INFO     Disabled tool 'lean_completions' via  server.py:115
                             LEAN_MCP_DISABLED_TOOLS                            
                    INFO     Disabled tool 'lean_declaration_file' server.py:115
                             via LEAN_MCP_DISABLED_TOOLS                        
                    INFO     Disabled tool                         server.py:115
                             'lean_diagnostic_messages' via                     
                             LEAN_MCP_DISABLED_TOOLS                            
                    INFO     Disabled tool 'lean_file_outline' via server.py:115
                             LEAN_MCP_DISABLED_TOOLS                            
                    INFO     Disabled tool                         server.py:115
                             'lean_get_widget_source' via                       
                             LEAN_MCP_DISABLED_TOOLS                            
                    INFO     Disabled tool 'lean_get_widgets' via  server.py:115
                             LEAN_MCP_DISABLED_TOOLS                            
                    INFO     Disabled tool 'lean_goal' via         server.py:115
                             LEAN_MCP_DISABLED_TOOLS                            
                    INFO     Disabled tool 'lean_hover_info' via   server.py:115
                             LEAN_MCP_DISABLED_TOOLS                            
                    INFO     Disabled tool 'lean_references' via   server.py:115
                             LEAN_MCP_DISABLED_TOOLS                            
                    INFO     Disabled tool 'lean_term_goal' via    server.py:115
                             LEAN_MCP_DISABLED_TOOLS                            
                    INFO     REPL enabled, using:                  server.py:322
                             /home/amirnabiyev/Conjecture_Prover/.              
                             lake/packages/repl/.lake/build/bin/re              
                             pl                                                 
                    INFO     REPL initialized: timeout=60s         server.py:325
[09/09/26 00:01:39] INFO     Session ending — cleaning up          server.py:360
                             per-session resources                              
[09/09/26 00:01:41] INFO     Disabled tool 'lean_build' via        server.py:115
                             LEAN_MCP_DISABLED_TOOLS                            
                    INFO     Disabled tool 'lean_completions' via  server.py:115
                             LEAN_MCP_DISABLED_TOOLS                            
                    INFO     Disabled tool 'lean_declaration_file' server.py:115
                             via LEAN_MCP_DISABLED_TOOLS                        
                    INFO     Disabled tool                         server.py:115
                             'lean_diagnostic_messages' via                     
                             LEAN_MCP_DISABLED_TOOLS                            
                    INFO     Disabled tool 'lean_file_outline' via server.py:115
                             LEAN_MCP_DISABLED_TOOLS                            
                    INFO     Disabled tool                         server.py:115
                             'lean_get_widget_source' via                       
                             LEAN_MCP_DISABLED_TOOLS                            
                    INFO     Disabled tool 'lean_get_widgets' via  server.py:115
                             LEAN_MCP_DISABLED_TOOLS                            
                    INFO     Disabled tool 'lean_goal' via         server.py:115
                             LEAN_MCP_DISABLED_TOOLS                            
                    INFO     Disabled tool 'lean_hover_info' via   server.py:115
                             LEAN_MCP_DISABLED_TOOLS                            
                    INFO     Disabled tool 'lean_references' via   server.py:115
                             LEAN_MCP_DISABLED_TOOLS                            
                    INFO     Disabled tool 'lean_term_goal' via    server.py:115
                             LEAN_MCP_DISABLED_TOOLS                            
                    INFO     REPL enabled, using:                  server.py:322
                             /home/amirnabiyev/Conjecture_Prover/.              
                             lake/packages/repl/.lake/build/bin/re              
                             pl                                                 
                    INFO     REPL initialized: timeout=60s         server.py:325
[09/09/26 00:01:42] INFO     Shared async LSP client         client_utils.py:133
                             connected at                                       
                             /home/amirnabiyev/Conjecture_Pr                    
                             over                                               
[09/09/26 00:02:03] INFO     Session ending — cleaning up          server.py:360
                             per-session resources                              
Exception ignored in: <function BaseSubprocessTransport.__del__ at 0x750420f6f380>
Traceback (most recent call last):
  File "/usr/local/lib/python3.12/asyncio/base_subprocess.py", line 126, in __del__
    self.close()
  File "/usr/local/lib/python3.12/asyncio/base_subprocess.py", line 104, in close
    proto.pipe.close()
  File "/usr/local/lib/python3.12/asyncio/unix_events.py", line 767, in close
    self.write_eof()
  File "/usr/local/lib/python3.12/asyncio/unix_events.py", line 753, in write_eof
    self._loop.call_soon(self._call_connection_lost, None)
  File "/usr/local/lib/python3.12/asyncio/base_events.py", line 799, in call_soon
    self._check_closed()
  File "/usr/local/lib/python3.12/asyncio/base_events.py", line 545, in _check_closed
    raise RuntimeError('Event loop is closed')
RuntimeError: Event loop is closed
[09/09/26 00:02:48] INFO     Disabled tool 'lean_build' via        server.py:115
                             LEAN_MCP_DISABLED_TOOLS                            
                    INFO     Disabled tool 'lean_completions' via  server.py:115
                             LEAN_MCP_DISABLED_TOOLS                            
                    INFO     Disabled tool 'lean_declaration_file' server.py:115
                             via LEAN_MCP_DISABLED_TOOLS                        
                    INFO     Disabled tool                         server.py:115
                             'lean_diagnostic_messages' via                     
                             LEAN_MCP_DISABLED_TOOLS                            
                    INFO     Disabled tool 'lean_file_outline' via server.py:115
                             LEAN_MCP_DISABLED_TOOLS                            
                    INFO     Disabled tool                         server.py:115
                             'lean_get_widget_source' via                       
                             LEAN_MCP_DISABLED_TOOLS                            
                    INFO     Disabled tool 'lean_get_widgets' via  server.py:115
                             LEAN_MCP_DISABLED_TOOLS                            
                    INFO     Disabled tool 'lean_goal' via         server.py:115
                             LEAN_MCP_DISABLED_TOOLS                            
                    INFO     Disabled tool 'lean_hover_info' via   server.py:115
                             LEAN_MCP_DISABLED_TOOLS                            
                    INFO     Disabled tool 'lean_references' via   server.py:115
                             LEAN_MCP_DISABLED_TOOLS                            
                    INFO     Disabled tool 'lean_term_goal' via    server.py:115
                             LEAN_MCP_DISABLED_TOOLS                            
                    INFO     REPL enabled, using:                  server.py:322
                             /home/amirnabiyev/Conjecture_Prover/.              
                             lake/packages/repl/.lake/build/bin/re              
                             pl                                                 
                    INFO     REPL initialized: timeout=60s         server.py:325
[09/09/26 00:02:49] INFO     Session ending — cleaning up          server.py:360
                             per-session resources                              
[09/09/26 00:02:50] INFO     Disabled tool 'lean_build' via        server.py:115
                             LEAN_MCP_DISABLED_TOOLS                            
                    INFO     Disabled tool 'lean_completions' via  server.py:115
                             LEAN_MCP_DISABLED_TOOLS                            
                    INFO     Disabled tool 'lean_declaration_file' server.py:115
                             via LEAN_MCP_DISABLED_TOOLS                        
                    INFO     Disabled tool                         server.py:115
                             'lean_diagnostic_messages' via                     
                             LEAN_MCP_DISABLED_TOOLS                            
                    INFO     Disabled tool 'lean_file_outline' via server.py:115
                             LEAN_MCP_DISABLED_TOOLS                            
                    INFO     Disabled tool                         server.py:115
                             'lean_get_widget_source' via                       
                             LEAN_MCP_DISABLED_TOOLS                            
                    INFO     Disabled tool 'lean_get_widgets' via  server.py:115
                             LEAN_MCP_DISABLED_TOOLS                            
                    INFO     Disabled tool 'lean_goal' via         server.py:115
                             LEAN_MCP_DISABLED_TOOLS                            
                    INFO     Disabled tool 'lean_hover_info' via   server.py:115
                             LEAN_MCP_DISABLED_TOOLS                            
                    INFO     Disabled tool 'lean_references' via   server.py:115
                             LEAN_MCP_DISABLED_TOOLS                            
                    INFO     Disabled tool 'lean_term_goal' via    server.py:115
                             LEAN_MCP_DISABLED_TOOLS                            
                    INFO     REPL enabled, using:                  server.py:322
                             /home/amirnabiyev/Conjecture_Prover/.              
                             lake/packages/repl/.lake/build/bin/re              
                             pl                                                 
                    INFO     REPL initialized: timeout=60s         server.py:325
[09/09/26 00:02:57] INFO     Session ending — cleaning up          server.py:360
                             per-session resources                              
[09/09/26 00:03:01] INFO     Disabled tool 'lean_build' via        server.py:115
                             LEAN_MCP_DISABLED_TOOLS                            
                    INFO     Disabled tool 'lean_completions' via  server.py:115
                             LEAN_MCP_DISABLED_TOOLS                            
                    INFO     Disabled tool 'lean_declaration_file' server.py:115
                             via LEAN_MCP_DISABLED_TOOLS                        
                    INFO     Disabled tool                         server.py:115
                             'lean_diagnostic_messages' via                     
                             LEAN_MCP_DISABLED_TOOLS                            
                    INFO     Disabled tool 'lean_file_outline' via server.py:115
                             LEAN_MCP_DISABLED_TOOLS                            
                    INFO     Disabled tool                         server.py:115
                             'lean_get_widget_source' via                       
                             LEAN_MCP_DISABLED_TOOLS                            
                    INFO     Disabled tool 'lean_get_widgets' via  server.py:115
                             LEAN_MCP_DISABLED_TOOLS                            
                    INFO     Disabled tool 'lean_goal' via         server.py:115
                             LEAN_MCP_DISABLED_TOOLS                            
                    INFO     Disabled tool 'lean_hover_info' via   server.py:115
                             LEAN_MCP_DISABLED_TOOLS                            
                    INFO     Disabled tool 'lean_references' via   server.py:115
                             LEAN_MCP_DISABLED_TOOLS                            
                    INFO     Disabled tool 'lean_term_goal' via    server.py:115
                             LEAN_MCP_DISABLED_TOOLS                            
                    INFO     REPL enabled, using:                  server.py:322
                             /home/amirnabiyev/Conjecture_Prover/.              
                             lake/packages/repl/.lake/build/bin/re              
                             pl                                                 
                    INFO     REPL initialized: timeout=60s         server.py:325
[09/09/26 00:03:02] INFO     Session ending — cleaning up          server.py:360
                             per-session resources                              
[09/09/26 00:03:03] INFO     Disabled tool 'lean_build' via        server.py:115
                             LEAN_MCP_DISABLED_TOOLS                            
                    INFO     Disabled tool 'lean_completions' via  server.py:115
                             LEAN_MCP_DISABLED_TOOLS                            
                    INFO     Disabled tool 'lean_declaration_file' server.py:115
                             via LEAN_MCP_DISABLED_TOOLS                        
                    INFO     Disabled tool                         server.py:115
                             'lean_diagnostic_messages' via                     
                             LEAN_MCP_DISABLED_TOOLS                            
                    INFO     Disabled tool 'lean_file_outline' via server.py:115
                             LEAN_MCP_DISABLED_TOOLS                            
                    INFO     Disabled tool                         server.py:115
                             'lean_get_widget_source' via                       
                             LEAN_MCP_DISABLED_TOOLS                            
                    INFO     Disabled tool 'lean_get_widgets' via  server.py:115
                             LEAN_MCP_DISABLED_TOOLS                            
                    INFO     Disabled tool 'lean_goal' via         server.py:115
                             LEAN_MCP_DISABLED_TOOLS                            
                    INFO     Disabled tool 'lean_hover_info' via   server.py:115
                             LEAN_MCP_DISABLED_TOOLS                            
                    INFO     Disabled tool 'lean_references' via   server.py:115
                             LEAN_MCP_DISABLED_TOOLS                            
                    INFO     Disabled tool 'lean_term_goal' via    server.py:115
                             LEAN_MCP_DISABLED_TOOLS                            
                    INFO     REPL enabled, using:                  server.py:322
                             /home/amirnabiyev/Conjecture_Prover/.              
                             lake/packages/repl/.lake/build/bin/re              
                             pl                                                 
                    INFO     REPL initialized: timeout=60s         server.py:325
[09/09/26 00:03:04] INFO     Session ending — cleaning up          server.py:360
                             per-session resources                              
[09/09/26 00:03:05] INFO     Disabled tool 'lean_build' via        server.py:115
                             LEAN_MCP_DISABLED_TOOLS                            
                    INFO     Disabled tool 'lean_completions' via  server.py:115
                             LEAN_MCP_DISABLED_TOOLS                            
                    INFO     Disabled tool 'lean_declaration_file' server.py:115
                             via LEAN_MCP_DISABLED_TOOLS                        
                    INFO     Disabled tool                         server.py:115
                             'lean_diagnostic_messages' via                     
                             LEAN_MCP_DISABLED_TOOLS                            
                    INFO     Disabled tool 'lean_file_outline' via server.py:115
                             LEAN_MCP_DISABLED_TOOLS                            
                    INFO     Disabled tool                         server.py:115
                             'lean_get_widget_source' via                       
                             LEAN_MCP_DISABLED_TOOLS                            
                    INFO     Disabled tool 'lean_get_widgets' via  server.py:115
                             LEAN_MCP_DISABLED_TOOLS                            
                    INFO     Disabled tool 'lean_goal' via         server.py:115
                             LEAN_MCP_DISABLED_TOOLS                            
                    INFO     Disabled tool 'lean_hover_info' via   server.py:115
                             LEAN_MCP_DISABLED_TOOLS                            
                    INFO     Disabled tool 'lean_references' via   server.py:115
                             LEAN_MCP_DISABLED_TOOLS                            
                    INFO     Disabled tool 'lean_term_goal' via    server.py:115
                             LEAN_MCP_DISABLED_TOOLS                            
                    INFO     REPL enabled, using:                  server.py:322
                             /home/amirnabiyev/Conjecture_Prover/.              
                             lake/packages/repl/.lake/build/bin/re              
                             pl                                                 
                    INFO     REPL initialized: timeout=60s         server.py:325
                    INFO     Session ending — cleaning up          server.py:360
                             per-session resources                              
[09/09/26 00:03:49] INFO     Disabled tool 'lean_build' via        server.py:115
                             LEAN_MCP_DISABLED_TOOLS                            
                    INFO     Disabled tool 'lean_completions' via  server.py:115
                             LEAN_MCP_DISABLED_TOOLS                            
                    INFO     Disabled tool 'lean_declaration_file' server.py:115
                             via LEAN_MCP_DISABLED_TOOLS                        
                    INFO     Disabled tool                         server.py:115
                             'lean_diagnostic_messages' via                     
                             LEAN_MCP_DISABLED_TOOLS                            
                    INFO     Disabled tool 'lean_file_outline' via server.py:115
                             LEAN_MCP_DISABLED_TOOLS                            
                    INFO     Disabled tool                         server.py:115
                             'lean_get_widget_source' via                       
                             LEAN_MCP_DISABLED_TOOLS                            
                    INFO     Disabled tool 'lean_get_widgets' via  server.py:115
                             LEAN_MCP_DISABLED_TOOLS                            
                    INFO     Disabled tool 'lean_goal' via         server.py:115
                             LEAN_MCP_DISABLED_TOOLS                            
                    INFO     Disabled tool 'lean_hover_info' via   server.py:115
                             LEAN_MCP_DISABLED_TOOLS                            
                    INFO     Disabled tool 'lean_references' via   server.py:115
                             LEAN_MCP_DISABLED_TOOLS                            
                    INFO     Disabled tool 'lean_term_goal' via    server.py:115
                             LEAN_MCP_DISABLED_TOOLS                            
                    INFO     REPL enabled, using:                  server.py:322
                             /home/amirnabiyev/Conjecture_Prover/.              
                             lake/packages/repl/.lake/build/bin/re              
                             pl                                                 
                    INFO     REPL initialized: timeout=60s         server.py:325
[09/09/26 00:03:50] INFO     Session ending — cleaning up          server.py:360
                             per-session resources                              
[09/09/26 00:03:51] INFO     Disabled tool 'lean_build' via        server.py:115
                             LEAN_MCP_DISABLED_TOOLS                            
                    INFO     Disabled tool 'lean_completions' via  server.py:115
                             LEAN_MCP_DISABLED_TOOLS                            
                    INFO     Disabled tool 'lean_declaration_file' server.py:115
                             via LEAN_MCP_DISABLED_TOOLS                        
                    INFO     Disabled tool                         server.py:115
                             'lean_diagnostic_messages' via                     
                             LEAN_MCP_DISABLED_TOOLS                            
                    INFO     Disabled tool 'lean_file_outline' via server.py:115
                             LEAN_MCP_DISABLED_TOOLS                            
                    INFO     Disabled tool                         server.py:115
                             'lean_get_widget_source' via                       
                             LEAN_MCP_DISABLED_TOOLS                            
                    INFO     Disabled tool 'lean_get_widgets' via  server.py:115
                             LEAN_MCP_DISABLED_TOOLS                            
                    INFO     Disabled tool 'lean_goal' via         server.py:115
                             LEAN_MCP_DISABLED_TOOLS                            
                    INFO     Disabled tool 'lean_hover_info' via   server.py:115
                             LEAN_MCP_DISABLED_TOOLS                            
                    INFO     Disabled tool 'lean_references' via   server.py:115
                             LEAN_MCP_DISABLED_TOOLS                            
                    INFO     Disabled tool 'lean_term_goal' via    server.py:115
                             LEAN_MCP_DISABLED_TOOLS                            
                    INFO     REPL enabled, using:                  server.py:322
                             /home/amirnabiyev/Conjecture_Prover/.              
                             lake/packages/repl/.lake/build/bin/re              
                             pl                                                 
                    INFO     REPL initialized: timeout=60s         server.py:325
[09/09/26 00:03:52] INFO     Session ending — cleaning up          server.py:360
                             per-session resources                              
[09/09/26 00:03:53] INFO     Disabled tool 'lean_build' via        server.py:115
                             LEAN_MCP_DISABLED_TOOLS                            
                    INFO     Disabled tool 'lean_completions' via  server.py:115
                             LEAN_MCP_DISABLED_TOOLS                            
                    INFO     Disabled tool 'lean_declaration_file' server.py:115
                             via LEAN_MCP_DISABLED_TOOLS                        
                    INFO     Disabled tool                         server.py:115
                             'lean_diagnostic_messages' via                     
                             LEAN_MCP_DISABLED_TOOLS                            
                    INFO     Disabled tool 'lean_file_outline' via server.py:115
                             LEAN_MCP_DISABLED_TOOLS                            
                    INFO     Disabled tool                         server.py:115
                             'lean_get_widget_source' via                       
                             LEAN_MCP_DISABLED_TOOLS                            
                    INFO     Disabled tool 'lean_get_widgets' via  server.py:115
                             LEAN_MCP_DISABLED_TOOLS                            
                    INFO     Disabled tool 'lean_goal' via         server.py:115
                             LEAN_MCP_DISABLED_TOOLS                            
                    INFO     Disabled tool 'lean_hover_info' via   server.py:115
                             LEAN_MCP_DISABLED_TOOLS                            
                    INFO     Disabled tool 'lean_references' via   server.py:115
                             LEAN_MCP_DISABLED_TOOLS                            
                    INFO     Disabled tool 'lean_term_goal' via    server.py:115
                             LEAN_MCP_DISABLED_TOOLS                            
                    INFO     REPL enabled, using:                  server.py:322
                             /home/amirnabiyev/Conjecture_Prover/.              
                             lake/packages/repl/.lake/build/bin/re              
                             pl                                                 
                    INFO     REPL initialized: timeout=60s         server.py:325
                    INFO     Session ending — cleaning up          server.py:360
                             per-session resources                              
[09/09/26 00:04:01] INFO     Disabled tool 'lean_build' via        server.py:115
                             LEAN_MCP_DISABLED_TOOLS                            
                    INFO     Disabled tool 'lean_completions' via  server.py:115
                             LEAN_MCP_DISABLED_TOOLS                            
                    INFO     Disabled tool 'lean_declaration_file' server.py:115
                             via LEAN_MCP_DISABLED_TOOLS                        
                    INFO     Disabled tool                         server.py:115
                             'lean_diagnostic_messages' via                     
                             LEAN_MCP_DISABLED_TOOLS                            
                    INFO     Disabled tool 'lean_file_outline' via server.py:115
                             LEAN_MCP_DISABLED_TOOLS                            
                    INFO     Disabled tool                         server.py:115
                             'lean_get_widget_source' via                       
                             LEAN_MCP_DISABLED_TOOLS                            
                    INFO     Disabled tool 'lean_get_widgets' via  server.py:115
                             LEAN_MCP_DISABLED_TOOLS                            
                    INFO     Disabled tool 'lean_goal' via         server.py:115
                             LEAN_MCP_DISABLED_TOOLS                            
                    INFO     Disabled tool 'lean_hover_info' via   server.py:115
                             LEAN_MCP_DISABLED_TOOLS                            
                    INFO     Disabled tool 'lean_references' via   server.py:115
                             LEAN_MCP_DISABLED_TOOLS                            
                    INFO     Disabled tool 'lean_term_goal' via    server.py:115
                             LEAN_MCP_DISABLED_TOOLS                            
                    INFO     REPL enabled, using:                  server.py:322
                             /home/amirnabiyev/Conjecture_Prover/.              
                             lake/packages/repl/.lake/build/bin/re              
                             pl                                                 
                    INFO     REPL initialized: timeout=60s         server.py:325
[09/09/26 00:04:07] INFO     Session ending — cleaning up          server.py:360
                             per-session resources                              
[09/09/26 00:04:09] INFO     Disabled tool 'lean_build' via        server.py:115
                             LEAN_MCP_DISABLED_TOOLS                            
                    INFO     Disabled tool 'lean_completions' via  server.py:115
                             LEAN_MCP_DISABLED_TOOLS                            
                    INFO     Disabled tool 'lean_declaration_file' server.py:115
                             via LEAN_MCP_DISABLED_TOOLS                        
                    INFO     Disabled tool                         server.py:115
                             'lean_diagnostic_messages' via                     
                             LEAN_MCP_DISABLED_TOOLS                            
                    INFO     Disabled tool 'lean_file_outline' via server.py:115
                             LEAN_MCP_DISABLED_TOOLS                            
                    INFO     Disabled tool                         server.py:115
                             'lean_get_widget_source' via                       
                             LEAN_MCP_DISABLED_TOOLS                            
                    INFO     Disabled tool 'lean_get_widgets' via  server.py:115
                             LEAN_MCP_DISABLED_TOOLS                            
                    INFO     Disabled tool 'lean_goal' via         server.py:115
                             LEAN_MCP_DISABLED_TOOLS                            
                    INFO     Disabled tool 'lean_hover_info' via   server.py:115
                             LEAN_MCP_DISABLED_TOOLS                            
                    INFO     Disabled tool 'lean_references' via   server.py:115
                             LEAN_MCP_DISABLED_TOOLS                            
                    INFO     Disabled tool 'lean_term_goal' via    server.py:115
                             LEAN_MCP_DISABLED_TOOLS                            
                    INFO     REPL enabled, using:                  server.py:322
                             /home/amirnabiyev/Conjecture_Prover/.              
                             lake/packages/repl/.lake/build/bin/re              
                             pl                                                 
                    INFO     REPL initialized: timeout=60s         server.py:325
                    INFO     Session ending — cleaning up          server.py:360
                             per-session resources                              
[09/09/26 00:04:43] INFO     Disabled tool 'lean_build' via        server.py:115
                             LEAN_MCP_DISABLED_TOOLS                            
                    INFO     Disabled tool 'lean_completions' via  server.py:115
                             LEAN_MCP_DISABLED_TOOLS                            
                    INFO     Disabled tool 'lean_declaration_file' server.py:115
                             via LEAN_MCP_DISABLED_TOOLS                        
                    INFO     Disabled tool                         server.py:115
                             'lean_diagnostic_messages' via                     
                             LEAN_MCP_DISABLED_TOOLS                            
                    INFO     Disabled tool 'lean_file_outline' via server.py:115
                             LEAN_MCP_DISABLED_TOOLS                            
                    INFO     Disabled tool                         server.py:115
                             'lean_get_widget_source' via                       
                             LEAN_MCP_DISABLED_TOOLS                            
                    INFO     Disabled tool 'lean_get_widgets' via  server.py:115
                             LEAN_MCP_DISABLED_TOOLS                            
                    INFO     Disabled tool 'lean_goal' via         server.py:115
                             LEAN_MCP_DISABLED_TOOLS                            
                    INFO     Disabled tool 'lean_hover_info' via   server.py:115
                             LEAN_MCP_DISABLED_TOOLS                            
                    INFO     Disabled tool 'lean_references' via   server.py:115
                             LEAN_MCP_DISABLED_TOOLS                            
                    INFO     Disabled tool 'lean_term_goal' via    server.py:115
                             LEAN_MCP_DISABLED_TOOLS                            
                    INFO     REPL enabled, using:                  server.py:322
                             /home/amirnabiyev/Conjecture_Prover/.              
                             lake/packages/repl/.lake/build/bin/re              
                             pl                                                 
                    INFO     REPL initialized: timeout=60s         server.py:325
[09/09/26 00:04:44] INFO     Shared async LSP client         client_utils.py:133
                             connected at                                       
                             /home/amirnabiyev/Conjecture_Pr                    
                             over                                               
[09/09/26 00:05:04] INFO     Session ending — cleaning up          server.py:360
                             per-session resources                              
Exception ignored in: <function BaseSubprocessTransport.__del__ at 0x7cec6e37b380>
Traceback (most recent call last):
  File "/usr/local/lib/python3.12/asyncio/base_subprocess.py", line 126, in __del__
    self.close()
  File "/usr/local/lib/python3.12/asyncio/base_subprocess.py", line 104, in close
    proto.pipe.close()
  File "/usr/local/lib/python3.12/asyncio/unix_events.py", line 767, in close
    self.write_eof()
  File "/usr/local/lib/python3.12/asyncio/unix_events.py", line 753, in write_eof
    self._loop.call_soon(self._call_connection_lost, None)
  File "/usr/local/lib/python3.12/asyncio/base_events.py", line 799, in call_soon
    self._check_closed()
  File "/usr/local/lib/python3.12/asyncio/base_events.py", line 545, in _check_closed
    raise RuntimeError('Event loop is closed')
RuntimeError: Event loop is closed
[09/09/26 00:05:06] INFO     Disabled tool 'lean_build' via        server.py:115
                             LEAN_MCP_DISABLED_TOOLS                            
                    INFO     Disabled tool 'lean_completions' via  server.py:115
                             LEAN_MCP_DISABLED_TOOLS                            
                    INFO     Disabled tool 'lean_declaration_file' server.py:115
                             via LEAN_MCP_DISABLED_TOOLS                        
                    INFO     Disabled tool                         server.py:115
                             'lean_diagnostic_messages' via                     
                             LEAN_MCP_DISABLED_TOOLS                            
                    INFO     Disabled tool 'lean_file_outline' via server.py:115
                             LEAN_MCP_DISABLED_TOOLS                            
                    INFO     Disabled tool                         server.py:115
                             'lean_get_widget_source' via                       
                             LEAN_MCP_DISABLED_TOOLS                            
                    INFO     Disabled tool 'lean_get_widgets' via  server.py:115
                             LEAN_MCP_DISABLED_TOOLS                            
                    INFO     Disabled tool 'lean_goal' via         server.py:115
                             LEAN_MCP_DISABLED_TOOLS                            
                    INFO     Disabled tool 'lean_hover_info' via   server.py:115
                             LEAN_MCP_DISABLED_TOOLS                            
                    INFO     Disabled tool 'lean_references' via   server.py:115
                             LEAN_MCP_DISABLED_TOOLS                            
                    INFO     Disabled tool 'lean_term_goal' via    server.py:115
                             LEAN_MCP_DISABLED_TOOLS                            
                    INFO     REPL enabled, using:                  server.py:322
                             /home/amirnabiyev/Conjecture_Prover/.              
                             lake/packages/repl/.lake/build/bin/re              
                             pl                                                 
                    INFO     REPL initialized: timeout=60s         server.py:325
[09/09/26 00:05:07] INFO     Shared async LSP client         client_utils.py:133
                             connected at                                       
                             /home/amirnabiyev/Conjecture_Pr                    
                             over                                               
[09/09/26 00:05:27] INFO     Session ending — cleaning up          server.py:360
                             per-session resources                              
Exception ignored in: <function BaseSubprocessTransport.__del__ at 0x71b58797f380>
Traceback (most recent call last):
  File "/usr/local/lib/python3.12/asyncio/base_subprocess.py", line 126, in __del__
    self.close()
  File "/usr/local/lib/python3.12/asyncio/base_subprocess.py", line 104, in close
    proto.pipe.close()
  File "/usr/local/lib/python3.12/asyncio/unix_events.py", line 767, in close
    self.write_eof()
  File "/usr/local/lib/python3.12/asyncio/unix_events.py", line 753, in write_eof
    self._loop.call_soon(self._call_connection_lost, None)
  File "/usr/local/lib/python3.12/asyncio/base_events.py", line 799, in call_soon
    self._check_closed()
  File "/usr/local/lib/python3.12/asyncio/base_events.py", line 545, in _check_closed
    raise RuntimeError('Event loop is closed')
RuntimeError: Event loop is closed
[09/09/26 00:05:29] INFO     Disabled tool 'lean_build' via        server.py:115
                             LEAN_MCP_DISABLED_TOOLS                            
                    INFO     Disabled tool 'lean_completions' via  server.py:115
                             LEAN_MCP_DISABLED_TOOLS                            
                    INFO     Disabled tool 'lean_declaration_file' server.py:115
                             via LEAN_MCP_DISABLED_TOOLS                        
                    INFO     Disabled tool                         server.py:115
                             'lean_diagnostic_messages' via                     
                             LEAN_MCP_DISABLED_TOOLS                            
                    INFO     Disabled tool 'lean_file_outline' via server.py:115
                             LEAN_MCP_DISABLED_TOOLS                            
                    INFO     Disabled tool                         server.py:115
                             'lean_get_widget_source' via                       
                             LEAN_MCP_DISABLED_TOOLS                            
                    INFO     Disabled tool 'lean_get_widgets' via  server.py:115
                             LEAN_MCP_DISABLED_TOOLS                            
                    INFO     Disabled tool 'lean_goal' via         server.py:115
                             LEAN_MCP_DISABLED_TOOLS                            
                    INFO     Disabled tool 'lean_hover_info' via   server.py:115
                             LEAN_MCP_DISABLED_TOOLS                            
                    INFO     Disabled tool 'lean_references' via   server.py:115
                             LEAN_MCP_DISABLED_TOOLS                            
                    INFO     Disabled tool 'lean_term_goal' via    server.py:115
                             LEAN_MCP_DISABLED_TOOLS                            
                    INFO     REPL enabled, using:                  server.py:322
                             /home/amirnabiyev/Conjecture_Prover/.              
                             lake/packages/repl/.lake/build/bin/re              
                             pl                                                 
                    INFO     REPL initialized: timeout=60s         server.py:325
[09/09/26 00:05:35] INFO     Session ending — cleaning up          server.py:360
                             per-session resources                              
[09/09/26 00:05:52] INFO     Disabled tool 'lean_build' via        server.py:115
                             LEAN_MCP_DISABLED_TOOLS                            
                    INFO     Disabled tool 'lean_completions' via  server.py:115
                             LEAN_MCP_DISABLED_TOOLS                            
                    INFO     Disabled tool 'lean_declaration_file' server.py:115
                             via LEAN_MCP_DISABLED_TOOLS                        
                    INFO     Disabled tool                         server.py:115
                             'lean_diagnostic_messages' via                     
                             LEAN_MCP_DISABLED_TOOLS                            
                    INFO     Disabled tool 'lean_file_outline' via server.py:115
                             LEAN_MCP_DISABLED_TOOLS                            
                    INFO     Disabled tool                         server.py:115
                             'lean_get_widget_source' via                       
                             LEAN_MCP_DISABLED_TOOLS                            
                    INFO     Disabled tool 'lean_get_widgets' via  server.py:115
                             LEAN_MCP_DISABLED_TOOLS                            
                    INFO     Disabled tool 'lean_goal' via         server.py:115
                             LEAN_MCP_DISABLED_TOOLS                            
                    INFO     Disabled tool 'lean_hover_info' via   server.py:115
                             LEAN_MCP_DISABLED_TOOLS                            
                    INFO     Disabled tool 'lean_references' via   server.py:115
                             LEAN_MCP_DISABLED_TOOLS                            
                    INFO     Disabled tool 'lean_term_goal' via    server.py:115
                             LEAN_MCP_DISABLED_TOOLS                            
                    INFO     REPL enabled, using:                  server.py:322
                             /home/amirnabiyev/Conjecture_Prover/.              
                             lake/packages/repl/.lake/build/bin/re              
                             pl                                                 
                    INFO     REPL initialized: timeout=60s         server.py:325
                    INFO     Session ending — cleaning up          server.py:360
                             per-session resources                              
[09/09/26 00:05:54] INFO     Disabled tool 'lean_build' via        server.py:115
                             LEAN_MCP_DISABLED_TOOLS                            
                    INFO     Disabled tool 'lean_completions' via  server.py:115
                             LEAN_MCP_DISABLED_TOOLS                            
                    INFO     Disabled tool 'lean_declaration_file' server.py:115
                             via LEAN_MCP_DISABLED_TOOLS                        
                    INFO     Disabled tool                         server.py:115
                             'lean_diagnostic_messages' via                     
                             LEAN_MCP_DISABLED_TOOLS                            
                    INFO     Disabled tool 'lean_file_outline' via server.py:115
                             LEAN_MCP_DISABLED_TOOLS                            
                    INFO     Disabled tool                         server.py:115
                             'lean_get_widget_source' via                       
                             LEAN_MCP_DISABLED_TOOLS                            
                    INFO     Disabled tool 'lean_get_widgets' via  server.py:115
                             LEAN_MCP_DISABLED_TOOLS                            
                    INFO     Disabled tool 'lean_goal' via         server.py:115
                             LEAN_MCP_DISABLED_TOOLS                            
                    INFO     Disabled tool 'lean_hover_info' via   server.py:115
                             LEAN_MCP_DISABLED_TOOLS                            
                    INFO     Disabled tool 'lean_references' via   server.py:115
                             LEAN_MCP_DISABLED_TOOLS                            
                    INFO     Disabled tool 'lean_term_goal' via    server.py:115
                             LEAN_MCP_DISABLED_TOOLS                            
                    INFO     REPL enabled, using:                  server.py:322
                             /home/amirnabiyev/Conjecture_Prover/.              
                             lake/packages/repl/.lake/build/bin/re              
                             pl                                                 
                    INFO     REPL initialized: timeout=60s         server.py:325
                    INFO     Session ending — cleaning up          server.py:360
                             per-session resources                              
[09/09/26 00:05:56] INFO     Disabled tool 'lean_build' via        server.py:115
                             LEAN_MCP_DISABLED_TOOLS                            
                    INFO     Disabled tool 'lean_completions' via  server.py:115
                             LEAN_MCP_DISABLED_TOOLS                            
                    INFO     Disabled tool 'lean_declaration_file' server.py:115
                             via LEAN_MCP_DISABLED_TOOLS                        
                    INFO     Disabled tool                         server.py:115
                             'lean_diagnostic_messages' via                     
                             LEAN_MCP_DISABLED_TOOLS                            
                    INFO     Disabled tool 'lean_file_outline' via server.py:115
                             LEAN_MCP_DISABLED_TOOLS                            
                    INFO     Disabled tool                         server.py:115
                             'lean_get_widget_source' via                       
                             LEAN_MCP_DISABLED_TOOLS                            
                    INFO     Disabled tool 'lean_get_widgets' via  server.py:115
                             LEAN_MCP_DISABLED_TOOLS                            
                    INFO     Disabled tool 'lean_goal' via         server.py:115
                             LEAN_MCP_DISABLED_TOOLS                            
                    INFO     Disabled tool 'lean_hover_info' via   server.py:115
                             LEAN_MCP_DISABLED_TOOLS                            
                    INFO     Disabled tool 'lean_references' via   server.py:115
                             LEAN_MCP_DISABLED_TOOLS                            
                    INFO     Disabled tool 'lean_term_goal' via    server.py:115
                             LEAN_MCP_DISABLED_TOOLS                            
                    INFO     REPL enabled, using:                  server.py:322
                             /home/amirnabiyev/Conjecture_Prover/.              
                             lake/packages/repl/.lake/build/bin/re              
                             pl                                                 
                    INFO     REPL initialized: timeout=60s         server.py:325
                    INFO     Session ending — cleaning up          server.py:360
                             per-session resources                              
[09/09/26 00:05:58] INFO     Disabled tool 'lean_build' via        server.py:115
                             LEAN_MCP_DISABLED_TOOLS                            
                    INFO     Disabled tool 'lean_completions' via  server.py:115
                             LEAN_MCP_DISABLED_TOOLS                            
                    INFO     Disabled tool 'lean_declaration_file' server.py:115
                             via LEAN_MCP_DISABLED_TOOLS                        
                    INFO     Disabled tool                         server.py:115
                             'lean_diagnostic_messages' via                     
                             LEAN_MCP_DISABLED_TOOLS                            
                    INFO     Disabled tool 'lean_file_outline' via server.py:115
                             LEAN_MCP_DISABLED_TOOLS                            
                    INFO     Disabled tool                         server.py:115
                             'lean_get_widget_source' via                       
                             LEAN_MCP_DISABLED_TOOLS                            
                    INFO     Disabled tool 'lean_get_widgets' via  server.py:115
                             LEAN_MCP_DISABLED_TOOLS                            
                    INFO     Disabled tool 'lean_goal' via         server.py:115
                             LEAN_MCP_DISABLED_TOOLS                            
                    INFO     Disabled tool 'lean_hover_info' via   server.py:115
                             LEAN_MCP_DISABLED_TOOLS                            
                    INFO     Disabled tool 'lean_references' via   server.py:115
                             LEAN_MCP_DISABLED_TOOLS                            
                    INFO     Disabled tool 'lean_term_goal' via    server.py:115
                             LEAN_MCP_DISABLED_TOOLS                            
                    INFO     REPL enabled, using:                  server.py:322
                             /home/amirnabiyev/Conjecture_Prover/.              
                             lake/packages/repl/.lake/build/bin/re              
                             pl                                                 
                    INFO     REPL initialized: timeout=60s         server.py:325
[09/09/26 00:06:04] INFO     Session ending — cleaning up          server.py:360
                             per-session resources                              
[09/09/26 00:06:32] INFO     Disabled tool 'lean_build' via        server.py:115
                             LEAN_MCP_DISABLED_TOOLS                            
                    INFO     Disabled tool 'lean_completions' via  server.py:115
                             LEAN_MCP_DISABLED_TOOLS                            
                    INFO     Disabled tool 'lean_declaration_file' server.py:115
                             via LEAN_MCP_DISABLED_TOOLS                        
                    INFO     Disabled tool                         server.py:115
                             'lean_diagnostic_messages' via                     
                             LEAN_MCP_DISABLED_TOOLS                            
                    INFO     Disabled tool 'lean_file_outline' via server.py:115
                             LEAN_MCP_DISABLED_TOOLS                            
                    INFO     Disabled tool                         server.py:115
                             'lean_get_widget_source' via                       
                             LEAN_MCP_DISABLED_TOOLS                            
                    INFO     Disabled tool 'lean_get_widgets' via  server.py:115
                             LEAN_MCP_DISABLED_TOOLS                            
                    INFO     Disabled tool 'lean_goal' via         server.py:115
                             LEAN_MCP_DISABLED_TOOLS                            
                    INFO     Disabled tool 'lean_hover_info' via   server.py:115
                             LEAN_MCP_DISABLED_TOOLS                            
                    INFO     Disabled tool 'lean_references' via   server.py:115
                             LEAN_MCP_DISABLED_TOOLS                            
                    INFO     Disabled tool 'lean_term_goal' via    server.py:115
                             LEAN_MCP_DISABLED_TOOLS                            
                    INFO     REPL enabled, using:                  server.py:322
                             /home/amirnabiyev/Conjecture_Prover/.              
                             lake/packages/repl/.lake/build/bin/re              
                             pl                                                 
                    INFO     REPL initialized: timeout=60s         server.py:325
                    INFO     Session ending — cleaning up          server.py:360
                             per-session resources                              
[09/09/26 00:06:34] INFO     Disabled tool 'lean_build' via        server.py:115
                             LEAN_MCP_DISABLED_TOOLS                            
                    INFO     Disabled tool 'lean_completions' via  server.py:115
                             LEAN_MCP_DISABLED_TOOLS                            
                    INFO     Disabled tool 'lean_declaration_file' server.py:115
                             via LEAN_MCP_DISABLED_TOOLS                        
                    INFO     Disabled tool                         server.py:115
                             'lean_diagnostic_messages' via                     
                             LEAN_MCP_DISABLED_TOOLS                            
                    INFO     Disabled tool 'lean_file_outline' via server.py:115
                             LEAN_MCP_DISABLED_TOOLS                            
                    INFO     Disabled tool                         server.py:115
                             'lean_get_widget_source' via                       
                             LEAN_MCP_DISABLED_TOOLS                            
                    INFO     Disabled tool 'lean_get_widgets' via  server.py:115
                             LEAN_MCP_DISABLED_TOOLS                            
                    INFO     Disabled tool 'lean_goal' via         server.py:115
                             LEAN_MCP_DISABLED_TOOLS                            
                    INFO     Disabled tool 'lean_hover_info' via   server.py:115
                             LEAN_MCP_DISABLED_TOOLS                            
                    INFO     Disabled tool 'lean_references' via   server.py:115
                             LEAN_MCP_DISABLED_TOOLS                            
                    INFO     Disabled tool 'lean_term_goal' via    server.py:115
                             LEAN_MCP_DISABLED_TOOLS                            
                    INFO     REPL enabled, using:                  server.py:322
                             /home/amirnabiyev/Conjecture_Prover/.              
                             lake/packages/repl/.lake/build/bin/re              
                             pl                                                 
                    INFO     REPL initialized: timeout=60s         server.py:325
                    INFO     Session ending — cleaning up          server.py:360
                             per-session resources                              
[09/09/26 00:06:49] INFO     REPL enabled, using:                  server.py:322
                             /home/amirnabiyev/Conjecture_Prover/.              
                             lake/packages/repl/.lake/build/bin/re              
                             pl                                                 
                    INFO     REPL initialized: timeout=60s         server.py:325
                    INFO     Session ending — cleaning up          server.py:360
                             per-session resources                              

   🛠️  PL-Problem94.orbitZeroSet_finite_or_arithProgression AI made 1 tool call(s):
 → lean_run_code
   💬 PL-Problem94.orbitZeroSet_finite_or_arithProgression AI says: The module imports fine. Let me inspect the definitions and the already-proved dependency to understand the setup.
   🛠️  PL-Problem94.orbitZeroSet_finite_or_arithProgression AI made 2 tool call(s):
 → lean_run_code
 → lean_verify
   💬 PL-Problem94.orbitZeroSet_finite_or_arithProgression AI says: `orbitZeroSet f ϕ s = {n | ∀ x ∈ s, ϕ ((f^[n]) x) = 0}`. Now let me look at the full file/namespace context: other Problem94 declarations, possible axioms, and how `f.FormallyEtale` is elaborated.
   🛠️  PL-Problem94.orbitZeroSet_finite_or_arithProgression AI made 2 tool call(s):
 → lean_local_search
 → lean_run_code
   🛠️  PL-Problem94.orbitZeroSet_finite_or_arithProgression AI made 3 tool call(s):
 → lean_local_search
 → lean_local_search
 → lean_local_search
   🛠️  PL-Problem94.orbitZeroSet_finite_or_arithProgression AI made 3 tool call(s):
 → lean_local_search
 → lean_local_search
 → lean_local_search
   💬 PL-Problem94.orbitZeroSet_finite_or_arithProgression AI says: Let me enumerate what's actually available in the active module by probing names.
   🛠️  PL-Problem94.orbitZeroSet_finite_or_arithProgression AI made 2 tool call(s):
 → lean_run_code
 → lean_local_search
   💬 PL-Problem94.orbitZeroSet_finite_or_arithProgression AI says: Excellent discovery — the module already contains `zeroSet_finite_or_contain_arithmetic_progression` (ideal version of the DML-type statement) and a bridge `zeroSet_eq_orbitZeroSet_of_span`. Let me confirm these are genuinely proved (no `sorry`) and inspect their definitions.
   🛠️  PL-Problem94.orbitZeroSet_finite_or_arithProgression AI made 3 tool call(s):
 → lean_verify
 → lean_verify
 → lean_run_code
   💬 PL-Problem94.orbitZeroSet_finite_or_arithProgression AI says: Key insight: `zeroSet_finite_or_contain_arithmetic_progression` **calls our target lemma** (it is derived from the Finset version), and currently depends on `sorryAx` only because our target has `sorry`. So the target is the actual primitive deep DML statement. Let me make sure there isn't another hidden axiom/helper in the file by enumerating more names.
   🛠️  PL-Problem94.orbitZeroSet_finite_or_arithProgression AI made 4 tool call(s):
 → lean_local_search
 → lean_local_search
 → lean_local_search
 → lean_run_code
   💬 PL-Problem94.orbitZeroSet_finite_or_arithProgression AI says: No hidden axioms. Let me confirm Mathlib has no dynamical Mordell–Lang / arithmetic-progression containment results that could apply, and sanity-check that the claim is not degenerate.
   🛠️  PL-Problem94.orbitZeroSet_finite_or_arithProgression AI made 3 tool call(s):
 → lean_leansearch
 → lean_leanfinder
 → search_mathlib_docs_multi
   💬 PL-Problem94.orbitZeroSet_finite_or_arithProgression AI says: [FINAL PROPOSAL]
status: UNRESOLVED
new_str:
```lean
lemma orbitZeroSet_finite_or_arithProgression {k A : Type} [Field k] [CharZero k] [CommRing A]
    [IsDomain A] [Algebra k A] [Algebra.FiniteType k A] (f : A →ₐ[k] A) (ϕ : A →ₐ[k] k)
    (hf : f.FormallyEtale) (s : Finset A) :
    (orbitZeroSet f ϕ s).Finite ∨ ∃ (d : ℕ+) (a : ℕ), ∀ n : ℕ, a + d * n ∈ orbitZeroSet f ϕ s := by
  -- The statement is exactly the Bell–Ghioca–Tucker dynamical Mordell–Lang theorem for
  -- étale endomorphisms.  No Ma
      ... (3870 total chars)
   ⚠️  Lemma 'Problem94.orbitZeroSet_finite_or_arithProgression': LLM flagged the statement as WRONG → STATEMENT_WRONG

======================================================================
AGGREGATOR: Applying proofs (round 8)
   Received 1 proposal(s)
======================================================================

   📭 No valid proposals to apply
   🚦 Route: aggregator → END (reached max 8 rounds)

======================================================================
📊 END-OF-RUN SUMMARY (unsolved scan)
======================================================================
round reached      = 8  (budget: MAX_REFINEMENT_ROUNDS=8)
total nodes        = 6
proved             = 5
UNSOLVED           = 1
   • Problem94.orbitZeroSet_finite_or_arithProgression
======================================================================
   💾 Wrote structured summary to /home/amirnabiyev/Conjecture_Prover/experiment_runs/summaries/optional_analyzer__fateX_94.summary.json
