[08/26/26 18:46:53] INFO     REPL enabled, using:                  server.py:322
                             /home/amirnabiyev/Conjecture_Prover/.              
                             lake/packages/repl/.lake/build/bin/re              
                             pl                                                 
                    INFO     REPL initialized: timeout=60s         server.py:325
                    INFO     Session ending — cleaning up          server.py:360
                             per-session resources                              
[08/26/26 18:46:55] INFO     REPL enabled, using:                  server.py:322
                             /home/amirnabiyev/Conjecture_Prover/.              
                             lake/packages/repl/.lake/build/bin/re              
                             pl                                                 
                    INFO     REPL initialized: timeout=60s         server.py:325
                    INFO     Session ending — cleaning up          server.py:360
                             per-session resources                              
[08/26/26 18:46:58] INFO     REPL enabled, using:                  server.py:322
                             /home/amirnabiyev/Conjecture_Prover/.              
                             lake/packages/repl/.lake/build/bin/re              
                             pl                                                 
                    INFO     REPL initialized: timeout=60s         server.py:325
                    INFO     Session ending — cleaning up          server.py:360
                             per-session resources                              
[08/26/26 18:49:54] INFO     REPL enabled, using:                  server.py:322
                             /home/amirnabiyev/Conjecture_Prover/.              
                             lake/packages/repl/.lake/build/bin/re              
                             pl                                                 
                    INFO     REPL initialized: timeout=60s         server.py:325
                    INFO     Session ending — cleaning up          server.py:360
                             per-session resources                              
[08/26/26 18:49:56] INFO     REPL enabled, using:                  server.py:322
                             /home/amirnabiyev/Conjecture_Prover/.              
                             lake/packages/repl/.lake/build/bin/re              
                             pl                                                 
                    INFO     REPL initialized: timeout=60s         server.py:325
                    INFO     Session ending — cleaning up          server.py:360
                             per-session resources                              
[08/26/26 18:50:00] INFO     REPL enabled, using:                  server.py:322
                             /home/amirnabiyev/Conjecture_Prover/.              
                             lake/packages/repl/.lake/build/bin/re              
                             pl                                                 
                    INFO     REPL initialized: timeout=60s         server.py:325
                    INFO     Session ending — cleaning up          server.py:360
                             per-session resources                              
[08/26/26 18:50:03] INFO     REPL enabled, using:                  server.py:322
                             /home/amirnabiyev/Conjecture_Prover/.              
                             lake/packages/repl/.lake/build/bin/re              
                             pl                                                 
                    INFO     REPL initialized: timeout=60s         server.py:325
                    INFO     Session ending — cleaning up          server.py:360
                             per-session resources                              
[08/26/26 18:50:07] INFO     REPL enabled, using:                  server.py:322
                             /home/amirnabiyev/Conjecture_Prover/.              
                             lake/packages/repl/.lake/build/bin/re              
                             pl                                                 
                    INFO     REPL initialized: timeout=60s         server.py:325
                    INFO     Session ending — cleaning up          server.py:360
                             per-session resources                              
[08/26/26 18:50:11] INFO     REPL enabled, using:                  server.py:322
                             /home/amirnabiyev/Conjecture_Prover/.              
                             lake/packages/repl/.lake/build/bin/re              
                             pl                                                 
                    INFO     REPL initialized: timeout=60s         server.py:325
                    INFO     Session ending — cleaning up          server.py:360
                             per-session resources                              
[08/26/26 18:50:12] INFO     REPL enabled, using:                  server.py:322
                             /home/amirnabiyev/Conjecture_Prover/.              
                             lake/packages/repl/.lake/build/bin/re              
                             pl                                                 
                    INFO     REPL initialized: timeout=60s         server.py:325
                    INFO     Session ending — cleaning up          server.py:360
                             per-session resources                              
[08/26/26 18:50:16] INFO     REPL enabled, using:                  server.py:322
                             /home/amirnabiyev/Conjecture_Prover/.              
                             lake/packages/repl/.lake/build/bin/re              
                             pl                                                 
                    INFO     REPL initialized: timeout=60s         server.py:325
[08/26/26 18:50:22] INFO     Session ending — cleaning up          server.py:360
                             per-session resources                              
[08/26/26 18:50:24] INFO     REPL enabled, using:                  server.py:322
                             /home/amirnabiyev/Conjecture_Prover/.              
                             lake/packages/repl/.lake/build/bin/re              
                             pl                                                 
                    INFO     REPL initialized: timeout=60s         server.py:325
                    INFO     Session ending — cleaning up          server.py:360
                             per-session resources                              
[08/26/26 18:50:30] INFO     REPL enabled, using:                  server.py:322
                             /home/amirnabiyev/Conjecture_Prover/.              
                             lake/packages/repl/.lake/build/bin/re              
                             pl                                                 
                    INFO     REPL initialized: timeout=60s         server.py:325
[08/26/26 18:50:36] INFO     Session ending — cleaning up          server.py:360
                             per-session resources                              
[08/26/26 18:50:38] INFO     REPL enabled, using:                  server.py:322
                             /home/amirnabiyev/Conjecture_Prover/.              
                             lake/packages/repl/.lake/build/bin/re              
                             pl                                                 
                    INFO     REPL initialized: timeout=60s         server.py:325
                    INFO     Session ending — cleaning up          server.py:360
                             per-session resources                              
[08/26/26 18:52:01] INFO     REPL enabled, using:                  server.py:322
                             /home/amirnabiyev/Conjecture_Prover/.              
                             lake/packages/repl/.lake/build/bin/re              
                             pl                                                 
                    INFO     REPL initialized: timeout=60s         server.py:325
[08/26/26 18:52:08] INFO     Session ending — cleaning up          server.py:360
                             per-session resources                              
[08/26/26 18:52:10] INFO     REPL enabled, using:                  server.py:322
                             /home/amirnabiyev/Conjecture_Prover/.              
                             lake/packages/repl/.lake/build/bin/re              
                             pl                                                 
                    INFO     REPL initialized: timeout=60s         server.py:325
                    INFO     Session ending — cleaning up          server.py:360
                             per-session resources                              
[08/26/26 18:52:19] INFO     REPL enabled, using:                  server.py:322
                             /home/amirnabiyev/Conjecture_Prover/.              
                             lake/packages/repl/.lake/build/bin/re              
                             pl                                                 
                    INFO     REPL initialized: timeout=60s         server.py:325
                    INFO     Session ending — cleaning up          server.py:360
                             per-session resources                              
[08/26/26 18:55:37] INFO     REPL enabled, using:                  server.py:322
                             /home/amirnabiyev/Conjecture_Prover/.              
                             lake/packages/repl/.lake/build/bin/re              
                             pl                                                 
                    INFO     REPL initialized: timeout=60s         server.py:325
                    INFO     Session ending — cleaning up          server.py:360
                             per-session resources                              
[08/26/26 18:56:32] INFO     REPL enabled, using:                  server.py:322
                             /home/amirnabiyev/Conjecture_Prover/.              
                             lake/packages/repl/.lake/build/bin/re              
                             pl                                                 
                    INFO     REPL initialized: timeout=60s         server.py:325
                    INFO     Session ending — cleaning up          server.py:360
                             per-session resources                              
[08/26/26 18:57:33] INFO     REPL enabled, using:                  server.py:322
                             /home/amirnabiyev/Conjecture_Prover/.              
                             lake/packages/repl/.lake/build/bin/re              
                             pl                                                 
                    INFO     REPL initialized: timeout=60s         server.py:325
[08/26/26 18:57:40] INFO     Session ending — cleaning up          server.py:360
                             per-session resources                              
[08/26/26 18:57:41] INFO     REPL enabled, using:                  server.py:322
                             /home/amirnabiyev/Conjecture_Prover/.              
                             lake/packages/repl/.lake/build/bin/re              
                             pl                                                 
                    INFO     REPL initialized: timeout=60s         server.py:325
                    INFO     Session ending — cleaning up          server.py:360
                             per-session resources                              
[08/26/26 18:58:18] INFO     REPL enabled, using:                  server.py:322
                             /home/amirnabiyev/Conjecture_Prover/.              
                             lake/packages/repl/.lake/build/bin/re              
                             pl                                                 
                    INFO     REPL initialized: timeout=60s         server.py:325
                    INFO     Session ending — cleaning up          server.py:360
                             per-session resources                              
[08/26/26 18:58:22] INFO     REPL enabled, using:                  server.py:322
                             /home/amirnabiyev/Conjecture_Prover/.              
                             lake/packages/repl/.lake/build/bin/re              
                             pl                                                 
                    INFO     REPL initialized: timeout=60s         server.py:325
[08/26/26 18:58:23] INFO     Shared async LSP client         client_utils.py:133
                             connected at                                       
                             /home/amirnabiyev/Conjecture_Pr                    
                             over                                               
[08/26/26 18:58:36] INFO     Session ending — cleaning up          server.py:360
                             per-session resources                              
Exception ignored in: <function BaseSubprocessTransport.__del__ at 0x7db092245120>
Traceback (most recent call last):
  File "/usr/local/lib/python3.12/asyncio/base_subprocess.py", line 126, in __del__
    self.close()
  File "/usr/local/lib/python3.12/asyncio/base_subprocess.py", line 104, in close
    proto.pipe.close()
  File "/usr/local/lib/python3.12/asyncio/unix_events.py", line 767, in close
    self.write_eof()
  File "/usr/local/lib/python3.12/asyncio/unix_events.py", line 753, in write_eof
    self._loop.call_soon(self._call_connection_lost, None)
  File "/usr/local/lib/python3.12/asyncio/base_events.py", line 799, in call_soon
    self._check_closed()
  File "/usr/local/lib/python3.12/asyncio/base_events.py", line 545, in _check_closed
    raise RuntimeError('Event loop is closed')
RuntimeError: Event loop is closed
[08/26/26 18:58:38] INFO     REPL enabled, using:                  server.py:322
                             /home/amirnabiyev/Conjecture_Prover/.              
                             lake/packages/repl/.lake/build/bin/re              
                             pl                                                 
                    INFO     REPL initialized: timeout=60s         server.py:325
                    INFO     Session ending — cleaning up          server.py:360
                             per-session resources                              
[08/26/26 18:58:41] INFO     REPL enabled, using:                  server.py:322
                             /home/amirnabiyev/Conjecture_Prover/.              
                             lake/packages/repl/.lake/build/bin/re              
                             pl                                                 
                    INFO     REPL initialized: timeout=60s         server.py:325
[08/26/26 18:58:43] INFO     Shared async LSP client         client_utils.py:133
                             connected at                                       
                             /home/amirnabiyev/Conjecture_Pr                    
                             over                                               
[08/26/26 18:59:11] INFO     Session ending — cleaning up          server.py:360
                             per-session resources                              
Exception ignored in: <function BaseSubprocessTransport.__del__ at 0x74289c4e9120>
Traceback (most recent call last):
  File "/usr/local/lib/python3.12/asyncio/base_subprocess.py", line 126, in __del__
    self.close()
  File "/usr/local/lib/python3.12/asyncio/base_subprocess.py", line 104, in close
    proto.pipe.close()
  File "/usr/local/lib/python3.12/asyncio/unix_events.py", line 767, in close
    self.write_eof()
  File "/usr/local/lib/python3.12/asyncio/unix_events.py", line 753, in write_eof
    self._loop.call_soon(self._call_connection_lost, None)
  File "/usr/local/lib/python3.12/asyncio/base_events.py", line 799, in call_soon
    self._check_closed()
  File "/usr/local/lib/python3.12/asyncio/base_events.py", line 545, in _check_closed
    raise RuntimeError('Event loop is closed')
RuntimeError: Event loop is closed
[08/26/26 18:59:12] INFO     REPL enabled, using:                  server.py:322
                             /home/amirnabiyev/Conjecture_Prover/.              
                             lake/packages/repl/.lake/build/bin/re              
                             pl                                                 
                    INFO     REPL initialized: timeout=60s         server.py:325
                    INFO     Session ending — cleaning up          server.py:360
                             per-session resources                              
[08/26/26 18:59:34] INFO     REPL enabled, using:                  server.py:322
                             /home/amirnabiyev/Conjecture_Prover/.              
                             lake/packages/repl/.lake/build/bin/re              
                             pl                                                 
                    INFO     REPL initialized: timeout=60s         server.py:325
                    INFO     Session ending — cleaning up          server.py:360
                             per-session resources                              

======================================================================
📋 BLUEPRINT GENERATOR: Decomposing theorem into dependency graph
======================================================================

   🛠️  BP AI made 1 tool call(s):
 → read_workspace
   🚦 Routing: blueprint_gen → tools_bp
   🚦 Routing: tool_node → blueprint_gen

======================================================================
📋 BLUEPRINT GENERATOR: Decomposing theorem into dependency graph
======================================================================

   🛠️  BP AI made 2 tool call(s):
 → list_directory
 → lean_local_search
   🚦 Routing: blueprint_gen → tools_bp
   🚦 Routing: tool_node → blueprint_gen

======================================================================
📋 BLUEPRINT GENERATOR: Decomposing theorem into dependency graph
======================================================================

   🛠️  BP AI made 2 tool call(s):
 → list_directory
 → list_directory
   🚦 Routing: blueprint_gen → tools_bp
   🚦 Routing: tool_node → blueprint_gen

======================================================================
📋 BLUEPRINT GENERATOR: Decomposing theorem into dependency graph
======================================================================

   🛠️  BP AI made 2 tool call(s):
 → read_workspace
 → list_directory
   🚦 Routing: blueprint_gen → tools_bp
   🚦 Routing: tool_node → blueprint_gen

======================================================================
📋 BLUEPRINT GENERATOR: Decomposing theorem into dependency graph
======================================================================

   🛠️  BP AI made 2 tool call(s):
 → read_workspace
 → list_directory
   🚦 Routing: blueprint_gen → tools_bp
   🚦 Routing: tool_node → blueprint_gen

======================================================================
📋 BLUEPRINT GENERATOR: Decomposing theorem into dependency graph
======================================================================

   🛠️  BP AI made 2 tool call(s):
 → lean_local_search
 → list_directory
   🚦 Routing: blueprint_gen → tools_bp
   🚦 Routing: tool_node → blueprint_gen

======================================================================
📋 BLUEPRINT GENERATOR: Decomposing theorem into dependency graph
======================================================================

   🛠️  BP AI made 1 tool call(s):
 → lean_run_code
   🚦 Routing: blueprint_gen → tools_bp
   🚦 Routing: tool_node → blueprint_gen

======================================================================
📋 BLUEPRINT GENERATOR: Decomposing theorem into dependency graph
======================================================================

   💬 BP AI says: The `blueprint` attribute and `sorry_using` syntax work. Now let me verify key Mathlib lemmas I'll need for the decomposition.
   🛠️  BP AI made 1 tool call(s):
 → lean_run_code
   🚦 Routing: blueprint_gen → tools_bp
   🚦 Routing: tool_node → blueprint_gen

======================================================================
📋 BLUEPRINT GENERATOR: Decomposing theorem into dependency graph
======================================================================

   💬 BP AI says: The basic syntax works. Let me verify the more specific Mathlib lemmas and notation I'll need for this Putnam problem decomposition.
   🛠️  BP AI made 1 tool call(s):
 → lean_run_code
   🚦 Routing: blueprint_gen → tools_bp
   🚦 Routing: tool_node → blueprint_gen

======================================================================
📋 BLUEPRINT GENERATOR: Decomposing theorem into dependency graph
======================================================================

   💬 BP AI says: Several names need checking. Let me search for the correct Mathlib lemmas.
   🛠️  BP AI made 1 tool call(s):
 → search_mathlib_docs_multi
   🚦 Routing: blueprint_gen → tools_bp
[mathlib_docs] Loading /home/amirnabiyev/Conjecture_Prover/.cache/declaration-data.json ...
[mathlib_docs] Loaded 419,582 declarations.
   🚦 Routing: tool_node → blueprint_gen

======================================================================
📋 BLUEPRINT GENERATOR: Decomposing theorem into dependency graph
======================================================================

   🛠️  BP AI made 2 tool call(s):
 → analyze_mathlib_module
 → search_mathlib_docs
   🚦 Routing: blueprint_gen → tools_bp
   🚦 Routing: tool_node → blueprint_gen

======================================================================
📋 BLUEPRINT GENERATOR: Decomposing theorem into dependency graph
======================================================================

   💬 BP AI says: Let me check a few more Mathlib names I'll reference in the blueprint.
   🛠️  BP AI made 1 tool call(s):
 → search_mathlib_docs_multi
   🚦 Routing: blueprint_gen → tools_bp
   🚦 Routing: tool_node → blueprint_gen

======================================================================
📋 BLUEPRINT GENERATOR: Decomposing theorem into dependency graph
======================================================================

   💬 BP AI says: The Mathlib support is confirmed. Let me test the full `blueprint` attribute form and my lemma statement syntax before writing the file.
   🛠️  BP AI made 1 tool call(s):
 → lean_run_code
   🚦 Routing: blueprint_gen → tools_bp
   🚦 Routing: tool_node → blueprint_gen

======================================================================
📋 BLUEPRINT GENERATOR: Decomposing theorem into dependency graph
======================================================================

   💬 BP AI says: The skeleton compiles — only the `putnam1972a6_poly` definition needs `noncomputable` (because `(1/2 : ℝ)` uses noncomputable division). All blueprint attributes, `sorry_using` deps, and statements typecheck. Now let me write the full blueprint file.
   🛠️  BP AI made 1 tool call(s):
 → write_workspace
   🚦 Routing: blueprint_gen → tools_bp
   🚦 Routing: tool_node → blueprint_gen

======================================================================
📋 BLUEPRINT GENERATOR: Decomposing theorem into dependency graph
======================================================================

   💬 BP AI says: Now let me run diagnostics on the written file.
   🛠️  BP AI made 1 tool call(s):
 → lean_diagnostic_messages
   🚦 Routing: blueprint_gen → tools_bp
   🚦 Routing: tool_node → blueprint_gen

======================================================================
📋 BLUEPRINT GENERATOR: Decomposing theorem into dependency graph
======================================================================

   💬 BP AI says: The file compiles cleanly — only expected `sorry` warnings from `sorry_using`, no errors. Let me confirm the declaration outline.
   🛠️  BP AI made 1 tool call(s):
 → lean_file_outline
   🚦 Routing: blueprint_gen → tools_bp
   🚦 Routing: tool_node → blueprint_gen

======================================================================
📋 BLUEPRINT GENERATOR: Decomposing theorem into dependency graph
======================================================================

   💬 BP AI says: All declarations are in place in topological order, and the main theorem `putnam_1972_a6` retains the exact original signature. The file compiles with no errors. Now let me regenerate the blueprint dependency graph JSON.
   🛠️  BP AI made 1 tool call(s):
 → build_blueprint_json
   🚦 Routing: blueprint_gen → tools_bp
   🚦 Routing: tool_node → blueprint_gen

======================================================================
📋 BLUEPRINT GENERATOR: Decomposing theorem into dependency graph
======================================================================

   💬 BP AI says: The blueprint is complete. Here's a summary of what was produced:

## Blueprint for Putnam 1972 A6 (`putnam_1972_a6`)

The file `/home/amirnabiyev/Conjecture_Prover/ConjectureProver.lean` now contains a dependency-graph decomposition of the theorem, with the original Lean formalization preserved in the header note and the main theorem emitted with its exact original signature.

### Dependency graph (topological order)

**Definitions** (real bodies):
- `putnam1972a6_poly (k : ℕ) : ℝ → ℝ` — the sh[08/26/26 18:59:48] INFO     Disabled tool 'lean_build' via        server.py:115
                             LEAN_MCP_DISABLED_TOOLS                            
                    INFO     Disabled tool 'lean_completions' via  server.py:115
                             LEAN_MCP_DISABLED_TOOLS                            
                    INFO     Disabled tool 'lean_declaration_file' server.py:115
                             via LEAN_MCP_DISABLED_TOOLS                        
                    INFO     Disabled tool                         server.py:115
                             'lean_diagnostic_messages' via                     
                             LEAN_MCP_DISABLED_TOOLS                            
                    INFO     Disabled tool 'lean_file_outline' via server.py:115
                             LEAN_MCP_DISABLED_TOOLS                            
                    INFO     Disabled tool                         server.py:115
                             'lean_get_widget_source' via                       
                             LEAN_MCP_DISABLED_TOOLS                            
                    INFO     Disabled tool 'lean_get_widgets' via  server.py:115
                             LEAN_MCP_DISABLED_TOOLS                            
                    INFO     Disabled tool 'lean_goal' via         server.py:115
                             LEAN_MCP_DISABLED_TOOLS                            
                    INFO     Disabled tool 'lean_hover_info' via   server.py:115
                             LEAN_MCP_DISABLED_TOOLS                            
                    INFO     Disabled tool 'lean_references' via   server.py:115
                             LEAN_MCP_DISABLED_TOOLS                            
                    INFO     Disabled tool 'lean_term_goal' via    server.py:115
                             LEAN_MCP_DISABLED_TOOLS                            
                    INFO     REPL enabled, using:                  server.py:322
                             /home/amirnabiyev/Conjecture_Prover/.              
                             lake/packages/repl/.lake/build/bin/re              
                             pl                                                 
                    INFO     REPL initialized: timeout=60s         server.py:325
                    INFO     Session ending — cleaning up          server.py:360
                             per-session resources                              
[08/26/26 18:59:48] INFO     Disabled tool 'lean_build' via        server.py:115
                             LEAN_MCP_DISABLED_TOOLS                            
                    INFO     Disabled tool 'lean_completions' via  server.py:115
                             LEAN_MCP_DISABLED_TOOLS                            
                    INFO     Disabled tool 'lean_declaration_file' server.py:115
                             via LEAN_MCP_DISABLED_TOOLS                        
                    INFO     Disabled tool                         server.py:115
                             'lean_diagnostic_messages' via                     
                             LEAN_MCP_DISABLED_TOOLS                            
                    INFO     Disabled tool 'lean_file_outline' via server.py:115
                             LEAN_MCP_DISABLED_TOOLS                            
                    INFO     Disabled tool                         server.py:115
                             'lean_get_widget_source' via                       
                             LEAN_MCP_DISABLED_TOOLS                            
                    INFO     Disabled tool 'lean_get_widgets' via  server.py:115
                             LEAN_MCP_DISABLED_TOOLS                            
                    INFO     Disabled tool 'lean_goal' via         server.py:115
                             LEAN_MCP_DISABLED_TOOLS                            
                    INFO     Disabled tool 'lean_hover_info' via   server.py:115
                             LEAN_MCP_DISABLED_TOOLS                            
                    INFO     Disabled tool 'lean_references' via   server.py:115
                             LEAN_MCP_DISABLED_TOOLS                            
                    INFO     Disabled tool 'lean_term_goal' via    server.py:115
                             LEAN_MCP_DISABLED_TOOLS                            
[08/26/26 18:59:48] INFO     Disabled tool 'lean_build' via        server.py:115
                             LEAN_MCP_DISABLED_TOOLS                            
                    INFO     Disabled tool 'lean_completions' via  server.py:115
                             LEAN_MCP_DISABLED_TOOLS                            
                    INFO     Disabled tool 'lean_declaration_file' server.py:115
                             via LEAN_MCP_DISABLED_TOOLS                        
                    INFO     REPL enabled, using:                  server.py:322
                             /home/amirnabiyev/Conjecture_Prover/.              
                             lake/packages/repl/.lake/build/bin/re              
                             pl                                                 
                    INFO     REPL initialized: timeout=60s         server.py:325
                    INFO     Disabled tool                         server.py:115
                             'lean_diagnostic_messages' via                     
                             LEAN_MCP_DISABLED_TOOLS                            
                    INFO     Disabled tool 'lean_file_outline' via server.py:115
                             LEAN_MCP_DISABLED_TOOLS                            
                    INFO     Disabled tool                         server.py:115
                             'lean_get_widget_source' via                       
                             LEAN_MCP_DISABLED_TOOLS                            
                    INFO     Disabled tool 'lean_get_widgets' via  server.py:115
                             LEAN_MCP_DISABLED_TOOLS                            
                    INFO     Disabled tool 'lean_goal' via         server.py:115
                             LEAN_MCP_DISABLED_TOOLS                            
                    INFO     Disabled tool 'lean_hover_info' via   server.py:115
                             LEAN_MCP_DISABLED_TOOLS                            
                    INFO     Disabled tool 'lean_references' via   server.py:115
                             LEAN_MCP_DISABLED_TOOLS                            
                    INFO     Disabled tool 'lean_term_goal' via    server.py:115
                             LEAN_MCP_DISABLED_TOOLS                            
                    INFO     Session ending — cleaning up          server.py:360
                             per-session resources                              
                    INFO     REPL enabled, using:                  server.py:322
                             /home/amirnabiyev/Conjecture_Prover/.              
                             lake/packages/repl/.lake/build/bin/re              
                             pl                                                 
[08/26/26 18:59:48] INFO     Disabled tool 'lean_build' via        server.py:115
                             LEAN_MCP_DISABLED_TOOLS                            
                    INFO     REPL initialized: timeout=60s         server.py:325
                    INFO     Disabled tool 'lean_completions' via  server.py:115
                             LEAN_MCP_DISABLED_TOOLS                            
                    INFO     Disabled tool 'lean_declaration_file' server.py:115
                             via LEAN_MCP_DISABLED_TOOLS                        
                    INFO     Disabled tool                         server.py:115
                             'lean_diagnostic_messages' via                     
                             LEAN_MCP_DISABLED_TOOLS                            
                    INFO     Disabled tool 'lean_file_outline' via server.py:115
                             LEAN_MCP_DISABLED_TOOLS                            
[08/26/26 18:59:48] INFO     Disabled tool 'lean_build' via        server.py:115
                             LEAN_MCP_DISABLED_TOOLS                            
                    INFO     Disabled tool                         server.py:115
                             'lean_get_widget_source' via                       
                             LEAN_MCP_DISABLED_TOOLS                            
                    INFO     Disabled tool 'lean_completions' via  server.py:115
                             LEAN_MCP_DISABLED_TOOLS                            
                    INFO     Disabled tool 'lean_get_widgets' via  server.py:115
                             LEAN_MCP_DISABLED_TOOLS                            
                    INFO     Disabled tool 'lean_declaration_file' server.py:115
                             via LEAN_MCP_DISABLED_TOOLS                        
                    INFO     Disabled tool 'lean_goal' via         server.py:115
                             LEAN_MCP_DISABLED_TOOLS                            
                    INFO     Disabled tool 'lean_hover_info' via   server.py:115
                             LEAN_MCP_DISABLED_TOOLS                            
                    INFO     Disabled tool                         server.py:115
                             'lean_diagnostic_messages' via                     
                             LEAN_MCP_DISABLED_TOOLS                            
                    INFO     Session ending — cleaning up          server.py:360
                             per-session resources                              
                    INFO     Disabled tool 'lean_references' via   server.py:115
                             LEAN_MCP_DISABLED_TOOLS                            
                    INFO     Disabled tool 'lean_term_goal' via    server.py:115
                             LEAN_MCP_DISABLED_TOOLS                            
                    INFO     Disabled tool 'lean_file_outline' via server.py:115
                             LEAN_MCP_DISABLED_TOOLS                            
                    INFO     Disabled tool                         server.py:115
                             'lean_get_widget_source' via                       
                             LEAN_MCP_DISABLED_TOOLS                            
                    INFO     Disabled tool 'lean_get_widgets' via  server.py:115
                             LEAN_MCP_DISABLED_TOOLS                            
                    INFO     Disabled tool 'lean_goal' via         server.py:115
                             LEAN_MCP_DISABLED_TOOLS                            
                    INFO     Disabled tool 'lean_hover_info' via   server.py:115
                             LEAN_MCP_DISABLED_TOOLS                            
                    INFO     Disabled tool 'lean_references' via   server.py:115
                             LEAN_MCP_DISABLED_TOOLS                            
                    INFO     Disabled tool 'lean_term_goal' via    server.py:115
                             LEAN_MCP_DISABLED_TOOLS                            
                    INFO     REPL enabled, using:                  server.py:322
                             /home/amirnabiyev/Conjecture_Prover/.              
                             lake/packages/repl/.lake/build/bin/re              
                             pl                                                 
[08/26/26 18:59:48] INFO     Disabled tool 'lean_build' via        server.py:115
                             LEAN_MCP_DISABLED_TOOLS                            
                    INFO     Disabled tool 'lean_completions' via  server.py:115
                             LEAN_MCP_DISABLED_TOOLS                            
                    INFO     REPL initialized: timeout=60s         server.py:325
                    INFO     Disabled tool 'lean_declaration_file' server.py:115
                             via LEAN_MCP_DISABLED_TOOLS                        
[08/26/26 18:59:48] INFO     Disabled tool 'lean_build' via        server.py:115
                             LEAN_MCP_DISABLED_TOOLS                            
                    INFO     Disabled tool                         server.py:115
                             'lean_diagnostic_messages' via                     
                             LEAN_MCP_DISABLED_TOOLS                            
                    INFO     Disabled tool 'lean_completions' via  server.py:115
                             LEAN_MCP_DISABLED_TOOLS                            
                    INFO     REPL enabled, using:                  server.py:322
                             /home/amirnabiyev/Conjecture_Prover/.              
                             lake/packages/repl/.lake/build/bin/re              
                             pl                                                 
                    INFO     Disabled tool 'lean_file_outline' via server.py:115
                             LEAN_MCP_DISABLED_TOOLS                            
                    INFO     Disabled tool                         server.py:115
                             'lean_get_widget_source' via                       
                             LEAN_MCP_DISABLED_TOOLS                            
                    INFO     Disabled tool 'lean_declaration_file' server.py:115
                             via LEAN_MCP_DISABLED_TOOLS                        
                    INFO     REPL initialized: timeout=60s         server.py:325
                    INFO     Disabled tool 'lean_get_widgets' via  server.py:115
                             LEAN_MCP_DISABLED_TOOLS                            
                    INFO     Disabled tool                         server.py:115
                             'lean_diagnostic_messages' via                     
                             LEAN_MCP_DISABLED_TOOLS                            
                    INFO     Disabled tool 'lean_goal' via         server.py:115
                             LEAN_MCP_DISABLED_TOOLS                            
                    INFO     Disabled tool 'lean_file_outline' via server.py:115
                             LEAN_MCP_DISABLED_TOOLS                            
                    INFO     Disabled tool 'lean_hover_info' via   server.py:115
                             LEAN_MCP_DISABLED_TOOLS                            
                    INFO     Disabled tool 'lean_references' via   server.py:115
                             LEAN_MCP_DISABLED_TOOLS                            
                    INFO     Disabled tool                         server.py:115
                             'lean_get_widget_source' via                       
                             LEAN_MCP_DISABLED_TOOLS                            
                    INFO     Disabled tool 'lean_term_goal' via    server.py:115
                             LEAN_MCP_DISABLED_TOOLS                            
                    INFO     Disabled tool 'lean_get_widgets' via  server.py:115
                             LEAN_MCP_DISABLED_TOOLS                            
                    INFO     Disabled tool 'lean_goal' via         server.py:115
                             LEAN_MCP_DISABLED_TOOLS                            
                    INFO     Session ending — cleaning up          server.py:360
                             per-session resources                              
                    INFO     Disabled tool 'lean_hover_info' via   server.py:115
                             LEAN_MCP_DISABLED_TOOLS                            
                    INFO     REPL enabled, using:                  server.py:322
                             /home/amirnabiyev/Conjecture_Prover/.              
                             lake/packages/repl/.lake/build/bin/re              
                             pl                                                 
                    INFO     Disabled tool 'lean_references' via   server.py:115
                             LEAN_MCP_DISABLED_TOOLS                            
                    INFO     Disabled tool 'lean_term_goal' via    server.py:115
                             LEAN_MCP_DISABLED_TOOLS                            
                    INFO     REPL initialized: timeout=60s         server.py:325
                    INFO     Session ending — cleaning up          server.py:360
                             per-session resources                              
[08/26/26 18:59:48] INFO     Disabled tool 'lean_build' via        server.py:115
                             LEAN_MCP_DISABLED_TOOLS                            
                    INFO     Disabled tool 'lean_completions' via  server.py:115
                             LEAN_MCP_DISABLED_TOOLS                            
                    INFO     Disabled tool 'lean_declaration_file' server.py:115
                             via LEAN_MCP_DISABLED_TOOLS                        
[08/26/26 18:59:48] INFO     Disabled tool 'lean_build' via        server.py:115
                             LEAN_MCP_DISABLED_TOOLS                            
                    INFO     Disabled tool                         server.py:115
                             'lean_diagnostic_messages' via                     
                             LEAN_MCP_DISABLED_TOOLS                            
                    INFO     Disabled tool 'lean_file_outline' via server.py:115
                             LEAN_MCP_DISABLED_TOOLS                            
                    INFO     Disabled tool 'lean_completions' via  server.py:115
                             LEAN_MCP_DISABLED_TOOLS                            
                    INFO     Disabled tool 'lean_declaration_file' server.py:115
                             via LEAN_MCP_DISABLED_TOOLS                        
                    INFO     REPL enabled, using:                  server.py:322
                             /home/amirnabiyev/Conjecture_Prover/.              
                             lake/packages/repl/.lake/build/bin/re              
                             pl                                                 
                    INFO     REPL initialized: timeout=60s         server.py:325
                    INFO     Disabled tool                         server.py:115
                             'lean_get_widget_source' via                       
                             LEAN_MCP_DISABLED_TOOLS                            
                    INFO     Disabled tool                         server.py:115
                             'lean_diagnostic_messages' via                     
                             LEAN_MCP_DISABLED_TOOLS                            
                    INFO     Disabled tool 'lean_file_outline' via server.py:115
                             LEAN_MCP_DISABLED_TOOLS                            
                    INFO     Disabled tool 'lean_get_widgets' via  server.py:115
                             LEAN_MCP_DISABLED_TOOLS                            
                    INFO     Disabled tool 'lean_goal' via         server.py:115
                             LEAN_MCP_DISABLED_TOOLS                            
                    INFO     Disabled tool 'lean_hover_info' via   server.py:115
                             LEAN_MCP_DISABLED_TOOLS                            
                    INFO     Session ending — cleaning up          server.py:360
                             per-session resources                              
                    INFO     Disabled tool                         server.py:115
                             'lean_get_widget_source' via                       
                             LEAN_MCP_DISABLED_TOOLS                            
                    INFO     Disabled tool 'lean_get_widgets' via  server.py:115
                             LEAN_MCP_DISABLED_TOOLS                            
                    INFO     Disabled tool 'lean_references' via   server.py:115
                             LEAN_MCP_DISABLED_TOOLS                            
                    INFO     Disabled tool 'lean_term_goal' via    server.py:115
                             LEAN_MCP_DISABLED_TOOLS                            
                    INFO     Disabled tool 'lean_goal' via         server.py:115
                             LEAN_MCP_DISABLED_TOOLS                            
                    INFO     Disabled tool 'lean_hover_info' via   server.py:115
                             LEAN_MCP_DISABLED_TOOLS                            
                    INFO     Disabled tool 'lean_references' via   server.py:115
                             LEAN_MCP_DISABLED_TOOLS                            
                    INFO     Disabled tool 'lean_term_goal' via    server.py:115
                             LEAN_MCP_DISABLED_TOOLS                            
                    INFO     REPL enabled, using:                  server.py:322
                             /home/amirnabiyev/Conjecture_Prover/.              
                             lake/packages/repl/.lake/build/bin/re              
                             pl                                                 
                    INFO     Session ending — cleaning up          server.py:360
                             per-session resources                              
                    INFO     REPL initialized: timeout=60s         server.py:325
                    INFO     REPL enabled, using:                  server.py:322
                             /home/amirnabiyev/Conjecture_Prover/.              
                             lake/packages/repl/.lake/build/bin/re              
                             pl                                                 
                    INFO     REPL initialized: timeout=60s         server.py:325
                    INFO     Session ending — cleaning up          server.py:360
                             per-session resources                              
                    INFO     Session ending — cleaning up          server.py:360
                             per-session resources                              
[08/26/26 18:59:48] INFO     Disabled tool 'lean_build' via        server.py:115
                             LEAN_MCP_DISABLED_TOOLS                            
                    INFO     Disabled tool 'lean_completions' via  server.py:115
                             LEAN_MCP_DISABLED_TOOLS                            
                    INFO     Disabled tool 'lean_declaration_file' server.py:115
                             via LEAN_MCP_DISABLED_TOOLS                        
                    INFO     Disabled tool                         server.py:115
                             'lean_diagnostic_messages' via                     
                             LEAN_MCP_DISABLED_TOOLS                            
                    INFO     Disabled tool 'lean_file_outline' via server.py:115
                             LEAN_MCP_DISABLED_TOOLS                            
[08/26/26 18:59:49] INFO     Disabled tool                         server.py:115
                             'lean_get_widget_source' via                       
                             LEAN_MCP_DISABLED_TOOLS                            
                    INFO     Disabled tool 'lean_get_widgets' via  server.py:115
                             LEAN_MCP_DISABLED_TOOLS                            
                    INFO     Disabled tool 'lean_goal' via         server.py:115
                             LEAN_MCP_DISABLED_TOOLS                            
                    INFO     Disabled tool 'lean_hover_info' via   server.py:115
                             LEAN_MCP_DISABLED_TOOLS                            
                    INFO     Disabled tool 'lean_references' via   server.py:115
                             LEAN_MCP_DISABLED_TOOLS                            
                    INFO     Disabled tool 'lean_term_goal' via    server.py:115
                             LEAN_MCP_DISABLED_TOOLS                            
                    INFO     REPL enabled, using:                  server.py:322
                             /home/amirnabiyev/Conjecture_Prover/.              
                             lake/packages/repl/.lake/build/bin/re              
                             pl                                                 
                    INFO     REPL initialized: timeout=60s         server.py:325
                    INFO     Session ending — cleaning up          server.py:360
                             per-session resources                              
[08/26/26 18:59:53] INFO     Disabled tool 'lean_build' via        server.py:115
                             LEAN_MCP_DISABLED_TOOLS                            
                    INFO     Disabled tool 'lean_completions' via  server.py:115
                             LEAN_MCP_DISABLED_TOOLS                            
                    INFO     Disabled tool 'lean_declaration_file' server.py:115
                             via LEAN_MCP_DISABLED_TOOLS                        
                    INFO     Disabled tool                         server.py:115
                             'lean_diagnostic_messages' via                     
                             LEAN_MCP_DISABLED_TOOLS                            
[08/26/26 18:59:53] INFO     Disabled tool 'lean_build' via        server.py:115
                             LEAN_MCP_DISABLED_TOOLS                            
                    INFO     Disabled tool 'lean_file_outline' via server.py:115
                             LEAN_MCP_DISABLED_TOOLS                            
                    INFO     Disabled tool 'lean_completions' via  server.py:115
                             LEAN_MCP_DISABLED_TOOLS                            
                    INFO     Disabled tool 'lean_declaration_file' server.py:115
                             via LEAN_MCP_DISABLED_TOOLS                        
                    INFO     Disabled tool                         server.py:115
                             'lean_get_widget_source' via                       
                             LEAN_MCP_DISABLED_TOOLS                            
                    INFO     Disabled tool                         server.py:115
                             'lean_diagnostic_messages' via                     
                             LEAN_MCP_DISABLED_TOOLS                            
                    INFO     Disabled tool 'lean_get_widgets' via  server.py:115
                             LEAN_MCP_DISABLED_TOOLS                            
                    INFO     Disabled tool 'lean_file_outline' via server.py:115
                             LEAN_MCP_DISABLED_TOOLS                            
                    INFO     Disabled tool 'lean_goal' via         server.py:115
                             LEAN_MCP_DISABLED_TOOLS                            
                    INFO     Disabled tool                         server.py:115
                             'lean_get_widget_source' via                       
                             LEAN_MCP_DISABLED_TOOLS                            
                    INFO     Disabled tool 'lean_hover_info' via   server.py:115
                             LEAN_MCP_DISABLED_TOOLS                            
                    INFO     Disabled tool 'lean_get_widgets' via  server.py:115
                             LEAN_MCP_DISABLED_TOOLS                            
                    INFO     Disabled tool 'lean_goal' via         server.py:115
                             LEAN_MCP_DISABLED_TOOLS                            
                    INFO     Disabled tool 'lean_references' via   server.py:115
                             LEAN_MCP_DISABLED_TOOLS                            
                    INFO     Disabled tool 'lean_hover_info' via   server.py:115
                             LEAN_MCP_DISABLED_TOOLS                            
                    INFO     Disabled tool 'lean_term_goal' via    server.py:115
                             LEAN_MCP_DISABLED_TOOLS                            
                    INFO     Disabled tool 'lean_references' via   server.py:115
                             LEAN_MCP_DISABLED_TOOLS                            
                    INFO     Disabled tool 'lean_term_goal' via    server.py:115
                             LEAN_MCP_DISABLED_TOOLS                            
                    INFO     REPL enabled, using:                  server.py:322
                             /home/amirnabiyev/Conjecture_Prover/.              
                             lake/packages/repl/.lake/build/bin/re              
                             pl                                                 
                    INFO     REPL enabled, using:                  server.py:322
                             /home/amirnabiyev/Conjecture_Prover/.              
                             lake/packages/repl/.lake/build/bin/re              
                             pl                                                 
                    INFO     REPL initialized: timeout=60s         server.py:325
                    INFO     REPL initialized: timeout=60s         server.py:325
                    INFO     Session ending — cleaning up          server.py:360
                             per-session resources                              
                    INFO     Session ending — cleaning up          server.py:360
                             per-session resources                              
[08/26/26 18:59:54] INFO     Disabled tool 'lean_build' via        server.py:115
                             LEAN_MCP_DISABLED_TOOLS                            
                    INFO     Disabled tool 'lean_completions' via  server.py:115
                             LEAN_MCP_DISABLED_TOOLS                            
                    INFO     Disabled tool 'lean_declaration_file' server.py:115
                             via LEAN_MCP_DISABLED_TOOLS                        
                    INFO     Disabled tool                         server.py:115
                             'lean_diagnostic_messages' via                     
                             LEAN_MCP_DISABLED_TOOLS                            
                    INFO     Disabled tool 'lean_file_outline' via server.py:115
                             LEAN_MCP_DISABLED_TOOLS                            
                    INFO     Disabled tool                         server.py:115
                             'lean_get_widget_source' via                       
                             LEAN_MCP_DISABLED_TOOLS                            
                    INFO     Disabled tool 'lean_get_widgets' via  server.py:115
                             LEAN_MCP_DISABLED_TOOLS                            
                    INFO     Disabled tool 'lean_goal' via         server.py:115
                             LEAN_MCP_DISABLED_TOOLS                            
                    INFO     Disabled tool 'lean_hover_info' via   server.py:115
                             LEAN_MCP_DISABLED_TOOLS                            
                    INFO     Disabled tool 'lean_references' via   server.py:115
                             LEAN_MCP_DISABLED_TOOLS                            
                    INFO     Disabled tool 'lean_term_goal' via    server.py:115
                             LEAN_MCP_DISABLED_TOOLS                            
                    INFO     REPL enabled, using:                  server.py:322
                             /home/amirnabiyev/Conjecture_Prover/.              
                             lake/packages/repl/.lake/build/bin/re              
                             pl                                                 
                    INFO     REPL initialized: timeout=60s         server.py:325
[08/26/26 18:59:55] INFO     Session ending — cleaning up          server.py:360
                             per-session resources                              
[08/26/26 18:59:56] INFO     Disabled tool 'lean_build' via        server.py:115
                             LEAN_MCP_DISABLED_TOOLS                            
                    INFO     Disabled tool 'lean_completions' via  server.py:115
                             LEAN_MCP_DISABLED_TOOLS                            
                    INFO     Disabled tool 'lean_declaration_file' server.py:115
                             via LEAN_MCP_DISABLED_TOOLS                        
                    INFO     Disabled tool                         server.py:115
                             'lean_diagnostic_messages' via                     
                             LEAN_MCP_DISABLED_TOOLS                            
                    INFO     Disabled tool 'lean_file_outline' via server.py:115
                             LEAN_MCP_DISABLED_TOOLS                            
                    INFO     Disabled tool                         server.py:115
                             'lean_get_widget_source' via                       
                             LEAN_MCP_DISABLED_TOOLS                            
                    INFO     Disabled tool 'lean_get_widgets' via  server.py:115
                             LEAN_MCP_DISABLED_TOOLS                            
                    INFO     Disabled tool 'lean_goal' via         server.py:115
                             LEAN_MCP_DISABLED_TOOLS                            
                    INFO     Disabled tool 'lean_hover_info' via   server.py:115
                             LEAN_MCP_DISABLED_TOOLS                            
                    INFO     Disabled tool 'lean_references' via   server.py:115
                             LEAN_MCP_DISABLED_TOOLS                            
                    INFO     Disabled tool 'lean_term_goal' via    server.py:115
                             LEAN_MCP_DISABLED_TOOLS                            
                    INFO     REPL enabled, using:                  server.py:322
                             /home/amirnabiyev/Conjecture_Prover/.              
                             lake/packages/repl/.lake/build/bin/re              
                             pl                                                 
                    INFO     REPL initialized: timeout=60s         server.py:325
[08/26/26 18:59:56] INFO     Disabled tool 'lean_build' via        server.py:115
                             LEAN_MCP_DISABLED_TOOLS                            
                    INFO     Disabled tool 'lean_completions' via  server.py:115
                             LEAN_MCP_DISABLED_TOOLS                            
                    INFO     Disabled tool 'lean_declaration_file' server.py:115
                             via LEAN_MCP_DISABLED_TOOLS                        
                    INFO     Disabled tool                         server.py:115
                             'lean_diagnostic_messages' via                     
                             LEAN_MCP_DISABLED_TOOLS                            
                    INFO     Disabled tool 'lean_file_outline' via server.py:115
                             LEAN_MCP_DISABLED_TOOLS                            
                    INFO     Disabled tool                         server.py:115
                             'lean_get_widget_source' via                       
                             LEAN_MCP_DISABLED_TOOLS                            
                    INFO     Disabled tool 'lean_get_widgets' via  server.py:115
                             LEAN_MCP_DISABLED_TOOLS                            
                    INFO     Disabled tool 'lean_goal' via         server.py:115
                             LEAN_MCP_DISABLED_TOOLS                            
                    INFO     Disabled tool 'lean_hover_info' via   server.py:115
                             LEAN_MCP_DISABLED_TOOLS                            
                    INFO     Disabled tool 'lean_references' via   server.py:115
                             LEAN_MCP_DISABLED_TOOLS                            
                    INFO     Disabled tool 'lean_term_goal' via    server.py:115
                             LEAN_MCP_DISABLED_TOOLS                            
[08/26/26 18:59:56] INFO     Disabled tool 'lean_build' via        server.py:115
                             LEAN_MCP_DISABLED_TOOLS                            
                    INFO     Disabled tool 'lean_completions' via  server.py:115
                             LEAN_MCP_DISABLED_TOOLS                            
                    INFO     Disabled tool 'lean_declaration_file' server.py:115
                             via LEAN_MCP_DISABLED_TOOLS                        
                    INFO     REPL enabled, using:                  server.py:322
                             /home/amirnabiyev/Conjecture_Prover/.              
                             lake/packages/repl/.lake/build/bin/re              
                             pl                                                 
                    INFO     Disabled tool                         server.py:115
                             'lean_diagnostic_messages' via                     
                             LEAN_MCP_DISABLED_TOOLS                            
                    INFO     Disabled tool 'lean_file_outline' via server.py:115
                             LEAN_MCP_DISABLED_TOOLS                            
                    INFO     Disabled tool                         server.py:115
                             'lean_get_widget_source' via                       
                             LEAN_MCP_DISABLED_TOOLS                            
                    INFO     REPL initialized: timeout=60s         server.py:325
                    INFO     Disabled tool 'lean_get_widgets' via  server.py:115
                             LEAN_MCP_DISABLED_TOOLS                            
                    INFO     Disabled tool 'lean_goal' via         server.py:115
                             LEAN_MCP_DISABLED_TOOLS                            
                    INFO     Disabled tool 'lean_hover_info' via   server.py:115
                             LEAN_MCP_DISABLED_TOOLS                            
                    INFO     Disabled tool 'lean_references' via   server.py:115
                             LEAN_MCP_DISABLED_TOOLS                            
                    INFO     Disabled tool 'lean_term_goal' via    server.py:115
                             LEAN_MCP_DISABLED_TOOLS                            
                    INFO     REPL enabled, using:                  server.py:322
                             /home/amirnabiyev/Conjecture_Prover/.              
                             lake/packages/repl/.lake/build/bin/re              
                             pl                                                 
                    INFO     REPL initialized: timeout=60s         server.py:325
[08/26/26 18:59:57] INFO     Session ending — cleaning up          server.py:360
                             per-session resources                              
[08/26/26 18:59:57] INFO     Session ending — cleaning up          server.py:360
                             per-session resources                              
[08/26/26 18:59:57] INFO     Disabled tool 'lean_build' via        server.py:115
                             LEAN_MCP_DISABLED_TOOLS                            
                    INFO     Disabled tool 'lean_completions' via  server.py:115
                             LEAN_MCP_DISABLED_TOOLS                            
                    INFO     Disabled tool 'lean_declaration_file' server.py:115
                             via LEAN_MCP_DISABLED_TOOLS                        
                    INFO     Disabled tool                         server.py:115
                             'lean_diagnostic_messages' via                     
                             LEAN_MCP_DISABLED_TOOLS                            
                    INFO     Disabled tool 'lean_file_outline' via server.py:115
                             LEAN_MCP_DISABLED_TOOLS                            
                    INFO     Disabled tool                         server.py:115
                             'lean_get_widget_source' via                       
                             LEAN_MCP_DISABLED_TOOLS                            
                    INFO     Disabled tool 'lean_get_widgets' via  server.py:115
                             LEAN_MCP_DISABLED_TOOLS                            
                    INFO     Disabled tool 'lean_goal' via         server.py:115
                             LEAN_MCP_DISABLED_TOOLS                            
                    INFO     Disabled tool 'lean_hover_info' via   server.py:115
                             LEAN_MCP_DISABLED_TOOLS                            
                    INFO     Disabled tool 'lean_references' via   server.py:115
                             LEAN_MCP_DISABLED_TOOLS                            
                    INFO     Disabled tool 'lean_term_goal' via    server.py:115
                             LEAN_MCP_DISABLED_TOOLS                            
                    INFO     REPL enabled, using:                  server.py:322
                             /home/amirnabiyev/Conjecture_Prover/.              
                             lake/packages/repl/.lake/build/bin/re              
                             pl                                                 
                    INFO     REPL initialized: timeout=60s         server.py:325
[08/26/26 18:59:58] INFO     Session ending — cleaning up          server.py:360
                             per-session resources                              
[08/26/26 18:59:59] INFO     Disabled tool 'lean_build' via        server.py:115
                             LEAN_MCP_DISABLED_TOOLS                            
                    INFO     Disabled tool 'lean_completions' via  server.py:115
                             LEAN_MCP_DISABLED_TOOLS                            
                    INFO     Disabled tool 'lean_declaration_file' server.py:115
                             via LEAN_MCP_DISABLED_TOOLS                        
                    INFO     Disabled tool                         server.py:115
                             'lean_diagnostic_messages' via                     
                             LEAN_MCP_DISABLED_TOOLS                            
                    INFO     Disabled tool 'lean_file_outline' via server.py:115
                             LEAN_MCP_DISABLED_TOOLS                            
                    INFO     Disabled tool                         server.py:115
                             'lean_get_widget_source' via                       
                             LEAN_MCP_DISABLED_TOOLS                            
                    INFO     Disabled tool 'lean_get_widgets' via  server.py:115
                             LEAN_MCP_DISABLED_TOOLS                            
                    INFO     Disabled tool 'lean_goal' via         server.py:115
                             LEAN_MCP_DISABLED_TOOLS                            
                    INFO     Disabled tool 'lean_hover_info' via   server.py:115
                             LEAN_MCP_DISABLED_TOOLS                            
                    INFO     Disabled tool 'lean_references' via   server.py:115
                             LEAN_MCP_DISABLED_TOOLS                            
                    INFO     Disabled tool 'lean_term_goal' via    server.py:115
                             LEAN_MCP_DISABLED_TOOLS                            
                    INFO     REPL enabled, using:                  server.py:322
                             /home/amirnabiyev/Conjecture_Prover/.              
                             lake/packages/repl/.lake/build/bin/re              
                             pl                                                 
                    INFO     REPL initialized: timeout=60s         server.py:325
[08/26/26 19:00:00] INFO     Disabled tool 'lean_build' via        server.py:115
                             LEAN_MCP_DISABLED_TOOLS                            
                    INFO     Disabled tool 'lean_completions' via  server.py:115
                             LEAN_MCP_DISABLED_TOOLS                            
                    INFO     Disabled tool 'lean_declaration_file' server.py:115
                             via LEAN_MCP_DISABLED_TOOLS                        
                    INFO     Disabled tool                         server.py:115
                             'lean_diagnostic_messages' via                     
                             LEAN_MCP_DISABLED_TOOLS                            
                    INFO     Disabled tool 'lean_file_outline' via server.py:115
                             LEAN_MCP_DISABLED_TOOLS                            
                    INFO     Disabled tool                         server.py:115
                             'lean_get_widget_source' via                       
                             LEAN_MCP_DISABLED_TOOLS                            
                    INFO     Disabled tool 'lean_get_widgets' via  server.py:115
                             LEAN_MCP_DISABLED_TOOLS                            
                    INFO     Disabled tool 'lean_goal' via         server.py:115
                             LEAN_MCP_DISABLED_TOOLS                            
                    INFO     Disabled tool 'lean_hover_info' via   server.py:115
                             LEAN_MCP_DISABLED_TOOLS                            
                    INFO     Disabled tool 'lean_references' via   server.py:115
                             LEAN_MCP_DISABLED_TOOLS                            
                    INFO     Disabled tool 'lean_term_goal' via    server.py:115
                             LEAN_MCP_DISABLED_TOOLS                            
                    INFO     REPL enabled, using:                  server.py:322
                             /home/amirnabiyev/Conjecture_Prover/.              
                             lake/packages/repl/.lake/build/bin/re              
                             pl                                                 
                    INFO     REPL initialized: timeout=60s         server.py:325
                    INFO     Session ending — cleaning up          server.py:360
                             per-session resources                              
[08/26/26 19:00:01] INFO     Session ending — cleaning up          server.py:360
                             per-session resources                              
[08/26/26 19:00:02] INFO     Disabled tool 'lean_build' via        server.py:115
                             LEAN_MCP_DISABLED_TOOLS                            
                    INFO     Disabled tool 'lean_completions' via  server.py:115
                             LEAN_MCP_DISABLED_TOOLS                            
                    INFO     Disabled tool 'lean_declaration_file' server.py:115
                             via LEAN_MCP_DISABLED_TOOLS                        
                    INFO     Disabled tool                         server.py:115
                             'lean_diagnostic_messages' via                     
                             LEAN_MCP_DISABLED_TOOLS                            
                    INFO     Disabled tool 'lean_file_outline' via server.py:115
                             LEAN_MCP_DISABLED_TOOLS                            
                    INFO     Disabled tool                         server.py:115
                             'lean_get_widget_source' via                       
                             LEAN_MCP_DISABLED_TOOLS                            
                    INFO     Disabled tool 'lean_get_widgets' via  server.py:115
                             LEAN_MCP_DISABLED_TOOLS                            
                    INFO     Disabled tool 'lean_goal' via         server.py:115
                             LEAN_MCP_DISABLED_TOOLS                            
                    INFO     Disabled tool 'lean_hover_info' via   server.py:115
                             LEAN_MCP_DISABLED_TOOLS                            
                    INFO     Disabled tool 'lean_references' via   server.py:115
                             LEAN_MCP_DISABLED_TOOLS                            
                    INFO     Disabled tool 'lean_term_goal' via    server.py:115
                             LEAN_MCP_DISABLED_TOOLS                            
                    INFO     REPL enabled, using:                  server.py:322
                             /home/amirnabiyev/Conjecture_Prover/.              
                             lake/packages/repl/.lake/build/bin/re              
                             pl                                                 
                    INFO     REPL initialized: timeout=60s         server.py:325
[08/26/26 19:00:02] INFO     Disabled tool 'lean_build' via        server.py:115
                             LEAN_MCP_DISABLED_TOOLS                            
                    INFO     Disabled tool 'lean_completions' via  server.py:115
                             LEAN_MCP_DISABLED_TOOLS                            
                    INFO     Disabled tool 'lean_declaration_file' server.py:115
                             via LEAN_MCP_DISABLED_TOOLS                        
                    INFO     Disabled tool                         server.py:115
                             'lean_diagnostic_messages' via                     
                             LEAN_MCP_DISABLED_TOOLS                            
                    INFO     Disabled tool 'lean_file_outline' via server.py:115
                             LEAN_MCP_DISABLED_TOOLS                            
                    INFO     Disabled tool                         server.py:115
                             'lean_get_widget_source' via                       
                             LEAN_MCP_DISABLED_TOOLS                            
                    INFO     Disabled tool 'lean_get_widgets' via  server.py:115
                             LEAN_MCP_DISABLED_TOOLS                            
                    INFO     Disabled tool 'lean_goal' via         server.py:115
                             LEAN_MCP_DISABLED_TOOLS                            
                    INFO     Disabled tool 'lean_hover_info' via   server.py:115
                             LEAN_MCP_DISABLED_TOOLS                            
                    INFO     Disabled tool 'lean_references' via   server.py:115
                             LEAN_MCP_DISABLED_TOOLS                            
                    INFO     Disabled tool 'lean_term_goal' via    server.py:115
                             LEAN_MCP_DISABLED_TOOLS                            
                    INFO     REPL enabled, using:                  server.py:322
                             /home/amirnabiyev/Conjecture_Prover/.              
                             lake/packages/repl/.lake/build/bin/re              
                             pl                                                 
                    INFO     REPL initialized: timeout=60s         server.py:325
[08/26/26 19:00:02] INFO     Disabled tool 'lean_build' via        server.py:115
                             LEAN_MCP_DISABLED_TOOLS                            
                    INFO     Disabled tool 'lean_completions' via  server.py:115
                             LEAN_MCP_DISABLED_TOOLS                            
                    INFO     Disabled tool 'lean_declaration_file' server.py:115
                             via LEAN_MCP_DISABLED_TOOLS                        
                    INFO     Disabled tool                         server.py:115
                             'lean_diagnostic_messages' via                     
                             LEAN_MCP_DISABLED_TOOLS                            
                    INFO     Disabled tool 'lean_file_outline' via server.py:115
                             LEAN_MCP_DISABLED_TOOLS                            
                    INFO     Disabled tool                         server.py:115
                             'lean_get_widget_source' via                       
                             LEAN_MCP_DISABLED_TOOLS                            
                    INFO     Disabled tool 'lean_get_widgets' via  server.py:115
                             LEAN_MCP_DISABLED_TOOLS                            
                    INFO     Disabled tool 'lean_goal' via         server.py:115
                             LEAN_MCP_DISABLED_TOOLS                            
                    INFO     Disabled tool 'lean_hover_info' via   server.py:115
                             LEAN_MCP_DISABLED_TOOLS                            
                    INFO     Disabled tool 'lean_references' via   server.py:115
                             LEAN_MCP_DISABLED_TOOLS                            
                    INFO     Disabled tool 'lean_term_goal' via    server.py:115
                             LEAN_MCP_DISABLED_TOOLS                            
                    INFO     REPL enabled, using:                  server.py:322
                             /home/amirnabiyev/Conjecture_Prover/.              
                             lake/packages/repl/.lake/build/bin/re              
                             pl                                                 
                    INFO     REPL initialized: timeout=60s         server.py:325
[08/26/26 19:00:02] INFO     Disabled tool 'lean_build' via        server.py:115
                             LEAN_MCP_DISABLED_TOOLS                            
                    INFO     Disabled tool 'lean_completions' via  server.py:115
                             LEAN_MCP_DISABLED_TOOLS                            
                    INFO     Disabled tool 'lean_declaration_file' server.py:115
                             via LEAN_MCP_DISABLED_TOOLS                        
                    INFO     Disabled tool                         server.py:115
                             'lean_diagnostic_messages' via                     
                             LEAN_MCP_DISABLED_TOOLS                            
                    INFO     Disabled tool 'lean_file_outline' via server.py:115
                             LEAN_MCP_DISABLED_TOOLS                            
                    INFO     Disabled tool                         server.py:115
                             'lean_get_widget_source' via                       
                             LEAN_MCP_DISABLED_TOOLS                            
                    INFO     Disabled tool 'lean_get_widgets' via  server.py:115
                             LEAN_MCP_DISABLED_TOOLS                            
                    INFO     Disabled tool 'lean_goal' via         server.py:115
                             LEAN_MCP_DISABLED_TOOLS                            
                    INFO     Disabled tool 'lean_hover_info' via   server.py:115
                             LEAN_MCP_DISABLED_TOOLS                            
[08/26/26 19:00:03] INFO     Disabled tool 'lean_references' via   server.py:115
                             LEAN_MCP_DISABLED_TOOLS                            
                    INFO     Disabled tool 'lean_term_goal' via    server.py:115
                             LEAN_MCP_DISABLED_TOOLS                            
                    INFO     REPL enabled, using:                  server.py:322
                             /home/amirnabiyev/Conjecture_Prover/.              
                             lake/packages/repl/.lake/build/bin/re              
                             pl                                                 
                    INFO     REPL initialized: timeout=60s         server.py:325
[08/26/26 19:00:03] INFO     Session ending — cleaning up          server.py:360
                             per-session resources                              
[08/26/26 19:00:03] INFO     Session ending — cleaning up          server.py:360
                             per-session resources                              
[08/26/26 19:00:04] INFO     Session ending — cleaning up          server.py:360
                             per-session resources                              
[08/26/26 19:00:05] INFO     Disabled tool 'lean_build' via        server.py:115
                             LEAN_MCP_DISABLED_TOOLS                            
                    INFO     Disabled tool 'lean_completions' via  server.py:115
                             LEAN_MCP_DISABLED_TOOLS                            
                    INFO     Disabled tool 'lean_declaration_file' server.py:115
                             via LEAN_MCP_DISABLED_TOOLS                        
                    INFO     Disabled tool                         server.py:115
                             'lean_diagnostic_messages' via                     
                             LEAN_MCP_DISABLED_TOOLS                            
                    INFO     Disabled tool 'lean_file_outline' via server.py:115
                             LEAN_MCP_DISABLED_TOOLS                            
                    INFO     Disabled tool                         server.py:115
                             'lean_get_widget_source' via                       
                             LEAN_MCP_DISABLED_TOOLS                            
                    INFO     Disabled tool 'lean_get_widgets' via  server.py:115
                             LEAN_MCP_DISABLED_TOOLS                            
                    INFO     Disabled tool 'lean_goal' via         server.py:115
                             LEAN_MCP_DISABLED_TOOLS                            
                    INFO     Disabled tool 'lean_hover_info' via   server.py:115
                             LEAN_MCP_DISABLED_TOOLS                            
                    INFO     Disabled tool 'lean_references' via   server.py:115
                             LEAN_MCP_DISABLED_TOOLS                            
                    INFO     Disabled tool 'lean_term_goal' via    server.py:115
                             LEAN_MCP_DISABLED_TOOLS                            
                    INFO     REPL enabled, using:                  server.py:322
                             /home/amirnabiyev/Conjecture_Prover/.              
                             lake/packages/repl/.lake/build/bin/re              
                             pl                                                 
                    INFO     REPL initialized: timeout=60s         server.py:325
[08/26/26 19:00:06] INFO     Session ending — cleaning up          server.py:360
                             per-session resources                              
[08/26/26 19:00:06] INFO     Disabled tool 'lean_build' via        server.py:115
                             LEAN_MCP_DISABLED_TOOLS                            
                    INFO     Disabled tool 'lean_completions' via  server.py:115
                             LEAN_MCP_DISABLED_TOOLS                            
                    INFO     Disabled tool 'lean_declaration_file' server.py:115
                             via LEAN_MCP_DISABLED_TOOLS                        
                    INFO     Disabled tool                         server.py:115
                             'lean_diagnostic_messages' via                     
                             LEAN_MCP_DISABLED_TOOLS                            
                    INFO     Disabled tool 'lean_file_outline' via server.py:115
                             LEAN_MCP_DISABLED_TOOLS                            
                    INFO     Disabled tool                         server.py:115
                             'lean_get_widget_source' via                       
                             LEAN_MCP_DISABLED_TOOLS                            
                    INFO     Disabled tool 'lean_get_widgets' via  server.py:115
                             LEAN_MCP_DISABLED_TOOLS                            
                    INFO     Disabled tool 'lean_goal' via         server.py:115
                             LEAN_MCP_DISABLED_TOOLS                            
                    INFO     Disabled tool 'lean_hover_info' via   server.py:115
                             LEAN_MCP_DISABLED_TOOLS                            
                    INFO     Disabled tool 'lean_references' via   server.py:115
                             LEAN_MCP_DISABLED_TOOLS                            
                    INFO     Disabled tool 'lean_term_goal' via    server.py:115
                             LEAN_MCP_DISABLED_TOOLS                            
                    INFO     REPL enabled, using:                  server.py:322
                             /home/amirnabiyev/Conjecture_Prover/.              
                             lake/packages/repl/.lake/build/bin/re              
                             pl                                                 
                    INFO     REPL initialized: timeout=60s         server.py:325
[08/26/26 19:00:07] INFO     Session ending — cleaning up          server.py:360
                             per-session resources                              
[08/26/26 19:00:07] INFO     Disabled tool 'lean_build' via        server.py:115
                             LEAN_MCP_DISABLED_TOOLS                            
                    INFO     Disabled tool 'lean_completions' via  server.py:115
                             LEAN_MCP_DISABLED_TOOLS                            
                    INFO     Disabled tool 'lean_declaration_file' server.py:115
                             via LEAN_MCP_DISABLED_TOOLS                        
                    INFO     Disabled tool                         server.py:115
                             'lean_diagnostic_messages' via                     
                             LEAN_MCP_DISABLED_TOOLS                            
                    INFO     Disabled tool 'lean_file_outline' via server.py:115
                             LEAN_MCP_DISABLED_TOOLS                            
                    INFO     Disabled tool                         server.py:115
                             'lean_get_widget_source' via                       
                             LEAN_MCP_DISABLED_TOOLS                            
                    INFO     Disabled tool 'lean_get_widgets' via  server.py:115
                             LEAN_MCP_DISABLED_TOOLS                            
                    INFO     Disabled tool 'lean_goal' via         server.py:115
                             LEAN_MCP_DISABLED_TOOLS                            
[08/26/26 19:00:08] INFO     Disabled tool 'lean_hover_info' via   server.py:115
                             LEAN_MCP_DISABLED_TOOLS                            
                    INFO     Disabled tool 'lean_references' via   server.py:115
                             LEAN_MCP_DISABLED_TOOLS                            
                    INFO     Disabled tool 'lean_term_goal' via    server.py:115
                             LEAN_MCP_DISABLED_TOOLS                            
                    INFO     REPL enabled, using:                  server.py:322
                             /home/amirnabiyev/Conjecture_Prover/.              
                             lake/packages/repl/.lake/build/bin/re              
                             pl                                                 
                    INFO     REPL initialized: timeout=60s         server.py:325
[08/26/26 19:00:08] INFO     Disabled tool 'lean_build' via        server.py:115
                             LEAN_MCP_DISABLED_TOOLS                            
                    INFO     Disabled tool 'lean_completions' via  server.py:115
                             LEAN_MCP_DISABLED_TOOLS                            
                    INFO     Disabled tool 'lean_declaration_file' server.py:115
                             via LEAN_MCP_DISABLED_TOOLS                        
                    INFO     Disabled tool                         server.py:115
                             'lean_diagnostic_messages' via                     
                             LEAN_MCP_DISABLED_TOOLS                            
                    INFO     Disabled tool 'lean_file_outline' via server.py:115
                             LEAN_MCP_DISABLED_TOOLS                            
                    INFO     Disabled tool                         server.py:115
                             'lean_get_widget_source' via                       
                             LEAN_MCP_DISABLED_TOOLS                            
                    INFO     Disabled tool 'lean_get_widgets' via  server.py:115
                             LEAN_MCP_DISABLED_TOOLS                            
                    INFO     Disabled tool 'lean_goal' via         server.py:115
                             LEAN_MCP_DISABLED_TOOLS                            
                    INFO     Disabled tool 'lean_hover_info' via   server.py:115
                             LEAN_MCP_DISABLED_TOOLS                            
                    INFO     Disabled tool 'lean_references' via   server.py:115
                             LEAN_MCP_DISABLED_TOOLS                            
                    INFO     Disabled tool 'lean_term_goal' via    server.py:115
                             LEAN_MCP_DISABLED_TOOLS                            
                    INFO     REPL enabled, using:                  server.py:322
                             /home/amirnabiyev/Conjecture_Prover/.              
                             lake/packages/repl/.lake/build/bin/re              
                             pl                                                 
                    INFO     REPL initialized: timeout=60s         server.py:325
[08/26/26 19:00:09] INFO     Session ending — cleaning up          server.py:360
                             per-session resources                              
[08/26/26 19:00:09] INFO     Session ending — cleaning up          server.py:360
                             per-session resources                              
[08/26/26 19:00:09] INFO     Disabled tool 'lean_build' via        server.py:115
                             LEAN_MCP_DISABLED_TOOLS                            
                    INFO     Disabled tool 'lean_completions' via  server.py:115
                             LEAN_MCP_DISABLED_TOOLS                            
                    INFO     Disabled tool 'lean_declaration_file' server.py:115
                             via LEAN_MCP_DISABLED_TOOLS                        
                    INFO     Disabled tool                         server.py:115
                             'lean_diagnostic_messages' via                     
                             LEAN_MCP_DISABLED_TOOLS                            
                    INFO     Disabled tool 'lean_file_outline' via server.py:115
                             LEAN_MCP_DISABLED_TOOLS                            
                    INFO     Disabled tool                         server.py:115
                             'lean_get_widget_source' via                       
                             LEAN_MCP_DISABLED_TOOLS                            
                    INFO     Disabled tool 'lean_get_widgets' via  server.py:115
                             LEAN_MCP_DISABLED_TOOLS                            
                    INFO     Disabled tool 'lean_goal' via         server.py:115
                             LEAN_MCP_DISABLED_TOOLS                            
                    INFO     Disabled tool 'lean_hover_info' via   server.py:115
                             LEAN_MCP_DISABLED_TOOLS                            
                    INFO     Disabled tool 'lean_references' via   server.py:115
                             LEAN_MCP_DISABLED_TOOLS                            
                    INFO     Disabled tool 'lean_term_goal' via    server.py:115
                             LEAN_MCP_DISABLED_TOOLS                            
                    INFO     REPL enabled, using:                  server.py:322
                             /home/amirnabiyev/Conjecture_Prover/.              
                             lake/packages/repl/.lake/build/bin/re              
                             pl                                                 
                    INFO     REPL initialized: timeout=60s         server.py:325
[08/26/26 19:00:10] INFO     Disabled tool 'lean_build' via        server.py:115
                             LEAN_MCP_DISABLED_TOOLS                            
                    INFO     Disabled tool 'lean_completions' via  server.py:115
                             LEAN_MCP_DISABLED_TOOLS                            
                    INFO     Disabled tool 'lean_declaration_file' server.py:115
                             via LEAN_MCP_DISABLED_TOOLS                        
                    INFO     Disabled tool                         server.py:115
                             'lean_diagnostic_messages' via                     
                             LEAN_MCP_DISABLED_TOOLS                            
                    INFO     Disabled tool 'lean_file_outline' via server.py:115
                             LEAN_MCP_DISABLED_TOOLS                            
                    INFO     Disabled tool                         server.py:115
                             'lean_get_widget_source' via                       
                             LEAN_MCP_DISABLED_TOOLS                            
                    INFO     Disabled tool 'lean_get_widgets' via  server.py:115
                             LEAN_MCP_DISABLED_TOOLS                            
                    INFO     Disabled tool 'lean_goal' via         server.py:115
                             LEAN_MCP_DISABLED_TOOLS                            
                    INFO     Disabled tool 'lean_hover_info' via   server.py:115
                             LEAN_MCP_DISABLED_TOOLS                            
                    INFO     Disabled tool 'lean_references' via   server.py:115
                             LEAN_MCP_DISABLED_TOOLS                            
                    INFO     Disabled tool 'lean_term_goal' via    server.py:115
                             LEAN_MCP_DISABLED_TOOLS                            
                    INFO     REPL enabled, using:                  server.py:322
                             /home/amirnabiyev/Conjecture_Prover/.              
                             lake/packages/repl/.lake/build/bin/re              
                             pl                                                 
                    INFO     REPL initialized: timeout=60s         server.py:325
[08/26/26 19:00:10] INFO     Session ending — cleaning up          server.py:360
                             per-session resources                              
[08/26/26 19:00:11] INFO     Session ending — cleaning up          server.py:360
                             per-session resources                              
[08/26/26 19:00:12] INFO     Disabled tool 'lean_build' via        server.py:115
                             LEAN_MCP_DISABLED_TOOLS                            
                    INFO     Disabled tool 'lean_completions' via  server.py:115
                             LEAN_MCP_DISABLED_TOOLS                            
                    INFO     Disabled tool 'lean_declaration_file' server.py:115
                             via LEAN_MCP_DISABLED_TOOLS                        
                    INFO     Disabled tool                         server.py:115
                             'lean_diagnostic_messages' via                     
                             LEAN_MCP_DISABLED_TOOLS                            
                    INFO     Disabled tool 'lean_file_outline' via server.py:115
                             LEAN_MCP_DISABLED_TOOLS                            
                    INFO     Disabled tool                         server.py:115
                             'lean_get_widget_source' via                       
                             LEAN_MCP_DISABLED_TOOLS                            
                    INFO     Disabled tool 'lean_get_widgets' via  server.py:115
                             LEAN_MCP_DISABLED_TOOLS                            
                    INFO     Disabled tool 'lean_goal' via         server.py:115
                             LEAN_MCP_DISABLED_TOOLS                            
                    INFO     Disabled tool 'lean_hover_info' via   server.py:115
                             LEAN_MCP_DISABLED_TOOLS                            
                    INFO     Disabled tool 'lean_references' via   server.py:115
                             LEAN_MCP_DISABLED_TOOLS                            
                    INFO     Disabled tool 'lean_term_goal' via    server.py:115
                             LEAN_MCP_DISABLED_TOOLS                            
                    INFO     REPL enabled, using:                  server.py:322
                             /home/amirnabiyev/Conjecture_Prover/.              
                             lake/packages/repl/.lake/build/bin/re              
                             pl                                                 
                    INFO     REPL initialized: timeout=60s         server.py:325
[08/26/26 19:00:12] INFO     Disabled tool 'lean_build' via        server.py:115
                             LEAN_MCP_DISABLED_TOOLS                            
                    INFO     Disabled tool 'lean_completions' via  server.py:115
                             LEAN_MCP_DISABLED_TOOLS                            
                    INFO     Disabled tool 'lean_declaration_file' server.py:115
                             via LEAN_MCP_DISABLED_TOOLS                        
                    INFO     Disabled tool                         server.py:115
                             'lean_diagnostic_messages' via                     
                             LEAN_MCP_DISABLED_TOOLS                            
                    INFO     Disabled tool 'lean_file_outline' via server.py:115
                             LEAN_MCP_DISABLED_TOOLS                            
                    INFO     Disabled tool                         server.py:115
                             'lean_get_widget_source' via                       
                             LEAN_MCP_DISABLED_TOOLS                            
                    INFO     Disabled tool 'lean_get_widgets' via  server.py:115
                             LEAN_MCP_DISABLED_TOOLS                            
                    INFO     Disabled tool 'lean_goal' via         server.py:115
                             LEAN_MCP_DISABLED_TOOLS                            
                    INFO     Disabled tool 'lean_hover_info' via   server.py:115
                             LEAN_MCP_DISABLED_TOOLS                            
                    INFO     Disabled tool 'lean_references' via   server.py:115
                             LEAN_MCP_DISABLED_TOOLS                            
                    INFO     Disabled tool 'lean_term_goal' via    server.py:115
                             LEAN_MCP_DISABLED_TOOLS                            
                    INFO     REPL enabled, using:                  server.py:322
                             /home/amirnabiyev/Conjecture_Prover/.              
                             lake/packages/repl/.lake/build/bin/re              
                             pl                                                 
                    INFO     REPL initialized: timeout=60s         server.py:325
                    INFO     Session ending — cleaning up          server.py:360
                             per-session resources                              
[08/26/26 19:00:13] INFO     Session ending — cleaning up          server.py:360
                             per-session resources                              
[08/26/26 19:00:16] INFO     Disabled tool 'lean_build' via        server.py:115
                             LEAN_MCP_DISABLED_TOOLS                            
                    INFO     Disabled tool 'lean_completions' via  server.py:115
                             LEAN_MCP_DISABLED_TOOLS                            
                    INFO     Disabled tool 'lean_declaration_file' server.py:115
                             via LEAN_MCP_DISABLED_TOOLS                        
                    INFO     Disabled tool                         server.py:115
                             'lean_diagnostic_messages' via                     
                             LEAN_MCP_DISABLED_TOOLS                            
                    INFO     Disabled tool 'lean_file_outline' via server.py:115
                             LEAN_MCP_DISABLED_TOOLS                            
                    INFO     Disabled tool                         server.py:115
                             'lean_get_widget_source' via                       
                             LEAN_MCP_DISABLED_TOOLS                            
                    INFO     Disabled tool 'lean_get_widgets' via  server.py:115
                             LEAN_MCP_DISABLED_TOOLS                            
                    INFO     Disabled tool 'lean_goal' via         server.py:115
                             LEAN_MCP_DISABLED_TOOLS                            
                    INFO     Disabled tool 'lean_hover_info' via   server.py:115
                             LEAN_MCP_DISABLED_TOOLS                            
                    INFO     Disabled tool 'lean_references' via   server.py:115
                             LEAN_MCP_DISABLED_TOOLS                            
                    INFO     Disabled tool 'lean_term_goal' via    server.py:115
                             LEAN_MCP_DISABLED_TOOLS                            
                    INFO     REPL enabled, using:                  server.py:322
                             /home/amirnabiyev/Conjecture_Prover/.              
                             lake/packages/repl/.lake/build/bin/re              
                             pl                                                 
                    INFO     REPL initialized: timeout=60s         server.py:325
[08/26/26 19:00:17] INFO     Disabled tool 'lean_build' via        server.py:115
                             LEAN_MCP_DISABLED_TOOLS                            
                    INFO     Disabled tool 'lean_completions' via  server.py:115
                             LEAN_MCP_DISABLED_TOOLS                            
                    INFO     Disabled tool 'lean_declaration_file' server.py:115
                             via LEAN_MCP_DISABLED_TOOLS                        
                    INFO     Disabled tool                         server.py:115
                             'lean_diagnostic_messages' via                     
                             LEAN_MCP_DISABLED_TOOLS                            
                    INFO     Disabled tool 'lean_file_outline' via server.py:115
                             LEAN_MCP_DISABLED_TOOLS                            
                    INFO     Disabled tool                         server.py:115
                             'lean_get_widget_source' via                       
                             LEAN_MCP_DISABLED_TOOLS                            
                    INFO     Disabled tool 'lean_get_widgets' via  server.py:115
                             LEAN_MCP_DISABLED_TOOLS                            
                    INFO     Disabled tool 'lean_goal' via         server.py:115
                             LEAN_MCP_DISABLED_TOOLS                            
                    INFO     Disabled tool 'lean_hover_info' via   server.py:115
                             LEAN_MCP_DISABLED_TOOLS                            
                    INFO     Disabled tool 'lean_references' via   server.py:115
                             LEAN_MCP_DISABLED_TOOLS                            
                    INFO     Disabled tool 'lean_term_goal' via    server.py:115
                             LEAN_MCP_DISABLED_TOOLS                            
                    INFO     REPL enabled, using:                  server.py:322
                             /home/amirnabiyev/Conjecture_Prover/.              
                             lake/packages/repl/.lake/build/bin/re              
                             pl                                                 
                    INFO     REPL initialized: timeout=60s         server.py:325
[08/26/26 19:00:18] INFO     Disabled tool 'lean_build' via        server.py:115
                             LEAN_MCP_DISABLED_TOOLS                            
                    INFO     Disabled tool 'lean_completions' via  server.py:115
                             LEAN_MCP_DISABLED_TOOLS                            
                    INFO     Disabled tool 'lean_declaration_file' server.py:115
                             via LEAN_MCP_DISABLED_TOOLS                        
                    INFO     Disabled tool                         server.py:115
                             'lean_diagnostic_messages' via                     
                             LEAN_MCP_DISABLED_TOOLS                            
                    INFO     Disabled tool 'lean_file_outline' via server.py:115
                             LEAN_MCP_DISABLED_TOOLS                            
                    INFO     Disabled tool                         server.py:115
                             'lean_get_widget_source' via                       
                             LEAN_MCP_DISABLED_TOOLS                            
                    INFO     Disabled tool 'lean_get_widgets' via  server.py:115
                             LEAN_MCP_DISABLED_TOOLS                            
                    INFO     Disabled tool 'lean_goal' via         server.py:115
                             LEAN_MCP_DISABLED_TOOLS                            
                    INFO     Disabled tool 'lean_hover_info' via   server.py:115
                             LEAN_MCP_DISABLED_TOOLS                            
                    INFO     Disabled tool 'lean_references' via   server.py:115
                             LEAN_MCP_DISABLED_TOOLS                            
                    INFO     Disabled tool 'lean_term_goal' via    server.py:115
                             LEAN_MCP_DISABLED_TOOLS                            
                    INFO     REPL enabled, using:                  server.py:322
                             /home/amirnabiyev/Conjecture_Prover/.              
                             lake/packages/repl/.lake/build/bin/re              
                             pl                                                 
                    INFO     REPL initialized: timeout=60s         server.py:325
[08/26/26 19:00:18] INFO     Disabled tool 'lean_build' via        server.py:115
                             LEAN_MCP_DISABLED_TOOLS                            
                    INFO     Disabled tool 'lean_completions' via  server.py:115
                             LEAN_MCP_DISABLED_TOOLS                            
                    INFO     Disabled tool 'lean_declaration_file' server.py:115
                             via LEAN_MCP_DISABLED_TOOLS                        
                    INFO     Disabled tool                         server.py:115
                             'lean_diagnostic_messages' via                     
                             LEAN_MCP_DISABLED_TOOLS                            
                    INFO     Disabled tool 'lean_file_outline' via server.py:115
                             LEAN_MCP_DISABLED_TOOLS                            
                    INFO     Disabled tool                         server.py:115
                             'lean_get_widget_source' via                       
                             LEAN_MCP_DISABLED_TOOLS                            
                    INFO     Disabled tool 'lean_get_widgets' via  server.py:115
                             LEAN_MCP_DISABLED_TOOLS                            
                    INFO     Disabled tool 'lean_goal' via         server.py:115
                             LEAN_MCP_DISABLED_TOOLS                            
                    INFO     Disabled tool 'lean_hover_info' via   server.py:115
                             LEAN_MCP_DISABLED_TOOLS                            
                    INFO     Disabled tool 'lean_references' via   server.py:115
                             LEAN_MCP_DISABLED_TOOLS                            
                    INFO     Disabled tool 'lean_term_goal' via    server.py:115
                             LEAN_MCP_DISABLED_TOOLS                            
                    INFO     REPL enabled, using:                  server.py:322
                             /home/amirnabiyev/Conjecture_Prover/.              
                             lake/packages/repl/.lake/build/bin/re              
                             pl                                                 
                    INFO     REPL initialized: timeout=60s         server.py:325
[08/26/26 19:00:19] INFO     Disabled tool 'lean_build' via        server.py:115
                             LEAN_MCP_DISABLED_TOOLS                            
                    INFO     Disabled tool 'lean_completions' via  server.py:115
                             LEAN_MCP_DISABLED_TOOLS                            
                    INFO     Disabled tool 'lean_declaration_file' server.py:115
                             via LEAN_MCP_DISABLED_TOOLS                        
                    INFO     Disabled tool                         server.py:115
                             'lean_diagnostic_messages' via                     
                             LEAN_MCP_DISABLED_TOOLS                            
                    INFO     Disabled tool 'lean_file_outline' via server.py:115
                             LEAN_MCP_DISABLED_TOOLS                            
                    INFO     Disabled tool                         server.py:115
                             'lean_get_widget_source' via                       
                             LEAN_MCP_DISABLED_TOOLS                            
                    INFO     Disabled tool 'lean_get_widgets' via  server.py:115
                             LEAN_MCP_DISABLED_TOOLS                            
                    INFO     Disabled tool 'lean_goal' via         server.py:115
                             LEAN_MCP_DISABLED_TOOLS                            
                    INFO     Disabled tool 'lean_hover_info' via   server.py:115
                             LEAN_MCP_DISABLED_TOOLS                            
                    INFO     Disabled tool 'lean_references' via   server.py:115
                             LEAN_MCP_DISABLED_TOOLS                            
                    INFO     Disabled tool 'lean_term_goal' via    server.py:115
                             LEAN_MCP_DISABLED_TOOLS                            
[08/26/26 19:00:19] INFO     Disabled tool 'lean_build' via        server.py:115
                             LEAN_MCP_DISABLED_TOOLS                            
                    INFO     Disabled tool 'lean_completions' via  server.py:115
                             LEAN_MCP_DISABLED_TOOLS                            
                    INFO     Disabled tool 'lean_declaration_file' server.py:115
                             via LEAN_MCP_DISABLED_TOOLS                        
                    INFO     Disabled tool                         server.py:115
                             'lean_diagnostic_messages' via                     
                             LEAN_MCP_DISABLED_TOOLS                            
                    INFO     REPL enabled, using:                  server.py:322
                             /home/amirnabiyev/Conjecture_Prover/.              
                             lake/packages/repl/.lake/build/bin/re              
                             pl                                                 
                    INFO     REPL initialized: timeout=60s         server.py:325
                    INFO     Disabled tool 'lean_file_outline' via server.py:115
                             LEAN_MCP_DISABLED_TOOLS                            
                    INFO     Disabled tool                         server.py:115
                             'lean_get_widget_source' via                       
                             LEAN_MCP_DISABLED_TOOLS                            
                    INFO     Disabled tool 'lean_get_widgets' via  server.py:115
                             LEAN_MCP_DISABLED_TOOLS                            
                    INFO     Disabled tool 'lean_goal' via         server.py:115
                             LEAN_MCP_DISABLED_TOOLS                            
                    INFO     Disabled tool 'lean_hover_info' via   server.py:115
                             LEAN_MCP_DISABLED_TOOLS                            
                    INFO     Disabled tool 'lean_references' via   server.py:115
                             LEAN_MCP_DISABLED_TOOLS                            
                    INFO     Disabled tool 'lean_term_goal' via    server.py:115
                             LEAN_MCP_DISABLED_TOOLS                            
                    INFO     REPL enabled, using:                  server.py:322
                             /home/amirnabiyev/Conjecture_Prover/.              
                             lake/packages/repl/.lake/build/bin/re              
                             pl                                                 
                    INFO     REPL initialized: timeout=60s         server.py:325
[08/26/26 19:00:19] INFO     Disabled tool 'lean_build' via        server.py:115
                             LEAN_MCP_DISABLED_TOOLS                            
                    INFO     Disabled tool 'lean_completions' via  server.py:115
                             LEAN_MCP_DISABLED_TOOLS                            
                    INFO     Disabled tool 'lean_declaration_file' server.py:115
                             via LEAN_MCP_DISABLED_TOOLS                        
                    INFO     Disabled tool                         server.py:115
                             'lean_diagnostic_messages' via                     
                             LEAN_MCP_DISABLED_TOOLS                            
                    INFO     Disabled tool 'lean_file_outline' via server.py:115
                             LEAN_MCP_DISABLED_TOOLS                            
                    INFO     Disabled tool                         server.py:115
                             'lean_get_widget_source' via                       
                             LEAN_MCP_DISABLED_TOOLS                            
                    INFO     Disabled tool 'lean_get_widgets' via  server.py:115
                             LEAN_MCP_DISABLED_TOOLS                            
                    INFO     Disabled tool 'lean_goal' via         server.py:115
                             LEAN_MCP_DISABLED_TOOLS                            
                    INFO     Disabled tool 'lean_hover_info' via   server.py:115
                             LEAN_MCP_DISABLED_TOOLS                            
                    INFO     Disabled tool 'lean_references' via   server.py:115
                             LEAN_MCP_DISABLED_TOOLS                            
                    INFO     Disabled tool 'lean_term_goal' via    server.py:115
                             LEAN_MCP_DISABLED_TOOLS                            
                    INFO     REPL enabled, using:                  server.py:322
                             /home/amirnabiyev/Conjecture_Prover/.              
                             lake/packages/repl/.lake/build/bin/re              
                             pl                                                 
                    INFO     REPL initialized: timeout=60s         server.py:325
[08/26/26 19:00:20] INFO     Session ending — cleaning up          server.py:360
                             per-session resources                              
[08/26/26 19:00:20] INFO     Session ending — cleaning up          server.py:360
                             per-session resources                              
[08/26/26 19:00:21] INFO     Session ending — cleaning up          server.py:360
                             per-session resources                              
[08/26/26 19:00:21] INFO     Session ending — cleaning up          server.py:360
                             per-session resources                              
[08/26/26 19:00:24] INFO     Disabled tool 'lean_build' via        server.py:115
                             LEAN_MCP_DISABLED_TOOLS                            
                    INFO     Disabled tool 'lean_completions' via  server.py:115
                             LEAN_MCP_DISABLED_TOOLS                            
                    INFO     Disabled tool 'lean_declaration_file' server.py:115
                             via LEAN_MCP_DISABLED_TOOLS                        
                    INFO     Disabled tool                         server.py:115
                             'lean_diagnostic_messages' via                     
                             LEAN_MCP_DISABLED_TOOLS                            
                    INFO     Disabled tool 'lean_file_outline' via server.py:115
                             LEAN_MCP_DISABLED_TOOLS                            
                    INFO     Disabled tool                         server.py:115
                             'lean_get_widget_source' via                       
                             LEAN_MCP_DISABLED_TOOLS                            
                    INFO     Disabled tool 'lean_get_widgets' via  server.py:115
                             LEAN_MCP_DISABLED_TOOLS                            
                    INFO     Disabled tool 'lean_goal' via         server.py:115
                             LEAN_MCP_DISABLED_TOOLS                            
                    INFO     Disabled tool 'lean_hover_info' via   server.py:115
                             LEAN_MCP_DISABLED_TOOLS                            
                    INFO     Disabled tool 'lean_references' via   server.py:115
                             LEAN_MCP_DISABLED_TOOLS                            
                    INFO     Disabled tool 'lean_term_goal' via    server.py:115
                             LEAN_MCP_DISABLED_TOOLS                            
                    INFO     REPL enabled, using:                  server.py:322
                             /home/amirnabiyev/Conjecture_Prover/.              
                             lake/packages/repl/.lake/build/bin/re              
                             pl                                                 
                    INFO     REPL initialized: timeout=60s         server.py:325
[08/26/26 19:00:25] INFO     Session ending — cleaning up          server.py:360
                             per-session resources                              
[08/26/26 19:00:25] INFO     Disabled tool 'lean_build' via        server.py:115
                             LEAN_MCP_DISABLED_TOOLS                            
                    INFO     Disabled tool 'lean_completions' via  server.py:115
                             LEAN_MCP_DISABLED_TOOLS                            
                    INFO     Disabled tool 'lean_declaration_file' server.py:115
                             via LEAN_MCP_DISABLED_TOOLS                        
                    INFO     Disabled tool                         server.py:115
                             'lean_diagnostic_messages' via                     
                             LEAN_MCP_DISABLED_TOOLS                            
                    INFO     Disabled tool 'lean_file_outline' via server.py:115
                             LEAN_MCP_DISABLED_TOOLS                            
                    INFO     Disabled tool                         server.py:115
                             'lean_get_widget_source' via                       
                             LEAN_MCP_DISABLED_TOOLS                            
                    INFO     Disabled tool 'lean_get_widgets' via  server.py:115
                             LEAN_MCP_DISABLED_TOOLS                            
                    INFO     Disabled tool 'lean_goal' via         server.py:115
                             LEAN_MCP_DISABLED_TOOLS                            
                    INFO     Disabled tool 'lean_hover_info' via   server.py:115
                             LEAN_MCP_DISABLED_TOOLS                            
                    INFO     Disabled tool 'lean_references' via   server.py:115
                             LEAN_MCP_DISABLED_TOOLS                            
                    INFO     Disabled tool 'lean_term_goal' via    server.py:115
                             LEAN_MCP_DISABLED_TOOLS                            
                    INFO     REPL enabled, using:                  server.py:322
                             /home/amirnabiyev/Conjecture_Prover/.              
                             lake/packages/repl/.lake/build/bin/re              
                             pl                                                 
                    INFO     REPL initialized: timeout=60s         server.py:325
[08/26/26 19:00:26] INFO     Session ending — cleaning up          server.py:360
                             per-session resources                              
[08/26/26 19:00:28] INFO     Disabled tool 'lean_build' via        server.py:115
                             LEAN_MCP_DISABLED_TOOLS                            
                    INFO     Disabled tool 'lean_completions' via  server.py:115
                             LEAN_MCP_DISABLED_TOOLS                            
                    INFO     Disabled tool 'lean_declaration_file' server.py:115
                             via LEAN_MCP_DISABLED_TOOLS                        
                    INFO     Disabled tool                         server.py:115
                             'lean_diagnostic_messages' via                     
                             LEAN_MCP_DISABLED_TOOLS                            
                    INFO     Disabled tool 'lean_file_outline' via server.py:115
                             LEAN_MCP_DISABLED_TOOLS                            
                    INFO     Disabled tool                         server.py:115
                             'lean_get_widget_source' via                       
                             LEAN_MCP_DISABLED_TOOLS                            
                    INFO     Disabled tool 'lean_get_widgets' via  server.py:115
                             LEAN_MCP_DISABLED_TOOLS                            
                    INFO     Disabled tool 'lean_goal' via         server.py:115
                             LEAN_MCP_DISABLED_TOOLS                            
                    INFO     Disabled tool 'lean_hover_info' via   server.py:115
                             LEAN_MCP_DISABLED_TOOLS                            
                    INFO     Disabled tool 'lean_references' via   server.py:115
                             LEAN_MCP_DISABLED_TOOLS                            
                    INFO     Disabled tool 'lean_term_goal' via    server.py:115
                             LEAN_MCP_DISABLED_TOOLS                            
                    INFO     REPL enabled, using:                  server.py:322
                             /home/amirnabiyev/Conjecture_Prover/.              
                             lake/packages/repl/.lake/build/bin/re              
                             pl                                                 
                    INFO     REPL initialized: timeout=60s         server.py:325
[08/26/26 19:00:29] INFO     Session ending — cleaning up          server.py:360
                             per-session resources                              
[08/26/26 19:00:33] INFO     Session ending — cleaning up          server.py:360
                             per-session resources                              
[08/26/26 19:00:36] INFO     Disabled tool 'lean_build' via        server.py:115
                             LEAN_MCP_DISABLED_TOOLS                            
                    INFO     Disabled tool 'lean_completions' via  server.py:115
                             LEAN_MCP_DISABLED_TOOLS                            
                    INFO     Disabled tool 'lean_declaration_file' server.py:115
                             via LEAN_MCP_DISABLED_TOOLS                        
                    INFO     Disabled tool                         server.py:115
                             'lean_diagnostic_messages' via                     
                             LEAN_MCP_DISABLED_TOOLS                            
                    INFO     Disabled tool 'lean_file_outline' via server.py:115
                             LEAN_MCP_DISABLED_TOOLS                            
                    INFO     Disabled tool                         server.py:115
                             'lean_get_widget_source' via                       
                             LEAN_MCP_DISABLED_TOOLS                            
                    INFO     Disabled tool 'lean_get_widgets' via  server.py:115
                             LEAN_MCP_DISABLED_TOOLS                            
                    INFO     Disabled tool 'lean_goal' via         server.py:115
                             LEAN_MCP_DISABLED_TOOLS                            
                    INFO     Disabled tool 'lean_hover_info' via   server.py:115
                             LEAN_MCP_DISABLED_TOOLS                            
                    INFO     Disabled tool 'lean_references' via   server.py:115
                             LEAN_MCP_DISABLED_TOOLS                            
                    INFO     Disabled tool 'lean_term_goal' via    server.py:115
                             LEAN_MCP_DISABLED_TOOLS                            
                    INFO     REPL enabled, using:                  server.py:322
                             /home/amirnabiyev/Conjecture_Prover/.              
                             lake/packages/repl/.lake/build/bin/re              
                             pl                                                 
                    INFO     REPL initialized: timeout=60s         server.py:325
[08/26/26 19:00:36] INFO     Disabled tool 'lean_build' via        server.py:115
                             LEAN_MCP_DISABLED_TOOLS                            
                    INFO     Disabled tool 'lean_completions' via  server.py:115
                             LEAN_MCP_DISABLED_TOOLS                            
                    INFO     Disabled tool 'lean_declaration_file' server.py:115
                             via LEAN_MCP_DISABLED_TOOLS                        
                    INFO     Disabled tool                         server.py:115
                             'lean_diagnostic_messages' via                     
                             LEAN_MCP_DISABLED_TOOLS                            
                    INFO     Disabled tool 'lean_file_outline' via server.py:115
                             LEAN_MCP_DISABLED_TOOLS                            
                    INFO     Disabled tool                         server.py:115
                             'lean_get_widget_source' via                       
                             LEAN_MCP_DISABLED_TOOLS                            
                    INFO     Disabled tool 'lean_get_widgets' via  server.py:115
                             LEAN_MCP_DISABLED_TOOLS                            
                    INFO     Disabled tool 'lean_goal' via         server.py:115
                             LEAN_MCP_DISABLED_TOOLS                            
                    INFO     Disabled tool 'lean_hover_info' via   server.py:115
                             LEAN_MCP_DISABLED_TOOLS                            
                    INFO     Disabled tool 'lean_references' via   server.py:115
                             LEAN_MCP_DISABLED_TOOLS                            
                    INFO     Disabled tool 'lean_term_goal' via    server.py:115
                             LEAN_MCP_DISABLED_TOOLS                            
                    INFO     REPL enabled, using:                  server.py:322
                             /home/amirnabiyev/Conjecture_Prover/.              
                             lake/packages/repl/.lake/build/bin/re              
                             pl                                                 
                    INFO     REPL initialized: timeout=60s         server.py:325
[08/26/26 19:00:37] INFO     Session ending — cleaning up          server.py:360
                             per-session resources                              
[08/26/26 19:00:37] INFO     Session ending — cleaning up          server.py:360
                             per-session resources                              
[08/26/26 19:00:38] INFO     Disabled tool 'lean_build' via        server.py:115
                             LEAN_MCP_DISABLED_TOOLS                            
                    INFO     Disabled tool 'lean_completions' via  server.py:115
                             LEAN_MCP_DISABLED_TOOLS                            
                    INFO     Disabled tool 'lean_declaration_file' server.py:115
                             via LEAN_MCP_DISABLED_TOOLS                        
                    INFO     Disabled tool                         server.py:115
                             'lean_diagnostic_messages' via                     
                             LEAN_MCP_DISABLED_TOOLS                            
                    INFO     Disabled tool 'lean_file_outline' via server.py:115
                             LEAN_MCP_DISABLED_TOOLS                            
                    INFO     Disabled tool                         server.py:115
                             'lean_get_widget_source' via                       
                             LEAN_MCP_DISABLED_TOOLS                            
                    INFO     Disabled tool 'lean_get_widgets' via  server.py:115
                             LEAN_MCP_DISABLED_TOOLS                            
                    INFO     Disabled tool 'lean_goal' via         server.py:115
                             LEAN_MCP_DISABLED_TOOLS                            
                    INFO     Disabled tool 'lean_hover_info' via   server.py:115
                             LEAN_MCP_DISABLED_TOOLS                            
                    INFO     Disabled tool 'lean_references' via   server.py:115
                             LEAN_MCP_DISABLED_TOOLS                            
                    INFO     Disabled tool 'lean_term_goal' via    server.py:115
                             LEAN_MCP_DISABLED_TOOLS                            
                    INFO     REPL enabled, using:                  server.py:322
                             /home/amirnabiyev/Conjecture_Prover/.              
                             lake/packages/repl/.lake/build/bin/re              
                             pl                                                 
                    INFO     REPL initialized: timeout=60s         server.py:325
[08/26/26 19:00:40] INFO     Session ending — cleaning up          server.py:360
                             per-session resources                              
[08/26/26 19:00:40] INFO     Session ending — cleaning up          server.py:360
                             per-session resources                              
[08/26/26 19:00:40] INFO     Session ending — cleaning up          server.py:360
                             per-session resources                              
[08/26/26 19:00:42] INFO     Disabled tool 'lean_build' via        server.py:115
                             LEAN_MCP_DISABLED_TOOLS                            
                    INFO     Disabled tool 'lean_completions' via  server.py:115
                             LEAN_MCP_DISABLED_TOOLS                            
                    INFO     Disabled tool 'lean_declaration_file' server.py:115
                             via LEAN_MCP_DISABLED_TOOLS                        
                    INFO     Disabled tool                         server.py:115
                             'lean_diagnostic_messages' via                     
                             LEAN_MCP_DISABLED_TOOLS                            
                    INFO     Disabled tool 'lean_file_outline' via server.py:115
                             LEAN_MCP_DISABLED_TOOLS                            
                    INFO     Disabled tool                         server.py:115
                             'lean_get_widget_source' via                       
                             LEAN_MCP_DISABLED_TOOLS                            
                    INFO     Disabled tool 'lean_get_widgets' via  server.py:115
                             LEAN_MCP_DISABLED_TOOLS                            
                    INFO     Disabled tool 'lean_goal' via         server.py:115
                             LEAN_MCP_DISABLED_TOOLS                            
                    INFO     Disabled tool 'lean_hover_info' via   server.py:115
                             LEAN_MCP_DISABLED_TOOLS                            
                    INFO     Disabled tool 'lean_references' via   server.py:115
                             LEAN_MCP_DISABLED_TOOLS                            
                    INFO     Disabled tool 'lean_term_goal' via    server.py:115
                             LEAN_MCP_DISABLED_TOOLS                            
                    INFO     REPL enabled, using:                  server.py:322
                             /home/amirnabiyev/Conjecture_Prover/.              
                             lake/packages/repl/.lake/build/bin/re              
                             pl                                                 
                    INFO     REPL initialized: timeout=60s         server.py:325
[08/26/26 19:00:42] INFO     Session ending — cleaning up          server.py:360
                             per-session resources                              
[08/26/26 19:00:42] INFO     Disabled tool 'lean_build' via        server.py:115
                             LEAN_MCP_DISABLED_TOOLS                            
                    INFO     Disabled tool 'lean_completions' via  server.py:115
                             LEAN_MCP_DISABLED_TOOLS                            
                    INFO     Disabled tool 'lean_declaration_file' server.py:115
                             via LEAN_MCP_DISABLED_TOOLS                        
                    INFO     Disabled tool                         server.py:115
                             'lean_diagnostic_messages' via                     
                             LEAN_MCP_DISABLED_TOOLS                            
                    INFO     Disabled tool 'lean_file_outline' via server.py:115
                             LEAN_MCP_DISABLED_TOOLS                            
                    INFO     Disabled tool                         server.py:115
                             'lean_get_widget_source' via                       
                             LEAN_MCP_DISABLED_TOOLS                            
                    INFO     Disabled tool 'lean_get_widgets' via  server.py:115
                             LEAN_MCP_DISABLED_TOOLS                            
                    INFO     Disabled tool 'lean_goal' via         server.py:115
                             LEAN_MCP_DISABLED_TOOLS                            
                    INFO     Disabled tool 'lean_hover_info' via   server.py:115
                             LEAN_MCP_DISABLED_TOOLS                            
                    INFO     Disabled tool 'lean_references' via   server.py:115
                             LEAN_MCP_DISABLED_TOOLS                            
                    INFO     Disabled tool 'lean_term_goal' via    server.py:115
                             LEAN_MCP_DISABLED_TOOLS                            
                    INFO     REPL enabled, using:                  server.py:322
                             /home/amirnabiyev/Conjecture_Prover/.              
                             lake/packages/repl/.lake/build/bin/re              
                             pl                                                 
                    INFO     REPL initialized: timeout=60s         server.py:325
[08/26/26 19:00:46] INFO     Disabled tool 'lean_build' via        server.py:115
                             LEAN_MCP_DISABLED_TOOLS                            
                    INFO     Disabled tool 'lean_completions' via  server.py:115
                             LEAN_MCP_DISABLED_TOOLS                            
                    INFO     Disabled tool 'lean_declaration_file' server.py:115
                             via LEAN_MCP_DISABLED_TOOLS                        
                    INFO     Disabled tool                         server.py:115
                             'lean_diagnostic_messages' via                     
                             LEAN_MCP_DISABLED_TOOLS                            
                    INFO     Disabled tool 'lean_file_outline' via server.py:115
                             LEAN_MCP_DISABLED_TOOLS                            
                    INFO     Disabled tool                         server.py:115
                             'lean_get_widget_source' via                       
                             LEAN_MCP_DISABLED_TOOLS                            
                    INFO     Disabled tool 'lean_get_widgets' via  server.py:115
                             LEAN_MCP_DISABLED_TOOLS                            
                    INFO     Disabled tool 'lean_goal' via         server.py:115
                             LEAN_MCP_DISABLED_TOOLS                            
                    INFO     Disabled tool 'lean_hover_info' via   server.py:115
                             LEAN_MCP_DISABLED_TOOLS                            
                    INFO     Disabled tool 'lean_references' via   server.py:115
                             LEAN_MCP_DISABLED_TOOLS                            
                    INFO     Disabled tool 'lean_term_goal' via    server.py:115
                             LEAN_MCP_DISABLED_TOOLS                            
                    INFO     REPL enabled, using:                  server.py:322
                             /home/amirnabiyev/Conjecture_Prover/.              
                             lake/packages/repl/.lake/build/bin/re              
                             pl                                                 
                    INFO     REPL initialized: timeout=60s         server.py:325
[08/26/26 19:00:47] INFO     Disabled tool 'lean_build' via        server.py:115
                             LEAN_MCP_DISABLED_TOOLS                            
                    INFO     Disabled tool 'lean_completions' via  server.py:115
                             LEAN_MCP_DISABLED_TOOLS                            
                    INFO     Disabled tool 'lean_declaration_file' server.py:115
                             via LEAN_MCP_DISABLED_TOOLS                        
                    INFO     Disabled tool                         server.py:115
                             'lean_diagnostic_messages' via                     
                             LEAN_MCP_DISABLED_TOOLS                            
                    INFO     Disabled tool 'lean_file_outline' via server.py:115
                             LEAN_MCP_DISABLED_TOOLS                            
                    INFO     Disabled tool                         server.py:115
                             'lean_get_widget_source' via                       
                             LEAN_MCP_DISABLED_TOOLS                            
                    INFO     Disabled tool 'lean_get_widgets' via  server.py:115
                             LEAN_MCP_DISABLED_TOOLS                            
                    INFO     Disabled tool 'lean_goal' via         server.py:115
                             LEAN_MCP_DISABLED_TOOLS                            
                    INFO     Disabled tool 'lean_hover_info' via   server.py:115
                             LEAN_MCP_DISABLED_TOOLS                            
                    INFO     Disabled tool 'lean_references' via   server.py:115
                             LEAN_MCP_DISABLED_TOOLS                            
                    INFO     Disabled tool 'lean_term_goal' via    server.py:115
                             LEAN_MCP_DISABLED_TOOLS                            
                    INFO     REPL enabled, using:                  server.py:322
                             /home/amirnabiyev/Conjecture_Prover/.              
                             lake/packages/repl/.lake/build/bin/re              
                             pl                                                 
                    INFO     REPL initialized: timeout=60s         server.py:325
[08/26/26 19:00:48] INFO     Disabled tool 'lean_build' via        server.py:115
                             LEAN_MCP_DISABLED_TOOLS                            
                    INFO     Disabled tool 'lean_completions' via  server.py:115
                             LEAN_MCP_DISABLED_TOOLS                            
                    INFO     Disabled tool 'lean_declaration_file' server.py:115
                             via LEAN_MCP_DISABLED_TOOLS                        
                    INFO     Disabled tool                         server.py:115
                             'lean_diagnostic_messages' via                     
                             LEAN_MCP_DISABLED_TOOLS                            
                    INFO     Disabled tool 'lean_file_outline' via server.py:115
                             LEAN_MCP_DISABLED_TOOLS                            
                    INFO     Disabled tool                         server.py:115
                             'lean_get_widget_source' via                       
                             LEAN_MCP_DISABLED_TOOLS                            
                    INFO     Disabled tool 'lean_get_widgets' via  server.py:115
                             LEAN_MCP_DISABLED_TOOLS                            
                    INFO     Disabled tool 'lean_goal' via         server.py:115
                             LEAN_MCP_DISABLED_TOOLS                            
                    INFO     Disabled tool 'lean_hover_info' via   server.py:115
                             LEAN_MCP_DISABLED_TOOLS                            
                    INFO     Disabled tool 'lean_references' via   server.py:115
                             LEAN_MCP_DISABLED_TOOLS                            
                    INFO     Disabled tool 'lean_term_goal' via    server.py:115
                             LEAN_MCP_DISABLED_TOOLS                            
                    INFO     REPL enabled, using:                  server.py:322
                             /home/amirnabiyev/Conjecture_Prover/.              
                             lake/packages/repl/.lake/build/bin/re              
                             pl                                                 
                    INFO     REPL initialized: timeout=60s         server.py:325
[08/26/26 19:00:48] INFO     Session ending — cleaning up          server.py:360
                             per-session resources                              
[08/26/26 19:00:50] INFO     Disabled tool 'lean_build' via        server.py:115
                             LEAN_MCP_DISABLED_TOOLS                            
                    INFO     Disabled tool 'lean_completions' via  server.py:115
                             LEAN_MCP_DISABLED_TOOLS                            
                    INFO     Disabled tool 'lean_declaration_file' server.py:115
                             via LEAN_MCP_DISABLED_TOOLS                        
                    INFO     Disabled tool                         server.py:115
                             'lean_diagnostic_messages' via                     
                             LEAN_MCP_DISABLED_TOOLS                            
                    INFO     Disabled tool 'lean_file_outline' via server.py:115
                             LEAN_MCP_DISABLED_TOOLS                            
                    INFO     Disabled tool                         server.py:115
                             'lean_get_widget_source' via                       
                             LEAN_MCP_DISABLED_TOOLS                            
                    INFO     Disabled tool 'lean_get_widgets' via  server.py:115
                             LEAN_MCP_DISABLED_TOOLS                            
                    INFO     Disabled tool 'lean_goal' via         server.py:115
                             LEAN_MCP_DISABLED_TOOLS                            
                    INFO     Disabled tool 'lean_hover_info' via   server.py:115
                             LEAN_MCP_DISABLED_TOOLS                            
                    INFO     Disabled tool 'lean_references' via   server.py:115
                             LEAN_MCP_DISABLED_TOOLS                            
                    INFO     Disabled tool 'lean_term_goal' via    server.py:115
                             LEAN_MCP_DISABLED_TOOLS                            
                    INFO     REPL enabled, using:                  server.py:322
                             /home/amirnabiyev/Conjecture_Prover/.              
                             lake/packages/repl/.lake/build/bin/re              
                             pl                                                 
                    INFO     REPL initialized: timeout=60s         server.py:325
                    INFO     Session ending — cleaning up          server.py:360
                             per-session resources                              
[08/26/26 19:00:54] INFO     Disabled tool 'lean_build' via        server.py:115
                             LEAN_MCP_DISABLED_TOOLS                            
                    INFO     Disabled tool 'lean_completions' via  server.py:115
                             LEAN_MCP_DISABLED_TOOLS                            
                    INFO     Disabled tool 'lean_declaration_file' server.py:115
                             via LEAN_MCP_DISABLED_TOOLS                        
                    INFO     Disabled tool                         server.py:115
                             'lean_diagnostic_messages' via                     
                             LEAN_MCP_DISABLED_TOOLS                            
                    INFO     Disabled tool 'lean_file_outline' via server.py:115
                             LEAN_MCP_DISABLED_TOOLS                            
                    INFO     Disabled tool                         server.py:115
                             'lean_get_widget_source' via                       
                             LEAN_MCP_DISABLED_TOOLS                            
                    INFO     Disabled tool 'lean_get_widgets' via  server.py:115
                             LEAN_MCP_DISABLED_TOOLS                            
                    INFO     Disabled tool 'lean_goal' via         server.py:115
                             LEAN_MCP_DISABLED_TOOLS                            
                    INFO     Disabled tool 'lean_hover_info' via   server.py:115
                             LEAN_MCP_DISABLED_TOOLS                            
                    INFO     Disabled tool 'lean_references' via   server.py:115
                             LEAN_MCP_DISABLED_TOOLS                            
                    INFO     Disabled tool 'lean_term_goal' via    server.py:115
                             LEAN_MCP_DISABLED_TOOLS                            
                    INFO     REPL enabled, using:                  server.py:322
                             /home/amirnabiyev/Conjecture_Prover/.              
                             lake/packages/repl/.lake/build/bin/re              
                             pl                                                 
                    INFO     REPL initialized: timeout=60s         server.py:325
[08/26/26 19:00:55] INFO     Session ending — cleaning up          server.py:360
                             per-session resources                              
[08/26/26 19:00:56] INFO     Disabled tool 'lean_build' via        server.py:115
                             LEAN_MCP_DISABLED_TOOLS                            
                    INFO     Disabled tool 'lean_completions' via  server.py:115
                             LEAN_MCP_DISABLED_TOOLS                            
                    INFO     Disabled tool 'lean_declaration_file' server.py:115
                             via LEAN_MCP_DISABLED_TOOLS                        
                    INFO     Disabled tool                         server.py:115
                             'lean_diagnostic_messages' via                     
                             LEAN_MCP_DISABLED_TOOLS                            
                    INFO     Disabled tool 'lean_file_outline' via server.py:115
                             LEAN_MCP_DISABLED_TOOLS                            
                    INFO     Disabled tool                         server.py:115
                             'lean_get_widget_source' via                       
                             LEAN_MCP_DISABLED_TOOLS                            
                    INFO     Disabled tool 'lean_get_widgets' via  server.py:115
                             LEAN_MCP_DISABLED_TOOLS                            
                    INFO     Disabled tool 'lean_goal' via         server.py:115
                             LEAN_MCP_DISABLED_TOOLS                            
                    INFO     Disabled tool 'lean_hover_info' via   server.py:115
                             LEAN_MCP_DISABLED_TOOLS                            
                    INFO     Disabled tool 'lean_references' via   server.py:115
                             LEAN_MCP_DISABLED_TOOLS                            
                    INFO     Disabled tool 'lean_term_goal' via    server.py:115
                             LEAN_MCP_DISABLED_TOOLS                            
                    INFO     REPL enabled, using:                  server.py:322
                             /home/amirnabiyev/Conjecture_Prover/.              
                             lake/packages/repl/.lake/build/bin/re              
                             pl                                                 
                    INFO     REPL initialized: timeout=60s         server.py:325
                    INFO     Session ending — cleaning up          server.py:360
                             per-session resources                              
[08/26/26 19:00:58] INFO     Disabled tool 'lean_build' via        server.py:115
                             LEAN_MCP_DISABLED_TOOLS                            
                    INFO     Disabled tool 'lean_completions' via  server.py:115
                             LEAN_MCP_DISABLED_TOOLS                            
                    INFO     Disabled tool 'lean_declaration_file' server.py:115
                             via LEAN_MCP_DISABLED_TOOLS                        
                    INFO     Disabled tool                         server.py:115
                             'lean_diagnostic_messages' via                     
                             LEAN_MCP_DISABLED_TOOLS                            
                    INFO     Disabled tool 'lean_file_outline' via server.py:115
                             LEAN_MCP_DISABLED_TOOLS                            
                    INFO     Disabled tool                         server.py:115
                             'lean_get_widget_source' via                       
                             LEAN_MCP_DISABLED_TOOLS                            
                    INFO     Disabled tool 'lean_get_widgets' via  server.py:115
                             LEAN_MCP_DISABLED_TOOLS                            
                    INFO     Disabled tool 'lean_goal' via         server.py:115
                             LEAN_MCP_DISABLED_TOOLS                            
                    INFO     Disabled tool 'lean_hover_info' via   server.py:115
                             LEAN_MCP_DISABLED_TOOLS                            
                    INFO     Disabled tool 'lean_references' via   server.py:115
                             LEAN_MCP_DISABLED_TOOLS                            
                    INFO     Disabled tool 'lean_term_goal' via    server.py:115
                             LEAN_MCP_DISABLED_TOOLS                            
                    INFO     REPL enabled, using:                  server.py:322
                             /home/amirnabiyev/Conjecture_Prover/.              
                             lake/packages/repl/.lake/build/bin/re              
                             pl                                                 
                    INFO     REPL initialized: timeout=60s         server.py:325
[08/26/26 19:00:59] INFO     Session ending — cleaning up          server.py:360
                             per-session resources                              
[08/26/26 19:01:02] INFO     Disabled tool 'lean_build' via        server.py:115
                             LEAN_MCP_DISABLED_TOOLS                            
                    INFO     Disabled tool 'lean_completions' via  server.py:115
                             LEAN_MCP_DISABLED_TOOLS                            
                    INFO     Disabled tool 'lean_declaration_file' server.py:115
                             via LEAN_MCP_DISABLED_TOOLS                        
                    INFO     Disabled tool                         server.py:115
                             'lean_diagnostic_messages' via                     
                             LEAN_MCP_DISABLED_TOOLS                            
                    INFO     Disabled tool 'lean_file_outline' via server.py:115
                             LEAN_MCP_DISABLED_TOOLS                            
                    INFO     Disabled tool                         server.py:115
                             'lean_get_widget_source' via                       
                             LEAN_MCP_DISABLED_TOOLS                            
                    INFO     Disabled tool 'lean_get_widgets' via  server.py:115
                             LEAN_MCP_DISABLED_TOOLS                            
                    INFO     Disabled tool 'lean_goal' via         server.py:115
                             LEAN_MCP_DISABLED_TOOLS                            
                    INFO     Disabled tool 'lean_hover_info' via   server.py:115
                             LEAN_MCP_DISABLED_TOOLS                            
                    INFO     Disabled tool 'lean_references' via   server.py:115
                             LEAN_MCP_DISABLED_TOOLS                            
                    INFO     Disabled tool 'lean_term_goal' via    server.py:115
                             LEAN_MCP_DISABLED_TOOLS                            
                    INFO     REPL enabled, using:                  server.py:322
                             /home/amirnabiyev/Conjecture_Prover/.              
                             lake/packages/repl/.lake/build/bin/re              
                             pl                                                 
                    INFO     REPL initialized: timeout=60s         server.py:325
[08/26/26 19:01:02] INFO     Session ending — cleaning up          server.py:360
                             per-session resources                              
[08/26/26 19:01:02] INFO     Session ending — cleaning up          server.py:360
                             per-session resources                              
[08/26/26 19:01:03] INFO     Session ending — cleaning up          server.py:360
                             per-session resources                              
[08/26/26 19:01:06] INFO     Session ending — cleaning up          server.py:360
                             per-session resources                              
[08/26/26 19:01:06] INFO     Session ending — cleaning up          server.py:360
                             per-session resources                              
[08/26/26 19:01:06] INFO     Disabled tool 'lean_build' via        server.py:115
                             LEAN_MCP_DISABLED_TOOLS                            
                    INFO     Disabled tool 'lean_completions' via  server.py:115
                             LEAN_MCP_DISABLED_TOOLS                            
                    INFO     Disabled tool 'lean_declaration_file' server.py:115
                             via LEAN_MCP_DISABLED_TOOLS                        
                    INFO     Disabled tool                         server.py:115
                             'lean_diagnostic_messages' via                     
                             LEAN_MCP_DISABLED_TOOLS                            
                    INFO     Disabled tool 'lean_file_outline' via server.py:115
                             LEAN_MCP_DISABLED_TOOLS                            
                    INFO     Disabled tool                         server.py:115
                             'lean_get_widget_source' via                       
                             LEAN_MCP_DISABLED_TOOLS                            
                    INFO     Disabled tool 'lean_get_widgets' via  server.py:115
                             LEAN_MCP_DISABLED_TOOLS                            
                    INFO     Disabled tool 'lean_goal' via         server.py:115
                             LEAN_MCP_DISABLED_TOOLS                            
                    INFO     Disabled tool 'lean_hover_info' via   server.py:115
                             LEAN_MCP_DISABLED_TOOLS                            
                    INFO     Disabled tool 'lean_references' via   server.py:115
                             LEAN_MCP_DISABLED_TOOLS                            
                    INFO     Disabled tool 'lean_term_goal' via    server.py:115
                             LEAN_MCP_DISABLED_TOOLS                            
                    INFO     REPL enabled, using:                  server.py:322
                             /home/amirnabiyev/Conjecture_Prover/.              
                             lake/packages/repl/.lake/build/bin/re              
                             pl                                                 
                    INFO     REPL initialized: timeout=60s         server.py:325
[08/26/26 19:01:06] INFO     Disabled tool 'lean_build' via        server.py:115
                             LEAN_MCP_DISABLED_TOOLS                            
                    INFO     Disabled tool 'lean_completions' via  server.py:115
                             LEAN_MCP_DISABLED_TOOLS                            
                    INFO     Disabled tool 'lean_declaration_file' server.py:115
                             via LEAN_MCP_DISABLED_TOOLS                        
                    INFO     Disabled tool                         server.py:115
                             'lean_diagnostic_messages' via                     
                             LEAN_MCP_DISABLED_TOOLS                            
                    INFO     Disabled tool 'lean_file_outline' via server.py:115
                             LEAN_MCP_DISABLED_TOOLS                            
                    INFO     Disabled tool                         server.py:115
                             'lean_get_widget_source' via                       
                             LEAN_MCP_DISABLED_TOOLS                            
                    INFO     Disabled tool 'lean_get_widgets' via  server.py:115
                             LEAN_MCP_DISABLED_TOOLS                            
                    INFO     Disabled tool 'lean_goal' via         server.py:115
                             LEAN_MCP_DISABLED_TOOLS                            
                    INFO     Disabled tool 'lean_hover_info' via   server.py:115
                             LEAN_MCP_DISABLED_TOOLS                            
                    INFO     Disabled tool 'lean_references' via   server.py:115
                             LEAN_MCP_DISABLED_TOOLS                            
                    INFO     Disabled tool 'lean_term_goal' via    server.py:115
                             LEAN_MCP_DISABLED_TOOLS                            
                    INFO     REPL enabled, using:                  server.py:322
                             /home/amirnabiyev/Conjecture_Prover/.              
                             lake/packages/repl/.lake/build/bin/re              
                             pl                                                 
                    INFO     REPL initialized: timeout=60s         server.py:325
[08/26/26 19:01:07] INFO     Session ending — cleaning up          server.py:360
                             per-session resources                              
[08/26/26 19:01:08] INFO     Disabled tool 'lean_build' via        server.py:115
                             LEAN_MCP_DISABLED_TOOLS                            
                    INFO     Disabled tool 'lean_completions' via  server.py:115
                             LEAN_MCP_DISABLED_TOOLS                            
                    INFO     Disabled tool 'lean_declaration_file' server.py:115
                             via LEAN_MCP_DISABLED_TOOLS                        
                    INFO     Disabled tool                         server.py:115
                             'lean_diagnostic_messages' via                     
                             LEAN_MCP_DISABLED_TOOLS                            
                    INFO     Disabled tool 'lean_file_outline' via server.py:115
                             LEAN_MCP_DISABLED_TOOLS                            
                    INFO     Disabled tool                         server.py:115
                             'lean_get_widget_source' via                       
                             LEAN_MCP_DISABLED_TOOLS                            
                    INFO     Disabled tool 'lean_get_widgets' via  server.py:115
                             LEAN_MCP_DISABLED_TOOLS                            
                    INFO     Disabled tool 'lean_goal' via         server.py:115
                             LEAN_MCP_DISABLED_TOOLS                            
                    INFO     Disabled tool 'lean_hover_info' via   server.py:115
                             LEAN_MCP_DISABLED_TOOLS                            
                    INFO     Disabled tool 'lean_references' via   server.py:115
                             LEAN_MCP_DISABLED_TOOLS                            
                    INFO     Disabled tool 'lean_term_goal' via    server.py:115
                             LEAN_MCP_DISABLED_TOOLS                            
                    INFO     REPL enabled, using:                  server.py:322
                             /home/amirnabiyev/Conjecture_Prover/.              
                             lake/packages/repl/.lake/build/bin/re              
                             pl                                                 
                    INFO     REPL initialized: timeout=60s         server.py:325
[08/26/26 19:01:09] INFO     Session ending — cleaning up          server.py:360
                             per-session resources                              
[08/26/26 19:01:10] INFO     Disabled tool 'lean_build' via        server.py:115
                             LEAN_MCP_DISABLED_TOOLS                            
                    INFO     Disabled tool 'lean_completions' via  server.py:115
                             LEAN_MCP_DISABLED_TOOLS                            
                    INFO     Disabled tool 'lean_declaration_file' server.py:115
                             via LEAN_MCP_DISABLED_TOOLS                        
                    INFO     Disabled tool                         server.py:115
                             'lean_diagnostic_messages' via                     
                             LEAN_MCP_DISABLED_TOOLS                            
                    INFO     Disabled tool 'lean_file_outline' via server.py:115
                             LEAN_MCP_DISABLED_TOOLS                            
                    INFO     Disabled tool                         server.py:115
                             'lean_get_widget_source' via                       
                             LEAN_MCP_DISABLED_TOOLS                            
                    INFO     Disabled tool 'lean_get_widgets' via  server.py:115
                             LEAN_MCP_DISABLED_TOOLS                            
                    INFO     Disabled tool 'lean_goal' via         server.py:115
                             LEAN_MCP_DISABLED_TOOLS                            
                    INFO     Disabled tool 'lean_hover_info' via   server.py:115
                             LEAN_MCP_DISABLED_TOOLS                            
                    INFO     Disabled tool 'lean_references' via   server.py:115
                             LEAN_MCP_DISABLED_TOOLS                            
                    INFO     Disabled tool 'lean_term_goal' via    server.py:115
                             LEAN_MCP_DISABLED_TOOLS                            
                    INFO     REPL enabled, using:                  server.py:322
                             /home/amirnabiyev/Conjecture_Prover/.              
                             lake/packages/repl/.lake/build/bin/re              
                             pl                                                 
                    INFO     REPL initialized: timeout=60s         server.py:325
                    INFO     Session ending — cleaning up          server.py:360
                             per-session resources                              
[08/26/26 19:01:11] INFO     Disabled tool 'lean_build' via        server.py:115
                             LEAN_MCP_DISABLED_TOOLS                            
[08/26/26 19:01:12] INFO     Disabled tool 'lean_completions' via  server.py:115
                             LEAN_MCP_DISABLED_TOOLS                            
                    INFO     Disabled tool 'lean_declaration_file' server.py:115
                             via LEAN_MCP_DISABLED_TOOLS                        
                    INFO     Disabled tool                         server.py:115
                             'lean_diagnostic_messages' via                     
                             LEAN_MCP_DISABLED_TOOLS                            
                    INFO     Disabled tool 'lean_file_outline' via server.py:115
                             LEAN_MCP_DISABLED_TOOLS                            
                    INFO     Disabled tool                         server.py:115
                             'lean_get_widget_source' via                       
                             LEAN_MCP_DISABLED_TOOLS                            
                    INFO     Disabled tool 'lean_get_widgets' via  server.py:115
                             LEAN_MCP_DISABLED_TOOLS                            
                    INFO     Disabled tool 'lean_goal' via         server.py:115
                             LEAN_MCP_DISABLED_TOOLS                            
                    INFO     Disabled tool 'lean_hover_info' via   server.py:115
                             LEAN_MCP_DISABLED_TOOLS                            
                    INFO     Disabled tool 'lean_references' via   server.py:115
                             LEAN_MCP_DISABLED_TOOLS                            
                    INFO     Disabled tool 'lean_term_goal' via    server.py:115
                             LEAN_MCP_DISABLED_TOOLS                            
                    INFO     REPL enabled, using:                  server.py:322
                             /home/amirnabiyev/Conjecture_Prover/.              
                             lake/packages/repl/.lake/build/bin/re              
                             pl                                                 
                    INFO     REPL initialized: timeout=60s         server.py:325
[08/26/26 19:01:12] INFO     Disabled tool 'lean_build' via        server.py:115
                             LEAN_MCP_DISABLED_TOOLS                            
                    INFO     Disabled tool 'lean_completions' via  server.py:115
                             LEAN_MCP_DISABLED_TOOLS                            
                    INFO     Disabled tool 'lean_declaration_file' server.py:115
                             via LEAN_MCP_DISABLED_TOOLS                        
                    INFO     Disabled tool                         server.py:115
                             'lean_diagnostic_messages' via                     
                             LEAN_MCP_DISABLED_TOOLS                            
                    INFO     Disabled tool 'lean_file_outline' via server.py:115
                             LEAN_MCP_DISABLED_TOOLS                            
                    INFO     Disabled tool                         server.py:115
                             'lean_get_widget_source' via                       
                             LEAN_MCP_DISABLED_TOOLS                            
                    INFO     Disabled tool 'lean_get_widgets' via  server.py:115
                             LEAN_MCP_DISABLED_TOOLS                            
                    INFO     Disabled tool 'lean_goal' via         server.py:115
                             LEAN_MCP_DISABLED_TOOLS                            
                    INFO     Disabled tool 'lean_hover_info' via   server.py:115
                             LEAN_MCP_DISABLED_TOOLS                            
                    INFO     Disabled tool 'lean_references' via   server.py:115
                             LEAN_MCP_DISABLED_TOOLS                            
                    INFO     Disabled tool 'lean_term_goal' via    server.py:115
                             LEAN_MCP_DISABLED_TOOLS                            
                    INFO     REPL enabled, using:                  server.py:322
                             /home/amirnabiyev/Conjecture_Prover/.              
                             lake/packages/repl/.lake/build/bin/re              
                             pl                                                 
                    INFO     REPL initialized: timeout=60s         server.py:325
                    INFO     Session ending — cleaning up          server.py:360
                             per-session resources                              
                    INFO     Session ending — cleaning up          server.py:360
                             per-session resources                              
[08/26/26 19:01:13] INFO     Session ending — cleaning up          server.py:360
                             per-session resources                              
[08/26/26 19:01:13] INFO     Disabled tool 'lean_build' via        server.py:115
                             LEAN_MCP_DISABLED_TOOLS                            
                    INFO     Disabled tool 'lean_completions' via  server.py:115
                             LEAN_MCP_DISABLED_TOOLS                            
                    INFO     Disabled tool 'lean_declaration_file' server.py:115
                             via LEAN_MCP_DISABLED_TOOLS                        
                    INFO     Disabled tool                         server.py:115
                             'lean_diagnostic_messages' via                     
                             LEAN_MCP_DISABLED_TOOLS                            
                    INFO     Disabled tool 'lean_file_outline' via server.py:115
                             LEAN_MCP_DISABLED_TOOLS                            
                    INFO     Disabled tool                         server.py:115
                             'lean_get_widget_source' via                       
                             LEAN_MCP_DISABLED_TOOLS                            
                    INFO     Disabled tool 'lean_get_widgets' via  server.py:115
                             LEAN_MCP_DISABLED_TOOLS                            
                    INFO     Disabled tool 'lean_goal' via         server.py:115
                             LEAN_MCP_DISABLED_TOOLS                            
                    INFO     Disabled tool 'lean_hover_info' via   server.py:115
                             LEAN_MCP_DISABLED_TOOLS                            
                    INFO     Disabled tool 'lean_references' via   server.py:115
                             LEAN_MCP_DISABLED_TOOLS                            
                    INFO     Disabled tool 'lean_term_goal' via    server.py:115
                             LEAN_MCP_DISABLED_TOOLS                            
                    INFO     REPL enabled, using:                  server.py:322
                             /home/amirnabiyev/Conjecture_Prover/.              
                             lake/packages/repl/.lake/build/bin/re              
                             pl                                                 
                    INFO     REPL initialized: timeout=60s         server.py:325
[08/26/26 19:01:15] INFO     Disabled tool 'lean_build' via        server.py:115
                             LEAN_MCP_DISABLED_TOOLS                            
                    INFO     Disabled tool 'lean_completions' via  server.py:115
                             LEAN_MCP_DISABLED_TOOLS                            
                    INFO     Disabled tool 'lean_declaration_file' server.py:115
                             via LEAN_MCP_DISABLED_TOOLS                        
                    INFO     Disabled tool                         server.py:115
                             'lean_diagnostic_messages' via                     
                             LEAN_MCP_DISABLED_TOOLS                            
                    INFO     Disabled tool 'lean_file_outline' via server.py:115
                             LEAN_MCP_DISABLED_TOOLS                            
                    INFO     Disabled tool                         server.py:115
                             'lean_get_widget_source' via                       
                             LEAN_MCP_DISABLED_TOOLS                            
                    INFO     Disabled tool 'lean_get_widgets' via  server.py:115
                             LEAN_MCP_DISABLED_TOOLS                            
                    INFO     Disabled tool 'lean_goal' via         server.py:115
                             LEAN_MCP_DISABLED_TOOLS                            
                    INFO     Disabled tool 'lean_hover_info' via   server.py:115
                             LEAN_MCP_DISABLED_TOOLS                            
                    INFO     Disabled tool 'lean_references' via   server.py:115
                             LEAN_MCP_DISABLED_TOOLS                            
                    INFO     Disabled tool 'lean_term_goal' via    server.py:115
                             LEAN_MCP_DISABLED_TOOLS                            
                    INFO     REPL enabled, using:                  server.py:322
                             /home/amirnabiyev/Conjecture_Prover/.              
                             lake/packages/repl/.lake/build/bin/re              
                             pl                                                 
                    INFO     REPL initialized: timeout=60s         server.py:325
[08/26/26 19:01:15] INFO     Disabled tool 'lean_build' via        server.py:115
                             LEAN_MCP_DISABLED_TOOLS                            
                    INFO     Disabled tool 'lean_completions' via  server.py:115
                             LEAN_MCP_DISABLED_TOOLS                            
                    INFO     Disabled tool 'lean_declaration_file' server.py:115
                             via LEAN_MCP_DISABLED_TOOLS                        
                    INFO     Disabled tool                         server.py:115
                             'lean_diagnostic_messages' via                     
                             LEAN_MCP_DISABLED_TOOLS                            
                    INFO     Disabled tool 'lean_file_outline' via server.py:115
                             LEAN_MCP_DISABLED_TOOLS                            
                    INFO     Disabled tool                         server.py:115
                             'lean_get_widget_source' via                       
                             LEAN_MCP_DISABLED_TOOLS                            
                    INFO     Disabled tool 'lean_get_widgets' via  server.py:115
                             LEAN_MCP_DISABLED_TOOLS                            
                    INFO     Disabled tool 'lean_goal' via         server.py:115
                             LEAN_MCP_DISABLED_TOOLS                            
                    INFO     Disabled tool 'lean_hover_info' via   server.py:115
                             LEAN_MCP_DISABLED_TOOLS                            
                    INFO     Disabled tool 'lean_references' via   server.py:115
                             LEAN_MCP_DISABLED_TOOLS                            
                    INFO     Disabled tool 'lean_term_goal' via    server.py:115
                             LEAN_MCP_DISABLED_TOOLS                            
                    INFO     REPL enabled, using:                  server.py:322
                             /home/amirnabiyev/Conjecture_Prover/.              
                             lake/packages/repl/.lake/build/bin/re              
                             pl                                                 
                    INFO     REPL initialized: timeout=60s         server.py:325
                    INFO     Session ending — cleaning up          server.py:360
                             per-session resources                              
                    INFO     Session ending — cleaning up          server.py:360
                             per-session resources                              

      ... (1969 total chars)
   🚦 Routing: blueprint_gen → rebuild_blueprint (first pass)

🔄 REBUILD BLUEPRINT: Refreshing blueprint state from JSON...
   📊 12 lemmas, 0 proved
   📊 Blueprint: 12 nodes, root='putnam_1972_a6'
   🚦 Routing: rebuild_blueprint → theorem_proving
   ⏭️  Skipping 'putnam1972a6_poly': declaration has no `sorry_using` placeholder
   ⏭️  Skipping 'putnam1972a6_bound': declaration has no `sorry_using` placeholder
   🚀 theorem_proving: dispatching 10 parallel agent(s) (skipped 2 without sorry_using)
      → putnam1972a6_integral_shifted
      → putnam1972a6_one_le_abs
      → putnam1972a6_l1_shifted_power
      → putnam1972a6_integral_abs_lt
      → putnam1972a6_bound_mul_l1
      → putnam1972a6_not_ae_small
      → putnam1972a6_pos_measure_set
      → putnam1972a6_to_nat
      → putnam1972a6_bound_of_int
      → putnam_1972_a6

============================================================
🔍 PROVE LEMMA: putnam1972a6_integral_shifted  (max 20 turns)
============================================================


============================================================
🔍 PROVE LEMMA: putnam1972a6_one_le_abs  (max 20 turns)
============================================================


============================================================
🔍 PROVE LEMMA: putnam1972a6_l1_shifted_power  (max 20 turns)
============================================================


============================================================
🔍 PROVE LEMMA: putnam1972a6_integral_abs_lt  (max 20 turns)
============================================================


============================================================
🔍 PROVE LEMMA: putnam1972a6_bound_mul_l1  (max 20 turns)
============================================================


============================================================
🔍 PROVE LEMMA: putnam1972a6_not_ae_small  (max 20 turns)
============================================================


============================================================
🔍 PROVE LEMMA: putnam1972a6_pos_measure_set  (max 20 turns)
============================================================


============================================================
🔍 PROVE LEMMA: putnam1972a6_to_nat  (max 20 turns)
============================================================


============================================================
🔍 PROVE LEMMA: putnam1972a6_bound_of_int  (max 20 turns)
============================================================


============================================================
🔍 PROVE LEMMA: putnam_1972_a6  (max 20 turns)
============================================================

   🔌 MCP client ready for lemma 'putnam1972a6_bound_of_int' (proof-only mode)
   🔌 MCP client ready for lemma 'putnam1972a6_to_nat' (proof-only mode)
   🔌 MCP client ready for lemma 'putnam1972a6_integral_shifted' (proof-only mode)
   🔌 MCP client ready for lemma 'putnam1972a6_pos_measure_set' (proof-only mode)
   🔌 MCP client ready for lemma 'putnam_1972_a6' (proof-only mode)
   🔌 MCP client ready for lemma 'putnam1972a6_one_le_abs' (proof-only mode)
   🔌 MCP client ready for lemma 'putnam1972a6_l1_shifted_power' (proof-only mode)
   🔌 MCP client ready for lemma 'putnam1972a6_not_ae_small' (proof-only mode)
   🔌 MCP client ready for lemma 'putnam1972a6_bound_mul_l1' (proof-only mode)
   🔌 MCP client ready for lemma 'putnam1972a6_integral_abs_lt' (proof-only mode)
   🛠️  PL-putnam1972a6_bound_mul_l1 AI made 2 tool call(s):
 → lean_local_search
 → search_mathlib_docs_multi
   🛠️  PL-putnam1972a6_one_le_abs AI made 2 tool call(s):
 → lean_local_search
 → lean_local_search
   🛠️  PL-putnam1972a6_integral_shifted AI made 2 tool call(s):
 → lean_local_search
 → lean_leansearch
   🛠️  PL-putnam1972a6_pos_measure_set AI made 2 tool call(s):
 → lean_run_code
 → lean_local_search
   🛠️  PL-putnam_1972_a6 AI made 3 tool call(s):
 → lean_local_search
 → lean_local_search
 → lean_local_search
   🛠️  PL-putnam1972a6_integral_abs_lt AI made 2 tool call(s):
 → lean_local_search
 → lean_local_search
   🛠️  PL-putnam1972a6_not_ae_small AI made 2 tool call(s):
 → lean_local_search
 → lean_leansearch
   🛠️  PL-putnam1972a6_bound_mul_l1 AI made 1 tool call(s):
 → lean_run_code
   🛠️  PL-putnam1972a6_l1_shifted_power AI made 2 tool call(s):
 → lean_local_search
 → lean_local_search
   🛠️  PL-putnam1972a6_one_le_abs AI made 2 tool call(s):
 → lean_local_search
 → lean_local_search
   🛠️  PL-putnam1972a6_bound_of_int AI made 2 tool call(s):
 → lean_local_search
 → search_mathlib_docs
   🛠️  PL-putnam1972a6_integral_shifted AI made 2 tool call(s):
 → lean_local_search
 → lean_run_code
   🛠️  PL-putnam1972a6_integral_abs_lt AI made 1 tool call(s):
 → lean_run_code
   🛠️  PL-putnam1972a6_l1_shifted_power AI made 1 tool call(s):
 → lean_run_code
   💬 PL-putnam1972a6_not_ae_small AI says: The declarations are in `ConjectureProver.lean`. Let me check the exact statements of the dependency lemmas.
   🛠️  PL-putnam1972a6_not_ae_small AI made 1 tool call(s):
 → lean_run_code
   🛠️  PL-putnam_1972_a6 AI made 1 tool call(s):
 → lean_run_code
   🛠️  PL-putnam1972a6_bound_of_int AI made 2 tool call(s):
 → lean_loogle
 → lean_loogle
   🛠️  PL-putnam1972a6_one_le_abs AI made 2 tool call(s):
 → lean_local_search
 → lean_local_search
   🛠️  PL-putnam1972a6_pos_measure_set AI made 2 tool call(s):
 → lean_local_search
 → lean_local_search
   🛠️  PL-putnam1972a6_one_le_abs AI made 2 tool call(s):
 → lean_local_search
 → lean_run_code
   💬 PL-putnam1972a6_bound_mul_l1 AI says: The definitions are clear. Let me test the proof directly:
   🛠️  PL-putnam1972a6_bound_mul_l1 AI made 1 tool call(s):
 → lean_run_code
   💬 PL-putnam1972a6_bound_of_int AI says: Let me inspect the actual definition of `putnam1972a6_bound` by importing the project file.
   🛠️  PL-putnam1972a6_bound_of_int AI made 1 tool call(s):
 → lean_run_code
   🛠️  PL-putnam1972a6_integral_abs_lt AI made 1 tool call(s):
 → search_mathlib_docs_multi
   🛠️  PL-putnam1972a6_pos_measure_set AI made 1 tool call(s):
 → lean_run_code
   🛠️  PL-putnam1972a6_to_nat AI made 1 tool call(s):
 → lean_run_code
   🛠️  PL-putnam_1972_a6 AI made 2 tool call(s):
 → lean_local_search
 → lean_local_search
   🛠️  PL-putnam1972a6_integral_abs_lt AI made 2 tool call(s):
 → lean_loogle
 → lean_loogle
   💬 PL-putnam1972a6_not_ae_small AI says: I have all the exact statements. The proof plan: use `putnam1972a6_one_le_abs` to get `1 ≤ I`, `putnam1972a6_integral_abs_lt` + `putnam1972a6_bound_mul_l1` to get `I < 1`, then `linarith`. Let me test:
   🛠️  PL-putnam1972a6_not_ae_small AI made 1 tool call(s):
 → lean_run_code
   🛠️  PL-putnam_1972_a6 AI made 1 tool call(s):
 → lean_local_search
   🛠️  PL-putnam1972a6_bound_mul_l1 AI made 1 tool call(s):
 → lean_run_code
   🛠️  PL-putnam1972a6_integral_abs_lt AI made 2 tool call(s):
 → lean_loogle
 → lean_loogle
   💬 PL-putnam1972a6_l1_shifted_power AI says: The definition is `putnam1972a6_poly k x = (x - 1/2)^k`. Now I need to prove the integral identity. Let me find the right Mathlib lemmas.
   🛠️  PL-putnam1972a6_l1_shifted_power AI made 1 tool call(s):
 → search_mathlib_docs_multi
   🛠️  PL-putnam_1972_a6 AI made 2 tool call(s):
 → lean_local_search
 → lean_local_search
   🛠️  PL-putnam1972a6_l1_shifted_power AI made 4 tool call(s):
 → lean_loogle
 → lean_loogle
 → lean_loogle
 → lean_loogle
   💬 PL-putnam1972a6_bound_of_int AI says: The definition is `putnam1972a6_bound k := 2 ^ k * (↑k + 1)` (as ℝ). Now let me test the proof:
   🛠️  PL-putnam1972a6_bound_of_int AI made 1 tool call(s):
 → lean_run_code
   🛠️  PL-putnam1972a6_integral_abs_lt AI made 2 tool call(s):
 → lean_loogle
 → lean_loogle
   🛠️  PL-putnam1972a6_one_le_abs AI made 1 tool call(s):
 → lean_run_code[08/26/26 19:01:18] INFO     Session ending — cleaning up          server.py:360
                             per-session resources                              
[08/26/26 19:01:18] INFO     Disabled tool 'lean_build' via        server.py:115
                             LEAN_MCP_DISABLED_TOOLS                            
                    INFO     Disabled tool 'lean_completions' via  server.py:115
                             LEAN_MCP_DISABLED_TOOLS                            
                    INFO     Disabled tool 'lean_declaration_file' server.py:115
                             via LEAN_MCP_DISABLED_TOOLS                        
                    INFO     Disabled tool                         server.py:115
                             'lean_diagnostic_messages' via                     
                             LEAN_MCP_DISABLED_TOOLS                            
                    INFO     Disabled tool 'lean_file_outline' via server.py:115
                             LEAN_MCP_DISABLED_TOOLS                            
                    INFO     Disabled tool                         server.py:115
                             'lean_get_widget_source' via                       
                             LEAN_MCP_DISABLED_TOOLS                            
                    INFO     Disabled tool 'lean_get_widgets' via  server.py:115
                             LEAN_MCP_DISABLED_TOOLS                            
                    INFO     Disabled tool 'lean_goal' via         server.py:115
                             LEAN_MCP_DISABLED_TOOLS                            
                    INFO     Disabled tool 'lean_hover_info' via   server.py:115
                             LEAN_MCP_DISABLED_TOOLS                            
                    INFO     Disabled tool 'lean_references' via   server.py:115
                             LEAN_MCP_DISABLED_TOOLS                            
                    INFO     Disabled tool 'lean_term_goal' via    server.py:115
                             LEAN_MCP_DISABLED_TOOLS                            
                    INFO     REPL enabled, using:                  server.py:322
                             /home/amirnabiyev/Conjecture_Prover/.              
                             lake/packages/repl/.lake/build/bin/re              
                             pl                                                 
                    INFO     REPL initialized: timeout=60s         server.py:325
[08/26/26 19:01:19] INFO     Session ending — cleaning up          server.py:360
                             per-session resources                              
[08/26/26 19:01:19] INFO     Disabled tool 'lean_build' via        server.py:115
                             LEAN_MCP_DISABLED_TOOLS                            
                    INFO     Disabled tool 'lean_completions' via  server.py:115
                             LEAN_MCP_DISABLED_TOOLS                            
                    INFO     Disabled tool 'lean_declaration_file' server.py:115
                             via LEAN_MCP_DISABLED_TOOLS                        
                    INFO     Disabled tool                         server.py:115
                             'lean_diagnostic_messages' via                     
                             LEAN_MCP_DISABLED_TOOLS                            
                    INFO     Disabled tool 'lean_file_outline' via server.py:115
                             LEAN_MCP_DISABLED_TOOLS                            
                    INFO     Disabled tool                         server.py:115
                             'lean_get_widget_source' via                       
                             LEAN_MCP_DISABLED_TOOLS                            
                    INFO     Disabled tool 'lean_get_widgets' via  server.py:115
                             LEAN_MCP_DISABLED_TOOLS                            
                    INFO     Disabled tool 'lean_goal' via         server.py:115
                             LEAN_MCP_DISABLED_TOOLS                            
                    INFO     Disabled tool 'lean_hover_info' via   server.py:115
                             LEAN_MCP_DISABLED_TOOLS                            
                    INFO     Disabled tool 'lean_references' via   server.py:115
                             LEAN_MCP_DISABLED_TOOLS                            
                    INFO     Disabled tool 'lean_term_goal' via    server.py:115
                             LEAN_MCP_DISABLED_TOOLS                            
                    INFO     REPL enabled, using:                  server.py:322
                             /home/amirnabiyev/Conjecture_Prover/.              
                             lake/packages/repl/.lake/build/bin/re              
                             pl                                                 
                    INFO     REPL initialized: timeout=60s         server.py:325
[08/26/26 19:01:19] INFO     Disabled tool 'lean_build' via        server.py:115
                             LEAN_MCP_DISABLED_TOOLS                            
                    INFO     Disabled tool 'lean_completions' via  server.py:115
                             LEAN_MCP_DISABLED_TOOLS                            
                    INFO     Disabled tool 'lean_declaration_file' server.py:115
                             via LEAN_MCP_DISABLED_TOOLS                        
                    INFO     Disabled tool                         server.py:115
                             'lean_diagnostic_messages' via                     
                             LEAN_MCP_DISABLED_TOOLS                            
                    INFO     Session ending — cleaning up          server.py:360
                             per-session resources                              
                    INFO     Disabled tool 'lean_file_outline' via server.py:115
                             LEAN_MCP_DISABLED_TOOLS                            
                    INFO     Disabled tool                         server.py:115
                             'lean_get_widget_source' via                       
                             LEAN_MCP_DISABLED_TOOLS                            
                    INFO     Disabled tool 'lean_get_widgets' via  server.py:115
                             LEAN_MCP_DISABLED_TOOLS                            
                    INFO     Disabled tool 'lean_goal' via         server.py:115
                             LEAN_MCP_DISABLED_TOOLS                            
                    INFO     Disabled tool 'lean_hover_info' via   server.py:115
                             LEAN_MCP_DISABLED_TOOLS                            
                    INFO     Disabled tool 'lean_references' via   server.py:115
                             LEAN_MCP_DISABLED_TOOLS                            
                    INFO     Disabled tool 'lean_term_goal' via    server.py:115
                             LEAN_MCP_DISABLED_TOOLS                            
                    INFO     REPL enabled, using:                  server.py:322
                             /home/amirnabiyev/Conjecture_Prover/.              
                             lake/packages/repl/.lake/build/bin/re              
                             pl                                                 
                    INFO     REPL initialized: timeout=60s         server.py:325
[08/26/26 19:01:20] INFO     Disabled tool 'lean_build' via        server.py:115
                             LEAN_MCP_DISABLED_TOOLS                            
                    INFO     Disabled tool 'lean_completions' via  server.py:115
                             LEAN_MCP_DISABLED_TOOLS                            
                    INFO     Disabled tool 'lean_declaration_file' server.py:115
                             via LEAN_MCP_DISABLED_TOOLS                        
                    INFO     Disabled tool                         server.py:115
                             'lean_diagnostic_messages' via                     
                             LEAN_MCP_DISABLED_TOOLS                            
                    INFO     Disabled tool 'lean_file_outline' via server.py:115
                             LEAN_MCP_DISABLED_TOOLS                            
                    INFO     Disabled tool                         server.py:115
                             'lean_get_widget_source' via                       
                             LEAN_MCP_DISABLED_TOOLS                            
                    INFO     Disabled tool 'lean_get_widgets' via  server.py:115
                             LEAN_MCP_DISABLED_TOOLS                            
                    INFO     Disabled tool 'lean_goal' via         server.py:115
                             LEAN_MCP_DISABLED_TOOLS                            
                    INFO     Disabled tool 'lean_hover_info' via   server.py:115
                             LEAN_MCP_DISABLED_TOOLS                            
                    INFO     Disabled tool 'lean_references' via   server.py:115
                             LEAN_MCP_DISABLED_TOOLS                            
                    INFO     Disabled tool 'lean_term_goal' via    server.py:115
                             LEAN_MCP_DISABLED_TOOLS                            
                    INFO     REPL enabled, using:                  server.py:322
                             /home/amirnabiyev/Conjecture_Prover/.              
                             lake/packages/repl/.lake/build/bin/re              
                             pl                                                 
                    INFO     REPL initialized: timeout=60s         server.py:325
[08/26/26 19:01:20] INFO     Disabled tool 'lean_build' via        server.py:115
                             LEAN_MCP_DISABLED_TOOLS                            
                    INFO     Disabled tool 'lean_completions' via  server.py:115
                             LEAN_MCP_DISABLED_TOOLS                            
                    INFO     Disabled tool 'lean_declaration_file' server.py:115
                             via LEAN_MCP_DISABLED_TOOLS                        
                    INFO     Disabled tool                         server.py:115
                             'lean_diagnostic_messages' via                     
                             LEAN_MCP_DISABLED_TOOLS                            
                    INFO     Disabled tool 'lean_file_outline' via server.py:115
                             LEAN_MCP_DISABLED_TOOLS                            
                    INFO     Disabled tool                         server.py:115
                             'lean_get_widget_source' via                       
                             LEAN_MCP_DISABLED_TOOLS                            
                    INFO     Disabled tool 'lean_get_widgets' via  server.py:115
                             LEAN_MCP_DISABLED_TOOLS                            
                    INFO     Disabled tool 'lean_goal' via         server.py:115
                             LEAN_MCP_DISABLED_TOOLS                            
                    INFO     Disabled tool 'lean_hover_info' via   server.py:115
                             LEAN_MCP_DISABLED_TOOLS                            
                    INFO     Disabled tool 'lean_references' via   server.py:115
                             LEAN_MCP_DISABLED_TOOLS                            
                    INFO     Disabled tool 'lean_term_goal' via    server.py:115
                             LEAN_MCP_DISABLED_TOOLS                            
                    INFO     REPL enabled, using:                  server.py:322
                             /home/amirnabiyev/Conjecture_Prover/.              
                             lake/packages/repl/.lake/build/bin/re              
                             pl                                                 
                    INFO     REPL initialized: timeout=60s         server.py:325
[08/26/26 19:01:22] INFO     Disabled tool 'lean_build' via        server.py:115
                             LEAN_MCP_DISABLED_TOOLS                            
                    INFO     Disabled tool 'lean_completions' via  server.py:115
                             LEAN_MCP_DISABLED_TOOLS                            
                    INFO     Disabled tool 'lean_declaration_file' server.py:115
                             via LEAN_MCP_DISABLED_TOOLS                        
                    INFO     Disabled tool                         server.py:115
                             'lean_diagnostic_messages' via                     
                             LEAN_MCP_DISABLED_TOOLS                            
                    INFO     Disabled tool 'lean_file_outline' via server.py:115
                             LEAN_MCP_DISABLED_TOOLS                            
                    INFO     Disabled tool                         server.py:115
                             'lean_get_widget_source' via                       
                             LEAN_MCP_DISABLED_TOOLS                            
                    INFO     Disabled tool 'lean_get_widgets' via  server.py:115
                             LEAN_MCP_DISABLED_TOOLS                            
                    INFO     Disabled tool 'lean_goal' via         server.py:115
                             LEAN_MCP_DISABLED_TOOLS                            
                    INFO     Disabled tool 'lean_hover_info' via   server.py:115
                             LEAN_MCP_DISABLED_TOOLS                            
                    INFO     Disabled tool 'lean_references' via   server.py:115
                             LEAN_MCP_DISABLED_TOOLS                            
                    INFO     Disabled tool 'lean_term_goal' via    server.py:115
                             LEAN_MCP_DISABLED_TOOLS                            
                    INFO     REPL enabled, using:                  server.py:322
                             /home/amirnabiyev/Conjecture_Prover/.              
                             lake/packages/repl/.lake/build/bin/re              
                             pl                                                 
                    INFO     REPL initialized: timeout=60s         server.py:325
[08/26/26 19:01:23] INFO     Session ending — cleaning up          server.py:360
                             per-session resources                              
[08/26/26 19:01:23] INFO     Disabled tool 'lean_build' via        server.py:115
                             LEAN_MCP_DISABLED_TOOLS                            
                    INFO     Disabled tool 'lean_completions' via  server.py:115
                             LEAN_MCP_DISABLED_TOOLS                            
                    INFO     Disabled tool 'lean_declaration_file' server.py:115
                             via LEAN_MCP_DISABLED_TOOLS                        
                    INFO     Disabled tool                         server.py:115
                             'lean_diagnostic_messages' via                     
                             LEAN_MCP_DISABLED_TOOLS                            
                    INFO     Disabled tool 'lean_file_outline' via server.py:115
                             LEAN_MCP_DISABLED_TOOLS                            
                    INFO     Disabled tool                         server.py:115
                             'lean_get_widget_source' via                       
                             LEAN_MCP_DISABLED_TOOLS                            
                    INFO     Disabled tool 'lean_get_widgets' via  server.py:115
                             LEAN_MCP_DISABLED_TOOLS                            
                    INFO     Disabled tool 'lean_goal' via         server.py:115
                             LEAN_MCP_DISABLED_TOOLS                            
                    INFO     Disabled tool 'lean_hover_info' via   server.py:115
                             LEAN_MCP_DISABLED_TOOLS                            
                    INFO     Disabled tool 'lean_references' via   server.py:115
                             LEAN_MCP_DISABLED_TOOLS                            
                    INFO     Disabled tool 'lean_term_goal' via    server.py:115
                             LEAN_MCP_DISABLED_TOOLS                            
                    INFO     REPL enabled, using:                  server.py:322
                             /home/amirnabiyev/Conjecture_Prover/.              
                             lake/packages/repl/.lake/build/bin/re              
                             pl                                                 
                    INFO     REPL initialized: timeout=60s         server.py:325
[08/26/26 19:01:25] INFO     Session ending — cleaning up          server.py:360
                             per-session resources                              
[08/26/26 19:01:28] INFO     Disabled tool 'lean_build' via        server.py:115
                             LEAN_MCP_DISABLED_TOOLS                            
                    INFO     Disabled tool 'lean_completions' via  server.py:115
                             LEAN_MCP_DISABLED_TOOLS                            
                    INFO     Disabled tool 'lean_declaration_file' server.py:115
                             via LEAN_MCP_DISABLED_TOOLS                        
                    INFO     Disabled tool                         server.py:115
                             'lean_diagnostic_messages' via                     
                             LEAN_MCP_DISABLED_TOOLS                            
                    INFO     Disabled tool 'lean_file_outline' via server.py:115
                             LEAN_MCP_DISABLED_TOOLS                            
                    INFO     Disabled tool                         server.py:115
                             'lean_get_widget_source' via                       
                             LEAN_MCP_DISABLED_TOOLS                            
                    INFO     Disabled tool 'lean_get_widgets' via  server.py:115
                             LEAN_MCP_DISABLED_TOOLS                            
                    INFO     Disabled tool 'lean_goal' via         server.py:115
                             LEAN_MCP_DISABLED_TOOLS                            
                    INFO     Disabled tool 'lean_hover_info' via   server.py:115
                             LEAN_MCP_DISABLED_TOOLS                            
                    INFO     Disabled tool 'lean_references' via   server.py:115
                             LEAN_MCP_DISABLED_TOOLS                            
                    INFO     Disabled tool 'lean_term_goal' via    server.py:115
                             LEAN_MCP_DISABLED_TOOLS                            
                    INFO     REPL enabled, using:                  server.py:322
                             /home/amirnabiyev/Conjecture_Prover/.              
                             lake/packages/repl/.lake/build/bin/re              
                             pl                                                 
                    INFO     REPL initialized: timeout=60s         server.py:325
[08/26/26 19:01:29] INFO     Session ending — cleaning up          server.py:360
                             per-session resources                              
[08/26/26 19:01:32] INFO     Disabled tool 'lean_build' via        server.py:115
                             LEAN_MCP_DISABLED_TOOLS                            
                    INFO     Disabled tool 'lean_completions' via  server.py:115
                             LEAN_MCP_DISABLED_TOOLS                            
                    INFO     Disabled tool 'lean_declaration_file' server.py:115
                             via LEAN_MCP_DISABLED_TOOLS                        
                    INFO     Disabled tool                         server.py:115
                             'lean_diagnostic_messages' via                     
                             LEAN_MCP_DISABLED_TOOLS                            
                    INFO     Disabled tool 'lean_file_outline' via server.py:115
                             LEAN_MCP_DISABLED_TOOLS                            
                    INFO     Disabled tool                         server.py:115
                             'lean_get_widget_source' via                       
                             LEAN_MCP_DISABLED_TOOLS                            
                    INFO     Disabled tool 'lean_get_widgets' via  server.py:115
                             LEAN_MCP_DISABLED_TOOLS                            
                    INFO     Disabled tool 'lean_goal' via         server.py:115
                             LEAN_MCP_DISABLED_TOOLS                            
                    INFO     Disabled tool 'lean_hover_info' via   server.py:115
                             LEAN_MCP_DISABLED_TOOLS                            
                    INFO     Disabled tool 'lean_references' via   server.py:115
                             LEAN_MCP_DISABLED_TOOLS                            
                    INFO     Disabled tool 'lean_term_goal' via    server.py:115
                             LEAN_MCP_DISABLED_TOOLS                            
                    INFO     REPL enabled, using:                  server.py:322
                             /home/amirnabiyev/Conjecture_Prover/.              
                             lake/packages/repl/.lake/build/bin/re              
                             pl                                                 
                    INFO     REPL initialized: timeout=60s         server.py:325
[08/26/26 19:01:32] INFO     Session ending — cleaning up          server.py:360
                             per-session resources                              
[08/26/26 19:01:33] INFO     Disabled tool 'lean_build' via        server.py:115
                             LEAN_MCP_DISABLED_TOOLS                            
                    INFO     Disabled tool 'lean_completions' via  server.py:115
                             LEAN_MCP_DISABLED_TOOLS                            
                    INFO     Disabled tool 'lean_declaration_file' server.py:115
                             via LEAN_MCP_DISABLED_TOOLS                        
                    INFO     Disabled tool                         server.py:115
                             'lean_diagnostic_messages' via                     
                             LEAN_MCP_DISABLED_TOOLS                            
                    INFO     Disabled tool 'lean_file_outline' via server.py:115
                             LEAN_MCP_DISABLED_TOOLS                            
                    INFO     Disabled tool                         server.py:115
                             'lean_get_widget_source' via                       
                             LEAN_MCP_DISABLED_TOOLS                            
                    INFO     Disabled tool 'lean_get_widgets' via  server.py:115
                             LEAN_MCP_DISABLED_TOOLS                            
                    INFO     Disabled tool 'lean_goal' via         server.py:115
                             LEAN_MCP_DISABLED_TOOLS                            
                    INFO     Disabled tool 'lean_hover_info' via   server.py:115
                             LEAN_MCP_DISABLED_TOOLS                            
                    INFO     Disabled tool 'lean_references' via   server.py:115
                             LEAN_MCP_DISABLED_TOOLS                            
                    INFO     Disabled tool 'lean_term_goal' via    server.py:115
                             LEAN_MCP_DISABLED_TOOLS                            
                    INFO     REPL enabled, using:                  server.py:322
                             /home/amirnabiyev/Conjecture_Prover/.              
                             lake/packages/repl/.lake/build/bin/re              
                             pl                                                 
                    INFO     REPL initialized: timeout=60s         server.py:325
                    INFO     Session ending — cleaning up          server.py:360
                             per-session resources                              
[08/26/26 19:01:34] INFO     Session ending — cleaning up          server.py:360
                             per-session resources                              
[08/26/26 19:01:34] INFO     Session ending — cleaning up          server.py:360
                             per-session resources                              
[08/26/26 19:01:36] INFO     Session ending — cleaning up          server.py:360
                             per-session resources                              
[08/26/26 19:01:37] INFO     Disabled tool 'lean_build' via        server.py:115
                             LEAN_MCP_DISABLED_TOOLS                            
                    INFO     Disabled tool 'lean_completions' via  server.py:115
                             LEAN_MCP_DISABLED_TOOLS                            
                    INFO     Disabled tool 'lean_declaration_file' server.py:115
                             via LEAN_MCP_DISABLED_TOOLS                        
                    INFO     Disabled tool                         server.py:115
                             'lean_diagnostic_messages' via                     
                             LEAN_MCP_DISABLED_TOOLS                            
                    INFO     Disabled tool 'lean_file_outline' via server.py:115
                             LEAN_MCP_DISABLED_TOOLS                            
                    INFO     Disabled tool                         server.py:115
                             'lean_get_widget_source' via                       
                             LEAN_MCP_DISABLED_TOOLS                            
                    INFO     Disabled tool 'lean_get_widgets' via  server.py:115
                             LEAN_MCP_DISABLED_TOOLS                            
                    INFO     Disabled tool 'lean_goal' via         server.py:115
                             LEAN_MCP_DISABLED_TOOLS                            
                    INFO     Disabled tool 'lean_hover_info' via   server.py:115
                             LEAN_MCP_DISABLED_TOOLS                            
                    INFO     Disabled tool 'lean_references' via   server.py:115
                             LEAN_MCP_DISABLED_TOOLS                            
                    INFO     Disabled tool 'lean_term_goal' via    server.py:115
                             LEAN_MCP_DISABLED_TOOLS                            
                    INFO     REPL enabled, using:                  server.py:322
                             /home/amirnabiyev/Conjecture_Prover/.              
                             lake/packages/repl/.lake/build/bin/re              
                             pl                                                 
                    INFO     REPL initialized: timeout=60s         server.py:325
[08/26/26 19:01:38] INFO     Session ending — cleaning up          server.py:360
                             per-session resources                              
[08/26/26 19:01:40] INFO     Session ending — cleaning up          server.py:360
                             per-session resources                              
[08/26/26 19:01:42] INFO     Disabled tool 'lean_build' via        server.py:115
                             LEAN_MCP_DISABLED_TOOLS                            
                    INFO     Disabled tool 'lean_completions' via  server.py:115
                             LEAN_MCP_DISABLED_TOOLS                            
                    INFO     Disabled tool 'lean_declaration_file' server.py:115
                             via LEAN_MCP_DISABLED_TOOLS                        
                    INFO     Disabled tool                         server.py:115
                             'lean_diagnostic_messages' via                     
                             LEAN_MCP_DISABLED_TOOLS                            
                    INFO     Disabled tool 'lean_file_outline' via server.py:115
                             LEAN_MCP_DISABLED_TOOLS                            
                    INFO     Disabled tool                         server.py:115
                             'lean_get_widget_source' via                       
                             LEAN_MCP_DISABLED_TOOLS                            
                    INFO     Disabled tool 'lean_get_widgets' via  server.py:115
                             LEAN_MCP_DISABLED_TOOLS                            
                    INFO     Disabled tool 'lean_goal' via         server.py:115
                             LEAN_MCP_DISABLED_TOOLS                            
                    INFO     Disabled tool 'lean_hover_info' via   server.py:115
                             LEAN_MCP_DISABLED_TOOLS                            
                    INFO     Disabled tool 'lean_references' via   server.py:115
                             LEAN_MCP_DISABLED_TOOLS                            
                    INFO     Disabled tool 'lean_term_goal' via    server.py:115
                             LEAN_MCP_DISABLED_TOOLS                            
                    INFO     REPL enabled, using:                  server.py:322
                             /home/amirnabiyev/Conjecture_Prover/.              
                             lake/packages/repl/.lake/build/bin/re              
                             pl                                                 
                    INFO     REPL initialized: timeout=60s         server.py:325
[08/26/26 19:01:43] INFO     Disabled tool 'lean_build' via        server.py:115
                             LEAN_MCP_DISABLED_TOOLS                            
                    INFO     Disabled tool 'lean_completions' via  server.py:115
                             LEAN_MCP_DISABLED_TOOLS                            
                    INFO     Disabled tool 'lean_declaration_file' server.py:115
                             via LEAN_MCP_DISABLED_TOOLS                        
                    INFO     Disabled tool                         server.py:115
                             'lean_diagnostic_messages' via                     
                             LEAN_MCP_DISABLED_TOOLS                            
                    INFO     Disabled tool 'lean_file_outline' via server.py:115
                             LEAN_MCP_DISABLED_TOOLS                            
                    INFO     Disabled tool                         server.py:115
                             'lean_get_widget_source' via                       
                             LEAN_MCP_DISABLED_TOOLS                            
                    INFO     Disabled tool 'lean_get_widgets' via  server.py:115
                             LEAN_MCP_DISABLED_TOOLS                            
                    INFO     Disabled tool 'lean_goal' via         server.py:115
                             LEAN_MCP_DISABLED_TOOLS                            
                    INFO     Disabled tool 'lean_hover_info' via   server.py:115
                             LEAN_MCP_DISABLED_TOOLS                            
                    INFO     Disabled tool 'lean_references' via   server.py:115
                             LEAN_MCP_DISABLED_TOOLS                            
                    INFO     Disabled tool 'lean_term_goal' via    server.py:115
                             LEAN_MCP_DISABLED_TOOLS                            
                    INFO     REPL enabled, using:                  server.py:322
                             /home/amirnabiyev/Conjecture_Prover/.              
                             lake/packages/repl/.lake/build/bin/re              
                             pl                                                 
                    INFO     REPL initialized: timeout=60s         server.py:325
[08/26/26 19:01:48] INFO     Session ending — cleaning up          server.py:360
                             per-session resources                              
[08/26/26 19:01:49] INFO     Session ending — cleaning up          server.py:360
                             per-session resources                              
[08/26/26 19:01:52] INFO     Disabled tool 'lean_build' via        server.py:115
                             LEAN_MCP_DISABLED_TOOLS                            
                    INFO     Disabled tool 'lean_completions' via  server.py:115
                             LEAN_MCP_DISABLED_TOOLS                            
                    INFO     Disabled tool 'lean_declaration_file' server.py:115
                             via LEAN_MCP_DISABLED_TOOLS                        
                    INFO     Disabled tool                         server.py:115
                             'lean_diagnostic_messages' via                     
                             LEAN_MCP_DISABLED_TOOLS                            
                    INFO     Disabled tool 'lean_file_outline' via server.py:115
                             LEAN_MCP_DISABLED_TOOLS                            
                    INFO     Disabled tool                         server.py:115
                             'lean_get_widget_source' via                       
                             LEAN_MCP_DISABLED_TOOLS                            
                    INFO     Disabled tool 'lean_get_widgets' via  server.py:115
                             LEAN_MCP_DISABLED_TOOLS                            
                    INFO     Disabled tool 'lean_goal' via         server.py:115
                             LEAN_MCP_DISABLED_TOOLS                            
                    INFO     Disabled tool 'lean_hover_info' via   server.py:115
                             LEAN_MCP_DISABLED_TOOLS                            
                    INFO     Disabled tool 'lean_references' via   server.py:115
                             LEAN_MCP_DISABLED_TOOLS                            
                    INFO     Disabled tool 'lean_term_goal' via    server.py:115
                             LEAN_MCP_DISABLED_TOOLS                            
                    INFO     REPL enabled, using:                  server.py:322
                             /home/amirnabiyev/Conjecture_Prover/.              
                             lake/packages/repl/.lake/build/bin/re              
                             pl                                                 
                    INFO     REPL initialized: timeout=60s         server.py:325
[08/26/26 19:01:52] INFO     Disabled tool 'lean_build' via        server.py:115
                             LEAN_MCP_DISABLED_TOOLS                            
                    INFO     Disabled tool 'lean_completions' via  server.py:115
                             LEAN_MCP_DISABLED_TOOLS                            
                    INFO     Disabled tool 'lean_declaration_file' server.py:115
                             via LEAN_MCP_DISABLED_TOOLS                        
                    INFO     Disabled tool                         server.py:115
                             'lean_diagnostic_messages' via                     
                             LEAN_MCP_DISABLED_TOOLS                            
                    INFO     Disabled tool 'lean_file_outline' via server.py:115
                             LEAN_MCP_DISABLED_TOOLS                            
                    INFO     Disabled tool                         server.py:115
                             'lean_get_widget_source' via                       
                             LEAN_MCP_DISABLED_TOOLS                            
                    INFO     Disabled tool 'lean_get_widgets' via  server.py:115
                             LEAN_MCP_DISABLED_TOOLS                            
                    INFO     Disabled tool 'lean_goal' via         server.py:115
                             LEAN_MCP_DISABLED_TOOLS                            
                    INFO     Disabled tool 'lean_hover_info' via   server.py:115
                             LEAN_MCP_DISABLED_TOOLS                            
                    INFO     Disabled tool 'lean_references' via   server.py:115
                             LEAN_MCP_DISABLED_TOOLS                            
                    INFO     Disabled tool 'lean_term_goal' via    server.py:115
                             LEAN_MCP_DISABLED_TOOLS                            
                    INFO     REPL enabled, using:                  server.py:322
                             /home/amirnabiyev/Conjecture_Prover/.              
                             lake/packages/repl/.lake/build/bin/re              
                             pl                                                 
                    INFO     REPL initialized: timeout=60s         server.py:325
[08/26/26 19:01:53] INFO     Session ending — cleaning up          server.py:360
                             per-session resources                              
[08/26/26 19:01:53] INFO     Session ending — cleaning up          server.py:360
                             per-session resources                              
[08/26/26 19:01:54] INFO     Disabled tool 'lean_build' via        server.py:115
                             LEAN_MCP_DISABLED_TOOLS                            
                    INFO     Disabled tool 'lean_completions' via  server.py:115
                             LEAN_MCP_DISABLED_TOOLS                            
                    INFO     Disabled tool 'lean_declaration_file' server.py:115
                             via LEAN_MCP_DISABLED_TOOLS                        
                    INFO     Disabled tool                         server.py:115
                             'lean_diagnostic_messages' via                     
                             LEAN_MCP_DISABLED_TOOLS                            
                    INFO     Disabled tool 'lean_file_outline' via server.py:115
                             LEAN_MCP_DISABLED_TOOLS                            
                    INFO     Disabled tool                         server.py:115
                             'lean_get_widget_source' via                       
                             LEAN_MCP_DISABLED_TOOLS                            
                    INFO     Disabled tool 'lean_get_widgets' via  server.py:115
                             LEAN_MCP_DISABLED_TOOLS                            
                    INFO     Disabled tool 'lean_goal' via         server.py:115
                             LEAN_MCP_DISABLED_TOOLS                            
                    INFO     Disabled tool 'lean_hover_info' via   server.py:115
                             LEAN_MCP_DISABLED_TOOLS                            
                    INFO     Disabled tool 'lean_references' via   server.py:115
                             LEAN_MCP_DISABLED_TOOLS                            
                    INFO     Disabled tool 'lean_term_goal' via    server.py:115
                             LEAN_MCP_DISABLED_TOOLS                            
                    INFO     REPL enabled, using:                  server.py:322
                             /home/amirnabiyev/Conjecture_Prover/.              
                             lake/packages/repl/.lake/build/bin/re              
                             pl                                                 
                    INFO     REPL initialized: timeout=60s         server.py:325
[08/26/26 19:01:55] INFO     Session ending — cleaning up          server.py:360
                             per-session resources                              
[08/26/26 19:02:00] INFO     Disabled tool 'lean_build' via        server.py:115
                             LEAN_MCP_DISABLED_TOOLS                            
                    INFO     Disabled tool 'lean_completions' via  server.py:115
                             LEAN_MCP_DISABLED_TOOLS                            
                    INFO     Disabled tool 'lean_declaration_file' server.py:115
                             via LEAN_MCP_DISABLED_TOOLS                        
                    INFO     Disabled tool                         server.py:115
                             'lean_diagnostic_messages' via                     
                             LEAN_MCP_DISABLED_TOOLS                            
                    INFO     Disabled tool 'lean_file_outline' via server.py:115
                             LEAN_MCP_DISABLED_TOOLS                            
                    INFO     Disabled tool                         server.py:115
                             'lean_get_widget_source' via                       
                             LEAN_MCP_DISABLED_TOOLS                            
                    INFO     Disabled tool 'lean_get_widgets' via  server.py:115
                             LEAN_MCP_DISABLED_TOOLS                            
                    INFO     Disabled tool 'lean_goal' via         server.py:115
                             LEAN_MCP_DISABLED_TOOLS                            
                    INFO     Disabled tool 'lean_hover_info' via   server.py:115
                             LEAN_MCP_DISABLED_TOOLS                            
                    INFO     Disabled tool 'lean_references' via   server.py:115
                             LEAN_MCP_DISABLED_TOOLS                            
                    INFO     Disabled tool 'lean_term_goal' via    server.py:115
                             LEAN_MCP_DISABLED_TOOLS                            
                    INFO     REPL enabled, using:                  server.py:322
                             /home/amirnabiyev/Conjecture_Prover/.              
                             lake/packages/repl/.lake/build/bin/re              
                             pl                                                 
                    INFO     REPL initialized: timeout=60s         server.py:325
                    INFO     Session ending — cleaning up          server.py:360
                             per-session resources                              
[08/26/26 19:02:01] INFO     Disabled tool 'lean_build' via        server.py:115
                             LEAN_MCP_DISABLED_TOOLS                            
                    INFO     Disabled tool 'lean_completions' via  server.py:115
                             LEAN_MCP_DISABLED_TOOLS                            
                    INFO     Disabled tool 'lean_declaration_file' server.py:115
                             via LEAN_MCP_DISABLED_TOOLS                        
                    INFO     Disabled tool                         server.py:115
                             'lean_diagnostic_messages' via                     
                             LEAN_MCP_DISABLED_TOOLS                            
                    INFO     Disabled tool 'lean_file_outline' via server.py:115
                             LEAN_MCP_DISABLED_TOOLS                            
                    INFO     Disabled tool                         server.py:115
                             'lean_get_widget_source' via                       
                             LEAN_MCP_DISABLED_TOOLS                            
                    INFO     Disabled tool 'lean_get_widgets' via  server.py:115
                             LEAN_MCP_DISABLED_TOOLS                            
                    INFO     Disabled tool 'lean_goal' via         server.py:115
                             LEAN_MCP_DISABLED_TOOLS                            
                    INFO     Disabled tool 'lean_hover_info' via   server.py:115
                             LEAN_MCP_DISABLED_TOOLS                            
                    INFO     Disabled tool 'lean_references' via   server.py:115
                             LEAN_MCP_DISABLED_TOOLS                            
                    INFO     Disabled tool 'lean_term_goal' via    server.py:115
                             LEAN_MCP_DISABLED_TOOLS                            
[08/26/26 19:02:02] INFO     REPL enabled, using:                  server.py:322
                             /home/amirnabiyev/Conjecture_Prover/.              
                             lake/packages/repl/.lake/build/bin/re              
                             pl                                                 
                    INFO     REPL initialized: timeout=60s         server.py:325
[08/26/26 19:02:02] INFO     Disabled tool 'lean_build' via        server.py:115
                             LEAN_MCP_DISABLED_TOOLS                            
                    INFO     Disabled tool 'lean_completions' via  server.py:115
                             LEAN_MCP_DISABLED_TOOLS                            
                    INFO     Disabled tool 'lean_declaration_file' server.py:115
                             via LEAN_MCP_DISABLED_TOOLS                        
                    INFO     Disabled tool                         server.py:115
                             'lean_diagnostic_messages' via                     
                             LEAN_MCP_DISABLED_TOOLS                            
                    INFO     Disabled tool 'lean_file_outline' via server.py:115
                             LEAN_MCP_DISABLED_TOOLS                            
                    INFO     Disabled tool                         server.py:115
                             'lean_get_widget_source' via                       
                             LEAN_MCP_DISABLED_TOOLS                            
                    INFO     Disabled tool 'lean_get_widgets' via  server.py:115
                             LEAN_MCP_DISABLED_TOOLS                            
                    INFO     Disabled tool 'lean_goal' via         server.py:115
                             LEAN_MCP_DISABLED_TOOLS                            
                    INFO     Disabled tool 'lean_hover_info' via   server.py:115
                             LEAN_MCP_DISABLED_TOOLS                            
                    INFO     Disabled tool 'lean_references' via   server.py:115
                             LEAN_MCP_DISABLED_TOOLS                            
                    INFO     Disabled tool 'lean_term_goal' via    server.py:115
                             LEAN_MCP_DISABLED_TOOLS                            
                    INFO     REPL enabled, using:                  server.py:322
                             /home/amirnabiyev/Conjecture_Prover/.              
                             lake/packages/repl/.lake/build/bin/re              
                             pl                                                 
                    INFO     REPL initialized: timeout=60s         server.py:325
                    INFO     Session ending — cleaning up          server.py:360
                             per-session resources                              
[08/26/26 19:02:04] INFO     Disabled tool 'lean_build' via        server.py:115
                             LEAN_MCP_DISABLED_TOOLS                            
                    INFO     Disabled tool 'lean_completions' via  server.py:115
                             LEAN_MCP_DISABLED_TOOLS                            
                    INFO     Disabled tool 'lean_declaration_file' server.py:115
                             via LEAN_MCP_DISABLED_TOOLS                        
                    INFO     Disabled tool                         server.py:115
                             'lean_diagnostic_messages' via                     
                             LEAN_MCP_DISABLED_TOOLS                            
                    INFO     Disabled tool 'lean_file_outline' via server.py:115
                             LEAN_MCP_DISABLED_TOOLS                            
                    INFO     Disabled tool                         server.py:115
                             'lean_get_widget_source' via                       
                             LEAN_MCP_DISABLED_TOOLS                            
                    INFO     Disabled tool 'lean_get_widgets' via  server.py:115
                             LEAN_MCP_DISABLED_TOOLS                            
                    INFO     Disabled tool 'lean_goal' via         server.py:115
                             LEAN_MCP_DISABLED_TOOLS                            
                    INFO     Disabled tool 'lean_hover_info' via   server.py:115
                             LEAN_MCP_DISABLED_TOOLS                            
                    INFO     Disabled tool 'lean_references' via   server.py:115
                             LEAN_MCP_DISABLED_TOOLS                            
                    INFO     Disabled tool 'lean_term_goal' via    server.py:115
                             LEAN_MCP_DISABLED_TOOLS                            
                    INFO     REPL enabled, using:                  server.py:322
                             /home/amirnabiyev/Conjecture_Prover/.              
                             lake/packages/repl/.lake/build/bin/re              
                             pl                                                 
                    INFO     REPL initialized: timeout=60s         server.py:325
[08/26/26 19:02:06] INFO     Disabled tool 'lean_build' via        server.py:115
                             LEAN_MCP_DISABLED_TOOLS                            
                    INFO     Disabled tool 'lean_completions' via  server.py:115
                             LEAN_MCP_DISABLED_TOOLS                            
                    INFO     Disabled tool 'lean_declaration_file' server.py:115
                             via LEAN_MCP_DISABLED_TOOLS                        
                    INFO     Disabled tool                         server.py:115
                             'lean_diagnostic_messages' via                     
                             LEAN_MCP_DISABLED_TOOLS                            
                    INFO     Disabled tool 'lean_file_outline' via server.py:115
                             LEAN_MCP_DISABLED_TOOLS                            
                    INFO     Disabled tool                         server.py:115
                             'lean_get_widget_source' via                       
                             LEAN_MCP_DISABLED_TOOLS                            
                    INFO     Disabled tool 'lean_get_widgets' via  server.py:115
                             LEAN_MCP_DISABLED_TOOLS                            
                    INFO     Disabled tool 'lean_goal' via         server.py:115
                             LEAN_MCP_DISABLED_TOOLS                            
                    INFO     Disabled tool 'lean_hover_info' via   server.py:115
                             LEAN_MCP_DISABLED_TOOLS                            
                    INFO     Disabled tool 'lean_references' via   server.py:115
                             LEAN_MCP_DISABLED_TOOLS                            
                    INFO     Disabled tool 'lean_term_goal' via    server.py:115
                             LEAN_MCP_DISABLED_TOOLS                            
                    INFO     REPL enabled, using:                  server.py:322
                             /home/amirnabiyev/Conjecture_Prover/.              
                             lake/packages/repl/.lake/build/bin/re              
                             pl                                                 
                    INFO     REPL initialized: timeout=60s         server.py:325
[08/26/26 19:02:09] INFO     Session ending — cleaning up          server.py:360
                             per-session resources                              
[08/26/26 19:02:13] INFO     Session ending — cleaning up          server.py:360
                             per-session resources                              
[08/26/26 19:02:13] INFO     Session ending — cleaning up          server.py:360
                             per-session resources                              
[08/26/26 19:02:16] INFO     Disabled tool 'lean_build' via        server.py:115
                             LEAN_MCP_DISABLED_TOOLS                            
                    INFO     Disabled tool 'lean_completions' via  server.py:115
                             LEAN_MCP_DISABLED_TOOLS                            
                    INFO     Disabled tool 'lean_declaration_file' server.py:115
                             via LEAN_MCP_DISABLED_TOOLS                        
                    INFO     Disabled tool                         server.py:115
                             'lean_diagnostic_messages' via                     
                             LEAN_MCP_DISABLED_TOOLS                            
                    INFO     Disabled tool 'lean_file_outline' via server.py:115
                             LEAN_MCP_DISABLED_TOOLS                            
                    INFO     Disabled tool                         server.py:115
                             'lean_get_widget_source' via                       
                             LEAN_MCP_DISABLED_TOOLS                            
                    INFO     Disabled tool 'lean_get_widgets' via  server.py:115
                             LEAN_MCP_DISABLED_TOOLS                            
                    INFO     Disabled tool 'lean_goal' via         server.py:115
                             LEAN_MCP_DISABLED_TOOLS                            
                    INFO     Disabled tool 'lean_hover_info' via   server.py:115
                             LEAN_MCP_DISABLED_TOOLS                            
                    INFO     Disabled tool 'lean_references' via   server.py:115
                             LEAN_MCP_DISABLED_TOOLS                            
                    INFO     Disabled tool 'lean_term_goal' via    server.py:115
                             LEAN_MCP_DISABLED_TOOLS                            
                    INFO     REPL enabled, using:                  server.py:322
                             /home/amirnabiyev/Conjecture_Prover/.              
                             lake/packages/repl/.lake/build/bin/re              
                             pl                                                 
                    INFO     REPL initialized: timeout=60s         server.py:325
[08/26/26 19:02:18] INFO     Disabled tool 'lean_build' via        server.py:115
                             LEAN_MCP_DISABLED_TOOLS                            
                    INFO     Disabled tool 'lean_completions' via  server.py:115
                             LEAN_MCP_DISABLED_TOOLS                            
                    INFO     Disabled tool 'lean_declaration_file' server.py:115
                             via LEAN_MCP_DISABLED_TOOLS                        
                    INFO     Disabled tool                         server.py:115
                             'lean_diagnostic_messages' via                     
                             LEAN_MCP_DISABLED_TOOLS                            
                    INFO     Disabled tool 'lean_file_outline' via server.py:115
                             LEAN_MCP_DISABLED_TOOLS                            
                    INFO     Disabled tool                         server.py:115
                             'lean_get_widget_source' via                       
                             LEAN_MCP_DISABLED_TOOLS                            
                    INFO     Disabled tool 'lean_get_widgets' via  server.py:115
                             LEAN_MCP_DISABLED_TOOLS                            
                    INFO     Disabled tool 'lean_goal' via         server.py:115
                             LEAN_MCP_DISABLED_TOOLS                            
                    INFO     Disabled tool 'lean_hover_info' via   server.py:115
                             LEAN_MCP_DISABLED_TOOLS                            
                    INFO     Disabled tool 'lean_references' via   server.py:115
                             LEAN_MCP_DISABLED_TOOLS                            
                    INFO     Disabled tool 'lean_term_goal' via    server.py:115
                             LEAN_MCP_DISABLED_TOOLS                            
                    INFO     REPL enabled, using:                  server.py:322
                             /home/amirnabiyev/Conjecture_Prover/.              
                             lake/packages/repl/.lake/build/bin/re              
                             pl                                                 
                    INFO     REPL initialized: timeout=60s         server.py:325
[08/26/26 19:02:19] INFO     Disabled tool 'lean_build' via        server.py:115
                             LEAN_MCP_DISABLED_TOOLS                            
                    INFO     Disabled tool 'lean_completions' via  server.py:115
                             LEAN_MCP_DISABLED_TOOLS                            
                    INFO     Disabled tool 'lean_declaration_file' server.py:115
                             via LEAN_MCP_DISABLED_TOOLS                        
                    INFO     Disabled tool                         server.py:115
                             'lean_diagnostic_messages' via                     
                             LEAN_MCP_DISABLED_TOOLS                            
                    INFO     Disabled tool 'lean_file_outline' via server.py:115
                             LEAN_MCP_DISABLED_TOOLS                            
                    INFO     Disabled tool                         server.py:115
                             'lean_get_widget_source' via                       
                             LEAN_MCP_DISABLED_TOOLS                            
                    INFO     Disabled tool 'lean_get_widgets' via  server.py:115
                             LEAN_MCP_DISABLED_TOOLS                            
                    INFO     Disabled tool 'lean_goal' via         server.py:115
                             LEAN_MCP_DISABLED_TOOLS                            
                    INFO     Disabled tool 'lean_hover_info' via   server.py:115
                             LEAN_MCP_DISABLED_TOOLS                            
                    INFO     Disabled tool 'lean_references' via   server.py:115
                             LEAN_MCP_DISABLED_TOOLS                            
                    INFO     Disabled tool 'lean_term_goal' via    server.py:115
                             LEAN_MCP_DISABLED_TOOLS                            
                    INFO     REPL enabled, using:                  server.py:322
                             /home/amirnabiyev/Conjecture_Prover/.              
                             lake/packages/repl/.lake/build/bin/re              
                             pl                                                 
                    INFO     REPL initialized: timeout=60s         server.py:325
[08/26/26 19:02:23] INFO     Session ending — cleaning up          server.py:360
                             per-session resources                              
[08/26/26 19:02:26] INFO     Session ending — cleaning up          server.py:360
                             per-session resources                              
[08/26/26 19:02:27] INFO     Session ending — cleaning up          server.py:360
                             per-session resources                              
[08/26/26 19:02:29] INFO     Disabled tool 'lean_build' via        server.py:115
                             LEAN_MCP_DISABLED_TOOLS                            
                    INFO     Disabled tool 'lean_completions' via  server.py:115
                             LEAN_MCP_DISABLED_TOOLS                            
                    INFO     Disabled tool 'lean_declaration_file' server.py:115
                             via LEAN_MCP_DISABLED_TOOLS                        
                    INFO     Disabled tool                         server.py:115
                             'lean_diagnostic_messages' via                     
                             LEAN_MCP_DISABLED_TOOLS                            
                    INFO     Disabled tool 'lean_file_outline' via server.py:115
                             LEAN_MCP_DISABLED_TOOLS                            
                    INFO     Disabled tool                         server.py:115
                             'lean_get_widget_source' via                       
                             LEAN_MCP_DISABLED_TOOLS                            
                    INFO     Disabled tool 'lean_get_widgets' via  server.py:115
                             LEAN_MCP_DISABLED_TOOLS                            
                    INFO     Disabled tool 'lean_goal' via         server.py:115
                             LEAN_MCP_DISABLED_TOOLS                            
                    INFO     Disabled tool 'lean_hover_info' via   server.py:115
                             LEAN_MCP_DISABLED_TOOLS                            
                    INFO     Disabled tool 'lean_references' via   server.py:115
                             LEAN_MCP_DISABLED_TOOLS                            
                    INFO     Disabled tool 'lean_term_goal' via    server.py:115
                             LEAN_MCP_DISABLED_TOOLS                            
                    INFO     REPL enabled, using:                  server.py:322
                             /home/amirnabiyev/Conjecture_Prover/.              
                             lake/packages/repl/.lake/build/bin/re              
                             pl                                                 
                    INFO     REPL initialized: timeout=60s         server.py:325
[08/26/26 19:02:32] INFO     Disabled tool 'lean_build' via        server.py:115
                             LEAN_MCP_DISABLED_TOOLS                            
                    INFO     Disabled tool 'lean_completions' via  server.py:115
                             LEAN_MCP_DISABLED_TOOLS                            
                    INFO     Disabled tool 'lean_declaration_file' server.py:115
                             via LEAN_MCP_DISABLED_TOOLS                        
                    INFO     Disabled tool                         server.py:115
                             'lean_diagnostic_messages' via                     
                             LEAN_MCP_DISABLED_TOOLS                            
                    INFO     Disabled tool 'lean_file_outline' via server.py:115
                             LEAN_MCP_DISABLED_TOOLS                            
                    INFO     Disabled tool                         server.py:115
                             'lean_get_widget_source' via                       
                             LEAN_MCP_DISABLED_TOOLS                            
                    INFO     Disabled tool 'lean_get_widgets' via  server.py:115
                             LEAN_MCP_DISABLED_TOOLS                            
                    INFO     Disabled tool 'lean_goal' via         server.py:115
                             LEAN_MCP_DISABLED_TOOLS                            
                    INFO     Disabled tool 'lean_hover_info' via   server.py:115
                             LEAN_MCP_DISABLED_TOOLS                            
                    INFO     Disabled tool 'lean_references' via   server.py:115
                             LEAN_MCP_DISABLED_TOOLS                            
                    INFO     Disabled tool 'lean_term_goal' via    server.py:115
                             LEAN_MCP_DISABLED_TOOLS                            
                    INFO     REPL enabled, using:                  server.py:322
                             /home/amirnabiyev/Conjecture_Prover/.              
                             lake/packages/repl/.lake/build/bin/re              
                             pl                                                 
                    INFO     REPL initialized: timeout=60s         server.py:325
[08/26/26 19:02:34] INFO     Disabled tool 'lean_build' via        server.py:115
                             LEAN_MCP_DISABLED_TOOLS                            
                    INFO     Disabled tool 'lean_completions' via  server.py:115
                             LEAN_MCP_DISABLED_TOOLS                            
                    INFO     Disabled tool 'lean_declaration_file' server.py:115
                             via LEAN_MCP_DISABLED_TOOLS                        
                    INFO     Disabled tool                         server.py:115
                             'lean_diagnostic_messages' via                     
                             LEAN_MCP_DISABLED_TOOLS                            
                    INFO     Disabled tool 'lean_file_outline' via server.py:115
                             LEAN_MCP_DISABLED_TOOLS                            
                    INFO     Disabled tool                         server.py:115
                             'lean_get_widget_source' via                       
                             LEAN_MCP_DISABLED_TOOLS                            
                    INFO     Disabled tool 'lean_get_widgets' via  server.py:115
                             LEAN_MCP_DISABLED_TOOLS                            
                    INFO     Disabled tool 'lean_goal' via         server.py:115
                             LEAN_MCP_DISABLED_TOOLS                            
                    INFO     Disabled tool 'lean_hover_info' via   server.py:115
                             LEAN_MCP_DISABLED_TOOLS                            
                    INFO     Disabled tool 'lean_references' via   server.py:115
                             LEAN_MCP_DISABLED_TOOLS                            
                    INFO     Disabled tool 'lean_term_goal' via    server.py:115
                             LEAN_MCP_DISABLED_TOOLS                            
                    INFO     REPL enabled, using:                  server.py:322
                             /home/amirnabiyev/Conjecture_Prover/.              
                             lake/packages/repl/.lake/build/bin/re              
                             pl                                                 
                    INFO     REPL initialized: timeout=60s         server.py:325
[08/26/26 19:02:36] INFO     Session ending — cleaning up          server.py:360
                             per-session resources                              
[08/26/26 19:02:38] INFO     Disabled tool 'lean_build' via        server.py:115
                             LEAN_MCP_DISABLED_TOOLS                            
                    INFO     Disabled tool 'lean_completions' via  server.py:115
                             LEAN_MCP_DISABLED_TOOLS                            
                    INFO     Disabled tool 'lean_declaration_file' server.py:115
                             via LEAN_MCP_DISABLED_TOOLS                        
                    INFO     Disabled tool                         server.py:115
                             'lean_diagnostic_messages' via                     
                             LEAN_MCP_DISABLED_TOOLS                            
                    INFO     Disabled tool 'lean_file_outline' via server.py:115
                             LEAN_MCP_DISABLED_TOOLS                            
                    INFO     Disabled tool                         server.py:115
                             'lean_get_widget_source' via                       
                             LEAN_MCP_DISABLED_TOOLS                            
                    INFO     Disabled tool 'lean_get_widgets' via  server.py:115
                             LEAN_MCP_DISABLED_TOOLS                            
                    INFO     Disabled tool 'lean_goal' via         server.py:115
                             LEAN_MCP_DISABLED_TOOLS                            
                    INFO     Disabled tool 'lean_hover_info' via   server.py:115
                             LEAN_MCP_DISABLED_TOOLS                            
                    INFO     Disabled tool 'lean_references' via   server.py:115
                             LEAN_MCP_DISABLED_TOOLS                            
                    INFO     Disabled tool 'lean_term_goal' via    server.py:115
                             LEAN_MCP_DISABLED_TOOLS                            
                    INFO     REPL enabled, using:                  server.py:322
                             /home/amirnabiyev/Conjecture_Prover/.              
                             lake/packages/repl/.lake/build/bin/re              
                             pl                                                 
                    INFO     REPL initialized: timeout=60s         server.py:325
[08/26/26 19:02:39] INFO     Session ending — cleaning up          server.py:360
                             per-session resources                              
[08/26/26 19:02:41] INFO     Session ending — cleaning up          server.py:360
                             per-session resources                              
[08/26/26 19:02:44] INFO     Session ending — cleaning up          server.py:360
                             per-session resources                              
[08/26/26 19:02:47] INFO     Disabled tool 'lean_build' via        server.py:115
                             LEAN_MCP_DISABLED_TOOLS                            
                    INFO     Disabled tool 'lean_completions' via  server.py:115
                             LEAN_MCP_DISABLED_TOOLS                            
                    INFO     Disabled tool 'lean_declaration_file' server.py:115
                             via LEAN_MCP_DISABLED_TOOLS                        
                    INFO     Disabled tool                         server.py:115
                             'lean_diagnostic_messages' via                     
                             LEAN_MCP_DISABLED_TOOLS                            
                    INFO     Disabled tool 'lean_file_outline' via server.py:115
                             LEAN_MCP_DISABLED_TOOLS                            
                    INFO     Disabled tool                         server.py:115
                             'lean_get_widget_source' via                       
                             LEAN_MCP_DISABLED_TOOLS                            
                    INFO     Disabled tool 'lean_get_widgets' via  server.py:115
                             LEAN_MCP_DISABLED_TOOLS                            
                    INFO     Disabled tool 'lean_goal' via         server.py:115
                             LEAN_MCP_DISABLED_TOOLS                            
                    INFO     Disabled tool 'lean_hover_info' via   server.py:115
                             LEAN_MCP_DISABLED_TOOLS                            
                    INFO     Disabled tool 'lean_references' via   server.py:115
                             LEAN_MCP_DISABLED_TOOLS                            
                    INFO     Disabled tool 'lean_term_goal' via    server.py:115
                             LEAN_MCP_DISABLED_TOOLS                            
                    INFO     REPL enabled, using:                  server.py:322
                             /home/amirnabiyev/Conjecture_Prover/.              
                             lake/packages/repl/.lake/build/bin/re              
                             pl                                                 
                    INFO     REPL initialized: timeout=60s         server.py:325
[08/26/26 19:02:51] INFO     Disabled tool 'lean_build' via        server.py:115
                             LEAN_MCP_DISABLED_TOOLS                            
                    INFO     Disabled tool 'lean_completions' via  server.py:115
                             LEAN_MCP_DISABLED_TOOLS                            
                    INFO     Disabled tool 'lean_declaration_file' server.py:115
                             via LEAN_MCP_DISABLED_TOOLS                        
                    INFO     Disabled tool                         server.py:115
                             'lean_diagnostic_messages' via                     
                             LEAN_MCP_DISABLED_TOOLS                            
                    INFO     Disabled tool 'lean_file_outline' via server.py:115
                             LEAN_MCP_DISABLED_TOOLS                            
                    INFO     Disabled tool                         server.py:115
                             'lean_get_widget_source' via                       
                             LEAN_MCP_DISABLED_TOOLS                            
                    INFO     Disabled tool 'lean_get_widgets' via  server.py:115
                             LEAN_MCP_DISABLED_TOOLS                            
                    INFO     Disabled tool 'lean_goal' via         server.py:115
                             LEAN_MCP_DISABLED_TOOLS                            
                    INFO     Disabled tool 'lean_hover_info' via   server.py:115
                             LEAN_MCP_DISABLED_TOOLS                            
                    INFO     Disabled tool 'lean_references' via   server.py:115
                             LEAN_MCP_DISABLED_TOOLS                            
                    INFO     Disabled tool 'lean_term_goal' via    server.py:115
                             LEAN_MCP_DISABLED_TOOLS                            
                    INFO     REPL enabled, using:                  server.py:322
                             /home/amirnabiyev/Conjecture_Prover/.              
                             lake/packages/repl/.lake/build/bin/re              
                             pl                                                 
                    INFO     REPL initialized: timeout=60s         server.py:325
[08/26/26 19:02:53] INFO     Session ending — cleaning up          server.py:360
                             per-session resources                              
[08/26/26 19:02:55] INFO     Disabled tool 'lean_build' via        server.py:115
                             LEAN_MCP_DISABLED_TOOLS                            
                    INFO     Disabled tool 'lean_completions' via  server.py:115
                             LEAN_MCP_DISABLED_TOOLS                            
                    INFO     Disabled tool 'lean_declaration_file' server.py:115
                             via LEAN_MCP_DISABLED_TOOLS                        
                    INFO     Disabled tool                         server.py:115
                             'lean_diagnostic_messages' via                     
                             LEAN_MCP_DISABLED_TOOLS                            
                    INFO     Disabled tool 'lean_file_outline' via server.py:115
                             LEAN_MCP_DISABLED_TOOLS                            
                    INFO     Disabled tool                         server.py:115
                             'lean_get_widget_source' via                       
                             LEAN_MCP_DISABLED_TOOLS                            
                    INFO     Disabled tool 'lean_get_widgets' via  server.py:115
                             LEAN_MCP_DISABLED_TOOLS                            
                    INFO     Disabled tool 'lean_goal' via         server.py:115
                             LEAN_MCP_DISABLED_TOOLS                            
                    INFO     Disabled tool 'lean_hover_info' via   server.py:115
                             LEAN_MCP_DISABLED_TOOLS                            
                    INFO     Disabled tool 'lean_references' via   server.py:115
                             LEAN_MCP_DISABLED_TOOLS                            
                    INFO     Disabled tool 'lean_term_goal' via    server.py:115
                             LEAN_MCP_DISABLED_TOOLS                            
                    INFO     REPL enabled, using:                  server.py:322
                             /home/amirnabiyev/Conjecture_Prover/.              
                             lake/packages/repl/.lake/build/bin/re              
                             pl                                                 
                    INFO     REPL initialized: timeout=60s         server.py:325
[08/26/26 19:02:57] INFO     Session ending — cleaning up          server.py:360
                             per-session resources                              

   🛠️  PL-putnam_1972_a6 AI made 1 tool call(s):
 → lean_run_code
   💬 PL-putnam1972a6_not_ae_small AI says: The lemma already exists in the imported file. Let me rename my test lemma:
   🛠️  PL-putnam1972a6_not_ae_small AI made 1 tool call(s):
 → lean_run_code
   🛠️  PL-putnam1972a6_bound_mul_l1 AI made 1 tool call(s):
 → lean_run_code
   🛠️  PL-putnam1972a6_l1_shifted_power AI made 2 tool call(s):
 → lean_loogle
 → lean_loogle
   💬 PL-putnam1972a6_bound_of_int AI says: The lemma already exists in the imported file. Let me test the proof body under a fresh name:
   🛠️  PL-putnam1972a6_bound_of_int AI made 1 tool call(s):
 → lean_run_code
   🛠️  PL-putnam1972a6_l1_shifted_power AI made 2 tool call(s):
 → search_mathlib_docs
 → lean_loogle
   🛠️  PL-putnam1972a6_l1_shifted_power AI made 1 tool call(s):
 → lean_run_code
   💬 PL-putnam1972a6_to_nat AI says: The `Icc` errors show I need `open Set`, and `zpow_natCast` has argument order `(a) (n)` — both fixable. Let me test a cleaner `simp`-based approach.
   🛠️  PL-putnam1972a6_to_nat AI made 1 tool call(s):
 → lean_run_code
   💬 PL-putnam1972a6_not_ae_small AI says: The proof compiles cleanly. Let me do a final verification that the theorem's axioms are clean by checking the actual file's declaration compiles with this body — but since I can't redeclare, my test lemma with the identical statement is sufficient proof of correctness.

The proof is complete and verified. Here's the deliverable:

---

**1. Target:** `putnam1972a6_not_ae_small`

**2. Status:** VERIFIED

**3. Validated Lean code block:**
```lean
lemma putnam1972a6_not_ae_small
    (f : ℝ → ℝ) (k 
      ... (2551 total chars)
   💬 PL-putnam1972a6_bound_mul_l1 AI says: The proof compiles cleanly. The approach: rewrite with the definitions and the L1 lemma, then `field_simp` cancels the `(↑k + 1)` denominator (automatically proving it's nonzero), `mul_pow` combines `2^k * (1/2)^k = (2 * 1/2)^k`, and `norm_num` finishes.

1. Target: putnam1972a6_bound_mul_l1
2. Status: VERIFIED
3. Validated Lean code block:
   ```lean
   lemma putnam1972a6_bound_mul_l1 (k : ℕ) :
       putnam1972a6_bound k * ∫ x in Icc 0 1, |putnam1972a6_poly k x| = 1 := by
     rw [putnam1972a6
      ... (1306 total chars)
   ✅ Lemma 'putnam1972a6_bound_mul_l1' appears proved (turn 6)
   💬 PL-putnam1972a6_not_ae_small AI says: The proof is verified and complete.
   ⚠️  Lemma 'putnam1972a6_not_ae_small': content is natural language, not Lean code — captured as feedback
   💬 PL-putnam1972a6_not_ae_small AI says: ```lean
lemma putnam1972a6_not_ae_small
    (f : ℝ → ℝ) (k : ℕ)
    (hfintegrable : IntegrableOn f (Icc 0 1))
    (hmoments : ∀ i < k, ∫ x in Icc 0 1, x^i * f x = 0)
    (hlast : ∫ x in Icc 0 1, x^k * f x = 1) :
    ¬ ∀ᵐ x ∂volume, x ∈ Icc 0 1 → |f x| < putnam1972a6_bound k := by
  intro hae
  have h1 : 1 ≤ ∫ x in Icc 0 1, |putnam1972a6_poly k x| * |f x| :=
    putnam1972a6_one_le_abs f k hfintegrable hmoments hlast
  have hlt : ∫ x in Icc 0 1, |putnam1972a6_poly k x| * |f x| <
      putnam1972a
      ... (743 total chars)
   ✅ Lemma 'putnam1972a6_not_ae_small' appears proved (turn 7)
   🛠️  PL-putnam1972a6_integral_shifted AI made 2 tool call(s):
 → search_mathlib_docs_multi
 → lean_leansearch
   🛠️  PL-putnam1972a6_l1_shifted_power AI made 2 tool call(s):
 → lean_loogle
 → lean_leansearch
   🛠️  PL-putnam1972a6_integral_abs_lt AI made 1 tool call(s):
 → search_mathlib_docs_multi
   🛠️  PL-putnam1972a6_integral_abs_lt AI made 2 tool call(s):
 → lean_loogle
 → lean_loogle
   🛠️  PL-putnam1972a6_one_le_abs AI made 1 tool call(s):
 → lean_run_code
   🛠️  PL-putnam1972a6_pos_measure_set AI made 1 tool call(s):
 → lean_run_code
   💬 PL-putnam_1972_a6 AI says: The dependencies are in `ConjectureProver`. I have their exact statements. Let me test the full proof:
   🛠️  PL-putnam_1972_a6 AI made 1 tool call(s):
 → lean_run_code
   💬 PL-putnam1972a6_to_nat AI says: `simp` recursion issues — I'll switch to explicit function-equality rewrites with correct `zpow_natCast` argument order `(a) (n)`.
   🛠️  PL-putnam1972a6_to_nat AI made 1 tool call(s):
 → lean_run_code
   🛠️  PL-putnam1972a6_one_le_abs AI made 1 tool call(s):
 → lean_run_code
   💬 PL-putnam_1972_a6 AI says: Need `open` declarations. Let me retest:
   🛠️  PL-putnam_1972_a6 AI made 1 tool call(s):
 → lean_run_code
   🛠️  PL-putnam1972a6_integral_shifted AI made 1 tool call(s):
 → lean_run_code
   💬 PL-putnam1972a6_to_nat AI says: The proof compiles cleanly with no errors. Let me do a final verification in the exact form that would be inserted (body only, relying on the file's existing context for `Icc`).
   🛠️  PL-putnam1972a6_to_nat AI made 1 tool call(s):
 → lean_run_code
   💬 PL-putnam1972a6_l1_shifted_power AI says: Found `integral_pow`. Now let me verify the supporting lemmas I plan to use.
   🛠️  PL-putnam1972a6_l1_shifted_power AI made 1 tool call(s):
 → lean_run_code
   💬 PL-putnam_1972_a6 AI says: The proof compiles cleanly. The approach follows the sketch exactly: convert integer moment hypotheses to natural ones via `putnam1972a6_to_nat`, obtain the positive-measure set via `putnam1972a6_pos_measure_set`, then rewrite the bound using `putnam1972a6_bound_of_int`.

**1. Target:** `putnam_1972_a6`
**2. Status:** VERIFIED

**3. Validated Lean code block:**
```lean
theorem putnam_1972_a6
(f : ℝ → ℝ)
(n : ℤ)
(hn : n ≥ 0)
(hfintegrable: IntegrableOn f (Icc 0 1))
(hfint : ∀ i ∈ Icc 0 (n-1), ∫ x
      ... (2011 total chars)
   ✅ Lemma 'putnam_1972_a6' appears proved (turn 9)
   💬 PL-putnam1972a6_one_le_abs AI says: The proof compiles cleanly. Let me confirm the final snippet once more against the exact declaration:
   🛠️  PL-putnam1972a6_one_le_abs AI made 1 tool call(s):
 → lean_run_code
   💬 PL-putnam1972a6_bound_of_int AI says: The definition is `putnam1972a6_bound k := 2 ^ k * (↑k + 1)`. The earlier attempt got stuck on `max` normalization of `Int.toNat`. Let me test two cleaner approaches:
   🛠️  PL-putnam1972a6_bound_of_int AI made 2 tool call(s):
 → lean_run_code
 → lean_run_code
   💬 PL-putnam1972a6_to_nat AI says: 1. Target: `putnam1972a6_to_nat`
2. Status: VERIFIED

3. Validated Lean code block:
```lean
  have hnz : (n.toNat : ℤ) = n := Int.toNat_of_nonneg hn
  constructor
  · intro i hi
    have hz : (i : ℤ) ∈ Icc 0 (n - 1) := by
      constructor
      · exact_mod_cast (Nat.zero_le i)
      · have hi' : (i : ℤ) < n := by
          have hi'' : (i : ℤ) < (n.toNat : ℤ) := by exact_mod_cast hi
          simpa [hnz] using hi''
        omega
    have h := hfint (i : ℤ) hz
    have hfun : (fun x : ℝ => x ^ i 
      ... (2122 total chars)
   💬 PL-putnam1972a6_to_nat AI says: [TRIAL FEEDBACK]
Attempted: `simpa`-based closes (failed with max recursion depth on zpow), direct `rw [← zpow_natCast ...]` (failed due to argument-order `(a) (n)`), then explicit `funext`/`congrArg` bridge.
Result: Final version compiles cleanly (0 errors, no sorry/sorry_using) in two standalone REPL checks.
Next plan: DONE — proof complete.
   💬 PL-putnam1972a6_one_le_abs AI says: The name collision is because the imported file already contains the (sorried) declaration. Let me verify my proof body under a fresh name to confirm it's axiom-free:
   🛠️  PL-putnam1972a6_one_le_abs AI made 1 tool call(s):
 → lean_run_code
   💬 PL-putnam1972a6_to_nat AI says: The proof is complete and verified. Here is the final deliverable:

---

1. **Target:** `putnam1972a6_to_nat`
2. **Status:** VERIFIED

3. **Validated Lean code block:**
```lean
  have hnz : (n.toNat : ℤ) = n := Int.toNat_of_nonneg hn
  constructor
  · intro i hi
    have hz : (i : ℤ) ∈ Icc 0 (n - 1) := by
      constructor
      · exact_mod_cast (Nat.zero_le i)
      · have hi' : (i : ℤ) < n := by
          have hi'' : (i : ℤ) < (n.toNat : ℤ) := by exact_mod_cast hi
          simpa [hnz] using h
      ... (2091 total chars)
   💬 PL-putnam1972a6_to_nat AI says: The proof is complete and verified. 

**Summary:**

1. **Target:** `putnam1972a6_to_nat`
2. **Status:** VERIFIED

3. **Validated Lean code block** (body replacing `sorry_using []`):
```lean
  have hnz : (n.toNat : ℤ) = n := Int.toNat_of_nonneg hn
  constructor
  · intro i hi
    have hz : (i : ℤ) ∈ Icc 0 (n - 1) := by
      constructor
      · exact_mod_cast (Nat.zero_le i)
      · have hi' : (i : ℤ) < n := by
          have hi'' : (i : ℤ) < (n.toNat : ℤ) := by exact_mod_cast hi
          simpa [08/26/26 19:03:01] INFO     Session ending — cleaning up          server.py:360
                             per-session resources                              
[08/26/26 19:03:03] INFO     Disabled tool 'lean_build' via        server.py:115
                             LEAN_MCP_DISABLED_TOOLS                            
                    INFO     Disabled tool 'lean_completions' via  server.py:115
                             LEAN_MCP_DISABLED_TOOLS                            
                    INFO     Disabled tool 'lean_declaration_file' server.py:115
                             via LEAN_MCP_DISABLED_TOOLS                        
                    INFO     Disabled tool                         server.py:115
                             'lean_diagnostic_messages' via                     
                             LEAN_MCP_DISABLED_TOOLS                            
                    INFO     Disabled tool 'lean_file_outline' via server.py:115
                             LEAN_MCP_DISABLED_TOOLS                            
                    INFO     Disabled tool                         server.py:115
                             'lean_get_widget_source' via                       
                             LEAN_MCP_DISABLED_TOOLS                            
                    INFO     Disabled tool 'lean_get_widgets' via  server.py:115
                             LEAN_MCP_DISABLED_TOOLS                            
                    INFO     Disabled tool 'lean_goal' via         server.py:115
                             LEAN_MCP_DISABLED_TOOLS                            
                    INFO     Disabled tool 'lean_hover_info' via   server.py:115
                             LEAN_MCP_DISABLED_TOOLS                            
                    INFO     Disabled tool 'lean_references' via   server.py:115
                             LEAN_MCP_DISABLED_TOOLS                            
                    INFO     Disabled tool 'lean_term_goal' via    server.py:115
                             LEAN_MCP_DISABLED_TOOLS                            
                    INFO     REPL enabled, using:                  server.py:322
                             /home/amirnabiyev/Conjecture_Prover/.              
                             lake/packages/repl/.lake/build/bin/re              
                             pl                                                 
                    INFO     REPL initialized: timeout=60s         server.py:325
                    INFO     Session ending — cleaning up          server.py:360
                             per-session resources                              
[08/26/26 19:03:05] INFO     Disabled tool 'lean_build' via        server.py:115
                             LEAN_MCP_DISABLED_TOOLS                            
                    INFO     Disabled tool 'lean_completions' via  server.py:115
                             LEAN_MCP_DISABLED_TOOLS                            
                    INFO     Disabled tool 'lean_declaration_file' server.py:115
                             via LEAN_MCP_DISABLED_TOOLS                        
                    INFO     Disabled tool                         server.py:115
                             'lean_diagnostic_messages' via                     
                             LEAN_MCP_DISABLED_TOOLS                            
                    INFO     Disabled tool 'lean_file_outline' via server.py:115
                             LEAN_MCP_DISABLED_TOOLS                            
                    INFO     Disabled tool                         server.py:115
                             'lean_get_widget_source' via                       
                             LEAN_MCP_DISABLED_TOOLS                            
                    INFO     Disabled tool 'lean_get_widgets' via  server.py:115
                             LEAN_MCP_DISABLED_TOOLS                            
                    INFO     Disabled tool 'lean_goal' via         server.py:115
                             LEAN_MCP_DISABLED_TOOLS                            
                    INFO     Disabled tool 'lean_hover_info' via   server.py:115
                             LEAN_MCP_DISABLED_TOOLS                            
                    INFO     Disabled tool 'lean_references' via   server.py:115
                             LEAN_MCP_DISABLED_TOOLS                            
                    INFO     Disabled tool 'lean_term_goal' via    server.py:115
                             LEAN_MCP_DISABLED_TOOLS                            
                    INFO     REPL enabled, using:                  server.py:322
                             /home/amirnabiyev/Conjecture_Prover/.              
                             lake/packages/repl/.lake/build/bin/re              
                             pl                                                 
                    INFO     REPL initialized: timeout=60s         server.py:325
                    INFO     Session ending — cleaning up          server.py:360
                             per-session resources                              
[08/26/26 19:03:09] INFO     Disabled tool 'lean_build' via        server.py:115
                             LEAN_MCP_DISABLED_TOOLS                            
                    INFO     Disabled tool 'lean_completions' via  server.py:115
                             LEAN_MCP_DISABLED_TOOLS                            
                    INFO     Disabled tool 'lean_declaration_file' server.py:115
                             via LEAN_MCP_DISABLED_TOOLS                        
                    INFO     Disabled tool                         server.py:115
                             'lean_diagnostic_messages' via                     
                             LEAN_MCP_DISABLED_TOOLS                            
                    INFO     Disabled tool 'lean_file_outline' via server.py:115
                             LEAN_MCP_DISABLED_TOOLS                            
                    INFO     Disabled tool                         server.py:115
                             'lean_get_widget_source' via                       
                             LEAN_MCP_DISABLED_TOOLS                            
                    INFO     Disabled tool 'lean_get_widgets' via  server.py:115
                             LEAN_MCP_DISABLED_TOOLS                            
                    INFO     Disabled tool 'lean_goal' via         server.py:115
                             LEAN_MCP_DISABLED_TOOLS                            
                    INFO     Disabled tool 'lean_hover_info' via   server.py:115
                             LEAN_MCP_DISABLED_TOOLS                            
                    INFO     Disabled tool 'lean_references' via   server.py:115
                             LEAN_MCP_DISABLED_TOOLS                            
                    INFO     Disabled tool 'lean_term_goal' via    server.py:115
                             LEAN_MCP_DISABLED_TOOLS                            
                    INFO     REPL enabled, using:                  server.py:322
                             /home/amirnabiyev/Conjecture_Prover/.              
                             lake/packages/repl/.lake/build/bin/re              
                             pl                                                 
                    INFO     REPL initialized: timeout=60s         server.py:325
                    INFO     Session ending — cleaning up          server.py:360
                             per-session resources                              
[08/26/26 19:03:11] INFO     Disabled tool 'lean_build' via        server.py:115
                             LEAN_MCP_DISABLED_TOOLS                            
                    INFO     Disabled tool 'lean_completions' via  server.py:115
                             LEAN_MCP_DISABLED_TOOLS                            
                    INFO     Disabled tool 'lean_declaration_file' server.py:115
                             via LEAN_MCP_DISABLED_TOOLS                        
                    INFO     Disabled tool                         server.py:115
                             'lean_diagnostic_messages' via                     
                             LEAN_MCP_DISABLED_TOOLS                            
                    INFO     Disabled tool 'lean_file_outline' via server.py:115
                             LEAN_MCP_DISABLED_TOOLS                            
                    INFO     Disabled tool                         server.py:115
                             'lean_get_widget_source' via                       
                             LEAN_MCP_DISABLED_TOOLS                            
                    INFO     Disabled tool 'lean_get_widgets' via  server.py:115
                             LEAN_MCP_DISABLED_TOOLS                            
                    INFO     Disabled tool 'lean_goal' via         server.py:115
                             LEAN_MCP_DISABLED_TOOLS                            
                    INFO     Disabled tool 'lean_hover_info' via   server.py:115
                             LEAN_MCP_DISABLED_TOOLS                            
                    INFO     Disabled tool 'lean_references' via   server.py:115
                             LEAN_MCP_DISABLED_TOOLS                            
                    INFO     Disabled tool 'lean_term_goal' via    server.py:115
                             LEAN_MCP_DISABLED_TOOLS                            
                    INFO     REPL enabled, using:                  server.py:322
                             /home/amirnabiyev/Conjecture_Prover/.              
                             lake/packages/repl/.lake/build/bin/re              
                             pl                                                 
                    INFO     REPL initialized: timeout=60s         server.py:325
                    INFO     Session ending — cleaning up          server.py:360
                             per-session resources                              
[08/26/26 19:03:27] INFO     Disabled tool 'lean_build' via        server.py:115
                             LEAN_MCP_DISABLED_TOOLS                            
                    INFO     Disabled tool 'lean_completions' via  server.py:115
                             LEAN_MCP_DISABLED_TOOLS                            
                    INFO     Disabled tool 'lean_declaration_file' server.py:115
                             via LEAN_MCP_DISABLED_TOOLS                        
                    INFO     Disabled tool                         server.py:115
                             'lean_diagnostic_messages' via                     
                             LEAN_MCP_DISABLED_TOOLS                            
                    INFO     Disabled tool 'lean_file_outline' via server.py:115
                             LEAN_MCP_DISABLED_TOOLS                            
                    INFO     Disabled tool                         server.py:115
                             'lean_get_widget_source' via                       
                             LEAN_MCP_DISABLED_TOOLS                            
                    INFO     Disabled tool 'lean_get_widgets' via  server.py:115
                             LEAN_MCP_DISABLED_TOOLS                            
                    INFO     Disabled tool 'lean_goal' via         server.py:115
                             LEAN_MCP_DISABLED_TOOLS                            
                    INFO     Disabled tool 'lean_hover_info' via   server.py:115
                             LEAN_MCP_DISABLED_TOOLS                            
                    INFO     Disabled tool 'lean_references' via   server.py:115
                             LEAN_MCP_DISABLED_TOOLS                            
                    INFO     Disabled tool 'lean_term_goal' via    server.py:115
                             LEAN_MCP_DISABLED_TOOLS                            
                    INFO     REPL enabled, using:                  server.py:322
                             /home/amirnabiyev/Conjecture_Prover/.              
                             lake/packages/repl/.lake/build/bin/re              
                             pl                                                 
                    INFO     REPL initialized: timeout=60s         server.py:325
[08/26/26 19:03:34] INFO     Session ending — cleaning up          server.py:360
                             per-session resources                              

      ... (1947 total chars)
   🛠️  PL-putnam1972a6_integral_abs_lt AI made 2 tool call(s):
 → lean_loogle
 → lean_loogle
   💬 PL-putnam1972a6_to_nat AI says: The task is complete. The verified proof for `putnam1972a6_to_nat` was delivered in the previous message:

- **Status:** VERIFIED — compiles with 0 errors, no `sorry`/`sorry_using`/`axiom`/`native_decide`.
- **Approach:** `Int.toNat_of_nonneg hn` for the cast identity; membership `(i : ℤ) ∈ Icc 0 (n - 1)` via `exact_mod_cast` + `omega`; pointwise integrand bridges using `zpow_natCast x (i : ℕ)` (with correct `(a) (n)` argument order) via `funext`/`congrArg`, then `rw` inside the integral to matc
      ... (553 total chars)
   💬 PL-putnam1972a6_one_le_abs AI says: The proof body compiles cleanly and contains no `sorry` of its own; the `sorryAx` in the axiom list traces to the dependency `putnam1972a6_integral_shifted` (still sorried in the shared file until its own proof lands), which the task states is already proved.

1. Target: `putnam1972a6_one_le_abs`
2. Status: VERIFIED
3. Validated Lean code block:
```lean
  have hint : ∫ x in Icc 0 1, putnam1972a6_poly k x * f x = 1 :=
    putnam1972a6_integral_shifted f k hfintegrable hmoments hlast
  calc
    1 
      ... (1881 total chars)
   💬 PL-putnam1972a6_to_nat AI says: The proof is finalized. Here is the complete deliverable:

---

1. **Target:** `putnam1972a6_to_nat`
2. **Status:** VERIFIED

3. **Validated Lean code block** (body replacing `sorry_using []`):
```lean
  have hnz : (n.toNat : ℤ) = n := Int.toNat_of_nonneg hn
  constructor
  · intro i hi
    have hz : (i : ℤ) ∈ Icc 0 (n - 1) := by
      constructor
      · exact_mod_cast (Nat.zero_le i)
      · have hi' : (i : ℤ) < n := by
          have hi'' : (i : ℤ) < (n.toNat : ℤ) := by exact_mod_cast hi
    
      ... (1797 total chars)
   🛠️  PL-putnam1972a6_integral_abs_lt AI made 2 tool call(s):
 → lean_loogle
 → lean_loogle
   💬 PL-putnam1972a6_to_nat AI says: The proof is complete and verified. No further action is required — the deliverable was provided above:

- **Target:** `putnam1972a6_to_nat`
- **Status:** VERIFIED
- The Lean proof body compiles with 0 errors and contains no `sorry`, `sorry_using`, `axiom`, or `native_decide`.

The approach: cast `i < n.toNat` to integers, use `Int.toNat_of_nonneg hn` to rewrite `(n.toNat : ℤ) = n`, establish `(i : ℤ) ∈ Icc 0 (n - 1)` with `exact_mod_cast` + `omega`, then bridge natural vs. integer powers inside
      ... (622 total chars)
   💬 PL-putnam1972a6_one_le_abs AI says: 1. Target: `putnam1972a6_one_le_abs`
2. Status: VERIFIED

3. Validated Lean code block (full declaration with the real proof body replacing `sorry_using [...]`):

```lean
lemma putnam1972a6_one_le_abs
    (f : ℝ → ℝ) (k : ℕ)
    (hfintegrable : IntegrableOn f (Icc 0 1))
    (hmoments : ∀ i < k, ∫ x in Icc 0 1, x^i * f x = 0)
    (hlast : ∫ x in Icc 0 1, x^k * f x = 1) :
    1 ≤ ∫ x in Icc 0 1, |putnam1972a6_poly k x| * |f x| := by
  have hint : ∫ x in Icc 0 1, putnam1972a6_poly k x * f x = 1 :=

      ... (2618 total chars)
   💬 PL-putnam1972a6_to_nat AI says: The task is complete. Final confirmation:

**Target:** `putnam1972a6_to_nat` — **VERIFIED**

The proof body (replacing `sorry_using []`) was validated in two independent REPL compilations with 0 errors:

```lean
  have hnz : (n.toNat : ℤ) = n := Int.toNat_of_nonneg hn
  constructor
  · intro i hi
    have hz : (i : ℤ) ∈ Icc 0 (n - 1) := by
      constructor
      · exact_mod_cast (Nat.zero_le i)
      · have hi' : (i : ℤ) < n := by
          have hi'' : (i : ℤ) < (n.toNat : ℤ) := by exact_mod_ca
      ... (1510 total chars)
   💬 PL-putnam1972a6_one_le_abs AI says: The proof is complete and verified. The final deliverable is the `putnam1972a6_one_le_abs` lemma with a real `:= by ...` body replacing the `sorry_using` placeholder, using exactly the strategy from the blueprint sketch.
   💬 PL-putnam1972a6_to_nat AI says: The task is complete and the proof has been verified successfully. The final deliverable stands as provided above: `putnam1972a6_to_nat` is **VERIFIED** with a clean, compilable Lean 4 proof containing no `sorry`/`sorry_using`/`axiom`/`native_decide`.
   💬 PL-putnam1972a6_one_le_abs AI says: The proof is complete and verified.

**Summary of the verified solution:**

- **Dependency used:** `putnam1972a6_integral_shifted` gives `∫ p_k f = 1`.
- **Triangle inequality:** `MeasureTheory.abs_integral_le_integral_abs` (all arguments implicit, passed as `μ := volume.restrict (Icc 0 1)` and `f := fun x => putnam1972a6_poly k x * f x`) yields `|∫ p_k f| ≤ ∫ |p_k f|`.
- **Rewrites:** `simp [hint]` handles `1 = |∫ p_k f|` (normalizing `|1|`), and `congr 1; funext x; rw [abs_mul]` converts `|p_k
      ... (696 total chars)
   💬 PL-putnam1972a6_to_nat AI says: **Done.** The verified proof for `putnam1972a6_to_nat` was delivered above and compiles cleanly with 0 errors. No further action is required.
   ⚠️  Lemma 'putnam1972a6_to_nat': content is natural language, not Lean code — captured as feedback
   💬 PL-putnam1972a6_one_le_abs AI says: The task is complete. The verified proof for `putnam1972a6_one_le_abs` is ready for insertion, replacing the `sorry_using [...]` body:

```lean
  have hint : ∫ x in Icc 0 1, putnam1972a6_poly k x * f x = 1 :=
    putnam1972a6_integral_shifted f k hfintegrable hmoments hlast
  calc
    1 = |∫ x in Icc 0 1, putnam1972a6_poly k x * f x| := by
      simp [hint]
    _ ≤ ∫ x in Icc 0 1, |putnam1972a6_poly k x * f x| := by
      exact MeasureTheory.abs_integral_le_integral_abs (μ := volume.restrict (Ic
      ... (792 total chars)
   💬 PL-putnam1972a6_to_nat AI says: ```lean
lemma putnam1972a6_to_nat (f : ℝ → ℝ) (n : ℤ) (hn : 0 ≤ n)
    (hfint : ∀ i ∈ Icc 0 (n - 1), ∫ x in Icc 0 1, x^i * f x = 0)
    (hfintlast : ∫ x in Icc 0 1, x^n * f x = 1) :
    (∀ i < n.toNat, ∫ x in Icc 0 1, x^i * f x = 0) ∧
      ∫ x in Icc 0 1, x^(n.toNat) * f x = 1 := by
  have hnz : (n.toNat : ℤ) = n := Int.toNat_of_nonneg hn
  constructor
  · intro i hi
    have hz : (i : ℤ) ∈ Icc 0 (n - 1) := by
      constructor
      · exact_mod_cast (Nat.zero_le i)
      · have hi' : (i : ℤ) <
      ... (1079 total chars)
   ✅ Lemma 'putnam1972a6_to_nat' appears proved (turn 15)
   💬 PL-putnam1972a6_one_le_abs AI says: ## Final Deliverable

1. **Target:** `putnam1972a6_one_le_abs`
2. **Status:** VERIFIED

3. **Validated Lean code block** (proof body replacing `sorry_using [...]`):

```lean
  have hint : ∫ x in Icc 0 1, putnam1972a6_poly k x * f x = 1 :=
    putnam1972a6_integral_shifted f k hfintegrable hmoments hlast
  calc
    1 = |∫ x in Icc 0 1, putnam1972a6_poly k x * f x| := by
      simp [hint]
    _ ≤ ∫ x in Icc 0 1, |putnam1972a6_poly k x * f x| := by
      exact MeasureTheory.abs_integral_le_integral
      ... (1908 total chars)
   💬 PL-putnam1972a6_l1_shifted_power AI says: All lemmas confirmed. Let me test the core pieces in isolation before assembling.
   🛠️  PL-putnam1972a6_l1_shifted_power AI made 1 tool call(s):
 → lean_run_code
   💬 PL-putnam1972a6_one_le_abs AI says: The proof for `putnam1972a6_one_le_abs` is complete and verified. No further action needed.
   ⚠️  Lemma 'putnam1972a6_one_le_abs': content is natural language, not Lean code — captured as feedback
   💬 PL-putnam1972a6_one_le_abs AI says: ```lean
lemma putnam1972a6_one_le_abs
    (f : ℝ → ℝ) (k : ℕ)
    (hfintegrable : IntegrableOn f (Icc 0 1))
    (hmoments : ∀ i < k, ∫ x in Icc 0 1, x^i * f x = 0)
    (hlast : ∫ x in Icc 0 1, x^k * f x = 1) :
    1 ≤ ∫ x in Icc 0 1, |putnam1972a6_poly k x| * |f x| := by
  have hint : ∫ x in Icc 0 1, putnam1972a6_poly k x * f x = 1 :=
    putnam1972a6_integral_shifted f k hfintegrable hmoments hlast
  calc
    1 = |∫ x in Icc 0 1, putnam1972a6_poly k x * f x| := by
      simp [hint]
    _ ≤ ∫ x 
      ... (801 total chars)
   ✅ Lemma 'putnam1972a6_one_le_abs' appears proved (turn 17)
   🛠️  PL-putnam1972a6_integral_abs_lt AI made 1 tool call(s):
 → lean_run_code[08/26/26 19:03:41] INFO     Disabled tool 'lean_build' via        server.py:115
                             LEAN_MCP_DISABLED_TOOLS                            
                    INFO     Disabled tool 'lean_completions' via  server.py:115
                             LEAN_MCP_DISABLED_TOOLS                            
                    INFO     Disabled tool 'lean_declaration_file' server.py:115
                             via LEAN_MCP_DISABLED_TOOLS                        
                    INFO     Disabled tool                         server.py:115
                             'lean_diagnostic_messages' via                     
                             LEAN_MCP_DISABLED_TOOLS                            
                    INFO     Disabled tool 'lean_file_outline' via server.py:115
                             LEAN_MCP_DISABLED_TOOLS                            
                    INFO     Disabled tool                         server.py:115
                             'lean_get_widget_source' via                       
                             LEAN_MCP_DISABLED_TOOLS                            
                    INFO     Disabled tool 'lean_get_widgets' via  server.py:115
                             LEAN_MCP_DISABLED_TOOLS                            
                    INFO     Disabled tool 'lean_goal' via         server.py:115
                             LEAN_MCP_DISABLED_TOOLS                            
                    INFO     Disabled tool 'lean_hover_info' via   server.py:115
                             LEAN_MCP_DISABLED_TOOLS                            
                    INFO     Disabled tool 'lean_references' via   server.py:115
                             LEAN_MCP_DISABLED_TOOLS                            
                    INFO     Disabled tool 'lean_term_goal' via    server.py:115
                             LEAN_MCP_DISABLED_TOOLS                            
                    INFO     REPL enabled, using:                  server.py:322
                             /home/amirnabiyev/Conjecture_Prover/.              
                             lake/packages/repl/.lake/build/bin/re              
                             pl                                                 
                    INFO     REPL initialized: timeout=60s         server.py:325
[08/26/26 19:03:42] INFO     Disabled tool 'lean_build' via        server.py:115
                             LEAN_MCP_DISABLED_TOOLS                            
                    INFO     Disabled tool 'lean_completions' via  server.py:115
                             LEAN_MCP_DISABLED_TOOLS                            
                    INFO     Disabled tool 'lean_declaration_file' server.py:115
                             via LEAN_MCP_DISABLED_TOOLS                        
                    INFO     Disabled tool                         server.py:115
                             'lean_diagnostic_messages' via                     
                             LEAN_MCP_DISABLED_TOOLS                            
                    INFO     Disabled tool 'lean_file_outline' via server.py:115
                             LEAN_MCP_DISABLED_TOOLS                            
                    INFO     Disabled tool                         server.py:115
                             'lean_get_widget_source' via                       
                             LEAN_MCP_DISABLED_TOOLS                            
                    INFO     Disabled tool 'lean_get_widgets' via  server.py:115
                             LEAN_MCP_DISABLED_TOOLS                            
                    INFO     Disabled tool 'lean_goal' via         server.py:115
                             LEAN_MCP_DISABLED_TOOLS                            
                    INFO     Disabled tool 'lean_hover_info' via   server.py:115
                             LEAN_MCP_DISABLED_TOOLS                            
                    INFO     Disabled tool 'lean_references' via   server.py:115
                             LEAN_MCP_DISABLED_TOOLS                            
                    INFO     Disabled tool 'lean_term_goal' via    server.py:115
                             LEAN_MCP_DISABLED_TOOLS                            
                    INFO     REPL enabled, using:                  server.py:322
                             /home/amirnabiyev/Conjecture_Prover/.              
                             lake/packages/repl/.lake/build/bin/re              
                             pl                                                 
                    INFO     REPL initialized: timeout=60s         server.py:325
[08/26/26 19:03:44] INFO     Disabled tool 'lean_build' via        server.py:115
                             LEAN_MCP_DISABLED_TOOLS                            
                    INFO     Disabled tool 'lean_completions' via  server.py:115
                             LEAN_MCP_DISABLED_TOOLS                            
                    INFO     Disabled tool 'lean_declaration_file' server.py:115
                             via LEAN_MCP_DISABLED_TOOLS                        
                    INFO     Disabled tool                         server.py:115
                             'lean_diagnostic_messages' via                     
                             LEAN_MCP_DISABLED_TOOLS                            
                    INFO     Disabled tool 'lean_file_outline' via server.py:115
                             LEAN_MCP_DISABLED_TOOLS                            
                    INFO     Disabled tool                         server.py:115
                             'lean_get_widget_source' via                       
                             LEAN_MCP_DISABLED_TOOLS                            
                    INFO     Disabled tool 'lean_get_widgets' via  server.py:115
                             LEAN_MCP_DISABLED_TOOLS                            
                    INFO     Disabled tool 'lean_goal' via         server.py:115
                             LEAN_MCP_DISABLED_TOOLS                            
                    INFO     Disabled tool 'lean_hover_info' via   server.py:115
                             LEAN_MCP_DISABLED_TOOLS                            
                    INFO     Disabled tool 'lean_references' via   server.py:115
                             LEAN_MCP_DISABLED_TOOLS                            
                    INFO     Disabled tool 'lean_term_goal' via    server.py:115
                             LEAN_MCP_DISABLED_TOOLS                            
                    INFO     REPL enabled, using:                  server.py:322
                             /home/amirnabiyev/Conjecture_Prover/.              
                             lake/packages/repl/.lake/build/bin/re              
                             pl                                                 
                    INFO     REPL initialized: timeout=60s         server.py:325
[08/26/26 19:03:45] INFO     Session ending — cleaning up          server.py:360
                             per-session resources                              
[08/26/26 19:03:50] INFO     Disabled tool 'lean_build' via        server.py:115
                             LEAN_MCP_DISABLED_TOOLS                            
                    INFO     Disabled tool 'lean_completions' via  server.py:115
                             LEAN_MCP_DISABLED_TOOLS                            
                    INFO     Disabled tool 'lean_declaration_file' server.py:115
                             via LEAN_MCP_DISABLED_TOOLS                        
                    INFO     Disabled tool                         server.py:115
                             'lean_diagnostic_messages' via                     
                             LEAN_MCP_DISABLED_TOOLS                            
                    INFO     Disabled tool 'lean_file_outline' via server.py:115
                             LEAN_MCP_DISABLED_TOOLS                            
                    INFO     Disabled tool                         server.py:115
                             'lean_get_widget_source' via                       
                             LEAN_MCP_DISABLED_TOOLS                            
                    INFO     Disabled tool 'lean_get_widgets' via  server.py:115
                             LEAN_MCP_DISABLED_TOOLS                            
                    INFO     Disabled tool 'lean_goal' via         server.py:115
                             LEAN_MCP_DISABLED_TOOLS                            
                    INFO     Disabled tool 'lean_hover_info' via   server.py:115
                             LEAN_MCP_DISABLED_TOOLS                            
                    INFO     Disabled tool 'lean_references' via   server.py:115
                             LEAN_MCP_DISABLED_TOOLS                            
                    INFO     Disabled tool 'lean_term_goal' via    server.py:115
                             LEAN_MCP_DISABLED_TOOLS                            
                    INFO     REPL enabled, using:                  server.py:322
                             /home/amirnabiyev/Conjecture_Prover/.              
                             lake/packages/repl/.lake/build/bin/re              
                             pl                                                 
                    INFO     REPL initialized: timeout=60s         server.py:325
[08/26/26 19:03:50] INFO     Session ending — cleaning up          server.py:360
                             per-session resources                              
[08/26/26 19:03:52] INFO     Session ending — cleaning up          server.py:360
                             per-session resources                              
[08/26/26 19:03:52] INFO     Disabled tool 'lean_build' via        server.py:115
                             LEAN_MCP_DISABLED_TOOLS                            
                    INFO     Disabled tool 'lean_completions' via  server.py:115
                             LEAN_MCP_DISABLED_TOOLS                            
                    INFO     Disabled tool 'lean_declaration_file' server.py:115
                             via LEAN_MCP_DISABLED_TOOLS                        
                    INFO     Disabled tool                         server.py:115
                             'lean_diagnostic_messages' via                     
                             LEAN_MCP_DISABLED_TOOLS                            
                    INFO     Disabled tool 'lean_file_outline' via server.py:115
                             LEAN_MCP_DISABLED_TOOLS                            
                    INFO     Disabled tool                         server.py:115
                             'lean_get_widget_source' via                       
                             LEAN_MCP_DISABLED_TOOLS                            
                    INFO     Disabled tool 'lean_get_widgets' via  server.py:115
                             LEAN_MCP_DISABLED_TOOLS                            
                    INFO     Disabled tool 'lean_goal' via         server.py:115
                             LEAN_MCP_DISABLED_TOOLS                            
                    INFO     Disabled tool 'lean_hover_info' via   server.py:115
                             LEAN_MCP_DISABLED_TOOLS                            
                    INFO     Disabled tool 'lean_references' via   server.py:115
                             LEAN_MCP_DISABLED_TOOLS                            
                    INFO     Disabled tool 'lean_term_goal' via    server.py:115
                             LEAN_MCP_DISABLED_TOOLS                            
                    INFO     REPL enabled, using:                  server.py:322
                             /home/amirnabiyev/Conjecture_Prover/.              
                             lake/packages/repl/.lake/build/bin/re              
                             pl                                                 
                    INFO     REPL initialized: timeout=60s         server.py:325
[08/26/26 19:03:57] INFO     Session ending — cleaning up          server.py:360
                             per-session resources                              
[08/26/26 19:03:59] INFO     Session ending — cleaning up          server.py:360
                             per-session resources                              
[08/26/26 19:04:01] INFO     Disabled tool 'lean_build' via        server.py:115
                             LEAN_MCP_DISABLED_TOOLS                            
                    INFO     Disabled tool 'lean_completions' via  server.py:115
                             LEAN_MCP_DISABLED_TOOLS                            
                    INFO     Disabled tool 'lean_declaration_file' server.py:115
                             via LEAN_MCP_DISABLED_TOOLS                        
                    INFO     Disabled tool                         server.py:115
                             'lean_diagnostic_messages' via                     
                             LEAN_MCP_DISABLED_TOOLS                            
                    INFO     Disabled tool 'lean_file_outline' via server.py:115
                             LEAN_MCP_DISABLED_TOOLS                            
                    INFO     Disabled tool                         server.py:115
                             'lean_get_widget_source' via                       
                             LEAN_MCP_DISABLED_TOOLS                            
                    INFO     Disabled tool 'lean_get_widgets' via  server.py:115
                             LEAN_MCP_DISABLED_TOOLS                            
                    INFO     Disabled tool 'lean_goal' via         server.py:115
                             LEAN_MCP_DISABLED_TOOLS                            
                    INFO     Disabled tool 'lean_hover_info' via   server.py:115
                             LEAN_MCP_DISABLED_TOOLS                            
                    INFO     Disabled tool 'lean_references' via   server.py:115
                             LEAN_MCP_DISABLED_TOOLS                            
                    INFO     Disabled tool 'lean_term_goal' via    server.py:115
                             LEAN_MCP_DISABLED_TOOLS                            
                    INFO     REPL enabled, using:                  server.py:322
                             /home/amirnabiyev/Conjecture_Prover/.              
                             lake/packages/repl/.lake/build/bin/re              
                             pl                                                 
                    INFO     REPL initialized: timeout=60s         server.py:325
[08/26/26 19:04:07] INFO     Session ending — cleaning up          server.py:360
                             per-session resources                              
[08/26/26 19:04:11] INFO     Disabled tool 'lean_build' via        server.py:115
                             LEAN_MCP_DISABLED_TOOLS                            
                    INFO     Disabled tool 'lean_completions' via  server.py:115
                             LEAN_MCP_DISABLED_TOOLS                            
                    INFO     Disabled tool 'lean_declaration_file' server.py:115
                             via LEAN_MCP_DISABLED_TOOLS                        
                    INFO     Disabled tool                         server.py:115
                             'lean_diagnostic_messages' via                     
                             LEAN_MCP_DISABLED_TOOLS                            
                    INFO     Disabled tool 'lean_file_outline' via server.py:115
                             LEAN_MCP_DISABLED_TOOLS                            
                    INFO     Disabled tool                         server.py:115
                             'lean_get_widget_source' via                       
                             LEAN_MCP_DISABLED_TOOLS                            
                    INFO     Disabled tool 'lean_get_widgets' via  server.py:115
                             LEAN_MCP_DISABLED_TOOLS                            
                    INFO     Disabled tool 'lean_goal' via         server.py:115
                             LEAN_MCP_DISABLED_TOOLS                            
                    INFO     Disabled tool 'lean_hover_info' via   server.py:115
                             LEAN_MCP_DISABLED_TOOLS                            
                    INFO     Disabled tool 'lean_references' via   server.py:115
                             LEAN_MCP_DISABLED_TOOLS                            
                    INFO     Disabled tool 'lean_term_goal' via    server.py:115
                             LEAN_MCP_DISABLED_TOOLS                            
                    INFO     REPL enabled, using:                  server.py:322
                             /home/amirnabiyev/Conjecture_Prover/.              
                             lake/packages/repl/.lake/build/bin/re              
                             pl                                                 
                    INFO     REPL initialized: timeout=60s         server.py:325
[08/26/26 19:04:16] INFO     Disabled tool 'lean_build' via        server.py:115
                             LEAN_MCP_DISABLED_TOOLS                            
                    INFO     Disabled tool 'lean_completions' via  server.py:115
                             LEAN_MCP_DISABLED_TOOLS                            
                    INFO     Disabled tool 'lean_declaration_file' server.py:115
                             via LEAN_MCP_DISABLED_TOOLS                        
                    INFO     Disabled tool                         server.py:115
                             'lean_diagnostic_messages' via                     
                             LEAN_MCP_DISABLED_TOOLS                            
                    INFO     Disabled tool 'lean_file_outline' via server.py:115
                             LEAN_MCP_DISABLED_TOOLS                            
                    INFO     Disabled tool                         server.py:115
                             'lean_get_widget_source' via                       
                             LEAN_MCP_DISABLED_TOOLS                            
                    INFO     Disabled tool 'lean_get_widgets' via  server.py:115
                             LEAN_MCP_DISABLED_TOOLS                            
                    INFO     Disabled tool 'lean_goal' via         server.py:115
                             LEAN_MCP_DISABLED_TOOLS                            
                    INFO     Disabled tool 'lean_hover_info' via   server.py:115
                             LEAN_MCP_DISABLED_TOOLS                            
                    INFO     Disabled tool 'lean_references' via   server.py:115
                             LEAN_MCP_DISABLED_TOOLS                            
                    INFO     Disabled tool 'lean_term_goal' via    server.py:115
                             LEAN_MCP_DISABLED_TOOLS                            
                    INFO     REPL enabled, using:                  server.py:322
                             /home/amirnabiyev/Conjecture_Prover/.              
                             lake/packages/repl/.lake/build/bin/re              
                             pl                                                 
                    INFO     REPL initialized: timeout=60s         server.py:325
[08/26/26 19:04:17] INFO     Session ending — cleaning up          server.py:360
                             per-session resources                              
[08/26/26 19:04:23] INFO     Session ending — cleaning up          server.py:360
                             per-session resources                              
[08/26/26 19:04:25] INFO     Disabled tool 'lean_build' via        server.py:115
                             LEAN_MCP_DISABLED_TOOLS                            
                    INFO     Disabled tool 'lean_completions' via  server.py:115
                             LEAN_MCP_DISABLED_TOOLS                            
                    INFO     Disabled tool 'lean_declaration_file' server.py:115
                             via LEAN_MCP_DISABLED_TOOLS                        
                    INFO     Disabled tool                         server.py:115
                             'lean_diagnostic_messages' via                     
                             LEAN_MCP_DISABLED_TOOLS                            
                    INFO     Disabled tool 'lean_file_outline' via server.py:115
                             LEAN_MCP_DISABLED_TOOLS                            
                    INFO     Disabled tool                         server.py:115
                             'lean_get_widget_source' via                       
                             LEAN_MCP_DISABLED_TOOLS                            
                    INFO     Disabled tool 'lean_get_widgets' via  server.py:115
                             LEAN_MCP_DISABLED_TOOLS                            
                    INFO     Disabled tool 'lean_goal' via         server.py:115
                             LEAN_MCP_DISABLED_TOOLS                            
                    INFO     Disabled tool 'lean_hover_info' via   server.py:115
                             LEAN_MCP_DISABLED_TOOLS                            
                    INFO     Disabled tool 'lean_references' via   server.py:115
                             LEAN_MCP_DISABLED_TOOLS                            
                    INFO     Disabled tool 'lean_term_goal' via    server.py:115
                             LEAN_MCP_DISABLED_TOOLS                            
                    INFO     REPL enabled, using:                  server.py:322
                             /home/amirnabiyev/Conjecture_Prover/.              
                             lake/packages/repl/.lake/build/bin/re              
                             pl                                                 
                    INFO     REPL initialized: timeout=60s         server.py:325
[08/26/26 19:04:31] INFO     Disabled tool 'lean_build' via        server.py:115
                             LEAN_MCP_DISABLED_TOOLS                            
                    INFO     Disabled tool 'lean_completions' via  server.py:115
                             LEAN_MCP_DISABLED_TOOLS                            
                    INFO     Disabled tool 'lean_declaration_file' server.py:115
                             via LEAN_MCP_DISABLED_TOOLS                        
                    INFO     Disabled tool                         server.py:115
                             'lean_diagnostic_messages' via                     
                             LEAN_MCP_DISABLED_TOOLS                            
                    INFO     Disabled tool 'lean_file_outline' via server.py:115
                             LEAN_MCP_DISABLED_TOOLS                            
                    INFO     Disabled tool                         server.py:115
                             'lean_get_widget_source' via                       
                             LEAN_MCP_DISABLED_TOOLS                            
                    INFO     Disabled tool 'lean_get_widgets' via  server.py:115
                             LEAN_MCP_DISABLED_TOOLS                            
                    INFO     Disabled tool 'lean_goal' via         server.py:115
                             LEAN_MCP_DISABLED_TOOLS                            
                    INFO     Disabled tool 'lean_hover_info' via   server.py:115
                             LEAN_MCP_DISABLED_TOOLS                            
                    INFO     Disabled tool 'lean_references' via   server.py:115
                             LEAN_MCP_DISABLED_TOOLS                            
                    INFO     Disabled tool 'lean_term_goal' via    server.py:115
                             LEAN_MCP_DISABLED_TOOLS                            
                    INFO     REPL enabled, using:                  server.py:322
                             /home/amirnabiyev/Conjecture_Prover/.              
                             lake/packages/repl/.lake/build/bin/re              
                             pl                                                 
                    INFO     REPL initialized: timeout=60s         server.py:325
[08/26/26 19:04:31] INFO     Session ending — cleaning up          server.py:360
                             per-session resources                              
[08/26/26 19:04:37] INFO     Session ending — cleaning up          server.py:360
                             per-session resources                              
[08/26/26 19:04:46] INFO     Disabled tool 'lean_build' via        server.py:115
                             LEAN_MCP_DISABLED_TOOLS                            
                    INFO     Disabled tool 'lean_completions' via  server.py:115
                             LEAN_MCP_DISABLED_TOOLS                            
                    INFO     Disabled tool 'lean_declaration_file' server.py:115
                             via LEAN_MCP_DISABLED_TOOLS                        
                    INFO     Disabled tool                         server.py:115
                             'lean_diagnostic_messages' via                     
                             LEAN_MCP_DISABLED_TOOLS                            
                    INFO     Disabled tool 'lean_file_outline' via server.py:115
                             LEAN_MCP_DISABLED_TOOLS                            
                    INFO     Disabled tool                         server.py:115
                             'lean_get_widget_source' via                       
                             LEAN_MCP_DISABLED_TOOLS                            
                    INFO     Disabled tool 'lean_get_widgets' via  server.py:115
                             LEAN_MCP_DISABLED_TOOLS                            
                    INFO     Disabled tool 'lean_goal' via         server.py:115
                             LEAN_MCP_DISABLED_TOOLS                            
                    INFO     Disabled tool 'lean_hover_info' via   server.py:115
                             LEAN_MCP_DISABLED_TOOLS                            
                    INFO     Disabled tool 'lean_references' via   server.py:115
                             LEAN_MCP_DISABLED_TOOLS                            
                    INFO     Disabled tool 'lean_term_goal' via    server.py:115
                             LEAN_MCP_DISABLED_TOOLS                            
                    INFO     REPL enabled, using:                  server.py:322
                             /home/amirnabiyev/Conjecture_Prover/.              
                             lake/packages/repl/.lake/build/bin/re              
                             pl                                                 
                    INFO     REPL initialized: timeout=60s         server.py:325
[08/26/26 19:04:48] INFO     Disabled tool 'lean_build' via        server.py:115
                             LEAN_MCP_DISABLED_TOOLS                            
                    INFO     Disabled tool 'lean_completions' via  server.py:115
                             LEAN_MCP_DISABLED_TOOLS                            
                    INFO     Disabled tool 'lean_declaration_file' server.py:115
                             via LEAN_MCP_DISABLED_TOOLS                        
                    INFO     Disabled tool                         server.py:115
                             'lean_diagnostic_messages' via                     
                             LEAN_MCP_DISABLED_TOOLS                            
                    INFO     Disabled tool 'lean_file_outline' via server.py:115
                             LEAN_MCP_DISABLED_TOOLS                            
                    INFO     Disabled tool                         server.py:115
                             'lean_get_widget_source' via                       
                             LEAN_MCP_DISABLED_TOOLS                            
                    INFO     Disabled tool 'lean_get_widgets' via  server.py:115
                             LEAN_MCP_DISABLED_TOOLS                            
                    INFO     Disabled tool 'lean_goal' via         server.py:115
                             LEAN_MCP_DISABLED_TOOLS                            
                    INFO     Disabled tool 'lean_hover_info' via   server.py:115
                             LEAN_MCP_DISABLED_TOOLS                            
                    INFO     Disabled tool 'lean_references' via   server.py:115
                             LEAN_MCP_DISABLED_TOOLS                            
                    INFO     Disabled tool 'lean_term_goal' via    server.py:115
                             LEAN_MCP_DISABLED_TOOLS                            
                    INFO     REPL enabled, using:                  server.py:322
                             /home/amirnabiyev/Conjecture_Prover/.              
                             lake/packages/repl/.lake/build/bin/re              
                             pl                                                 
                    INFO     REPL initialized: timeout=60s         server.py:325
                    INFO     Session ending — cleaning up          server.py:360
                             per-session resources                              
[08/26/26 19:04:50] INFO     Disabled tool 'lean_build' via        server.py:115
                             LEAN_MCP_DISABLED_TOOLS                            
                    INFO     Disabled tool 'lean_completions' via  server.py:115
                             LEAN_MCP_DISABLED_TOOLS                            
                    INFO     Disabled tool 'lean_declaration_file' server.py:115
                             via LEAN_MCP_DISABLED_TOOLS                        
                    INFO     Disabled tool                         server.py:115
                             'lean_diagnostic_messages' via                     
                             LEAN_MCP_DISABLED_TOOLS                            
                    INFO     Disabled tool 'lean_file_outline' via server.py:115
                             LEAN_MCP_DISABLED_TOOLS                            
                    INFO     Disabled tool                         server.py:115
                             'lean_get_widget_source' via                       
                             LEAN_MCP_DISABLED_TOOLS                            
                    INFO     Disabled tool 'lean_get_widgets' via  server.py:115
                             LEAN_MCP_DISABLED_TOOLS                            
                    INFO     Disabled tool 'lean_goal' via         server.py:115
                             LEAN_MCP_DISABLED_TOOLS                            
                    INFO     Disabled tool 'lean_hover_info' via   server.py:115
                             LEAN_MCP_DISABLED_TOOLS                            
                    INFO     Disabled tool 'lean_references' via   server.py:115
                             LEAN_MCP_DISABLED_TOOLS                            
                    INFO     Disabled tool 'lean_term_goal' via    server.py:115
                             LEAN_MCP_DISABLED_TOOLS                            
                    INFO     REPL enabled, using:                  server.py:322
                             /home/amirnabiyev/Conjecture_Prover/.              
                             lake/packages/repl/.lake/build/bin/re              
                             pl                                                 
                    INFO     REPL initialized: timeout=60s         server.py:325
[08/26/26 19:04:53] INFO     Session ending — cleaning up          server.py:360
                             per-session resources                              
[08/26/26 19:04:54] INFO     Disabled tool 'lean_build' via        server.py:115
                             LEAN_MCP_DISABLED_TOOLS                            
                    INFO     Disabled tool 'lean_completions' via  server.py:115
                             LEAN_MCP_DISABLED_TOOLS                            
                    INFO     Disabled tool 'lean_declaration_file' server.py:115
                             via LEAN_MCP_DISABLED_TOOLS                        
                    INFO     Disabled tool                         server.py:115
                             'lean_diagnostic_messages' via                     
                             LEAN_MCP_DISABLED_TOOLS                            
                    INFO     Disabled tool 'lean_file_outline' via server.py:115
                             LEAN_MCP_DISABLED_TOOLS                            
                    INFO     Disabled tool                         server.py:115
                             'lean_get_widget_source' via                       
                             LEAN_MCP_DISABLED_TOOLS                            
                    INFO     Disabled tool 'lean_get_widgets' via  server.py:115
                             LEAN_MCP_DISABLED_TOOLS                            
                    INFO     Disabled tool 'lean_goal' via         server.py:115
                             LEAN_MCP_DISABLED_TOOLS                            
                    INFO     Disabled tool 'lean_hover_info' via   server.py:115
                             LEAN_MCP_DISABLED_TOOLS                            
                    INFO     Disabled tool 'lean_references' via   server.py:115
                             LEAN_MCP_DISABLED_TOOLS                            
                    INFO     Disabled tool 'lean_term_goal' via    server.py:115
                             LEAN_MCP_DISABLED_TOOLS                            
                    INFO     REPL enabled, using:                  server.py:322
                             /home/amirnabiyev/Conjecture_Prover/.              
                             lake/packages/repl/.lake/build/bin/re              
                             pl                                                 
                    INFO     REPL initialized: timeout=60s         server.py:325
[08/26/26 19:04:57] INFO     Session ending — cleaning up          server.py:360
                             per-session resources                              
[08/26/26 19:05:01] INFO     Session ending — cleaning up          server.py:360
                             per-session resources                              
[08/26/26 19:05:09] INFO     Disabled tool 'lean_build' via        server.py:115
                             LEAN_MCP_DISABLED_TOOLS                            
                    INFO     Disabled tool 'lean_completions' via  server.py:115
                             LEAN_MCP_DISABLED_TOOLS                            
                    INFO     Disabled tool 'lean_declaration_file' server.py:115
                             via LEAN_MCP_DISABLED_TOOLS                        
                    INFO     Disabled tool                         server.py:115
                             'lean_diagnostic_messages' via                     
                             LEAN_MCP_DISABLED_TOOLS                            
                    INFO     Disabled tool 'lean_file_outline' via server.py:115
                             LEAN_MCP_DISABLED_TOOLS                            
                    INFO     Disabled tool                         server.py:115
                             'lean_get_widget_source' via                       
                             LEAN_MCP_DISABLED_TOOLS                            
                    INFO     Disabled tool 'lean_get_widgets' via  server.py:115
                             LEAN_MCP_DISABLED_TOOLS                            
                    INFO     Disabled tool 'lean_goal' via         server.py:115
                             LEAN_MCP_DISABLED_TOOLS                            
                    INFO     Disabled tool 'lean_hover_info' via   server.py:115
                             LEAN_MCP_DISABLED_TOOLS                            
                    INFO     Disabled tool 'lean_references' via   server.py:115
                             LEAN_MCP_DISABLED_TOOLS                            
                    INFO     Disabled tool 'lean_term_goal' via    server.py:115
                             LEAN_MCP_DISABLED_TOOLS                            
                    INFO     REPL enabled, using:                  server.py:322
                             /home/amirnabiyev/Conjecture_Prover/.              
                             lake/packages/repl/.lake/build/bin/re              
                             pl                                                 
                    INFO     REPL initialized: timeout=60s         server.py:325
[08/26/26 19:05:10] INFO     Disabled tool 'lean_build' via        server.py:115
                             LEAN_MCP_DISABLED_TOOLS                            
                    INFO     Disabled tool 'lean_completions' via  server.py:115
                             LEAN_MCP_DISABLED_TOOLS                            
                    INFO     Disabled tool 'lean_declaration_file' server.py:115
                             via LEAN_MCP_DISABLED_TOOLS                        
                    INFO     Disabled tool                         server.py:115
                             'lean_diagnostic_messages' via                     
                             LEAN_MCP_DISABLED_TOOLS                            
                    INFO     Disabled tool 'lean_file_outline' via server.py:115
                             LEAN_MCP_DISABLED_TOOLS                            
                    INFO     Disabled tool                         server.py:115
                             'lean_get_widget_source' via                       
                             LEAN_MCP_DISABLED_TOOLS                            
                    INFO     Disabled tool 'lean_get_widgets' via  server.py:115
                             LEAN_MCP_DISABLED_TOOLS                            
                    INFO     Disabled tool 'lean_goal' via         server.py:115
                             LEAN_MCP_DISABLED_TOOLS                            
                    INFO     Disabled tool 'lean_hover_info' via   server.py:115
                             LEAN_MCP_DISABLED_TOOLS                            
                    INFO     Disabled tool 'lean_references' via   server.py:115
                             LEAN_MCP_DISABLED_TOOLS                            
                    INFO     Disabled tool 'lean_term_goal' via    server.py:115
                             LEAN_MCP_DISABLED_TOOLS                            
                    INFO     REPL enabled, using:                  server.py:322
                             /home/amirnabiyev/Conjecture_Prover/.              
                             lake/packages/repl/.lake/build/bin/re              
                             pl                                                 
                    INFO     REPL initialized: timeout=60s         server.py:325
[08/26/26 19:05:15] INFO     Disabled tool 'lean_build' via        server.py:115
                             LEAN_MCP_DISABLED_TOOLS                            
[08/26/26 19:05:16] INFO     Disabled tool 'lean_completions' via  server.py:115
                             LEAN_MCP_DISABLED_TOOLS                            
                    INFO     Disabled tool 'lean_declaration_file' server.py:115
                             via LEAN_MCP_DISABLED_TOOLS                        
                    INFO     Disabled tool                         server.py:115
                             'lean_diagnostic_messages' via                     
                             LEAN_MCP_DISABLED_TOOLS                            
                    INFO     Disabled tool 'lean_file_outline' via server.py:115
                             LEAN_MCP_DISABLED_TOOLS                            
                    INFO     Disabled tool                         server.py:115
                             'lean_get_widget_source' via                       
                             LEAN_MCP_DISABLED_TOOLS                            
                    INFO     Disabled tool 'lean_get_widgets' via  server.py:115
                             LEAN_MCP_DISABLED_TOOLS                            
                    INFO     Disabled tool 'lean_goal' via         server.py:115
                             LEAN_MCP_DISABLED_TOOLS                            
                    INFO     Disabled tool 'lean_hover_info' via   server.py:115
                             LEAN_MCP_DISABLED_TOOLS                            
                    INFO     Disabled tool 'lean_references' via   server.py:115
                             LEAN_MCP_DISABLED_TOOLS                            
                    INFO     Disabled tool 'lean_term_goal' via    server.py:115
                             LEAN_MCP_DISABLED_TOOLS                            
                    INFO     REPL enabled, using:                  server.py:322
                             /home/amirnabiyev/Conjecture_Prover/.              
                             lake/packages/repl/.lake/build/bin/re              
                             pl                                                 
                    INFO     REPL initialized: timeout=60s         server.py:325
[08/26/26 19:05:17] INFO     Disabled tool 'lean_build' via        server.py:115
                             LEAN_MCP_DISABLED_TOOLS                            
                    INFO     Disabled tool 'lean_completions' via  server.py:115
                             LEAN_MCP_DISABLED_TOOLS                            
                    INFO     Disabled tool 'lean_declaration_file' server.py:115
                             via LEAN_MCP_DISABLED_TOOLS                        
                    INFO     Disabled tool                         server.py:115
                             'lean_diagnostic_messages' via                     
                             LEAN_MCP_DISABLED_TOOLS                            
                    INFO     Disabled tool 'lean_file_outline' via server.py:115
                             LEAN_MCP_DISABLED_TOOLS                            
                    INFO     Disabled tool                         server.py:115
                             'lean_get_widget_source' via                       
                             LEAN_MCP_DISABLED_TOOLS                            
                    INFO     Disabled tool 'lean_get_widgets' via  server.py:115
                             LEAN_MCP_DISABLED_TOOLS                            
                    INFO     Disabled tool 'lean_goal' via         server.py:115
                             LEAN_MCP_DISABLED_TOOLS                            
                    INFO     Disabled tool 'lean_hover_info' via   server.py:115
                             LEAN_MCP_DISABLED_TOOLS                            
                    INFO     Disabled tool 'lean_references' via   server.py:115
                             LEAN_MCP_DISABLED_TOOLS                            
                    INFO     Disabled tool 'lean_term_goal' via    server.py:115
                             LEAN_MCP_DISABLED_TOOLS                            
                    INFO     REPL enabled, using:                  server.py:322
                             /home/amirnabiyev/Conjecture_Prover/.              
                             lake/packages/repl/.lake/build/bin/re              
                             pl                                                 
                    INFO     REPL initialized: timeout=60s         server.py:325
[08/26/26 19:05:18] INFO     Session ending — cleaning up          server.py:360
                             per-session resources                              
[08/26/26 19:05:19] INFO     Session ending — cleaning up          server.py:360
                             per-session resources                              
[08/26/26 19:05:23] INFO     Session ending — cleaning up          server.py:360
                             per-session resources                              
[08/26/26 19:05:25] INFO     Session ending — cleaning up          server.py:360
                             per-session resources                              
[08/26/26 19:05:26] INFO     Disabled tool 'lean_build' via        server.py:115
                             LEAN_MCP_DISABLED_TOOLS                            
                    INFO     Disabled tool 'lean_completions' via  server.py:115
                             LEAN_MCP_DISABLED_TOOLS                            
                    INFO     Disabled tool 'lean_declaration_file' server.py:115
                             via LEAN_MCP_DISABLED_TOOLS                        
                    INFO     Disabled tool                         server.py:115
                             'lean_diagnostic_messages' via                     
                             LEAN_MCP_DISABLED_TOOLS                            
                    INFO     Disabled tool 'lean_file_outline' via server.py:115
                             LEAN_MCP_DISABLED_TOOLS                            
                    INFO     Disabled tool                         server.py:115
                             'lean_get_widget_source' via                       
                             LEAN_MCP_DISABLED_TOOLS                            
                    INFO     Disabled tool 'lean_get_widgets' via  server.py:115
                             LEAN_MCP_DISABLED_TOOLS                            
                    INFO     Disabled tool 'lean_goal' via         server.py:115
                             LEAN_MCP_DISABLED_TOOLS                            
                    INFO     Disabled tool 'lean_hover_info' via   server.py:115
                             LEAN_MCP_DISABLED_TOOLS                            
                    INFO     Disabled tool 'lean_references' via   server.py:115
                             LEAN_MCP_DISABLED_TOOLS                            
                    INFO     Disabled tool 'lean_term_goal' via    server.py:115
                             LEAN_MCP_DISABLED_TOOLS                            
                    INFO     REPL enabled, using:                  server.py:322
                             /home/amirnabiyev/Conjecture_Prover/.              
                             lake/packages/repl/.lake/build/bin/re              
                             pl                                                 
                    INFO     REPL initialized: timeout=60s         server.py:325
[08/26/26 19:05:30] INFO     Disabled tool 'lean_build' via        server.py:115
                             LEAN_MCP_DISABLED_TOOLS                            
                    INFO     Disabled tool 'lean_completions' via  server.py:115
                             LEAN_MCP_DISABLED_TOOLS                            
                    INFO     Disabled tool 'lean_declaration_file' server.py:115
                             via LEAN_MCP_DISABLED_TOOLS                        
                    INFO     Disabled tool                         server.py:115
                             'lean_diagnostic_messages' via                     
                             LEAN_MCP_DISABLED_TOOLS                            
                    INFO     Disabled tool 'lean_file_outline' via server.py:115
                             LEAN_MCP_DISABLED_TOOLS                            
                    INFO     Disabled tool                         server.py:115
                             'lean_get_widget_source' via                       
                             LEAN_MCP_DISABLED_TOOLS                            
                    INFO     Disabled tool 'lean_get_widgets' via  server.py:115
                             LEAN_MCP_DISABLED_TOOLS                            
                    INFO     Disabled tool 'lean_goal' via         server.py:115
                             LEAN_MCP_DISABLED_TOOLS                            
                    INFO     Disabled tool 'lean_hover_info' via   server.py:115
                             LEAN_MCP_DISABLED_TOOLS                            
                    INFO     Disabled tool 'lean_references' via   server.py:115
                             LEAN_MCP_DISABLED_TOOLS                            
                    INFO     Disabled tool 'lean_term_goal' via    server.py:115
                             LEAN_MCP_DISABLED_TOOLS                            
                    INFO     REPL enabled, using:                  server.py:322
                             /home/amirnabiyev/Conjecture_Prover/.              
                             lake/packages/repl/.lake/build/bin/re              
                             pl                                                 
                    INFO     REPL initialized: timeout=60s         server.py:325
[08/26/26 19:05:33] INFO     Session ending — cleaning up          server.py:360
                             per-session resources                              
[08/26/26 19:05:36] INFO     Session ending — cleaning up          server.py:360
                             per-session resources                              
[08/26/26 19:05:38] INFO     Disabled tool 'lean_build' via        server.py:115
                             LEAN_MCP_DISABLED_TOOLS                            
                    INFO     Disabled tool 'lean_completions' via  server.py:115
                             LEAN_MCP_DISABLED_TOOLS                            
                    INFO     Disabled tool 'lean_declaration_file' server.py:115
                             via LEAN_MCP_DISABLED_TOOLS                        
                    INFO     Disabled tool                         server.py:115
                             'lean_diagnostic_messages' via                     
                             LEAN_MCP_DISABLED_TOOLS                            
                    INFO     Disabled tool 'lean_file_outline' via server.py:115
                             LEAN_MCP_DISABLED_TOOLS                            
                    INFO     Disabled tool                         server.py:115
                             'lean_get_widget_source' via                       
                             LEAN_MCP_DISABLED_TOOLS                            
                    INFO     Disabled tool 'lean_get_widgets' via  server.py:115
                             LEAN_MCP_DISABLED_TOOLS                            
                    INFO     Disabled tool 'lean_goal' via         server.py:115
                             LEAN_MCP_DISABLED_TOOLS                            
                    INFO     Disabled tool 'lean_hover_info' via   server.py:115
                             LEAN_MCP_DISABLED_TOOLS                            
                    INFO     Disabled tool 'lean_references' via   server.py:115
                             LEAN_MCP_DISABLED_TOOLS                            
                    INFO     Disabled tool 'lean_term_goal' via    server.py:115
                             LEAN_MCP_DISABLED_TOOLS                            
                    INFO     REPL enabled, using:                  server.py:322
                             /home/amirnabiyev/Conjecture_Prover/.              
                             lake/packages/repl/.lake/build/bin/re              
                             pl                                                 
                    INFO     REPL initialized: timeout=60s         server.py:325
[08/26/26 19:05:40] INFO     Disabled tool 'lean_build' via        server.py:115
                             LEAN_MCP_DISABLED_TOOLS                            
                    INFO     Disabled tool 'lean_completions' via  server.py:115
                             LEAN_MCP_DISABLED_TOOLS                            
                    INFO     Disabled tool 'lean_declaration_file' server.py:115
                             via LEAN_MCP_DISABLED_TOOLS                        
                    INFO     Disabled tool                         server.py:115
                             'lean_diagnostic_messages' via                     
                             LEAN_MCP_DISABLED_TOOLS                            
                    INFO     Disabled tool 'lean_file_outline' via server.py:115
                             LEAN_MCP_DISABLED_TOOLS                            
                    INFO     Disabled tool                         server.py:115
                             'lean_get_widget_source' via                       
                             LEAN_MCP_DISABLED_TOOLS                            
                    INFO     Disabled tool 'lean_get_widgets' via  server.py:115
                             LEAN_MCP_DISABLED_TOOLS                            
                    INFO     Disabled tool 'lean_goal' via         server.py:115
                             LEAN_MCP_DISABLED_TOOLS                            
                    INFO     Disabled tool 'lean_hover_info' via   server.py:115
                             LEAN_MCP_DISABLED_TOOLS                            
                    INFO     Disabled tool 'lean_references' via   server.py:115
                             LEAN_MCP_DISABLED_TOOLS                            
                    INFO     Disabled tool 'lean_term_goal' via    server.py:115
                             LEAN_MCP_DISABLED_TOOLS                            
                    INFO     REPL enabled, using:                  server.py:322
                             /home/amirnabiyev/Conjecture_Prover/.              
                             lake/packages/repl/.lake/build/bin/re              
                             pl                                                 
                    INFO     REPL initialized: timeout=60s         server.py:325
[08/26/26 19:05:44] INFO     Disabled tool 'lean_build' via        server.py:115
                             LEAN_MCP_DISABLED_TOOLS                            
                    INFO     Disabled tool 'lean_completions' via  server.py:115
                             LEAN_MCP_DISABLED_TOOLS                            
                    INFO     Disabled tool 'lean_declaration_file' server.py:115
                             via LEAN_MCP_DISABLED_TOOLS                        
                    INFO     Disabled tool                         server.py:115
                             'lean_diagnostic_messages' via                     
                             LEAN_MCP_DISABLED_TOOLS                            
                    INFO     Disabled tool 'lean_file_outline' via server.py:115
                             LEAN_MCP_DISABLED_TOOLS                            
                    INFO     Disabled tool                         server.py:115
                             'lean_get_widget_source' via                       
                             LEAN_MCP_DISABLED_TOOLS                            
                    INFO     Disabled tool 'lean_get_widgets' via  server.py:115
                             LEAN_MCP_DISABLED_TOOLS                            
                    INFO     Disabled tool 'lean_goal' via         server.py:115
                             LEAN_MCP_DISABLED_TOOLS                            
                    INFO     Disabled tool 'lean_hover_info' via   server.py:115
                             LEAN_MCP_DISABLED_TOOLS                            
                    INFO     Disabled tool 'lean_references' via   server.py:115
                             LEAN_MCP_DISABLED_TOOLS                            
                    INFO     Disabled tool 'lean_term_goal' via    server.py:115
                             LEAN_MCP_DISABLED_TOOLS                            
                    INFO     REPL enabled, using:                  server.py:322
                             /home/amirnabiyev/Conjecture_Prover/.              
                             lake/packages/repl/.lake/build/bin/re              
                             pl                                                 
                    INFO     REPL initialized: timeout=60s         server.py:325
[08/26/26 19:05:46] INFO     Session ending — cleaning up          server.py:360
                             per-session resources                              
[08/26/26 19:05:46] INFO     Disabled tool 'lean_build' via        server.py:115
                             LEAN_MCP_DISABLED_TOOLS                            
                    INFO     Disabled tool 'lean_completions' via  server.py:115
                             LEAN_MCP_DISABLED_TOOLS                            
                    INFO     Disabled tool 'lean_declaration_file' server.py:115
                             via LEAN_MCP_DISABLED_TOOLS                        
                    INFO     Disabled tool                         server.py:115
                             'lean_diagnostic_messages' via                     
                             LEAN_MCP_DISABLED_TOOLS                            
                    INFO     Disabled tool 'lean_file_outline' via server.py:115
                             LEAN_MCP_DISABLED_TOOLS                            
                    INFO     Disabled tool                         server.py:115
                             'lean_get_widget_source' via                       
                             LEAN_MCP_DISABLED_TOOLS                            
                    INFO     Disabled tool 'lean_get_widgets' via  server.py:115
                             LEAN_MCP_DISABLED_TOOLS                            
                    INFO     Disabled tool 'lean_goal' via         server.py:115
                             LEAN_MCP_DISABLED_TOOLS                            
                    INFO     Disabled tool 'lean_hover_info' via   server.py:115
                             LEAN_MCP_DISABLED_TOOLS                            
                    INFO     Disabled tool 'lean_references' via   server.py:115
                             LEAN_MCP_DISABLED_TOOLS                            
                    INFO     Disabled tool 'lean_term_goal' via    server.py:115
                             LEAN_MCP_DISABLED_TOOLS                            
                    INFO     REPL enabled, using:                  server.py:322
                             /home/amirnabiyev/Conjecture_Prover/.              
                             lake/packages/repl/.lake/build/bin/re              
                             pl                                                 
                    INFO     REPL initialized: timeout=60s         server.py:325
                    INFO     Session ending — cleaning up          server.py:360
                             per-session resources                              
[08/26/26 19:05:48] INFO     Disabled tool 'lean_build' via        server.py:115
                             LEAN_MCP_DISABLED_TOOLS                            
                    INFO     Disabled tool 'lean_completions' via  server.py:115
                             LEAN_MCP_DISABLED_TOOLS                            
                    INFO     Disabled tool 'lean_declaration_file' server.py:115
                             via LEAN_MCP_DISABLED_TOOLS                        
                    INFO     Disabled tool                         server.py:115
                             'lean_diagnostic_messages' via                     
                             LEAN_MCP_DISABLED_TOOLS                            
                    INFO     Disabled tool 'lean_file_outline' via server.py:115
                             LEAN_MCP_DISABLED_TOOLS                            
                    INFO     Disabled tool                         server.py:115
                             'lean_get_widget_source' via                       
                             LEAN_MCP_DISABLED_TOOLS                            
                    INFO     Disabled tool 'lean_get_widgets' via  server.py:115
                             LEAN_MCP_DISABLED_TOOLS                            
                    INFO     Disabled tool 'lean_goal' via         server.py:115
                             LEAN_MCP_DISABLED_TOOLS                            
                    INFO     Disabled tool 'lean_hover_info' via   server.py:115
                             LEAN_MCP_DISABLED_TOOLS                            
                    INFO     Disabled tool 'lean_references' via   server.py:115
                             LEAN_MCP_DISABLED_TOOLS                            
                    INFO     Disabled tool 'lean_term_goal' via    server.py:115
                             LEAN_MCP_DISABLED_TOOLS                            
                    INFO     REPL enabled, using:                  server.py:322
                             /home/amirnabiyev/Conjecture_Prover/.              
                             lake/packages/repl/.lake/build/bin/re              
                             pl                                                 
                    INFO     REPL initialized: timeout=60s         server.py:325
                    INFO     Session ending — cleaning up          server.py:360
                             per-session resources                              
[08/26/26 19:05:48] INFO     Session ending — cleaning up          server.py:360
                             per-session resources                              
[08/26/26 19:05:52] INFO     Session ending — cleaning up          server.py:360
                             per-session resources                              
[08/26/26 19:05:55] INFO     Disabled tool 'lean_build' via        server.py:115
                             LEAN_MCP_DISABLED_TOOLS                            
                    INFO     Disabled tool 'lean_completions' via  server.py:115
                             LEAN_MCP_DISABLED_TOOLS                            
                    INFO     Disabled tool 'lean_declaration_file' server.py:115
                             via LEAN_MCP_DISABLED_TOOLS                        
                    INFO     Disabled tool                         server.py:115
                             'lean_diagnostic_messages' via                     
                             LEAN_MCP_DISABLED_TOOLS                            
                    INFO     Disabled tool 'lean_file_outline' via server.py:115
                             LEAN_MCP_DISABLED_TOOLS                            
                    INFO     Disabled tool                         server.py:115
                             'lean_get_widget_source' via                       
                             LEAN_MCP_DISABLED_TOOLS                            
                    INFO     Disabled tool 'lean_get_widgets' via  server.py:115
                             LEAN_MCP_DISABLED_TOOLS                            
                    INFO     Disabled tool 'lean_goal' via         server.py:115
                             LEAN_MCP_DISABLED_TOOLS                            
                    INFO     Disabled tool 'lean_hover_info' via   server.py:115
                             LEAN_MCP_DISABLED_TOOLS                            
                    INFO     Disabled tool 'lean_references' via   server.py:115
                             LEAN_MCP_DISABLED_TOOLS                            
                    INFO     Disabled tool 'lean_term_goal' via    server.py:115
                             LEAN_MCP_DISABLED_TOOLS                            
                    INFO     REPL enabled, using:                  server.py:322
                             /home/amirnabiyev/Conjecture_Prover/.              
                             lake/packages/repl/.lake/build/bin/re              
                             pl                                                 
                    INFO     REPL initialized: timeout=60s         server.py:325
[08/26/26 19:05:59] INFO     Disabled tool 'lean_build' via        server.py:115
                             LEAN_MCP_DISABLED_TOOLS                            
                    INFO     Disabled tool 'lean_completions' via  server.py:115
                             LEAN_MCP_DISABLED_TOOLS                            
                    INFO     Disabled tool 'lean_declaration_file' server.py:115
                             via LEAN_MCP_DISABLED_TOOLS                        
                    INFO     Disabled tool                         server.py:115
                             'lean_diagnostic_messages' via                     
                             LEAN_MCP_DISABLED_TOOLS                            
                    INFO     Disabled tool 'lean_file_outline' via server.py:115
                             LEAN_MCP_DISABLED_TOOLS                            
                    INFO     Disabled tool                         server.py:115
                             'lean_get_widget_source' via                       
                             LEAN_MCP_DISABLED_TOOLS                            
                    INFO     Disabled tool 'lean_get_widgets' via  server.py:115
                             LEAN_MCP_DISABLED_TOOLS                            
                    INFO     Disabled tool 'lean_goal' via         server.py:115
                             LEAN_MCP_DISABLED_TOOLS                            
                    INFO     Disabled tool 'lean_hover_info' via   server.py:115
                             LEAN_MCP_DISABLED_TOOLS                            
                    INFO     Disabled tool 'lean_references' via   server.py:115
                             LEAN_MCP_DISABLED_TOOLS                            
                    INFO     Disabled tool 'lean_term_goal' via    server.py:115
                             LEAN_MCP_DISABLED_TOOLS                            
                    INFO     REPL enabled, using:                  server.py:322
                             /home/amirnabiyev/Conjecture_Prover/.              
                             lake/packages/repl/.lake/build/bin/re              
                             pl                                                 
                    INFO     REPL initialized: timeout=60s         server.py:325
[08/26/26 19:06:02] INFO     Session ending — cleaning up          server.py:360
                             per-session resources                              
[08/26/26 19:06:05] INFO     Session ending — cleaning up          server.py:360
                             per-session resources                              
[08/26/26 19:06:07] INFO     Disabled tool 'lean_build' via        server.py:115
                             LEAN_MCP_DISABLED_TOOLS                            
                    INFO     Disabled tool 'lean_completions' via  server.py:115
                             LEAN_MCP_DISABLED_TOOLS                            
                    INFO     Disabled tool 'lean_declaration_file' server.py:115
                             via LEAN_MCP_DISABLED_TOOLS                        
                    INFO     Disabled tool                         server.py:115
                             'lean_diagnostic_messages' via                     
                             LEAN_MCP_DISABLED_TOOLS                            
                    INFO     Disabled tool 'lean_file_outline' via server.py:115
                             LEAN_MCP_DISABLED_TOOLS                            
                    INFO     Disabled tool                         server.py:115
                             'lean_get_widget_source' via                       
                             LEAN_MCP_DISABLED_TOOLS                            
                    INFO     Disabled tool 'lean_get_widgets' via  server.py:115
                             LEAN_MCP_DISABLED_TOOLS                            
                    INFO     Disabled tool 'lean_goal' via         server.py:115
                             LEAN_MCP_DISABLED_TOOLS                            
                    INFO     Disabled tool 'lean_hover_info' via   server.py:115
                             LEAN_MCP_DISABLED_TOOLS                            
                    INFO     Disabled tool 'lean_references' via   server.py:115
                             LEAN_MCP_DISABLED_TOOLS                            
                    INFO     Disabled tool 'lean_term_goal' via    server.py:115
                             LEAN_MCP_DISABLED_TOOLS                            
                    INFO     REPL enabled, using:                  server.py:322
                             /home/amirnabiyev/Conjecture_Prover/.              
                             lake/packages/repl/.lake/build/bin/re              
                             pl                                                 
                    INFO     REPL initialized: timeout=60s         server.py:325
[08/26/26 19:06:07] INFO     Disabled tool 'lean_build' via        server.py:115
                             LEAN_MCP_DISABLED_TOOLS                            
                    INFO     Disabled tool 'lean_completions' via  server.py:115
                             LEAN_MCP_DISABLED_TOOLS                            
                    INFO     Disabled tool 'lean_declaration_file' server.py:115
                             via LEAN_MCP_DISABLED_TOOLS                        
                    INFO     Disabled tool                         server.py:115
                             'lean_diagnostic_messages' via                     
                             LEAN_MCP_DISABLED_TOOLS                            
                    INFO     Disabled tool 'lean_file_outline' via server.py:115
                             LEAN_MCP_DISABLED_TOOLS                            
                    INFO     Disabled tool                         server.py:115
                             'lean_get_widget_source' via                       
                             LEAN_MCP_DISABLED_TOOLS                            
                    INFO     Disabled tool 'lean_get_widgets' via  server.py:115
                             LEAN_MCP_DISABLED_TOOLS                            
                    INFO     Disabled tool 'lean_goal' via         server.py:115
                             LEAN_MCP_DISABLED_TOOLS                            
                    INFO     Disabled tool 'lean_hover_info' via   server.py:115
                             LEAN_MCP_DISABLED_TOOLS                            
                    INFO     Disabled tool 'lean_references' via   server.py:115
                             LEAN_MCP_DISABLED_TOOLS                            
                    INFO     Disabled tool 'lean_term_goal' via    server.py:115
                             LEAN_MCP_DISABLED_TOOLS                            
                    INFO     REPL enabled, using:                  server.py:322
                             /home/amirnabiyev/Conjecture_Prover/.              
                             lake/packages/repl/.lake/build/bin/re              
                             pl                                                 
                    INFO     REPL initialized: timeout=60s         server.py:325
[08/26/26 19:06:09] INFO     Shared async LSP client         client_utils.py:133
                             connected at                                       
                             /home/amirnabiyev/Conjecture_Pr                    
                             over                                               
[08/26/26 19:06:17] INFO     Session ending — cleaning up          server.py:360
                             per-session resources                              
[08/26/26 19:06:27] INFO     Disabled tool 'lean_build' via        server.py:115
                             LEAN_MCP_DISABLED_TOOLS                            
                    INFO     Disabled tool 'lean_completions' via  server.py:115
                             LEAN_MCP_DISABLED_TOOLS                            
                    INFO     Disabled tool 'lean_declaration_file' server.py:115
                             via LEAN_MCP_DISABLED_TOOLS                        
                    INFO     Disabled tool                         server.py:115
                             'lean_diagnostic_messages' via                     
                             LEAN_MCP_DISABLED_TOOLS                            
                    INFO     Disabled tool 'lean_file_outline' via server.py:115
                             LEAN_MCP_DISABLED_TOOLS                            
                    INFO     Disabled tool                         server.py:115
                             'lean_get_widget_source' via                       
                             LEAN_MCP_DISABLED_TOOLS                            
                    INFO     Disabled tool 'lean_get_widgets' via  server.py:115
                             LEAN_MCP_DISABLED_TOOLS                            
                    INFO     Disabled tool 'lean_goal' via         server.py:115
                             LEAN_MCP_DISABLED_TOOLS                            
                    INFO     Disabled tool 'lean_hover_info' via   server.py:115
                             LEAN_MCP_DISABLED_TOOLS                            
                    INFO     Disabled tool 'lean_references' via   server.py:115
                             LEAN_MCP_DISABLED_TOOLS                            
                    INFO     Disabled tool 'lean_term_goal' via    server.py:115
                             LEAN_MCP_DISABLED_TOOLS                            
                    INFO     REPL enabled, using:                  server.py:322
                             /home/amirnabiyev/Conjecture_Prover/.              
                             lake/packages/repl/.lake/build/bin/re              
                             pl                                                 
                    INFO     REPL initialized: timeout=60s         server.py:325
[08/26/26 19:06:30] INFO     Disabled tool 'lean_build' via        server.py:115
                             LEAN_MCP_DISABLED_TOOLS                            
                    INFO     Disabled tool 'lean_completions' via  server.py:115
                             LEAN_MCP_DISABLED_TOOLS                            
                    INFO     Disabled tool 'lean_declaration_file' server.py:115
                             via LEAN_MCP_DISABLED_TOOLS                        
                    INFO     Disabled tool                         server.py:115
                             'lean_diagnostic_messages' via                     
                             LEAN_MCP_DISABLED_TOOLS                            
                    INFO     Disabled tool 'lean_file_outline' via server.py:115
                             LEAN_MCP_DISABLED_TOOLS                            
                    INFO     Disabled tool                         server.py:115
                             'lean_get_widget_source' via                       
                             LEAN_MCP_DISABLED_TOOLS                            
                    INFO     Disabled tool 'lean_get_widgets' via  server.py:115
                             LEAN_MCP_DISABLED_TOOLS                            
                    INFO     Disabled tool 'lean_goal' via         server.py:115
                             LEAN_MCP_DISABLED_TOOLS                            
                    INFO     Disabled tool 'lean_hover_info' via   server.py:115
                             LEAN_MCP_DISABLED_TOOLS                            
                    INFO     Disabled tool 'lean_references' via   server.py:115
                             LEAN_MCP_DISABLED_TOOLS                            
                    INFO     Disabled tool 'lean_term_goal' via    server.py:115
                             LEAN_MCP_DISABLED_TOOLS                            
                    INFO     REPL enabled, using:                  server.py:322
                             /home/amirnabiyev/Conjecture_Prover/.              
                             lake/packages/repl/.lake/build/bin/re              
                             pl                                                 
                    INFO     REPL initialized: timeout=60s         server.py:325
[08/26/26 19:06:33] INFO     Session ending — cleaning up          server.py:360
                             per-session resources                              
Exception ignored in: <function BaseSubprocessTransport.__del__ at 0x7b7036a71120>
Traceback (most recent call last):
  File "/usr/local/lib/python3.12/asyncio/base_subprocess.py", line 126, in __del__
    self.close()
  File "/usr/local/lib/python3.12/asyncio/base_subprocess.py", line 104, in close
    proto.pipe.close()
  File "/usr/local/lib/python3.12/asyncio/unix_events.py", line 767, in close
    self.write_eof()
  File "/usr/local/lib/python3.12/asyncio/unix_events.py", line 753, in write_eof
    self._loop.call_soon(self._call_connection_lost, None)
  File "/usr/local/lib/python3.12/asyncio/base_events.py", line 799, in call_soon
    self._check_closed()
  File "/usr/local/lib/python3.12/asyncio/base_events.py", line 545, in _check_closed
    raise RuntimeError('Event loop is closed')
RuntimeError: Event loop is closed
[08/26/26 19:06:38] INFO     Session ending — cleaning up          server.py:360
                             per-session resources                              
[08/26/26 19:06:39] INFO     Disabled tool 'lean_build' via        server.py:115
                             LEAN_MCP_DISABLED_TOOLS                            
                    INFO     Disabled tool 'lean_completions' via  server.py:115
                             LEAN_MCP_DISABLED_TOOLS                            
                    INFO     Disabled tool 'lean_declaration_file' server.py:115
                             via LEAN_MCP_DISABLED_TOOLS                        
                    INFO     Disabled tool                         server.py:115
                             'lean_diagnostic_messages' via                     
                             LEAN_MCP_DISABLED_TOOLS                            
                    INFO     Disabled tool 'lean_file_outline' via server.py:115
                             LEAN_MCP_DISABLED_TOOLS                            
                    INFO     Disabled tool                         server.py:115
                             'lean_get_widget_source' via                       
                             LEAN_MCP_DISABLED_TOOLS                            
                    INFO     Disabled tool 'lean_get_widgets' via  server.py:115
                             LEAN_MCP_DISABLED_TOOLS                            
                    INFO     Disabled tool 'lean_goal' via         server.py:115
                             LEAN_MCP_DISABLED_TOOLS                            
                    INFO     Disabled tool 'lean_hover_info' via   server.py:115
                             LEAN_MCP_DISABLED_TOOLS                            
                    INFO     Disabled tool 'lean_references' via   server.py:115
                             LEAN_MCP_DISABLED_TOOLS                            
                    INFO     Disabled tool 'lean_term_goal' via    server.py:115
                             LEAN_MCP_DISABLED_TOOLS                            
                    INFO     REPL enabled, using:                  server.py:322
                             /home/amirnabiyev/Conjecture_Prover/.              
                             lake/packages/repl/.lake/build/bin/re              
                             pl                                                 
                    INFO     REPL initialized: timeout=60s         server.py:325
[08/26/26 19:06:39] INFO     Session ending — cleaning up          server.py:360
                             per-session resources                              
[08/26/26 19:06:45] INFO     Disabled tool 'lean_build' via        server.py:115
                             LEAN_MCP_DISABLED_TOOLS                            
                    INFO     Disabled tool 'lean_completions' via  server.py:115
                             LEAN_MCP_DISABLED_TOOLS                            
                    INFO     Disabled tool 'lean_declaration_file' server.py:115
                             via LEAN_MCP_DISABLED_TOOLS                        
                    INFO     Disabled tool                         server.py:115
                             'lean_diagnostic_messages' via                     
                             LEAN_MCP_DISABLED_TOOLS                            
                    INFO     Disabled tool 'lean_file_outline' via server.py:115
                             LEAN_MCP_DISABLED_TOOLS                            
                    INFO     Disabled tool                         server.py:115
                             'lean_get_widget_source' via                       
                             LEAN_MCP_DISABLED_TOOLS                            
                    INFO     Disabled tool 'lean_get_widgets' via  server.py:115
                             LEAN_MCP_DISABLED_TOOLS                            
                    INFO     Disabled tool 'lean_goal' via         server.py:115
                             LEAN_MCP_DISABLED_TOOLS                            
                    INFO     Disabled tool 'lean_hover_info' via   server.py:115
                             LEAN_MCP_DISABLED_TOOLS                            
                    INFO     Disabled tool 'lean_references' via   server.py:115
                             LEAN_MCP_DISABLED_TOOLS                            
                    INFO     Disabled tool 'lean_term_goal' via    server.py:115
                             LEAN_MCP_DISABLED_TOOLS                            
                    INFO     REPL enabled, using:                  server.py:322
                             /home/amirnabiyev/Conjecture_Prover/.              
                             lake/packages/repl/.lake/build/bin/re              
                             pl                                                 
                    INFO     REPL initialized: timeout=60s         server.py:325
[08/26/26 19:06:45] INFO     Session ending — cleaning up          server.py:360
                             per-session resources                              
[08/26/26 19:06:46] INFO     Session ending — cleaning up          server.py:360
                             per-session resources                              
[08/26/26 19:06:48] INFO     Disabled tool 'lean_build' via        server.py:115
                             LEAN_MCP_DISABLED_TOOLS                            
                    INFO     Disabled tool 'lean_completions' via  server.py:115
                             LEAN_MCP_DISABLED_TOOLS                            
                    INFO     Disabled tool 'lean_declaration_file' server.py:115
                             via LEAN_MCP_DISABLED_TOOLS                        
                    INFO     Disabled tool                         server.py:115
                             'lean_diagnostic_messages' via                     
                             LEAN_MCP_DISABLED_TOOLS                            
                    INFO     Disabled tool 'lean_file_outline' via server.py:115
                             LEAN_MCP_DISABLED_TOOLS                            
                    INFO     Disabled tool                         server.py:115
                             'lean_get_widget_source' via                       
                             LEAN_MCP_DISABLED_TOOLS                            
                    INFO     Disabled tool 'lean_get_widgets' via  server.py:115
                             LEAN_MCP_DISABLED_TOOLS                            
                    INFO     Disabled tool 'lean_goal' via         server.py:115
                             LEAN_MCP_DISABLED_TOOLS                            
                    INFO     Disabled tool 'lean_hover_info' via   server.py:115
                             LEAN_MCP_DISABLED_TOOLS                            
                    INFO     Disabled tool 'lean_references' via   server.py:115
                             LEAN_MCP_DISABLED_TOOLS                            
                    INFO     Disabled tool 'lean_term_goal' via    server.py:115
                             LEAN_MCP_DISABLED_TOOLS                            
                    INFO     REPL enabled, using:                  server.py:322
                             /home/amirnabiyev/Conjecture_Prover/.              
                             lake/packages/repl/.lake/build/bin/re              
                             pl                                                 
                    INFO     REPL initialized: timeout=60s         server.py:325
[08/26/26 19:06:54] INFO     Session ending — cleaning up          server.py:360
                             per-session resources                              
[08/26/26 19:06:57] INFO     Disabled tool 'lean_build' via        server.py:115
                             LEAN_MCP_DISABLED_TOOLS                            
                    INFO     Disabled tool 'lean_completions' via  server.py:115
                             LEAN_MCP_DISABLED_TOOLS                            
                    INFO     Disabled tool 'lean_declaration_file' server.py:115
                             via LEAN_MCP_DISABLED_TOOLS                        
                    INFO     Disabled tool                         server.py:115
                             'lean_diagnostic_messages' via                     
                             LEAN_MCP_DISABLED_TOOLS                            
                    INFO     Disabled tool 'lean_file_outline' via server.py:115
                             LEAN_MCP_DISABLED_TOOLS                            
                    INFO     Disabled tool                         server.py:115
                             'lean_get_widget_source' via                       
                             LEAN_MCP_DISABLED_TOOLS                            
                    INFO     Disabled tool 'lean_get_widgets' via  server.py:115
                             LEAN_MCP_DISABLED_TOOLS                            
                    INFO     Disabled tool 'lean_goal' via         server.py:115
                             LEAN_MCP_DISABLED_TOOLS                            
                    INFO     Disabled tool 'lean_hover_info' via   server.py:115
                             LEAN_MCP_DISABLED_TOOLS                            
                    INFO     Disabled tool 'lean_references' via   server.py:115
                             LEAN_MCP_DISABLED_TOOLS                            
                    INFO     Disabled tool 'lean_term_goal' via    server.py:115
                             LEAN_MCP_DISABLED_TOOLS                            
                    INFO     REPL enabled, using:                  server.py:322
                             /home/amirnabiyev/Conjecture_Prover/.              
                             lake/packages/repl/.lake/build/bin/re              
                             pl                                                 
                    INFO     REPL initialized: timeout=60s         server.py:325
[08/26/26 19:07:03] INFO     Disabled tool 'lean_build' via        server.py:115
                             LEAN_MCP_DISABLED_TOOLS                            
                    INFO     Disabled tool 'lean_completions' via  server.py:115
                             LEAN_MCP_DISABLED_TOOLS                            
                    INFO     Disabled tool 'lean_declaration_file' server.py:115
                             via LEAN_MCP_DISABLED_TOOLS                        
                    INFO     Disabled tool                         server.py:115
                             'lean_diagnostic_messages' via                     
                             LEAN_MCP_DISABLED_TOOLS                            
                    INFO     Disabled tool 'lean_file_outline' via server.py:115
                             LEAN_MCP_DISABLED_TOOLS                            
                    INFO     Disabled tool                         server.py:115
                             'lean_get_widget_source' via                       
                             LEAN_MCP_DISABLED_TOOLS                            
                    INFO     Disabled tool 'lean_get_widgets' via  server.py:115
                             LEAN_MCP_DISABLED_TOOLS                            
                    INFO     Disabled tool 'lean_goal' via         server.py:115
                             LEAN_MCP_DISABLED_TOOLS                            
[08/26/26 19:07:04] INFO     Disabled tool 'lean_hover_info' via   server.py:115
                             LEAN_MCP_DISABLED_TOOLS                            
                    INFO     Disabled tool 'lean_references' via   server.py:115
                             LEAN_MCP_DISABLED_TOOLS                            
                    INFO     Disabled tool 'lean_term_goal' via    server.py:115
                             LEAN_MCP_DISABLED_TOOLS                            
                    INFO     REPL enabled, using:                  server.py:322
                             /home/amirnabiyev/Conjecture_Prover/.              
                             lake/packages/repl/.lake/build/bin/re              
                             pl                                                 
                    INFO     REPL initialized: timeout=60s         server.py:325
[08/26/26 19:07:05] INFO     Session ending — cleaning up          server.py:360
                             per-session resources                              
[08/26/26 19:07:08] INFO     Disabled tool 'lean_build' via        server.py:115
                             LEAN_MCP_DISABLED_TOOLS                            
                    INFO     Disabled tool 'lean_completions' via  server.py:115
                             LEAN_MCP_DISABLED_TOOLS                            
                    INFO     Disabled tool 'lean_declaration_file' server.py:115
                             via LEAN_MCP_DISABLED_TOOLS                        
                    INFO     Disabled tool                         server.py:115
                             'lean_diagnostic_messages' via                     
                             LEAN_MCP_DISABLED_TOOLS                            
                    INFO     Disabled tool 'lean_file_outline' via server.py:115
                             LEAN_MCP_DISABLED_TOOLS                            
                    INFO     Disabled tool                         server.py:115
                             'lean_get_widget_source' via                       
                             LEAN_MCP_DISABLED_TOOLS                            
                    INFO     Disabled tool 'lean_get_widgets' via  server.py:115
                             LEAN_MCP_DISABLED_TOOLS                            
                    INFO     Disabled tool 'lean_goal' via         server.py:115
                             LEAN_MCP_DISABLED_TOOLS                            
                    INFO     Disabled tool 'lean_hover_info' via   server.py:115
                             LEAN_MCP_DISABLED_TOOLS                            
                    INFO     Disabled tool 'lean_references' via   server.py:115
                             LEAN_MCP_DISABLED_TOOLS                            
                    INFO     Disabled tool 'lean_term_goal' via    server.py:115
                             LEAN_MCP_DISABLED_TOOLS                            
                    INFO     REPL enabled, using:                  server.py:322
                             /home/amirnabiyev/Conjecture_Prover/.              
                             lake/packages/repl/.lake/build/bin/re              
                             pl                                                 
                    INFO     REPL initialized: timeout=60s         server.py:325
[08/26/26 19:07:11] INFO     Session ending — cleaning up          server.py:360
                             per-session resources                              
[08/26/26 19:07:16] INFO     Session ending — cleaning up          server.py:360
                             per-session resources                              
[08/26/26 19:08:07] INFO     Disabled tool 'lean_build' via        server.py:115
                             LEAN_MCP_DISABLED_TOOLS                            
                    INFO     Disabled tool 'lean_completions' via  server.py:115
                             LEAN_MCP_DISABLED_TOOLS                            
                    INFO     Disabled tool 'lean_declaration_file' server.py:115
                             via LEAN_MCP_DISABLED_TOOLS                        
                    INFO     Disabled tool                         server.py:115
                             'lean_diagnostic_messages' via                     
                             LEAN_MCP_DISABLED_TOOLS                            
                    INFO     Disabled tool 'lean_file_outline' via server.py:115
                             LEAN_MCP_DISABLED_TOOLS                            
                    INFO     Disabled tool                         server.py:115
                             'lean_get_widget_source' via                       
                             LEAN_MCP_DISABLED_TOOLS                            
                    INFO     Disabled tool 'lean_get_widgets' via  server.py:115
                             LEAN_MCP_DISABLED_TOOLS                            
                    INFO     Disabled tool 'lean_goal' via         server.py:115
                             LEAN_MCP_DISABLED_TOOLS                            
                    INFO     Disabled tool 'lean_hover_info' via   server.py:115
                             LEAN_MCP_DISABLED_TOOLS                            
                    INFO     Disabled tool 'lean_references' via   server.py:115
                             LEAN_MCP_DISABLED_TOOLS                            
                    INFO     Disabled tool 'lean_term_goal' via    server.py:115
                             LEAN_MCP_DISABLED_TOOLS                            
                    INFO     REPL enabled, using:                  server.py:322
                             /home/amirnabiyev/Conjecture_Prover/.              
                             lake/packages/repl/.lake/build/bin/re              
                             pl                                                 
                    INFO     REPL initialized: timeout=60s         server.py:325
[08/26/26 19:08:15] INFO     Session ending — cleaning up          server.py:360
                             per-session resources                              
[08/26/26 19:08:17] INFO     Disabled tool 'lean_build' via        server.py:115
                             LEAN_MCP_DISABLED_TOOLS                            
                    INFO     Disabled tool 'lean_completions' via  server.py:115
                             LEAN_MCP_DISABLED_TOOLS                            
                    INFO     Disabled tool 'lean_declaration_file' server.py:115
                             via LEAN_MCP_DISABLED_TOOLS                        
                    INFO     Disabled tool                         server.py:115
                             'lean_diagnostic_messages' via                     
                             LEAN_MCP_DISABLED_TOOLS                            
                    INFO     Disabled tool 'lean_file_outline' via server.py:115
                             LEAN_MCP_DISABLED_TOOLS                            
                    INFO     Disabled tool                         server.py:115
                             'lean_get_widget_source' via                       
                             LEAN_MCP_DISABLED_TOOLS                            
                    INFO     Disabled tool 'lean_get_widgets' via  server.py:115
                             LEAN_MCP_DISABLED_TOOLS                            
                    INFO     Disabled tool 'lean_goal' via         server.py:115
                             LEAN_MCP_DISABLED_TOOLS                            
                    INFO     Disabled tool 'lean_hover_info' via   server.py:115
                             LEAN_MCP_DISABLED_TOOLS                            
                    INFO     Disabled tool 'lean_references' via   server.py:115
                             LEAN_MCP_DISABLED_TOOLS                            
                    INFO     Disabled tool 'lean_term_goal' via    server.py:115
                             LEAN_MCP_DISABLED_TOOLS                            
                    INFO     REPL enabled, using:                  server.py:322
                             /home/amirnabiyev/Conjecture_Prover/.              
                             lake/packages/repl/.lake/build/bin/re              
                             pl                                                 
                    INFO     REPL initialized: timeout=60s         server.py:325
[08/26/26 19:08:25] INFO     Session ending — cleaning up          server.py:360
                             per-session resources                              

   💬 PL-putnam1972a6_bound_of_int AI says: The `conv_lhs` approach avoids rewriting `n.toNat` on the RHS. Let me refine it — after `conv_lhs`, `simp` should finish:
   🛠️  PL-putnam1972a6_bound_of_int AI made 1 tool call(s):
 → lean_run_code
   💬 PL-putnam1972a6_l1_shifted_power AI says: Tests 1–4 pass. Fixing the EqOn proofs (need `dsimp` and `uIcc_of_le`):
   🛠️  PL-putnam1972a6_l1_shifted_power AI made 1 tool call(s):
 → lean_run_code
   🛠️  PL-putnam1972a6_integral_shifted AI made 1 tool call(s):
 → lean_run_code
   🛠️  PL-putnam1972a6_integral_abs_lt AI made 1 tool call(s):
 → lean_run_code
   💬 PL-putnam1972a6_pos_measure_set AI says: Let me check the remaining lemma names and statement details.
   🛠️  PL-putnam1972a6_pos_measure_set AI made 1 tool call(s):
 → lean_run_code
   🛠️  PL-putnam1972a6_integral_shifted AI made 1 tool call(s):
 → lean_run_code
   💬 PL-putnam1972a6_l1_shifted_power AI says: Fixing the EqOn proofs and measure spec:
   🛠️  PL-putnam1972a6_l1_shifted_power AI made 1 tool call(s):
 → lean_run_code
   🛠️  PL-putnam1972a6_integral_abs_lt AI made 1 tool call(s):
 → lean_run_code
   🛠️  PL-putnam1972a6_integral_shifted AI made 1 tool call(s):
 → lean_run_code
   🛠️  PL-putnam1972a6_integral_shifted AI made 1 tool call(s):
 → lean_run_code
   💬 PL-putnam1972a6_bound_of_int AI says: The leftover is `max (↑n) 0 = ↑n.toNat`. Let me check the right lemma names and test multiple endings:
   🛠️  PL-putnam1972a6_bound_of_int AI made 2 tool call(s):
 → lean_loogle
 → lean_run_code
   💬 PL-putnam1972a6_l1_shifted_power AI says: All pieces work. Now assembling the full proof:
   🛠️  PL-putnam1972a6_l1_shifted_power AI made 1 tool call(s):
 → lean_run_code
   💬 PL-putnam1972a6_pos_measure_set AI says: The dependency statement is clear. Now let me test the full proof in an `example` (importing the file with the dependency).
   🛠️  PL-putnam1972a6_pos_measure_set AI made 1 tool call(s):
 → lean_run_code
   💬 PL-putnam1972a6_l1_shifted_power AI says: Just a test-snippet issue — the def needs `noncomputable` in my standalone test:
   🛠️  PL-putnam1972a6_l1_shifted_power AI made 1 tool call(s):
 → lean_run_code
   🛠️  PL-putnam1972a6_integral_abs_lt AI made 1 tool call(s):
 → lean_run_code
   💬 PL-putnam1972a6_bound_of_int AI says: The leftover `max (↑n) 0 = ↑n.toNat` has `↑n : ℝ`. Let me test two ways to close it:
   🛠️  PL-putnam1972a6_bound_of_int AI made 2 tool call(s):
 → lean_run_code
 → lean_run_code
   🛠️  PL-putnam1972a6_integral_abs_lt AI made 1 tool call(s):
 → lean_run_code
   🛠️  PL-putnam1972a6_integral_shifted AI made 1 tool call(s):
 → lean_run_code
   💬 PL-putnam1972a6_l1_shifted_power AI says: The full proof compiles. Now let me check the actual file context to ensure scoped notations (like `intervalIntegral`) are available there:
   🛠️  PL-putnam1972a6_l1_shifted_power AI made 1 tool call(s):
 → lean_run_code
   💬 PL-putnam1972a6_bound_of_int AI says: Both proofs work. Let me run a final clean check of the polished proof body:
   🛠️  PL-putnam1972a6_bound_of_int AI made 1 tool call(s):
 → lean_run_code
   🛠️  PL-putnam1972a6_integral_abs_lt AI made 2 tool call(s):
 → lean_loogle
 → lean_loogle
   🛠️  PL-putnam1972a6_integral_shifted AI made 1 tool call(s):
 → lean_run_code
   💬 PL-putnam1972a6_l1_shifted_power AI says: Let me check whether the interval integral notation requires an explicit scope, and try to inspect the file:
   🛠️  PL-putnam1972a6_l1_shifted_power AI made 2 tool call(s):
 → lean_run_code
 → lean_verify
   💬 PL-putnam1972a6_bound_of_int AI says: The proof compiles cleanly. Final deliverable:

1. **Target:** `putnam1972a6_bound_of_int`
2. **Status:** VERIFIED
3. **Validated Lean code block:**
```lean
lemma putnam1972a6_bound_of_int (n : ℤ) (hn : 0 ≤ n) :
    (2 : ℝ)^n * (n + 1) = putnam1972a6_bound n.toNat := by
  have h1 : (n.toNat : ℤ) = n := Int.toNat_of_nonneg hn
  conv_lhs =>
    rw [← h1]
    rw [zpow_natCast]
  rw [show ((↑(↑n.toNat : ℤ) : ℝ) = (↑n.toNat : ℝ)) by exact_mod_cast rfl]
  rfl
```
4. **Strategy:** Using `Int.toNat_of_n
      ... (2207 total chars)
   ✅ Lemma 'putnam1972a6_bound_of_int' appears proved (turn 11)
   💬 PL-putnam1972a6_integral_shifted AI says: The proof compiles cleanly. Let me quickly try to confirm the actual `putnam1972a6_poly` definition in the project file matches my assumption.
   🛠️  PL-putnam1972a6_integral_shifted AI made 1 tool call(s):
 → lean_run_code
   💬 PL-putnam1972a6_integral_shifted AI says: The definition matches. Now let me verify the proof works against the real `ConjectureProver` file (using a renamed copy to avoid duplicate declaration):
   🛠️  PL-putnam1972a6_integral_shifted AI made 1 tool call(s):
 → lean_run_code
   💬 PL-putnam1972a6_pos_measure_set AI says: Several issues to fix. Let me first check the `symmDiff` notation and `and_assoc` behavior.
   🛠️  PL-putnam1972a6_pos_measure_set AI made 1 tool call(s):
 → lean_run_code
   🛠️  PL-putnam1972a6_integral_abs_lt AI made 1 tool call(s):
 → lean_run_code
   💬 PL-putnam1972a6_pos_measure_set AI says: `and_assoc` fixes the association issue. Let me find the right `symmDiff` name/notation.
   🛠️  PL-putnam1972a6_pos_measure_set AI made 2 tool call(s):
 → search_mathlib_docs_multi
 → lean_loogle
   💬 PL-putnam1972a6_l1_shifted_power AI says: Both notations parse globally (no scope needed). Let me do a final verification mimicking the exact file context — importing `ConjectureProver` and using the bare `Icc` as in the actual declaration:
   🛠️  PL-putnam1972a6_l1_shifted_power AI made 1 tool call(s):
 → lean_run_code
   💬 PL-putnam1972a6_integral_shifted AI says: The proof compiles cleanly both standalone and against the real `ConjectureProver` file (whose `putnam1972a6_poly` is confirmed to be `fun k x => (x - 1 / 2) ^ k`). Final deliverable:

1. **Target:** `putnam1972a6_integral_shifted`
2. **Status:** VERIFIED

3. **Validated Lean code block:**

```lean
import Mathlib

open MeasureTheory Set
open scoped BigOperators Interval

lemma putnam1972a6_integral_shifted
    (f : ℝ → ℝ) (k : ℕ)
    (hfintegrable : IntegrableOn f (Icc 0 1))
    (hmoments : ∀ i 
      ... (4122 total chars)
   ✅ Lemma 'putnam1972a6_integral_shifted' appears proved (turn 13)
   🛠️  PL-putnam1972a6_integral_abs_lt AI made 1 tool call(s):
 → lean_run_code
   💬 PL-putnam1972a6_l1_shifted_power AI says: `Icc` is file-local via `open Set` (doesn't leak through imports). Adding `open Set` to mimic the file context:
   🛠️  PL-putnam1972a6_l1_shifted_power AI made 1 tool call(s):
 → lean_run_code
   💬 PL-putnam1972a6_pos_measure_set AI says: No infix notation for `symmDiff` here — I'll avoid it and use `\` subsets directly. Let me test the corrected proof.
   🛠️  PL-putnam1972a6_pos_measure_set AI made 1 tool call(s):
 → lean_run_code
   💬 PL-putnam1972a6_l1_shifted_power AI says: The proof compiles cleanly in the exact file context. The proof is complete.

1. Target: `putnam1972a6_l1_shifted_power`
2. Status: VERIFIED
3. Validated Lean code block:
```lean
lemma putnam1972a6_l1_shifted_power (k : ℕ) :
    ∫ x in Icc 0 1, |putnam1972a6_poly k x| = (1 / 2 : ℝ)^k / ((k : ℝ) + 1) := by
  change ∫ x in Set.Icc 0 1, |(x - (1 / 2 : ℝ)) ^ k| = (1 / 2 : ℝ) ^ k / ((k : ℝ) + 1)
  have hIcc : (∫ x in Set.Icc 0 1, |(x - (1 / 2 : ℝ)) ^ k|) =
      ∫ x in (0 : ℝ)..1, |(x - (1 / 2 : ℝ)) 
      ... (4311 total chars)
   ✅ Lemma 'putnam1972a6_l1_shifted_power' appears proved (turn 19)
   💬 PL-putnam1972a6_pos_measure_set AI says: The main proof works; only the final `refine` had an elaboration issue. Let me replace it with `use` + `constructor`:
   🛠️  PL-putnam1972a6_pos_measure_set AI made 1 tool call(s):
 → lean_run_code
   🛠️  PL-putnam1972a6_integral_abs_lt AI made 1 tool call(s):
 → lean_run_code
   💬 PL-putnam1972a6_pos_measure_set AI says: The `∀ x ∈ S` goal is producing unassigned metavariables. Let me isolate the issue with minimal examples.[08/26/26 19:08:42] INFO     Disabled tool 'lean_build' via        server.py:115
                             LEAN_MCP_DISABLED_TOOLS                            
                    INFO     Disabled tool 'lean_completions' via  server.py:115
                             LEAN_MCP_DISABLED_TOOLS                            
                    INFO     Disabled tool 'lean_declaration_file' server.py:115
                             via LEAN_MCP_DISABLED_TOOLS                        
                    INFO     Disabled tool                         server.py:115
                             'lean_diagnostic_messages' via                     
                             LEAN_MCP_DISABLED_TOOLS                            
                    INFO     Disabled tool 'lean_file_outline' via server.py:115
                             LEAN_MCP_DISABLED_TOOLS                            
                    INFO     Disabled tool                         server.py:115
                             'lean_get_widget_source' via                       
                             LEAN_MCP_DISABLED_TOOLS                            
                    INFO     Disabled tool 'lean_get_widgets' via  server.py:115
                             LEAN_MCP_DISABLED_TOOLS                            
                    INFO     Disabled tool 'lean_goal' via         server.py:115
                             LEAN_MCP_DISABLED_TOOLS                            
                    INFO     Disabled tool 'lean_hover_info' via   server.py:115
                             LEAN_MCP_DISABLED_TOOLS                            
                    INFO     Disabled tool 'lean_references' via   server.py:115
                             LEAN_MCP_DISABLED_TOOLS                            
                    INFO     Disabled tool 'lean_term_goal' via    server.py:115
                             LEAN_MCP_DISABLED_TOOLS                            
                    INFO     REPL enabled, using:                  server.py:322
                             /home/amirnabiyev/Conjecture_Prover/.              
                             lake/packages/repl/.lake/build/bin/re              
                             pl                                                 
                    INFO     REPL initialized: timeout=60s         server.py:325
[08/26/26 19:08:48] INFO     Session ending — cleaning up          server.py:360
                             per-session resources                              
[08/26/26 19:09:31] INFO     Disabled tool 'lean_build' via        server.py:115
                             LEAN_MCP_DISABLED_TOOLS                            
                    INFO     Disabled tool 'lean_completions' via  server.py:115
                             LEAN_MCP_DISABLED_TOOLS                            
                    INFO     Disabled tool 'lean_declaration_file' server.py:115
                             via LEAN_MCP_DISABLED_TOOLS                        
                    INFO     Disabled tool                         server.py:115
                             'lean_diagnostic_messages' via                     
                             LEAN_MCP_DISABLED_TOOLS                            
                    INFO     Disabled tool 'lean_file_outline' via server.py:115
                             LEAN_MCP_DISABLED_TOOLS                            
                    INFO     Disabled tool                         server.py:115
                             'lean_get_widget_source' via                       
                             LEAN_MCP_DISABLED_TOOLS                            
                    INFO     Disabled tool 'lean_get_widgets' via  server.py:115
                             LEAN_MCP_DISABLED_TOOLS                            
                    INFO     Disabled tool 'lean_goal' via         server.py:115
                             LEAN_MCP_DISABLED_TOOLS                            
                    INFO     Disabled tool 'lean_hover_info' via   server.py:115
                             LEAN_MCP_DISABLED_TOOLS                            
                    INFO     Disabled tool 'lean_references' via   server.py:115
                             LEAN_MCP_DISABLED_TOOLS                            
                    INFO     Disabled tool 'lean_term_goal' via    server.py:115
                             LEAN_MCP_DISABLED_TOOLS                            
                    INFO     REPL enabled, using:                  server.py:322
                             /home/amirnabiyev/Conjecture_Prover/.              
                             lake/packages/repl/.lake/build/bin/re              
                             pl                                                 
                    INFO     REPL initialized: timeout=60s         server.py:325
[08/26/26 19:09:37] INFO     Session ending — cleaning up          server.py:360
                             per-session resources                              
[08/26/26 19:10:42] INFO     Disabled tool 'lean_build' via        server.py:115
                             LEAN_MCP_DISABLED_TOOLS                            
                    INFO     Disabled tool 'lean_completions' via  server.py:115
                             LEAN_MCP_DISABLED_TOOLS                            
                    INFO     Disabled tool 'lean_declaration_file' server.py:115
                             via LEAN_MCP_DISABLED_TOOLS                        
                    INFO     Disabled tool                         server.py:115
                             'lean_diagnostic_messages' via                     
                             LEAN_MCP_DISABLED_TOOLS                            
                    INFO     Disabled tool 'lean_file_outline' via server.py:115
                             LEAN_MCP_DISABLED_TOOLS                            
                    INFO     Disabled tool                         server.py:115
                             'lean_get_widget_source' via                       
                             LEAN_MCP_DISABLED_TOOLS                            
                    INFO     Disabled tool 'lean_get_widgets' via  server.py:115
                             LEAN_MCP_DISABLED_TOOLS                            
                    INFO     Disabled tool 'lean_goal' via         server.py:115
                             LEAN_MCP_DISABLED_TOOLS                            
                    INFO     Disabled tool 'lean_hover_info' via   server.py:115
                             LEAN_MCP_DISABLED_TOOLS                            
                    INFO     Disabled tool 'lean_references' via   server.py:115
                             LEAN_MCP_DISABLED_TOOLS                            
                    INFO     Disabled tool 'lean_term_goal' via    server.py:115
                             LEAN_MCP_DISABLED_TOOLS                            
                    INFO     REPL enabled, using:                  server.py:322
                             /home/amirnabiyev/Conjecture_Prover/.              
                             lake/packages/repl/.lake/build/bin/re              
                             pl                                                 
                    INFO     REPL initialized: timeout=60s         server.py:325
[08/26/26 19:10:49] INFO     Session ending — cleaning up          server.py:360
                             per-session resources                              
[08/26/26 19:11:16] INFO     Disabled tool 'lean_build' via        server.py:115
                             LEAN_MCP_DISABLED_TOOLS                            
                    INFO     Disabled tool 'lean_completions' via  server.py:115
                             LEAN_MCP_DISABLED_TOOLS                            
                    INFO     Disabled tool 'lean_declaration_file' server.py:115
                             via LEAN_MCP_DISABLED_TOOLS                        
                    INFO     Disabled tool                         server.py:115
                             'lean_diagnostic_messages' via                     
                             LEAN_MCP_DISABLED_TOOLS                            
                    INFO     Disabled tool 'lean_file_outline' via server.py:115
                             LEAN_MCP_DISABLED_TOOLS                            
                    INFO     Disabled tool                         server.py:115
                             'lean_get_widget_source' via                       
                             LEAN_MCP_DISABLED_TOOLS                            
                    INFO     Disabled tool 'lean_get_widgets' via  server.py:115
                             LEAN_MCP_DISABLED_TOOLS                            
                    INFO     Disabled tool 'lean_goal' via         server.py:115
                             LEAN_MCP_DISABLED_TOOLS                            
                    INFO     Disabled tool 'lean_hover_info' via   server.py:115
                             LEAN_MCP_DISABLED_TOOLS                            
                    INFO     Disabled tool 'lean_references' via   server.py:115
                             LEAN_MCP_DISABLED_TOOLS                            
                    INFO     Disabled tool 'lean_term_goal' via    server.py:115
                             LEAN_MCP_DISABLED_TOOLS                            
                    INFO     REPL enabled, using:                  server.py:322
                             /home/amirnabiyev/Conjecture_Prover/.              
                             lake/packages/repl/.lake/build/bin/re              
                             pl                                                 
                    INFO     REPL initialized: timeout=60s         server.py:325
[08/26/26 19:11:22] INFO     Session ending — cleaning up          server.py:360
                             per-session resources                              
[08/26/26 19:11:39] INFO     Disabled tool 'lean_build' via        server.py:115
                             LEAN_MCP_DISABLED_TOOLS                            
                    INFO     Disabled tool 'lean_completions' via  server.py:115
                             LEAN_MCP_DISABLED_TOOLS                            
                    INFO     Disabled tool 'lean_declaration_file' server.py:115
                             via LEAN_MCP_DISABLED_TOOLS                        
                    INFO     Disabled tool                         server.py:115
                             'lean_diagnostic_messages' via                     
                             LEAN_MCP_DISABLED_TOOLS                            
                    INFO     Disabled tool 'lean_file_outline' via server.py:115
                             LEAN_MCP_DISABLED_TOOLS                            
                    INFO     Disabled tool                         server.py:115
                             'lean_get_widget_source' via                       
                             LEAN_MCP_DISABLED_TOOLS                            
                    INFO     Disabled tool 'lean_get_widgets' via  server.py:115
                             LEAN_MCP_DISABLED_TOOLS                            
                    INFO     Disabled tool 'lean_goal' via         server.py:115
                             LEAN_MCP_DISABLED_TOOLS                            
                    INFO     Disabled tool 'lean_hover_info' via   server.py:115
                             LEAN_MCP_DISABLED_TOOLS                            
                    INFO     Disabled tool 'lean_references' via   server.py:115
                             LEAN_MCP_DISABLED_TOOLS                            
                    INFO     Disabled tool 'lean_term_goal' via    server.py:115
                             LEAN_MCP_DISABLED_TOOLS                            
                    INFO     REPL enabled, using:                  server.py:322
                             /home/amirnabiyev/Conjecture_Prover/.              
                             lake/packages/repl/.lake/build/bin/re              
                             pl                                                 
                    INFO     REPL initialized: timeout=60s         server.py:325
[08/26/26 19:11:45] INFO     Session ending — cleaning up          server.py:360
                             per-session resources                              
[08/26/26 19:12:19] INFO     Disabled tool 'lean_build' via        server.py:115
                             LEAN_MCP_DISABLED_TOOLS                            
                    INFO     Disabled tool 'lean_completions' via  server.py:115
                             LEAN_MCP_DISABLED_TOOLS                            
                    INFO     Disabled tool 'lean_declaration_file' server.py:115
                             via LEAN_MCP_DISABLED_TOOLS                        
                    INFO     Disabled tool                         server.py:115
                             'lean_diagnostic_messages' via                     
                             LEAN_MCP_DISABLED_TOOLS                            
                    INFO     Disabled tool 'lean_file_outline' via server.py:115
                             LEAN_MCP_DISABLED_TOOLS                            
                    INFO     Disabled tool                         server.py:115
                             'lean_get_widget_source' via                       
                             LEAN_MCP_DISABLED_TOOLS                            
                    INFO     Disabled tool 'lean_get_widgets' via  server.py:115
                             LEAN_MCP_DISABLED_TOOLS                            
                    INFO     Disabled tool 'lean_goal' via         server.py:115
                             LEAN_MCP_DISABLED_TOOLS                            
                    INFO     Disabled tool 'lean_hover_info' via   server.py:115
                             LEAN_MCP_DISABLED_TOOLS                            
                    INFO     Disabled tool 'lean_references' via   server.py:115
                             LEAN_MCP_DISABLED_TOOLS                            
                    INFO     Disabled tool 'lean_term_goal' via    server.py:115
                             LEAN_MCP_DISABLED_TOOLS                            
                    INFO     REPL enabled, using:                  server.py:322
                             /home/amirnabiyev/Conjecture_Prover/.              
                             lake/packages/repl/.lake/build/bin/re              
                             pl                                                 
                    INFO     REPL initialized: timeout=60s         server.py:325
[08/26/26 19:12:25] INFO     Session ending — cleaning up          server.py:360
                             per-session resources                              
[08/26/26 19:12:57] INFO     Disabled tool 'lean_build' via        server.py:115
                             LEAN_MCP_DISABLED_TOOLS                            
                    INFO     Disabled tool 'lean_completions' via  server.py:115
                             LEAN_MCP_DISABLED_TOOLS                            
                    INFO     Disabled tool 'lean_declaration_file' server.py:115
                             via LEAN_MCP_DISABLED_TOOLS                        
                    INFO     Disabled tool                         server.py:115
                             'lean_diagnostic_messages' via                     
                             LEAN_MCP_DISABLED_TOOLS                            
                    INFO     Disabled tool 'lean_file_outline' via server.py:115
                             LEAN_MCP_DISABLED_TOOLS                            
                    INFO     Disabled tool                         server.py:115
                             'lean_get_widget_source' via                       
                             LEAN_MCP_DISABLED_TOOLS                            
                    INFO     Disabled tool 'lean_get_widgets' via  server.py:115
                             LEAN_MCP_DISABLED_TOOLS                            
                    INFO     Disabled tool 'lean_goal' via         server.py:115
                             LEAN_MCP_DISABLED_TOOLS                            
                    INFO     Disabled tool 'lean_hover_info' via   server.py:115
                             LEAN_MCP_DISABLED_TOOLS                            
                    INFO     Disabled tool 'lean_references' via   server.py:115
                             LEAN_MCP_DISABLED_TOOLS                            
                    INFO     Disabled tool 'lean_term_goal' via    server.py:115
                             LEAN_MCP_DISABLED_TOOLS                            
                    INFO     REPL enabled, using:                  server.py:322
                             /home/amirnabiyev/Conjecture_Prover/.              
                             lake/packages/repl/.lake/build/bin/re              
                             pl                                                 
                    INFO     REPL initialized: timeout=60s         server.py:325
[08/26/26 19:13:04] INFO     Session ending — cleaning up          server.py:360
                             per-session resources                              
[08/26/26 19:13:20] INFO     Disabled tool 'lean_build' via        server.py:115
                             LEAN_MCP_DISABLED_TOOLS                            
                    INFO     Disabled tool 'lean_completions' via  server.py:115
                             LEAN_MCP_DISABLED_TOOLS                            
                    INFO     Disabled tool 'lean_declaration_file' server.py:115
                             via LEAN_MCP_DISABLED_TOOLS                        
                    INFO     Disabled tool                         server.py:115
                             'lean_diagnostic_messages' via                     
                             LEAN_MCP_DISABLED_TOOLS                            
                    INFO     Disabled tool 'lean_file_outline' via server.py:115
                             LEAN_MCP_DISABLED_TOOLS                            
                    INFO     Disabled tool                         server.py:115
                             'lean_get_widget_source' via                       
                             LEAN_MCP_DISABLED_TOOLS                            
                    INFO     Disabled tool 'lean_get_widgets' via  server.py:115
                             LEAN_MCP_DISABLED_TOOLS                            
                    INFO     Disabled tool 'lean_goal' via         server.py:115
                             LEAN_MCP_DISABLED_TOOLS                            
                    INFO     Disabled tool 'lean_hover_info' via   server.py:115
                             LEAN_MCP_DISABLED_TOOLS                            
                    INFO     Disabled tool 'lean_references' via   server.py:115
                             LEAN_MCP_DISABLED_TOOLS                            
                    INFO     Disabled tool 'lean_term_goal' via    server.py:115
                             LEAN_MCP_DISABLED_TOOLS                            
                    INFO     REPL enabled, using:                  server.py:322
                             /home/amirnabiyev/Conjecture_Prover/.              
                             lake/packages/repl/.lake/build/bin/re              
                             pl                                                 
                    INFO     REPL initialized: timeout=60s         server.py:325
[08/26/26 19:13:28] INFO     Session ending — cleaning up          server.py:360
                             per-session resources                              
[08/26/26 19:13:44] INFO     Disabled tool 'lean_build' via        server.py:115
                             LEAN_MCP_DISABLED_TOOLS                            
                    INFO     Disabled tool 'lean_completions' via  server.py:115
                             LEAN_MCP_DISABLED_TOOLS                            
                    INFO     Disabled tool 'lean_declaration_file' server.py:115
                             via LEAN_MCP_DISABLED_TOOLS                        
                    INFO     Disabled tool                         server.py:115
                             'lean_diagnostic_messages' via                     
                             LEAN_MCP_DISABLED_TOOLS                            
                    INFO     Disabled tool 'lean_file_outline' via server.py:115
                             LEAN_MCP_DISABLED_TOOLS                            
                    INFO     Disabled tool                         server.py:115
                             'lean_get_widget_source' via                       
                             LEAN_MCP_DISABLED_TOOLS                            
                    INFO     Disabled tool 'lean_get_widgets' via  server.py:115
                             LEAN_MCP_DISABLED_TOOLS                            
                    INFO     Disabled tool 'lean_goal' via         server.py:115
                             LEAN_MCP_DISABLED_TOOLS                            
                    INFO     Disabled tool 'lean_hover_info' via   server.py:115
                             LEAN_MCP_DISABLED_TOOLS                            
                    INFO     Disabled tool 'lean_references' via   server.py:115
                             LEAN_MCP_DISABLED_TOOLS                            
                    INFO     Disabled tool 'lean_term_goal' via    server.py:115
                             LEAN_MCP_DISABLED_TOOLS                            
                    INFO     REPL enabled, using:                  server.py:322
                             /home/amirnabiyev/Conjecture_Prover/.              
                             lake/packages/repl/.lake/build/bin/re              
                             pl                                                 
                    INFO     REPL initialized: timeout=60s         server.py:325
[08/26/26 19:13:52] INFO     Session ending — cleaning up          server.py:360
                             per-session resources                              
[08/26/26 19:14:08] INFO     REPL enabled, using:                  server.py:322
                             /home/amirnabiyev/Conjecture_Prover/.              
                             lake/packages/repl/.lake/build/bin/re              
                             pl                                                 
                    INFO     REPL initialized: timeout=60s         server.py:325
                    INFO     Session ending — cleaning up          server.py:360
                             per-session resources                              
[08/26/26 19:17:35] INFO     REPL enabled, using:                  server.py:322
                             /home/amirnabiyev/Conjecture_Prover/.              
                             lake/packages/repl/.lake/build/bin/re              
                             pl                                                 
                    INFO     REPL initialized: timeout=60s         server.py:325
[08/26/26 19:17:36] INFO     Shared async LSP client         client_utils.py:133
                             connected at                                       
                             /home/amirnabiyev/Conjecture_Pr                    
                             over                                               
[08/26/26 19:17:52] INFO     Session ending — cleaning up          server.py:360
                             per-session resources                              
Exception ignored in: <function BaseSubprocessTransport.__del__ at 0x754749471120>
Traceback (most recent call last):
  File "/usr/local/lib/python3.12/asyncio/base_subprocess.py", line 126, in __del__
    self.close()
  File "/usr/local/lib/python3.12/asyncio/base_subprocess.py", line 104, in close
    proto.pipe.close()
  File "/usr/local/lib/python3.12/asyncio/unix_events.py", line 767, in close
    self.write_eof()
  File "/usr/local/lib/python3.12/asyncio/unix_events.py", line 753, in write_eof
    self._loop.call_soon(self._call_connection_lost, None)
  File "/usr/local/lib/python3.12/asyncio/base_events.py", line 799, in call_soon
    self._check_closed()
  File "/usr/local/lib/python3.12/asyncio/base_events.py", line 545, in _check_closed
    raise RuntimeError('Event loop is closed')
RuntimeError: Event loop is closed
[08/26/26 19:18:11] INFO     REPL enabled, using:                  server.py:322
                             /home/amirnabiyev/Conjecture_Prover/.              
                             lake/packages/repl/.lake/build/bin/re              
                             pl                                                 
                    INFO     REPL initialized: timeout=60s         server.py:325
[08/26/26 19:18:13] INFO     Shared async LSP client         client_utils.py:133
                             connected at                                       
                             /home/amirnabiyev/Conjecture_Pr                    
                             over                                               
[08/26/26 19:18:30] INFO     Session ending — cleaning up          server.py:360
                             per-session resources                              
Exception ignored in: <function BaseSubprocessTransport.__del__ at 0x796e57d69120>
Traceback (most recent call last):
  File "/usr/local/lib/python3.12/asyncio/base_subprocess.py", line 126, in __del__
    self.close()
  File "/usr/local/lib/python3.12/asyncio/base_subprocess.py", line 104, in close
    proto.pipe.close()
  File "/usr/local/lib/python3.12/asyncio/unix_events.py", line 767, in close
    self.write_eof()
  File "/usr/local/lib/python3.12/asyncio/unix_events.py", line 753, in write_eof
    self._loop.call_soon(self._call_connection_lost, None)
  File "/usr/local/lib/python3.12/asyncio/base_events.py", line 799, in call_soon
    self._check_closed()
  File "/usr/local/lib/python3.12/asyncio/base_events.py", line 545, in _check_closed
    raise RuntimeError('Event loop is closed')
RuntimeError: Event loop is closed
[08/26/26 19:19:03] INFO     REPL enabled, using:                  server.py:322
                             /home/amirnabiyev/Conjecture_Prover/.              
                             lake/packages/repl/.lake/build/bin/re              
                             pl                                                 
                    INFO     REPL initialized: timeout=60s         server.py:325
[08/26/26 19:19:05] INFO     Shared async LSP client         client_utils.py:133
                             connected at                                       
                             /home/amirnabiyev/Conjecture_Pr                    
                             over                                               
[08/26/26 19:19:21] INFO     Session ending — cleaning up          server.py:360
                             per-session resources                              
Exception ignored in: <function BaseSubprocessTransport.__del__ at 0x7b4dfe679120>
Traceback (most recent call last):
  File "/usr/local/lib/python3.12/asyncio/base_subprocess.py", line 126, in __del__
    self.close()
  File "/usr/local/lib/python3.12/asyncio/base_subprocess.py", line 104, in close
    proto.pipe.close()
  File "/usr/local/lib/python3.12/asyncio/unix_events.py", line 767, in close
    self.write_eof()
  File "/usr/local/lib/python3.12/asyncio/unix_events.py", line 753, in write_eof
    self._loop.call_soon(self._call_connection_lost, None)
  File "/usr/local/lib/python3.12/asyncio/base_events.py", line 799, in call_soon
    self._check_closed()
  File "/usr/local/lib/python3.12/asyncio/base_events.py", line 545, in _check_closed
    raise RuntimeError('Event loop is closed')
RuntimeError: Event loop is closed
[08/26/26 19:19:49] INFO     REPL enabled, using:                  server.py:322
                             /home/amirnabiyev/Conjecture_Prover/.              
                             lake/packages/repl/.lake/build/bin/re              
                             pl                                                 
                    INFO     REPL initialized: timeout=60s         server.py:325
                    INFO     Session ending — cleaning up          server.py:360
                             per-session resources                              

   🛠️  PL-putnam1972a6_pos_measure_set AI made 1 tool call(s):
 → lean_run_code
   💬 PL-putnam1972a6_pos_measure_set AI says: The minimal examples work, so the issue is specific to my goal. Let me reproduce with the exact goal structure:
   🛠️  PL-putnam1972a6_pos_measure_set AI made 1 tool call(s):
 → lean_run_code
   💬 PL-putnam1972a6_pos_measure_set AI says: I see — the errors are in the `hT'leS` block (`ext x; simp [S]` already closed `hT'eq`, and the inline `by` inside `measure_mono` has issues). Let me restructure that block:
   🛠️  PL-putnam1972a6_pos_measure_set AI made 1 tool call(s):
 → lean_run_code
   💬 PL-putnam1972a6_pos_measure_set AI says: Two distinct issues found: `measure_mono` needs explicit `μ`, and `use S` misbehaves. Let me test the `use S` behavior in isolation:
   🛠️  PL-putnam1972a6_pos_measure_set AI made 1 tool call(s):
 → lean_run_code
   💬 PL-putnam1972a6_pos_measure_set AI says: All three fail — even without `let`! The issue is `use` + this goal shape. Let me experiment more:
   🛠️  PL-putnam1972a6_pos_measure_set AI made 1 tool call(s):
 → lean_run_code
   💬 PL-putnam1972a6_pos_measure_set AI says: Let me inspect the goal state right after `use B`:
   🛠️  PL-putnam1972a6_pos_measure_set AI made 1 tool call(s):
 → lean_run_code
   💬 PL-putnam1972a6_integral_abs_lt AI says: I've exhausted my proof budget without achieving a clean compile of the full proof. Let me summarize what I established and hand back my best-effort proof.

[FINAL PROPOSAL]
status: UNRESOLVED
new_str:
```lean
lemma putnam1972a6_integral_abs_lt (f : ℝ → ℝ) (k : ℕ)
    (hfintegrable : IntegrableOn f (Icc 0 1))
    (hae : ∀ᵐ x ∂volume, x ∈ Icc 0 1 → |f x| < putnam1972a6_bound k) :
    ∫ x in Icc 0 1, |putnam1972a6_poly k x| * |f x| <
      putnam1972a6_bound k * ∫ x in Icc 0 1, |putnam1972a6_poly 
      ... (8240 total chars)
   ✅ Lemma 'putnam1972a6_integral_abs_lt' appears proved (turn 20)
   💬 PL-putnam1972a6_pos_measure_set AI says: `use` auto-closes goals (unlike `refine ⟨...⟩`). Let me write the final proof using `refine ⟨S, ?_, ?_, ?_, ?_⟩`, removing the redundant `by_cases`, and making `measure_mono` explicit about `μ`:
   🛠️  PL-putnam1972a6_pos_measure_set AI made 1 tool call(s):
 → lean_run_code
   💬 PL-putnam1972a6_pos_measure_set AI says: Almost done — I used `add_le_add_left` but need `add_le_add_right` (addition on the left):
   🛠️  PL-putnam1972a6_pos_measure_set AI made 1 tool call(s):
 → lean_run_code
   💬 PL-putnam1972a6_pos_measure_set AI says: The proof compiles cleanly. Let me do a final verification with the exact lemma declaration form (renamed to avoid the import clash) and confirm no `sorry` remains:
   🛠️  PL-putnam1972a6_pos_measure_set AI made 1 tool call(s):
 → lean_run_code
   💬 PL-putnam1972a6_pos_measure_set AI says: [FINAL PROPOSAL]
status: VERIFIED
new_str:
```lean
lemma putnam1972a6_pos_measure_set
    (f : ℝ → ℝ) (k : ℕ)
    (hfintegrable : IntegrableOn f (Icc 0 1))
    (hmoments : ∀ i < k, ∫ x in Icc 0 1, x^i * f x = 0)
    (hlast : ∫ x in Icc 0 1, x^k * f x = 1) :
    ∃ S : Set ℝ, S ⊆ Icc 0 1 ∧ MeasurableSet S ∧ volume S > 0 ∧
      ∀ x ∈ S, |f x| ≥ putnam1972a6_bound k := by
  let M : ℝ := putnam1972a6_bound k
  let T : Set ℝ := {x | x ∈ Icc 0 1 ∧ M ≤ |f x|}
  have hnot : ¬ ∀ᵐ (x : ℝ), x ∈ Icc 0 1 → |
      ... (5829 total chars)
   ⏰ Lemma 'putnam1972a6_pos_measure_set': turn limit (20) reached

======================================================================
AGGREGATOR: Applying proofs (round 1)
   Received 10 proposal(s)
======================================================================

   🛠️  AG AI made 1 tool call(s):
 → read_workspace
   💬 AG AI says: I've read the file. All `old_str` snippets match the file. Note the file already has `import Mathlib`, `open EuclideanGeometry Filter Topology Set MeasureTheory`, and a `noncomputable section`. I'll apply each proposal by replacing the lemma declaration (keeping the docstring + `@[blueprint]` metadata intact), then validate.

Let me start with proposals 1–3:
   🛠️  AG AI made 3 tool call(s):
 → search_replace_workspace
 → search_replace_workspace
 → search_replace_workspace
   💬 AG AI says: All three replacements applied. Now validating:
   🛠️  AG AI made 1 tool call(s):
 → lean_diagnostic_messages
   💬 AG AI says: Proposals 1–3 compile cleanly (only `sorry` warnings from the remaining placeholders). Now applying proposals 4–6:
   🛠️  AG AI made 3 tool call(s):
 → search_replace_workspace
 → search_replace_workspace
 → search_replace_workspace
   🛠️  AG AI made 1 tool call(s):
 → lean_diagnostic_messages
   💬 AG AI says: Proposal 4 (`putnam1972a6_integral_abs_lt`) fails — as the prover flagged (status: UNRESOLVED, never recompiled). The errors are parse/structure issues in the proof body (`LE Type`/`OfNat Type 0` at line 238, unsolved goals at line 201). Per policy this is **UNFIXABLE** — I will not rewrite the proof. I'll revert it to its `sorry_using` placeholder so the file stays compilable, and continue with proposals 7–9:
   🛠️  AG AI made 4 tool call(s):
 → search_replace_workspace
 → search_replace_workspace
 → search_replace_workspace
 → search_replace_workspace
   💬 AG AI says: Reverted proposal 4 and applied proposals 7–9. Validating the full file:
   🛠️  AG AI made 1 tool call(s):
 → lean_diagnostic_messages
   💬 AG AI says: All proposals have been processed. The file compiles with no errors; the only remaining `sorry` warnings are:
- `putnam1972a6_integral_abs_lt` (proposal 4 — UNFIXABLE, see below)
- `putnam1972a6_pos_measure_set` (no proposal was provided for this lemma; it remains a placeholder)

## Summary

| # | Lemma | Result |
|---|---|---|
| 1 | `putnam1972a6_integral_shifted` | ✅ Applied, compiles |
| 2 | `putnam1972a6_one_le_abs` | ✅ Applied, compiles |
| 3 | `putnam1972a6_l1_shifted_power` | ✅ Applied, c
      ... (1961 total chars)
   ✅ Aggregator LLM finished after 8 turn(s)
   📊 Blueprint JSON: 12 lemmas, 0 proved
   🚦 Route: aggregator → blueprint_refiner (round 1)

======================================================================
🔧 BLUEPRINT REFINER: Revising blueprint based on prover feedback
   Unproved lemmas to address: putnam1972a6_bound, putnam1972a6_bound_mul_l1, putnam1972a6_bound_of_int, putnam1972a6_integral_abs_lt, putnam1972a6_integral_shifted, putnam1972a6_l1_shifted_power, putnam1972a6_not_ae_small, putnam1972a6_one_le_abs, putnam1972a6_poly, putnam1972a6_pos_measure_set, putnam1972a6_to_nat, putnam_1972_a6
     • putnam1972a6_integral_shifted: [Turn 13] The proof compiles cleanly both standalone and against the real `ConjectureProver` file (whose `putnam1972a6_p...
     • putnam1972a6_one_le_abs: [Turn 11] 1. Target: `putnam1972a6_one_le_abs`
2. Status: VERIFIED

3. Validated Lean code block (full declaration with ...
     • putnam1972a6_l1_shifted_power: [Turn 19] The proof compiles cleanly in the exact file context. The proof is complete.

1. Target: `putnam1972a6_l1_shif...
     • putnam1972a6_integral_abs_lt: [Turn 20] I've exhausted my proof budget without achieving a clean compile of the full proof. Let me summarize what I es...
     • putnam1972a6_bound_mul_l1: [Turn 6] PROVED...
     • putnam1972a6_not_ae_small: [Turn 5] The proof compiles cleanly. Let me do a final verification that the theorem's axioms are clean by checking the ...
     • putnam1972a6_pos_measure_set: [Turn 20] [FINAL PROPOSAL]
status: VERIFIED
new_str:
```lean
lemma putnam1972a6_pos_measure_set
    (f : ℝ → ℝ) (k : ℕ)
...
     • putnam1972a6_to_nat: [Turn 6] [TRIAL FEEDBACK]
Attempted: `simpa`-based closes (failed with max recursion depth on zpow), direct `rw [← zpow_...
     • putnam1972a6_bound_of_int: [Turn 11] PROVED...
     • putnam_1972_a6: [Turn 9] PROVED...
======================================================================

   🛠️  BR AI made 2 tool call(s):
 → read_workspace[08/26/26 19:19:53] INFO     REPL enabled, using:                  server.py:322
                             /home/amirnabiyev/Conjecture_Prover/.              
                             lake/packages/repl/.lake/build/bin/re              
                             pl                                                 
[08/26/26 19:19:54] INFO     REPL initialized: timeout=60s         server.py:325
                    INFO     Session ending — cleaning up          server.py:360
                             per-session resources                              
[08/26/26 19:22:19] INFO     REPL enabled, using:                  server.py:322
                             /home/amirnabiyev/Conjecture_Prover/.              
                             lake/packages/repl/.lake/build/bin/re              
                             pl                                                 
                    INFO     REPL initialized: timeout=60s         server.py:325
[08/26/26 19:22:19] INFO     REPL enabled, using:                  server.py:322
                             /home/amirnabiyev/Conjecture_Prover/.              
                             lake/packages/repl/.lake/build/bin/re              
                             pl                                                 
                    INFO     REPL initialized: timeout=60s         server.py:325
[08/26/26 19:22:20] INFO     Session ending — cleaning up          server.py:360
                             per-session resources                              
[08/26/26 19:22:21] INFO     Session ending — cleaning up          server.py:360
                             per-session resources                              
[08/26/26 19:22:22] INFO     REPL enabled, using:                  server.py:322
                             /home/amirnabiyev/Conjecture_Prover/.              
                             lake/packages/repl/.lake/build/bin/re              
                             pl                                                 
[08/26/26 19:22:23] INFO     REPL initialized: timeout=60s         server.py:325
                    INFO     Session ending — cleaning up          server.py:360
                             per-session resources                              
[08/26/26 19:22:32] INFO     REPL enabled, using:                  server.py:322
                             /home/amirnabiyev/Conjecture_Prover/.              
                             lake/packages/repl/.lake/build/bin/re              
                             pl                                                 
                    INFO     REPL initialized: timeout=60s         server.py:325
[08/26/26 19:22:32] INFO     REPL enabled, using:                  server.py:322
                             /home/amirnabiyev/Conjecture_Prover/.              
                             lake/packages/repl/.lake/build/bin/re              
                             pl                                                 
                    INFO     REPL initialized: timeout=60s         server.py:325
[08/26/26 19:22:33] INFO     Session ending — cleaning up          server.py:360
                             per-session resources                              
[08/26/26 19:22:34] INFO     Session ending — cleaning up          server.py:360
                             per-session resources                              
[08/26/26 19:22:35] INFO     REPL enabled, using:                  server.py:322
                             /home/amirnabiyev/Conjecture_Prover/.              
                             lake/packages/repl/.lake/build/bin/re              
                             pl                                                 
                    INFO     REPL initialized: timeout=60s         server.py:325
                    INFO     Session ending — cleaning up          server.py:360
                             per-session resources                              
[08/26/26 19:24:45] INFO     REPL enabled, using:                  server.py:322
                             /home/amirnabiyev/Conjecture_Prover/.              
                             lake/packages/repl/.lake/build/bin/re              
                             pl                                                 
                    INFO     REPL initialized: timeout=60s         server.py:325
[08/26/26 19:24:45] INFO     REPL enabled, using:                  server.py:322
                             /home/amirnabiyev/Conjecture_Prover/.              
                             lake/packages/repl/.lake/build/bin/re              
                             pl                                                 
                    INFO     REPL initialized: timeout=60s         server.py:325
[08/26/26 19:24:47] INFO     Shared async LSP client         client_utils.py:133
                             connected at                                       
                             /home/amirnabiyev/Conjecture_Pr                    
                             over                                               
[08/26/26 19:24:47] INFO     Shared async LSP client         client_utils.py:133
                             connected at                                       
                             /home/amirnabiyev/Conjecture_Pr                    
                             over                                               
                    INFO     Session ending — cleaning up          server.py:360
                             per-session resources                              
Exception ignored in: <function BaseSubprocessTransport.__del__ at 0x7f899c7cd120>
Traceback (most recent call last):
  File "/usr/local/lib/python3.12/asyncio/base_subprocess.py", line 126, in __del__
    self.close()
  File "/usr/local/lib/python3.12/asyncio/base_subprocess.py", line 104, in close
    proto.pipe.close()
  File "/usr/local/lib/python3.12/asyncio/unix_events.py", line 767, in close
    self.write_eof()
  File "/usr/local/lib/python3.12/asyncio/unix_events.py", line 753, in write_eof
    self._loop.call_soon(self._call_connection_lost, None)
  File "/usr/local/lib/python3.12/asyncio/base_events.py", line 799, in call_soon
    self._check_closed()
  File "/usr/local/lib/python3.12/asyncio/base_events.py", line 545, in _check_closed
    raise RuntimeError('Event loop is closed')
RuntimeError: Event loop is closed
[08/26/26 19:25:03] INFO     Session ending — cleaning up          server.py:360
                             per-session resources                              
Exception ignored in: <function BaseSubprocessTransport.__del__ at 0x7c6414221120>
Traceback (most recent call last):
  File "/usr/local/lib/python3.12/asyncio/base_subprocess.py", line 126, in __del__
    self.close()
  File "/usr/local/lib/python3.12/asyncio/base_subprocess.py", line 104, in close
    proto.pipe.close()
  File "/usr/local/lib/python3.12/asyncio/unix_events.py", line 767, in close
    self.write_eof()
  File "/usr/local/lib/python3.12/asyncio/unix_events.py", line 753, in write_eof
    self._loop.call_soon(self._call_connection_lost, None)
  File "/usr/local/lib/python3.12/asyncio/base_events.py", line 799, in call_soon
    self._check_closed()
  File "/usr/local/lib/python3.12/asyncio/base_events.py", line 545, in _check_closed
    raise RuntimeError('Event loop is closed')
RuntimeError: Event loop is closed

 → list_directory
   🚦 Routing: blueprint_refiner → tools_br
   🚦 Routing: tool_node → blueprint_refiner

======================================================================
🔧 BLUEPRINT REFINER: Revising blueprint based on prover feedback
   Unproved lemmas to address: putnam1972a6_bound, putnam1972a6_bound_mul_l1, putnam1972a6_bound_of_int, putnam1972a6_integral_abs_lt, putnam1972a6_integral_shifted, putnam1972a6_l1_shifted_power, putnam1972a6_not_ae_small, putnam1972a6_one_le_abs, putnam1972a6_poly, putnam1972a6_pos_measure_set, putnam1972a6_to_nat, putnam_1972_a6
     • putnam1972a6_integral_shifted: [Turn 13] The proof compiles cleanly both standalone and against the real `ConjectureProver` file (whose `putnam1972a6_p...
     • putnam1972a6_one_le_abs: [Turn 11] 1. Target: `putnam1972a6_one_le_abs`
2. Status: VERIFIED

3. Validated Lean code block (full declaration with ...
     • putnam1972a6_l1_shifted_power: [Turn 19] The proof compiles cleanly in the exact file context. The proof is complete.

1. Target: `putnam1972a6_l1_shif...
     • putnam1972a6_integral_abs_lt: [Turn 20] I've exhausted my proof budget without achieving a clean compile of the full proof. Let me summarize what I es...
     • putnam1972a6_bound_mul_l1: [Turn 6] PROVED...
     • putnam1972a6_not_ae_small: [Turn 5] The proof compiles cleanly. Let me do a final verification that the theorem's axioms are clean by checking the ...
     • putnam1972a6_pos_measure_set: [Turn 20] [FINAL PROPOSAL]
status: VERIFIED
new_str:
```lean
lemma putnam1972a6_pos_measure_set
    (f : ℝ → ℝ) (k : ℕ)
...
     • putnam1972a6_to_nat: [Turn 6] [TRIAL FEEDBACK]
Attempted: `simpa`-based closes (failed with max recursion depth on zpow), direct `rw [← zpow_...
     • putnam1972a6_bound_of_int: [Turn 11] PROVED...
     • putnam_1972_a6: [Turn 9] PROVED...
======================================================================

   💬 BR AI says: I'll start by examining the current workspace state and understanding what needs to be fixed. Let me analyze the two remaining unsolved nodes and search for the relevant Mathlib lemmas.
   🛠️  BR AI made 2 tool call(s):
 → lean_leansearch
 → lean_leansearch
   🚦 Routing: blueprint_refiner → tools_br
   🚦 Routing: tool_node → blueprint_refiner

======================================================================
🔧 BLUEPRINT REFINER: Revising blueprint based on prover feedback
   Unproved lemmas to address: putnam1972a6_bound, putnam1972a6_bound_mul_l1, putnam1972a6_bound_of_int, putnam1972a6_integral_abs_lt, putnam1972a6_integral_shifted, putnam1972a6_l1_shifted_power, putnam1972a6_not_ae_small, putnam1972a6_one_le_abs, putnam1972a6_poly, putnam1972a6_pos_measure_set, putnam1972a6_to_nat, putnam_1972_a6
     • putnam1972a6_integral_shifted: [Turn 13] The proof compiles cleanly both standalone and against the real `ConjectureProver` file (whose `putnam1972a6_p...
     • putnam1972a6_one_le_abs: [Turn 11] 1. Target: `putnam1972a6_one_le_abs`
2. Status: VERIFIED

3. Validated Lean code block (full declaration with ...
     • putnam1972a6_l1_shifted_power: [Turn 19] The proof compiles cleanly in the exact file context. The proof is complete.

1. Target: `putnam1972a6_l1_shif...
     • putnam1972a6_integral_abs_lt: [Turn 20] I've exhausted my proof budget without achieving a clean compile of the full proof. Let me summarize what I es...
     • putnam1972a6_bound_mul_l1: [Turn 6] PROVED...
     • putnam1972a6_not_ae_small: [Turn 5] The proof compiles cleanly. Let me do a final verification that the theorem's axioms are clean by checking the ...
     • putnam1972a6_pos_measure_set: [Turn 20] [FINAL PROPOSAL]
status: VERIFIED
new_str:
```lean
lemma putnam1972a6_pos_measure_set
    (f : ℝ → ℝ) (k : ℕ)
...
     • putnam1972a6_to_nat: [Turn 6] [TRIAL FEEDBACK]
Attempted: `simpa`-based closes (failed with max recursion depth on zpow), direct `rw [← zpow_...
     • putnam1972a6_bound_of_int: [Turn 11] PROVED...
     • putnam_1972_a6: [Turn 9] PROVED...
======================================================================

   💬 BR AI says: Good — I found the key lemmas. Let me verify the exact names locally and search for the measurable-subset lemma needed by `putnam1972a6_pos_measure_set`.
   🛠️  BR AI made 2 tool call(s):
 → lean_local_search
 → lean_leansearch
   🚦 Routing: blueprint_refiner → tools_br
   🚦 Routing: tool_node → blueprint_refiner

======================================================================
🔧 BLUEPRINT REFINER: Revising blueprint based on prover feedback
   Unproved lemmas to address: putnam1972a6_bound, putnam1972a6_bound_mul_l1, putnam1972a6_bound_of_int, putnam1972a6_integral_abs_lt, putnam1972a6_integral_shifted, putnam1972a6_l1_shifted_power, putnam1972a6_not_ae_small, putnam1972a6_one_le_abs, putnam1972a6_poly, putnam1972a6_pos_measure_set, putnam1972a6_to_nat, putnam_1972_a6
     • putnam1972a6_integral_shifted: [Turn 13] The proof compiles cleanly both standalone and against the real `ConjectureProver` file (whose `putnam1972a6_p...
     • putnam1972a6_one_le_abs: [Turn 11] 1. Target: `putnam1972a6_one_le_abs`
2. Status: VERIFIED

3. Validated Lean code block (full declaration with ...
     • putnam1972a6_l1_shifted_power: [Turn 19] The proof compiles cleanly in the exact file context. The proof is complete.

1. Target: `putnam1972a6_l1_shif...
     • putnam1972a6_integral_abs_lt: [Turn 20] I've exhausted my proof budget without achieving a clean compile of the full proof. Let me summarize what I es...
     • putnam1972a6_bound_mul_l1: [Turn 6] PROVED...
     • putnam1972a6_not_ae_small: [Turn 5] The proof compiles cleanly. Let me do a final verification that the theorem's axioms are clean by checking the ...
     • putnam1972a6_pos_measure_set: [Turn 20] [FINAL PROPOSAL]
status: VERIFIED
new_str:
```lean
lemma putnam1972a6_pos_measure_set
    (f : ℝ → ℝ) (k : ℕ)
...
     • putnam1972a6_to_nat: [Turn 6] [TRIAL FEEDBACK]
Attempted: `simpa`-based closes (failed with max recursion depth on zpow), direct `rw [← zpow_...
     • putnam1972a6_bound_of_int: [Turn 11] PROVED...
     • putnam_1972_a6: [Turn 9] PROVED...
======================================================================

   💬 BR AI says: The local search confirms `intervalIntegral.integral_lt_integral_of_ae_le_of_measure_setOfPred_lt_ne_zero` exists in this project's Mathlib. Let me examine its exact signature and also check the current file's diagnostics.
   🛠️  BR AI made 2 tool call(s):
 → lean_declaration_file
 → lean_diagnostic_messages
   🚦 Routing: blueprint_refiner → tools_br
   🚦 Routing: tool_node → blueprint_refiner

======================================================================
🔧 BLUEPRINT REFINER: Revising blueprint based on prover feedback
   Unproved lemmas to address: putnam1972a6_bound, putnam1972a6_bound_mul_l1, putnam1972a6_bound_of_int, putnam1972a6_integral_abs_lt, putnam1972a6_integral_shifted, putnam1972a6_l1_shifted_power, putnam1972a6_not_ae_small, putnam1972a6_one_le_abs, putnam1972a6_poly, putnam1972a6_pos_measure_set, putnam1972a6_to_nat, putnam_1972_a6
     • putnam1972a6_integral_shifted: [Turn 13] The proof compiles cleanly both standalone and against the real `ConjectureProver` file (whose `putnam1972a6_p...
     • putnam1972a6_one_le_abs: [Turn 11] 1. Target: `putnam1972a6_one_le_abs`
2. Status: VERIFIED

3. Validated Lean code block (full declaration with ...
     • putnam1972a6_l1_shifted_power: [Turn 19] The proof compiles cleanly in the exact file context. The proof is complete.

1. Target: `putnam1972a6_l1_shif...
     • putnam1972a6_integral_abs_lt: [Turn 20] I've exhausted my proof budget without achieving a clean compile of the full proof. Let me summarize what I es...
     • putnam1972a6_bound_mul_l1: [Turn 6] PROVED...
     • putnam1972a6_not_ae_small: [Turn 5] The proof compiles cleanly. Let me do a final verification that the theorem's axioms are clean by checking the ...
     • putnam1972a6_pos_measure_set: [Turn 20] [FINAL PROPOSAL]
status: VERIFIED
new_str:
```lean
lemma putnam1972a6_pos_measure_set
    (f : ℝ → ℝ) (k : ℕ)
...[08/26/26 19:25:05] INFO     REPL enabled, using:                  server.py:322
                             /home/amirnabiyev/Conjecture_Prover/.              
                             lake/packages/repl/.lake/build/bin/re              
                             pl                                                 
                    INFO     REPL initialized: timeout=60s         server.py:325
                    INFO     Session ending — cleaning up          server.py:360
                             per-session resources                              
[08/26/26 19:25:09] INFO     REPL enabled, using:                  server.py:322
                             /home/amirnabiyev/Conjecture_Prover/.              
                             lake/packages/repl/.lake/build/bin/re              
                             pl                                                 
                    INFO     REPL initialized: timeout=60s         server.py:325
[08/26/26 19:25:11] INFO     Shared async LSP client         client_utils.py:133
                             connected at                                       
                             /home/amirnabiyev/Conjecture_Pr                    
                             over                                               
                    INFO     Session ending — cleaning up          server.py:360
                             per-session resources                              
Exception ignored in: <function BaseSubprocessTransport.__del__ at 0x7120be119120>
Traceback (most recent call last):
  File "/usr/local/lib/python3.12/asyncio/base_subprocess.py", line 126, in __del__
    self.close()
  File "/usr/local/lib/python3.12/asyncio/base_subprocess.py", line 104, in close
    proto.pipe.close()
  File "/usr/local/lib/python3.12/asyncio/unix_events.py", line 767, in close
    self.write_eof()
  File "/usr/local/lib/python3.12/asyncio/unix_events.py", line 753, in write_eof
    self._loop.call_soon(self._call_connection_lost, None)
  File "/usr/local/lib/python3.12/asyncio/base_events.py", line 799, in call_soon
    self._check_closed()
  File "/usr/local/lib/python3.12/asyncio/base_events.py", line 545, in _check_closed
    raise RuntimeError('Event loop is closed')
RuntimeError: Event loop is closed
[08/26/26 19:25:12] INFO     REPL enabled, using:                  server.py:322
                             /home/amirnabiyev/Conjecture_Prover/.              
                             lake/packages/repl/.lake/build/bin/re              
                             pl                                                 
                    INFO     REPL initialized: timeout=60s         server.py:325
                    INFO     Session ending — cleaning up          server.py:360
                             per-session resources                              
[08/26/26 19:25:18] INFO     REPL enabled, using:                  server.py:322
                             /home/amirnabiyev/Conjecture_Prover/.              
                             lake/packages/repl/.lake/build/bin/re              
                             pl                                                 
                    INFO     REPL initialized: timeout=60s         server.py:325
[08/26/26 19:25:24] INFO     Session ending — cleaning up          server.py:360
                             per-session resources                              
[08/26/26 19:25:26] INFO     REPL enabled, using:                  server.py:322
                             /home/amirnabiyev/Conjecture_Prover/.              
                             lake/packages/repl/.lake/build/bin/re              
                             pl                                                 
                    INFO     REPL initialized: timeout=60s         server.py:325
                    INFO     Session ending — cleaning up          server.py:360
                             per-session resources                              
[08/26/26 19:25:33] INFO     REPL enabled, using:                  server.py:322
                             /home/amirnabiyev/Conjecture_Prover/.              
                             lake/packages/repl/.lake/build/bin/re              
                             pl                                                 
                    INFO     REPL initialized: timeout=60s         server.py:325
[08/26/26 19:25:39] INFO     Session ending — cleaning up          server.py:360
                             per-session resources                              
[08/26/26 19:25:41] INFO     REPL enabled, using:                  server.py:322
                             /home/amirnabiyev/Conjecture_Prover/.              
                             lake/packages/repl/.lake/build/bin/re              
                             pl                                                 
                    INFO     REPL initialized: timeout=60s         server.py:325
                    INFO     Session ending — cleaning up          server.py:360
                             per-session resources                              

     • putnam1972a6_to_nat: [Turn 6] [TRIAL FEEDBACK]
Attempted: `simpa`-based closes (failed with max recursion depth on zpow), direct `rw [← zpow_...
     • putnam1972a6_bound_of_int: [Turn 11] PROVED...
     • putnam_1972_a6: [Turn 9] PROVED...
======================================================================

   💬 BR AI says: No errors in the current file. Let me check the exact lemma signature in the actual Mathlib package used by the build.
   🛠️  BR AI made 1 tool call(s):
 → lean_declaration_file
   🚦 Routing: blueprint_refiner → tools_br
   🚦 Routing: tool_node → blueprint_refiner

======================================================================
🔧 BLUEPRINT REFINER: Revising blueprint based on prover feedback
   Unproved lemmas to address: putnam1972a6_bound, putnam1972a6_bound_mul_l1, putnam1972a6_bound_of_int, putnam1972a6_integral_abs_lt, putnam1972a6_integral_shifted, putnam1972a6_l1_shifted_power, putnam1972a6_not_ae_small, putnam1972a6_one_le_abs, putnam1972a6_poly, putnam1972a6_pos_measure_set, putnam1972a6_to_nat, putnam_1972_a6
     • putnam1972a6_integral_shifted: [Turn 13] The proof compiles cleanly both standalone and against the real `ConjectureProver` file (whose `putnam1972a6_p...
     • putnam1972a6_one_le_abs: [Turn 11] 1. Target: `putnam1972a6_one_le_abs`
2. Status: VERIFIED

3. Validated Lean code block (full declaration with ...
     • putnam1972a6_l1_shifted_power: [Turn 19] The proof compiles cleanly in the exact file context. The proof is complete.

1. Target: `putnam1972a6_l1_shif...
     • putnam1972a6_integral_abs_lt: [Turn 20] I've exhausted my proof budget without achieving a clean compile of the full proof. Let me summarize what I es...
     • putnam1972a6_bound_mul_l1: [Turn 6] PROVED...
     • putnam1972a6_not_ae_small: [Turn 5] The proof compiles cleanly. Let me do a final verification that the theorem's axioms are clean by checking the ...
     • putnam1972a6_pos_measure_set: [Turn 20] [FINAL PROPOSAL]
status: VERIFIED
new_str:
```lean
lemma putnam1972a6_pos_measure_set
    (f : ℝ → ℝ) (k : ℕ)
...
     • putnam1972a6_to_nat: [Turn 6] [TRIAL FEEDBACK]
Attempted: `simpa`-based closes (failed with max recursion depth on zpow), direct `rw [← zpow_...
     • putnam1972a6_bound_of_int: [Turn 11] PROVED...
     • putnam_1972_a6: [Turn 9] PROVED...
======================================================================

   💬 BR AI says: Let me verify the lemma signature directly with a `#check` using `lean_run_code`.
   🛠️  BR AI made 1 tool call(s):
 → lean_run_code
   🚦 Routing: blueprint_refiner → tools_br
   🚦 Routing: tool_node → blueprint_refiner

======================================================================
🔧 BLUEPRINT REFINER: Revising blueprint based on prover feedback
   Unproved lemmas to address: putnam1972a6_bound, putnam1972a6_bound_mul_l1, putnam1972a6_bound_of_int, putnam1972a6_integral_abs_lt, putnam1972a6_integral_shifted, putnam1972a6_l1_shifted_power, putnam1972a6_not_ae_small, putnam1972a6_one_le_abs, putnam1972a6_poly, putnam1972a6_pos_measure_set, putnam1972a6_to_nat, putnam_1972_a6
     • putnam1972a6_integral_shifted: [Turn 13] The proof compiles cleanly both standalone and against the real `ConjectureProver` file (whose `putnam1972a6_p...
     • putnam1972a6_one_le_abs: [Turn 11] 1. Target: `putnam1972a6_one_le_abs`
2. Status: VERIFIED

3. Validated Lean code block (full declaration with ...
     • putnam1972a6_l1_shifted_power: [Turn 19] The proof compiles cleanly in the exact file context. The proof is complete.

1. Target: `putnam1972a6_l1_shif...
     • putnam1972a6_integral_abs_lt: [Turn 20] I've exhausted my proof budget without achieving a clean compile of the full proof. Let me summarize what I es...
     • putnam1972a6_bound_mul_l1: [Turn 6] PROVED...
     • putnam1972a6_not_ae_small: [Turn 5] The proof compiles cleanly. Let me do a final verification that the theorem's axioms are clean by checking the ...
     • putnam1972a6_pos_measure_set: [Turn 20] [FINAL PROPOSAL]
status: VERIFIED
new_str:
```lean
lemma putnam1972a6_pos_measure_set
    (f : ℝ → ℝ) (k : ℕ)
...
     • putnam1972a6_to_nat: [Turn 6] [TRIAL FEEDBACK]
Attempted: `simpa`-based closes (failed with max recursion depth on zpow), direct `rw [← zpow_...
     • putnam1972a6_bound_of_int: [Turn 11] PROVED...
     • putnam_1972_a6: [Turn 9] PROVED...
======================================================================

   💬 BR AI says: All key lemmas confirmed. Only `MeasureTheory.setIntegral_const_mul` is not found — let me find the correct name for pulling a constant out of a set integral.
   🛠️  BR AI made 1 tool call(s):
 → lean_run_code
   🚦 Routing: blueprint_refiner → tools_br
   🚦 Routing: tool_node → blueprint_refiner

======================================================================
🔧 BLUEPRINT REFINER: Revising blueprint based on prover feedback
   Unproved lemmas to address: putnam1972a6_bound, putnam1972a6_bound_mul_l1, putnam1972a6_bound_of_int, putnam1972a6_integral_abs_lt, putnam1972a6_integral_shifted, putnam1972a6_l1_shifted_power, putnam1972a6_not_ae_small, putnam1972a6_one_le_abs, putnam1972a6_poly, putnam1972a6_pos_measure_set, putnam1972a6_to_nat, putnam_1972_a6
     • putnam1972a6_integral_shifted: [Turn 13] The proof compiles cleanly both standalone and against the real `ConjectureProver` file (whose `putnam1972a6_p...
     • putnam1972a6_one_le_abs: [Turn 11] 1. Target: `putnam1972a6_one_le_abs`
2. Status: VERIFIED

3. Validated Lean code block (full declaration with ...
     • putnam1972a6_l1_shifted_power: [Turn 19] The proof compiles cleanly in the exact file context. The proof is complete.

1. Target: `putnam1972a6_l1_shif...
     • putnam1972a6_integral_abs_lt: [Turn 20] I've exhausted my proof budget without achieving a clean compile of the full proof. Let me summarize what I es...
     • putnam1972a6_bound_mul_l1: [Turn 6] PROVED...
     • putnam1972a6_not_ae_small: [Turn 5] The proof compiles cleanly. Let me do a final verification that the theorem's axioms are clean by checking the ...
     • putnam1972a6_pos_measure_set: [Turn 20] [FINAL PROPOSAL]
status: VERIFIED
new_str:
```lean
lemma putnam1972a6_pos_measure_set
    (f : ℝ → ℝ) (k : ℕ)
...
     • putnam1972a6_to_nat: [Turn 6] [TRIAL FEEDBACK]
Attempted: `simpa`-based closes (failed with max recursion depth on zpow), direct `rw [← zpow_...
     • putnam1972a6_bound_of_int: [Turn 11] PROVED...
     • putnam_1972_a6: [Turn 9] PROVED...
======================================================================

   💬 BR AI says: All lemmas verified. Now I understand the full picture:

**Remaining unsolved nodes:**
1. `putnam1972a6_integral_abs_lt` — PROOF_TOO_HARD: the prover got the skeleton to compile but failed assembling the a.e.-measure dance + integrability + interval conversion. I'll decompose into 3 genuine helpers (a.e. weighted strict inequality, positive measure of the strict set, strict interval-integral inequality), with the main lemma reduced to a conversion step.
2. `putnam1972a6_pos_measure_set` — turn-l
      ... (804 total chars)
   🛠️  BR AI made 1 tool call(s):
 → search_replace_workspace
   🚦 Routing: blueprint_refiner → tools_br
   🚦 Routing: tool_node → blueprint_refiner

======================================================================
🔧 BLUEPRINT REFINER: Revising blueprint based on prover feedback
   Unproved lemmas to address: putnam1972a6_bound, putnam1972a6_bound_mul_l1, putnam1972a6_bound_of_int, putnam1972a6_integral_abs_lt, putnam1972a6_integral_shifted, putnam1972a6_l1_shifted_power, putnam1972a6_not_ae_small, putnam1972a6_one_le_abs, putnam1972a6_poly, putnam1972a6_pos_measure_set, putnam1972a6_to_nat, putnam_1972_a6
     • putnam1972a6_integral_shifted: [Turn 13] The proof compiles cleanly both standalone and against the real `ConjectureProver` file (whose `putnam1972a6_p...
     • putnam1972a6_one_le_abs: [Turn 11] 1. Target: `putnam1972a6_one_le_abs`
2. Status: VERIFIED

3. Validated Lean code block (full declaration with ...[08/26/26 19:27:02] INFO     REPL enabled, using:                  server.py:322
                             /home/amirnabiyev/Conjecture_Prover/.              
                             lake/packages/repl/.lake/build/bin/re              
                             pl                                                 
                    INFO     REPL initialized: timeout=60s         server.py:325
                    INFO     Session ending — cleaning up          server.py:360
                             per-session resources                              
[08/26/26 19:27:16] INFO     REPL enabled, using:                  server.py:322
                             /home/amirnabiyev/Conjecture_Prover/.              
                             lake/packages/repl/.lake/build/bin/re              
                             pl                                                 
                    INFO     REPL initialized: timeout=60s         server.py:325
                    INFO     Session ending — cleaning up          server.py:360
                             per-session resources                              
[08/26/26 19:27:19] INFO     REPL enabled, using:                  server.py:322
                             /home/amirnabiyev/Conjecture_Prover/.              
                             lake/packages/repl/.lake/build/bin/re              
                             pl                                                 
                    INFO     REPL initialized: timeout=60s         server.py:325
[08/26/26 19:27:21] INFO     Shared async LSP client         client_utils.py:133
                             connected at                                       
                             /home/amirnabiyev/Conjecture_Pr                    
                             over                                               
[08/26/26 19:27:37] INFO     Session ending — cleaning up          server.py:360
                             per-session resources                              
Exception ignored in: <function BaseSubprocessTransport.__del__ at 0x72e2a1879120>
Traceback (most recent call last):
  File "/usr/local/lib/python3.12/asyncio/base_subprocess.py", line 126, in __del__
    self.close()
  File "/usr/local/lib/python3.12/asyncio/base_subprocess.py", line 104, in close
    proto.pipe.close()
  File "/usr/local/lib/python3.12/asyncio/unix_events.py", line 767, in close
    self.write_eof()
  File "/usr/local/lib/python3.12/asyncio/unix_events.py", line 753, in write_eof
    self._loop.call_soon(self._call_connection_lost, None)
  File "/usr/local/lib/python3.12/asyncio/base_events.py", line 799, in call_soon
    self._check_closed()
  File "/usr/local/lib/python3.12/asyncio/base_events.py", line 545, in _check_closed
    raise RuntimeError('Event loop is closed')
RuntimeError: Event loop is closed
[08/26/26 19:27:39] INFO     REPL enabled, using:                  server.py:322
                             /home/amirnabiyev/Conjecture_Prover/.              
                             lake/packages/repl/.lake/build/bin/re              
                             pl                                                 
                    INFO     REPL initialized: timeout=60s         server.py:325
                    INFO     Session ending — cleaning up          server.py:360
                             per-session resources                              
[08/26/26 19:27:42] INFO     REPL enabled, using:                  server.py:322
                             /home/amirnabiyev/Conjecture_Prover/.              
                             lake/packages/repl/.lake/build/bin/re              
                             pl                                                 
                    INFO     REPL initialized: timeout=60s         server.py:325
[08/26/26 19:27:44] INFO     Shared async LSP client         client_utils.py:133
                             connected at                                       
                             /home/amirnabiyev/Conjecture_Pr                    
                             over                                               
[08/26/26 19:27:59] INFO     Session ending — cleaning up          server.py:360
                             per-session resources                              
Exception ignored in: <function BaseSubprocessTransport.__del__ at 0x7b0dc6e5d120>
Traceback (most recent call last):
  File "/usr/local/lib/python3.12/asyncio/base_subprocess.py", line 126, in __del__
    self.close()
  File "/usr/local/lib/python3.12/asyncio/base_subprocess.py", line 104, in close
    proto.pipe.close()
  File "/usr/local/lib/python3.12/asyncio/unix_events.py", line 767, in close
    self.write_eof()
  File "/usr/local/lib/python3.12/asyncio/unix_events.py", line 753, in write_eof
    self._loop.call_soon(self._call_connection_lost, None)
  File "/usr/local/lib/python3.12/asyncio/base_events.py", line 799, in call_soon
    self._check_closed()
  File "/usr/local/lib/python3.12/asyncio/base_events.py", line 545, in _check_closed
    raise RuntimeError('Event loop is closed')
RuntimeError: Event loop is closed
[08/26/26 19:28:01] INFO     REPL enabled, using:                  server.py:322
                             /home/amirnabiyev/Conjecture_Prover/.              
                             lake/packages/repl/.lake/build/bin/re              
                             pl                                                 
                    INFO     REPL initialized: timeout=60s         server.py:325
                    INFO     Session ending — cleaning up          server.py:360
                             per-session resources                              

     • putnam1972a6_l1_shifted_power: [Turn 19] The proof compiles cleanly in the exact file context. The proof is complete.

1. Target: `putnam1972a6_l1_shif...
     • putnam1972a6_integral_abs_lt: [Turn 20] I've exhausted my proof budget without achieving a clean compile of the full proof. Let me summarize what I es...
     • putnam1972a6_bound_mul_l1: [Turn 6] PROVED...
     • putnam1972a6_not_ae_small: [Turn 5] The proof compiles cleanly. Let me do a final verification that the theorem's axioms are clean by checking the ...
     • putnam1972a6_pos_measure_set: [Turn 20] [FINAL PROPOSAL]
status: VERIFIED
new_str:
```lean
lemma putnam1972a6_pos_measure_set
    (f : ℝ → ℝ) (k : ℕ)
...
     • putnam1972a6_to_nat: [Turn 6] [TRIAL FEEDBACK]
Attempted: `simpa`-based closes (failed with max recursion depth on zpow), direct `rw [← zpow_...
     • putnam1972a6_bound_of_int: [Turn 11] PROVED...
     • putnam_1972_a6: [Turn 9] PROVED...
======================================================================

   💬 BR AI says: Now the second structural edit for the `pos_measure_set` chain:
   🛠️  BR AI made 1 tool call(s):
 → search_replace_workspace
   🚦 Routing: blueprint_refiner → tools_br
   🚦 Routing: tool_node → blueprint_refiner

======================================================================
🔧 BLUEPRINT REFINER: Revising blueprint based on prover feedback
   Unproved lemmas to address: putnam1972a6_bound, putnam1972a6_bound_mul_l1, putnam1972a6_bound_of_int, putnam1972a6_integral_abs_lt, putnam1972a6_integral_shifted, putnam1972a6_l1_shifted_power, putnam1972a6_not_ae_small, putnam1972a6_one_le_abs, putnam1972a6_poly, putnam1972a6_pos_measure_set, putnam1972a6_to_nat, putnam_1972_a6
     • putnam1972a6_integral_shifted: [Turn 13] The proof compiles cleanly both standalone and against the real `ConjectureProver` file (whose `putnam1972a6_p...
     • putnam1972a6_one_le_abs: [Turn 11] 1. Target: `putnam1972a6_one_le_abs`
2. Status: VERIFIED

3. Validated Lean code block (full declaration with ...
     • putnam1972a6_l1_shifted_power: [Turn 19] The proof compiles cleanly in the exact file context. The proof is complete.

1. Target: `putnam1972a6_l1_shif...
     • putnam1972a6_integral_abs_lt: [Turn 20] I've exhausted my proof budget without achieving a clean compile of the full proof. Let me summarize what I es...
     • putnam1972a6_bound_mul_l1: [Turn 6] PROVED...
     • putnam1972a6_not_ae_small: [Turn 5] The proof compiles cleanly. Let me do a final verification that the theorem's axioms are clean by checking the ...
     • putnam1972a6_pos_measure_set: [Turn 20] [FINAL PROPOSAL]
status: VERIFIED
new_str:
```lean
lemma putnam1972a6_pos_measure_set
    (f : ℝ → ℝ) (k : ℕ)
...
     • putnam1972a6_to_nat: [Turn 6] [TRIAL FEEDBACK]
Attempted: `simpa`-based closes (failed with max recursion depth on zpow), direct `rw [← zpow_...
     • putnam1972a6_bound_of_int: [Turn 11] PROVED...
     • putnam_1972_a6: [Turn 9] PROVED...
======================================================================

   💬 BR AI says: Both structural edits applied. Now let me validate the file compiles:
   🛠️  BR AI made 1 tool call(s):
 → lean_diagnostic_messages
   🚦 Routing: blueprint_refiner → tools_br
   🚦 Routing: tool_node → blueprint_refiner

======================================================================
🔧 BLUEPRINT REFINER: Revising blueprint based on prover feedback
   Unproved lemmas to address: putnam1972a6_bound, putnam1972a6_bound_mul_l1, putnam1972a6_bound_of_int, putnam1972a6_integral_abs_lt, putnam1972a6_integral_shifted, putnam1972a6_l1_shifted_power, putnam1972a6_not_ae_small, putnam1972a6_one_le_abs, putnam1972a6_poly, putnam1972a6_pos_measure_set, putnam1972a6_to_nat, putnam_1972_a6
     • putnam1972a6_integral_shifted: [Turn 13] The proof compiles cleanly both standalone and against the real `ConjectureProver` file (whose `putnam1972a6_p...
     • putnam1972a6_one_le_abs: [Turn 11] 1. Target: `putnam1972a6_one_le_abs`
2. Status: VERIFIED

3. Validated Lean code block (full declaration with ...
     • putnam1972a6_l1_shifted_power: [Turn 19] The proof compiles cleanly in the exact file context. The proof is complete.

1. Target: `putnam1972a6_l1_shif...
     • putnam1972a6_integral_abs_lt: [Turn 20] I've exhausted my proof budget without achieving a clean compile of the full proof. Let me summarize what I es...
     • putnam1972a6_bound_mul_l1: [Turn 6] PROVED...
     • putnam1972a6_not_ae_small: [Turn 5] The proof compiles cleanly. Let me do a final verification that the theorem's axioms are clean by checking the ...
     • putnam1972a6_pos_measure_set: [Turn 20] [FINAL PROPOSAL]
status: VERIFIED
new_str:
```lean
lemma putnam1972a6_pos_measure_set
    (f : ℝ → ℝ) (k : ℕ)
...
     • putnam1972a6_to_nat: [Turn 6] [TRIAL FEEDBACK]
Attempted: `simpa`-based closes (failed with max recursion depth on zpow), direct `rw [← zpow_...
     • putnam1972a6_bound_of_int: [Turn 11] PROVED...
     • putnam_1972_a6: [Turn 9] PROVED...
======================================================================

   💬 BR AI says: No errors. Let me check the warnings to confirm only expected `sorry_using` warnings remain:
   🛠️  BR AI made 1 tool call(s):
 → lean_diagnostic_messages
   🚦 Routing: blueprint_refiner → tools_br
   🚦 Routing: tool_node → blueprint_refiner

======================================================================
🔧 BLUEPRINT REFINER: Revising blueprint based on prover feedback
   Unproved lemmas to address: putnam1972a6_bound, putnam1972a6_bound_mul_l1, putnam1972a6_bound_of_int, putnam1972a6_integral_abs_lt, putnam1972a6_integral_shifted, putnam1972a6_l1_shifted_power, putnam1972a6_not_ae_small, putnam1972a6_one_le_abs, putnam1972a6_poly, putnam1972a6_pos_measure_set, putnam1972a6_to_nat, putnam_1972_a6
     • putnam1972a6_integral_shifted: [Turn 13] The proof compiles cleanly both standalone and against the real `ConjectureProver` file (whose `putnam1972a6_p...
     • putnam1972a6_one_le_abs: [Turn 11] 1. Target: `putnam1972a6_one_le_abs`
2. Status: VERIFIED

3. Validated Lean code block (full declaration with ...
     • putnam1972a6_l1_shifted_power: [Turn 19] The proof compiles cleanly in the exact file context. The proof is complete.

1. Target: `putnam1972a6_l1_shif...
     • putnam1972a6_integral_abs_lt: [Turn 20] I've exhausted my proof budget without achieving a clean compile of the full proof. Let me summarize what I es...
     • putnam1972a6_bound_mul_l1: [Turn 6] PROVED...
     • putnam1972a6_not_ae_small: [Turn 5] The proof compiles cleanly. Let me do a final verification that the theorem's axioms are clean by checking the ...
     • putnam1972a6_pos_measure_set: [Turn 20] [FINAL PROPOSAL]
status: VERIFIED
new_str:
```lean
lemma putnam1972a6_pos_measure_set
    (f : ℝ → ℝ) (k : ℕ)
...
     • putnam1972a6_to_nat: [Turn 6] [TRIAL FEEDBACK]
Attempted: `simpa`-based closes (failed with max recursion depth on zpow), direct `rw [← zpow_...
     • putnam1972a6_bound_of_int: [Turn 11] PROVED...
     • putnam_1972_a6: [Turn 9] PROVED...
======================================================================

   💬 BR AI says: All 7 warnings are exactly the expected `sorry_using` nodes (4 in the `integral_abs_lt` chain, 3 in the `pos_measure_set` chain). Now let me regenerate the blueprint dependency graph:
   🛠️  BR AI made 1 tool call(s):
 → build_blueprint_json
   🚦 Routing: blueprint_refiner → tools_br
   🚦 Routing: tool_node → blueprint_refiner

======================================================================
🔧 BLUEPRINT REFINER: Revising blueprint based on prover feedback
   Unproved lemmas to address: putnam1972a6_bound, putnam1972a6_bound_mul_l1, putnam1972a6_bound_of_int, putnam1972a6_integral_abs_lt, putnam1972a6_integral_shifted, putnam1972a6_l1_shifted_power, putnam1972a6_not_ae_small, putnam1972a6_one_le_abs, putnam1972a6_poly, putnam1972a6_pos_measure_set, putnam1972a6_to_nat, putnam_1972_a6
     • putnam1972a6_integral_shifted: [Turn 13] The proof compiles cleanly both standalone and against the real `ConjectureProver` file (whose `putnam1972a6_p...[08/26/26 19:28:24] INFO     REPL enabled, using:                  server.py:322
                             /home/amirnabiyev/Conjecture_Prover/.              
                             lake/packages/repl/.lake/build/bin/re              
                             pl                                                 
                    INFO     REPL initialized: timeout=60s         server.py:325
                    INFO     Session ending — cleaning up          server.py:360
                             per-session resources                              
[08/26/26 19:28:28] INFO     REPL enabled, using:                  server.py:322
                             /home/amirnabiyev/Conjecture_Prover/.              
                             lake/packages/repl/.lake/build/bin/re              
                             pl                                                 
                    INFO     REPL initialized: timeout=60s         server.py:325
[08/26/26 19:28:29] INFO     Shared async LSP client         client_utils.py:133
                             connected at                                       
                             /home/amirnabiyev/Conjecture_Pr                    
                             over                                               
[08/26/26 19:29:04] INFO     Session ending — cleaning up          server.py:360
                             per-session resources                              
Exception ignored in: <function BaseSubprocessTransport.__del__ at 0x75fabc461120>
Traceback (most recent call last):
  File "/usr/local/lib/python3.12/asyncio/base_subprocess.py", line 126, in __del__
    self.close()
  File "/usr/local/lib/python3.12/asyncio/base_subprocess.py", line 104, in close
    proto.pipe.close()
  File "/usr/local/lib/python3.12/asyncio/unix_events.py", line 767, in close
    self.write_eof()
  File "/usr/local/lib/python3.12/asyncio/unix_events.py", line 753, in write_eof
    self._loop.call_soon(self._call_connection_lost, None)
  File "/usr/local/lib/python3.12/asyncio/base_events.py", line 799, in call_soon
    self._check_closed()
  File "/usr/local/lib/python3.12/asyncio/base_events.py", line 545, in _check_closed
    raise RuntimeError('Event loop is closed')
RuntimeError: Event loop is closed
[08/26/26 19:29:06] INFO     REPL enabled, using:                  server.py:322
                             /home/amirnabiyev/Conjecture_Prover/.              
                             lake/packages/repl/.lake/build/bin/re              
                             pl                                                 
                    INFO     REPL initialized: timeout=60s         server.py:325
                    INFO     Session ending — cleaning up          server.py:360
                             per-session resources                              
[08/26/26 19:29:19] INFO     Disabled tool 'lean_build' via        server.py:115
                             LEAN_MCP_DISABLED_TOOLS                            
                    INFO     Disabled tool 'lean_completions' via  server.py:115
                             LEAN_MCP_DISABLED_TOOLS                            
                    INFO     Disabled tool 'lean_declaration_file' server.py:115
                             via LEAN_MCP_DISABLED_TOOLS                        
                    INFO     Disabled tool                         server.py:115
                             'lean_diagnostic_messages' via                     
                             LEAN_MCP_DISABLED_TOOLS                            
                    INFO     Disabled tool 'lean_file_outline' via server.py:115
                             LEAN_MCP_DISABLED_TOOLS                            
                    INFO     Disabled tool                         server.py:115
                             'lean_get_widget_source' via                       
                             LEAN_MCP_DISABLED_TOOLS                            
                    INFO     Disabled tool 'lean_get_widgets' via  server.py:115
                             LEAN_MCP_DISABLED_TOOLS                            
                    INFO     Disabled tool 'lean_goal' via         server.py:115
                             LEAN_MCP_DISABLED_TOOLS                            
                    INFO     Disabled tool 'lean_hover_info' via   server.py:115
                             LEAN_MCP_DISABLED_TOOLS                            
                    INFO     Disabled tool 'lean_references' via   server.py:115
                             LEAN_MCP_DISABLED_TOOLS                            
                    INFO     Disabled tool 'lean_term_goal' via    server.py:115
                             LEAN_MCP_DISABLED_TOOLS                            
                    INFO     REPL enabled, using:                  server.py:322
                             /home/amirnabiyev/Conjecture_Prover/.              
                             lake/packages/repl/.lake/build/bin/re              
                             pl                                                 
                    INFO     REPL initialized: timeout=60s         server.py:325
                    INFO     Session ending — cleaning up          server.py:360
                             per-session resources                              
[08/26/26 19:29:19] INFO     Disabled tool 'lean_build' via        server.py:115
                             LEAN_MCP_DISABLED_TOOLS                            
                    INFO     Disabled tool 'lean_completions' via  server.py:115
                             LEAN_MCP_DISABLED_TOOLS                            
                    INFO     Disabled tool 'lean_declaration_file' server.py:115
                             via LEAN_MCP_DISABLED_TOOLS                        
                    INFO     Disabled tool                         server.py:115
                             'lean_diagnostic_messages' via                     
                             LEAN_MCP_DISABLED_TOOLS                            
                    INFO     Disabled tool 'lean_file_outline' via server.py:115
                             LEAN_MCP_DISABLED_TOOLS                            
                    INFO     Disabled tool                         server.py:115
                             'lean_get_widget_source' via                       
                             LEAN_MCP_DISABLED_TOOLS                            
                    INFO     Disabled tool 'lean_get_widgets' via  server.py:115
                             LEAN_MCP_DISABLED_TOOLS                            
                    INFO     Disabled tool 'lean_goal' via         server.py:115
                             LEAN_MCP_DISABLED_TOOLS                            
                    INFO     Disabled tool 'lean_hover_info' via   server.py:115
                             LEAN_MCP_DISABLED_TOOLS                            
                    INFO     Disabled tool 'lean_references' via   server.py:115
                             LEAN_MCP_DISABLED_TOOLS                            
                    INFO     Disabled tool 'lean_term_goal' via    server.py:115
                             LEAN_MCP_DISABLED_TOOLS                            
                    INFO     REPL enabled, using:                  server.py:322
                             /home/amirnabiyev/Conjecture_Prover/.              
                             lake/packages/repl/.lake/build/bin/re              
                             pl                                                 
                    INFO     REPL initialized: timeout=60s         server.py:325
                    INFO     Session ending — cleaning up          server.py:360
                             per-session resources                              
[08/26/26 19:29:19] INFO     Disabled tool 'lean_build' via        server.py:115
                             LEAN_MCP_DISABLED_TOOLS                            
                    INFO     Disabled tool 'lean_completions' via  server.py:115
                             LEAN_MCP_DISABLED_TOOLS                            
                    INFO     Disabled tool 'lean_declaration_file' server.py:115
                             via LEAN_MCP_DISABLED_TOOLS                        
                    INFO     Disabled tool                         server.py:115
                             'lean_diagnostic_messages' via                     
                             LEAN_MCP_DISABLED_TOOLS                            
                    INFO     Disabled tool 'lean_file_outline' via server.py:115
                             LEAN_MCP_DISABLED_TOOLS                            
                    INFO     Disabled tool                         server.py:115
                             'lean_get_widget_source' via                       
                             LEAN_MCP_DISABLED_TOOLS                            
                    INFO     Disabled tool 'lean_get_widgets' via  server.py:115
                             LEAN_MCP_DISABLED_TOOLS                            
                    INFO     Disabled tool 'lean_goal' via         server.py:115
                             LEAN_MCP_DISABLED_TOOLS                            
                    INFO     Disabled tool 'lean_hover_info' via   server.py:115
                             LEAN_MCP_DISABLED_TOOLS                            
                    INFO     Disabled tool 'lean_references' via   server.py:115
                             LEAN_MCP_DISABLED_TOOLS                            
                    INFO     Disabled tool 'lean_term_goal' via    server.py:115
                             LEAN_MCP_DISABLED_TOOLS                            
                    INFO     REPL enabled, using:                  server.py:322
                             /home/amirnabiyev/Conjecture_Prover/.              
                             lake/packages/repl/.lake/build/bin/re              
                             pl                                                 
                    INFO     REPL initialized: timeout=60s         server.py:325
                    INFO     Session ending — cleaning up          server.py:360
                             per-session resources                              
[08/26/26 19:29:19] INFO     Disabled tool 'lean_build' via        server.py:115
                             LEAN_MCP_DISABLED_TOOLS                            
                    INFO     Disabled tool 'lean_completions' via  server.py:115
                             LEAN_MCP_DISABLED_TOOLS                            
                    INFO     Disabled tool 'lean_declaration_file' server.py:115
                             via LEAN_MCP_DISABLED_TOOLS                        
                    INFO     Disabled tool                         server.py:115
                             'lean_diagnostic_messages' via                     
                             LEAN_MCP_DISABLED_TOOLS                            
                    INFO     Disabled tool 'lean_file_outline' via server.py:115
                             LEAN_MCP_DISABLED_TOOLS                            
                    INFO     Disabled tool                         server.py:115
                             'lean_get_widget_source' via                       
                             LEAN_MCP_DISABLED_TOOLS                            
                    INFO     Disabled tool 'lean_get_widgets' via  server.py:115
                             LEAN_MCP_DISABLED_TOOLS                            
                    INFO     Disabled tool 'lean_goal' via         server.py:115
                             LEAN_MCP_DISABLED_TOOLS                            
                    INFO     Disabled tool 'lean_hover_info' via   server.py:115
                             LEAN_MCP_DISABLED_TOOLS                            
                    INFO     Disabled tool 'lean_references' via   server.py:115
                             LEAN_MCP_DISABLED_TOOLS                            
                    INFO     Disabled tool 'lean_term_goal' via    server.py:115
                             LEAN_MCP_DISABLED_TOOLS                            
                    INFO     REPL enabled, using:                  server.py:322
                             /home/amirnabiyev/Conjecture_Prover/.              
                             lake/packages/repl/.lake/build/bin/re              
                             pl                                                 
                    INFO     REPL initialized: timeout=60s         server.py:325
                    INFO     Session ending — cleaning up          server.py:360
                             per-session resources                              
[08/26/26 19:29:20] INFO     Disabled tool 'lean_build' via        server.py:115
                             LEAN_MCP_DISABLED_TOOLS                            
                    INFO     Disabled tool 'lean_completions' via  server.py:115
                             LEAN_MCP_DISABLED_TOOLS                            
                    INFO     Disabled tool 'lean_declaration_file' server.py:115
                             via LEAN_MCP_DISABLED_TOOLS                        
                    INFO     Disabled tool                         server.py:115
                             'lean_diagnostic_messages' via                     
                             LEAN_MCP_DISABLED_TOOLS                            
                    INFO     Disabled tool 'lean_file_outline' via server.py:115
                             LEAN_MCP_DISABLED_TOOLS                            
                    INFO     Disabled tool                         server.py:115
                             'lean_get_widget_source' via                       
                             LEAN_MCP_DISABLED_TOOLS                            
                    INFO     Disabled tool 'lean_get_widgets' via  server.py:115
                             LEAN_MCP_DISABLED_TOOLS                            
                    INFO     Disabled tool 'lean_goal' via         server.py:115
                             LEAN_MCP_DISABLED_TOOLS                            
                    INFO     Disabled tool 'lean_hover_info' via   server.py:115
                             LEAN_MCP_DISABLED_TOOLS                            
                    INFO     Disabled tool 'lean_references' via   server.py:115
                             LEAN_MCP_DISABLED_TOOLS                            
                    INFO     Disabled tool 'lean_term_goal' via    server.py:115
                             LEAN_MCP_DISABLED_TOOLS                            
                    INFO     REPL enabled, using:                  server.py:322
                             /home/amirnabiyev/Conjecture_Prover/.              
                             lake/packages/repl/.lake/build/bin/re              
                             pl                                                 
[08/26/26 19:29:20] INFO     Disabled tool 'lean_build' via        server.py:115
                             LEAN_MCP_DISABLED_TOOLS                            
                    INFO     REPL initialized: timeout=60s         server.py:325
                    INFO     Disabled tool 'lean_completions' via  server.py:115
                             LEAN_MCP_DISABLED_TOOLS                            
                    INFO     Disabled tool 'lean_declaration_file' server.py:115
                             via LEAN_MCP_DISABLED_TOOLS                        
                    INFO     Disabled tool                         server.py:115
                             'lean_diagnostic_messages' via                     
                             LEAN_MCP_DISABLED_TOOLS                            
                    INFO     Disabled tool 'lean_file_outline' via server.py:115
                             LEAN_MCP_DISABLED_TOOLS                            
                    INFO     Disabled tool                         server.py:115
                             'lean_get_widget_source' via                       
                             LEAN_MCP_DISABLED_TOOLS                            
                    INFO     Disabled tool 'lean_get_widgets' via  server.py:115
                             LEAN_MCP_DISABLED_TOOLS                            
                    INFO     Disabled tool 'lean_goal' via         server.py:115
                             LEAN_MCP_DISABLED_TOOLS                            
                    INFO     Disabled tool 'lean_hover_info' via   server.py:115
                             LEAN_MCP_DISABLED_TOOLS                            
                    INFO     Disabled tool 'lean_references' via   server.py:115
                             LEAN_MCP_DISABLED_TOOLS                            
                    INFO     Disabled tool 'lean_term_goal' via    server.py:115
                             LEAN_MCP_DISABLED_TOOLS                            
                    INFO     REPL enabled, using:                  server.py:322
                             /home/amirnabiyev/Conjecture_Prover/.              
                             lake/packages/repl/.lake/build/bin/re              
                             pl                                                 
                    INFO     REPL initialized: timeout=60s         server.py:325
                    INFO     Session ending — cleaning up          server.py:360
                             per-session resources                              
                    INFO     Session ending — cleaning up          server.py:360
                             per-session resources                              
[08/26/26 19:29:20] INFO     Disabled tool 'lean_build' via        server.py:115
                             LEAN_MCP_DISABLED_TOOLS                            
                    INFO     Disabled tool 'lean_completions' via  server.py:115
                             LEAN_MCP_DISABLED_TOOLS                            
                    INFO     Disabled tool 'lean_declaration_file' server.py:115
                             via LEAN_MCP_DISABLED_TOOLS                        
                    INFO     Disabled tool                         server.py:115
                             'lean_diagnostic_messages' via                     
                             LEAN_MCP_DISABLED_TOOLS                            
                    INFO     Disabled tool 'lean_file_outline' via server.py:115
                             LEAN_MCP_DISABLED_TOOLS                            
                    INFO     Disabled tool                         server.py:115
                             'lean_get_widget_source' via                       
                             LEAN_MCP_DISABLED_TOOLS                            
                    INFO     Disabled tool 'lean_get_widgets' via  server.py:115
                             LEAN_MCP_DISABLED_TOOLS                            
                    INFO     Disabled tool 'lean_goal' via         server.py:115
                             LEAN_MCP_DISABLED_TOOLS                            
                    INFO     Disabled tool 'lean_hover_info' via   server.py:115
                             LEAN_MCP_DISABLED_TOOLS                            
                    INFO     Disabled tool 'lean_references' via   server.py:115
                             LEAN_MCP_DISABLED_TOOLS                            
                    INFO     Disabled tool 'lean_term_goal' via    server.py:115
                             LEAN_MCP_DISABLED_TOOLS                            
                    INFO     REPL enabled, using:                  server.py:322
                             /home/amirnabiyev/Conjecture_Prover/.              
                             lake/packages/repl/.lake/build/bin/re              
                             pl                                                 
                    INFO     REPL initialized: timeout=60s         server.py:325
                    INFO     Session ending — cleaning up          server.py:360
                             per-session resources                              
[08/26/26 19:29:23] INFO     Disabled tool 'lean_build' via        server.py:115
                             LEAN_MCP_DISABLED_TOOLS                            
                    INFO     Disabled tool 'lean_completions' via  server.py:115
                             LEAN_MCP_DISABLED_TOOLS                            
                    INFO     Disabled tool 'lean_declaration_file' server.py:115
                             via LEAN_MCP_DISABLED_TOOLS                        
                    INFO     Disabled tool                         server.py:115
                             'lean_diagnostic_messages' via                     
                             LEAN_MCP_DISABLED_TOOLS                            
                    INFO     Disabled tool 'lean_file_outline' via server.py:115
                             LEAN_MCP_DISABLED_TOOLS                            
                    INFO     Disabled tool                         server.py:115
                             'lean_get_widget_source' via                       
                             LEAN_MCP_DISABLED_TOOLS                            
                    INFO     Disabled tool 'lean_get_widgets' via  server.py:115
                             LEAN_MCP_DISABLED_TOOLS                            
                    INFO     Disabled tool 'lean_goal' via         server.py:115
                             LEAN_MCP_DISABLED_TOOLS                            
                    INFO     Disabled tool 'lean_hover_info' via   server.py:115
                             LEAN_MCP_DISABLED_TOOLS                            
                    INFO     Disabled tool 'lean_references' via   server.py:115
                             LEAN_MCP_DISABLED_TOOLS                            
                    INFO     Disabled tool 'lean_term_goal' via    server.py:115
                             LEAN_MCP_DISABLED_TOOLS                            
                    INFO     REPL enabled, using:                  server.py:322
                             /home/amirnabiyev/Conjecture_Prover/.              
                             lake/packages/repl/.lake/build/bin/re              
                             pl                                                 
                    INFO     REPL initialized: timeout=60s         server.py:325
                    INFO     Session ending — cleaning up          server.py:360
                             per-session resources                              
[08/26/26 19:29:24] INFO     Disabled tool 'lean_build' via        server.py:115
                             LEAN_MCP_DISABLED_TOOLS                            
                    INFO     Disabled tool 'lean_completions' via  server.py:115
                             LEAN_MCP_DISABLED_TOOLS                            
                    INFO     Disabled tool 'lean_declaration_file' server.py:115
                             via LEAN_MCP_DISABLED_TOOLS                        
                    INFO     Disabled tool                         server.py:115
                             'lean_diagnostic_messages' via                     
                             LEAN_MCP_DISABLED_TOOLS                            
                    INFO     Disabled tool 'lean_file_outline' via server.py:115
                             LEAN_MCP_DISABLED_TOOLS                            
[08/26/26 19:29:25] INFO     Disabled tool                         server.py:115
                             'lean_get_widget_source' via                       
                             LEAN_MCP_DISABLED_TOOLS                            
                    INFO     Disabled tool 'lean_get_widgets' via  server.py:115
                             LEAN_MCP_DISABLED_TOOLS                            
                    INFO     Disabled tool 'lean_goal' via         server.py:115
                             LEAN_MCP_DISABLED_TOOLS                            
                    INFO     Disabled tool 'lean_hover_info' via   server.py:115
                             LEAN_MCP_DISABLED_TOOLS                            
                    INFO     Disabled tool 'lean_references' via   server.py:115
                             LEAN_MCP_DISABLED_TOOLS                            
                    INFO     Disabled tool 'lean_term_goal' via    server.py:115
                             LEAN_MCP_DISABLED_TOOLS                            
                    INFO     REPL enabled, using:                  server.py:322
                             /home/amirnabiyev/Conjecture_Prover/.              
                             lake/packages/repl/.lake/build/bin/re              
                             pl                                                 
                    INFO     REPL initialized: timeout=60s         server.py:325
                    INFO     Session ending — cleaning up          server.py:360
                             per-session resources                              
[08/26/26 19:29:25] INFO     Disabled tool 'lean_build' via        server.py:115
                             LEAN_MCP_DISABLED_TOOLS                            
                    INFO     Disabled tool 'lean_completions' via  server.py:115
                             LEAN_MCP_DISABLED_TOOLS                            
                    INFO     Disabled tool 'lean_declaration_file' server.py:115
                             via LEAN_MCP_DISABLED_TOOLS                        
                    INFO     Disabled tool                         server.py:115
                             'lean_diagnostic_messages' via                     
                             LEAN_MCP_DISABLED_TOOLS                            
                    INFO     Disabled tool 'lean_file_outline' via server.py:115
                             LEAN_MCP_DISABLED_TOOLS                            
                    INFO     Disabled tool                         server.py:115
                             'lean_get_widget_source' via                       
                             LEAN_MCP_DISABLED_TOOLS                            
                    INFO     Disabled tool 'lean_get_widgets' via  server.py:115
                             LEAN_MCP_DISABLED_TOOLS                            
                    INFO     Disabled tool 'lean_goal' via         server.py:115
                             LEAN_MCP_DISABLED_TOOLS                            
                    INFO     Disabled tool 'lean_hover_info' via   server.py:115
                             LEAN_MCP_DISABLED_TOOLS                            
                    INFO     Disabled tool 'lean_references' via   server.py:115
                             LEAN_MCP_DISABLED_TOOLS                            
                    INFO     Disabled tool 'lean_term_goal' via    server.py:115
                             LEAN_MCP_DISABLED_TOOLS                            
                    INFO     REPL enabled, using:                  server.py:322
                             /home/amirnabiyev/Conjecture_Prover/.              
                             lake/packages/repl/.lake/build/bin/re              
                             pl                                                 
                    INFO     REPL initialized: timeout=60s         server.py:325
[08/26/26 19:29:26] INFO     Session ending — cleaning up          server.py:360
                             per-session resources                              
[08/26/26 19:29:27] INFO     Disabled tool 'lean_build' via        server.py:115
                             LEAN_MCP_DISABLED_TOOLS                            
                    INFO     Disabled tool 'lean_completions' via  server.py:115
                             LEAN_MCP_DISABLED_TOOLS                            
                    INFO     Disabled tool 'lean_declaration_file' server.py:115
                             via LEAN_MCP_DISABLED_TOOLS                        
                    INFO     Disabled tool                         server.py:115
                             'lean_diagnostic_messages' via                     
                             LEAN_MCP_DISABLED_TOOLS                            
                    INFO     Disabled tool 'lean_file_outline' via server.py:115
                             LEAN_MCP_DISABLED_TOOLS                            
                    INFO     Disabled tool                         server.py:115
                             'lean_get_widget_source' via                       
                             LEAN_MCP_DISABLED_TOOLS                            
                    INFO     Disabled tool 'lean_get_widgets' via  server.py:115
                             LEAN_MCP_DISABLED_TOOLS                            
                    INFO     Disabled tool 'lean_goal' via         server.py:115
                             LEAN_MCP_DISABLED_TOOLS                            
                    INFO     Disabled tool 'lean_hover_info' via   server.py:115
                             LEAN_MCP_DISABLED_TOOLS                            
                    INFO     Disabled tool 'lean_references' via   server.py:115
                             LEAN_MCP_DISABLED_TOOLS                            
                    INFO     Disabled tool 'lean_term_goal' via    server.py:115
                             LEAN_MCP_DISABLED_TOOLS                            
                    INFO     REPL enabled, using:                  server.py:322
                             /home/amirnabiyev/Conjecture_Prover/.              
                             lake/packages/repl/.lake/build/bin/re              
                             pl                                                 
                    INFO     REPL initialized: timeout=60s         server.py:325
[08/26/26 19:29:27] INFO     Disabled tool 'lean_build' via        server.py:115
                             LEAN_MCP_DISABLED_TOOLS                            
                    INFO     Disabled tool 'lean_completions' via  server.py:115
                             LEAN_MCP_DISABLED_TOOLS                            
                    INFO     Disabled tool 'lean_declaration_file' server.py:115
                             via LEAN_MCP_DISABLED_TOOLS                        
                    INFO     Disabled tool                         server.py:115
                             'lean_diagnostic_messages' via                     
                             LEAN_MCP_DISABLED_TOOLS                            
                    INFO     Disabled tool 'lean_file_outline' via server.py:115
                             LEAN_MCP_DISABLED_TOOLS                            
                    INFO     Disabled tool                         server.py:115
                             'lean_get_widget_source' via                       
                             LEAN_MCP_DISABLED_TOOLS                            
                    INFO     Disabled tool 'lean_get_widgets' via  server.py:115
                             LEAN_MCP_DISABLED_TOOLS                            
                    INFO     Disabled tool 'lean_goal' via         server.py:115
                             LEAN_MCP_DISABLED_TOOLS                            
                    INFO     Disabled tool 'lean_hover_info' via   server.py:115
                             LEAN_MCP_DISABLED_TOOLS                            
                    INFO     Disabled tool 'lean_references' via   server.py:115
                             LEAN_MCP_DISABLED_TOOLS                            
                    INFO     Disabled tool 'lean_term_goal' via    server.py:115
                             LEAN_MCP_DISABLED_TOOLS                            
                    INFO     REPL enabled, using:                  server.py:322
                             /home/amirnabiyev/Conjecture_Prover/.              
                             lake/packages/repl/.lake/build/bin/re              
                             pl                                                 
                    INFO     REPL initialized: timeout=60s         server.py:325
[08/26/26 19:29:28] INFO     Session ending — cleaning up          server.py:360
                             per-session resources                              
[08/26/26 19:29:28] INFO     Session ending — cleaning up          server.py:360
                             per-session resources                              
[08/26/26 19:29:28] INFO     Disabled tool 'lean_build' via        server.py:115
                             LEAN_MCP_DISABLED_TOOLS                            
                    INFO     Disabled tool 'lean_completions' via  server.py:115
                             LEAN_MCP_DISABLED_TOOLS                            
                    INFO     Disabled tool 'lean_declaration_file' server.py:115
                             via LEAN_MCP_DISABLED_TOOLS                        
                    INFO     Disabled tool                         server.py:115
                             'lean_diagnostic_messages' via                     
                             LEAN_MCP_DISABLED_TOOLS                            
                    INFO     Disabled tool 'lean_file_outline' via server.py:115
                             LEAN_MCP_DISABLED_TOOLS                            
                    INFO     Disabled tool                         server.py:115
                             'lean_get_widget_source' via                       
                             LEAN_MCP_DISABLED_TOOLS                            
                    INFO     Disabled tool 'lean_get_widgets' via  server.py:115
                             LEAN_MCP_DISABLED_TOOLS                            
                    INFO     Disabled tool 'lean_goal' via         server.py:115
                             LEAN_MCP_DISABLED_TOOLS                            
                    INFO     Disabled tool 'lean_hover_info' via   server.py:115
                             LEAN_MCP_DISABLED_TOOLS                            
                    INFO     Disabled tool 'lean_references' via   server.py:115
                             LEAN_MCP_DISABLED_TOOLS                            
                    INFO     Disabled tool 'lean_term_goal' via    server.py:115
                             LEAN_MCP_DISABLED_TOOLS                            
                    INFO     REPL enabled, using:                  server.py:322
                             /home/amirnabiyev/Conjecture_Prover/.              
                             lake/packages/repl/.lake/build/bin/re              
                             pl                                                 
                    INFO     REPL initialized: timeout=60s         server.py:325
[08/26/26 19:29:29] INFO     Disabled tool 'lean_build' via        server.py:115
                             LEAN_MCP_DISABLED_TOOLS                            
                    INFO     Disabled tool 'lean_completions' via  server.py:115
                             LEAN_MCP_DISABLED_TOOLS                            
                    INFO     Disabled tool 'lean_declaration_file' server.py:115
                             via LEAN_MCP_DISABLED_TOOLS                        
                    INFO     Disabled tool                         server.py:115
                             'lean_diagnostic_messages' via                     
                             LEAN_MCP_DISABLED_TOOLS                            
                    INFO     Disabled tool 'lean_file_outline' via server.py:115
                             LEAN_MCP_DISABLED_TOOLS                            
                    INFO     Disabled tool                         server.py:115
                             'lean_get_widget_source' via                       
                             LEAN_MCP_DISABLED_TOOLS                            
                    INFO     Disabled tool 'lean_get_widgets' via  server.py:115
                             LEAN_MCP_DISABLED_TOOLS                            
                    INFO     Disabled tool 'lean_goal' via         server.py:115
                             LEAN_MCP_DISABLED_TOOLS                            
                    INFO     Disabled tool 'lean_hover_info' via   server.py:115
                             LEAN_MCP_DISABLED_TOOLS                            
                    INFO     Disabled tool 'lean_references' via   server.py:115
                             LEAN_MCP_DISABLED_TOOLS                            
                    INFO     Disabled tool 'lean_term_goal' via    server.py:115
                             LEAN_MCP_DISABLED_TOOLS                            
                    INFO     REPL enabled, using:                  server.py:322
                             /home/amirnabiyev/Conjecture_Prover/.              
                             lake/packages/repl/.lake/build/bin/re              
                             pl                                                 
                    INFO     REPL initialized: timeout=60s         server.py:325
[08/26/26 19:29:29] INFO     Session ending — cleaning up          server.py:360
                             per-session resources                              
[08/26/26 19:29:30] INFO     Disabled tool 'lean_build' via        server.py:115
                             LEAN_MCP_DISABLED_TOOLS                            
                    INFO     Disabled tool 'lean_completions' via  server.py:115
                             LEAN_MCP_DISABLED_TOOLS                            
                    INFO     Disabled tool 'lean_declaration_file' server.py:115
                             via LEAN_MCP_DISABLED_TOOLS                        
                    INFO     Disabled tool                         server.py:115
                             'lean_diagnostic_messages' via                     
                             LEAN_MCP_DISABLED_TOOLS                            
                    INFO     Disabled tool 'lean_file_outline' via server.py:115
                             LEAN_MCP_DISABLED_TOOLS                            
                    INFO     Disabled tool                         server.py:115
                             'lean_get_widget_source' via                       
                             LEAN_MCP_DISABLED_TOOLS                            
                    INFO     Disabled tool 'lean_get_widgets' via  server.py:115
                             LEAN_MCP_DISABLED_TOOLS                            
                    INFO     Disabled tool 'lean_goal' via         server.py:115
                             LEAN_MCP_DISABLED_TOOLS                            
                    INFO     Disabled tool 'lean_hover_info' via   server.py:115
                             LEAN_MCP_DISABLED_TOOLS                            
                    INFO     Disabled tool 'lean_references' via   server.py:115
                             LEAN_MCP_DISABLED_TOOLS                            
                    INFO     Disabled tool 'lean_term_goal' via    server.py:115
                             LEAN_MCP_DISABLED_TOOLS                            
                    INFO     REPL enabled, using:                  server.py:322
                             /home/amirnabiyev/Conjecture_Prover/.              
                             lake/packages/repl/.lake/build/bin/re              
                             pl                                                 
                    INFO     REPL initialized: timeout=60s         server.py:325
[08/26/26 19:29:30] INFO     Disabled tool 'lean_build' via        server.py:115
                             LEAN_MCP_DISABLED_TOOLS                            
                    INFO     Disabled tool 'lean_completions' via  server.py:115
                             LEAN_MCP_DISABLED_TOOLS                            
                    INFO     Disabled tool 'lean_declaration_file' server.py:115
                             via LEAN_MCP_DISABLED_TOOLS                        
                    INFO     Disabled tool                         server.py:115
                             'lean_diagnostic_messages' via                     
                             LEAN_MCP_DISABLED_TOOLS                            
                    INFO     Disabled tool 'lean_file_outline' via server.py:115
                             LEAN_MCP_DISABLED_TOOLS                            
                    INFO     Disabled tool                         server.py:115
                             'lean_get_widget_source' via                       
                             LEAN_MCP_DISABLED_TOOLS                            
                    INFO     Disabled tool 'lean_get_widgets' via  server.py:115
                             LEAN_MCP_DISABLED_TOOLS                            
                    INFO     Disabled tool 'lean_goal' via         server.py:115
                             LEAN_MCP_DISABLED_TOOLS                            
                    INFO     Disabled tool 'lean_hover_info' via   server.py:115
                             LEAN_MCP_DISABLED_TOOLS                            
                    INFO     Disabled tool 'lean_references' via   server.py:115
                             LEAN_MCP_DISABLED_TOOLS                            
                    INFO     Disabled tool 'lean_term_goal' via    server.py:115
                             LEAN_MCP_DISABLED_TOOLS                            
                    INFO     REPL enabled, using:                  server.py:322
                             /home/amirnabiyev/Conjecture_Prover/.              
                             lake/packages/repl/.lake/build/bin/re              
                             pl                                                 
                    INFO     REPL initialized: timeout=60s         server.py:325
                    INFO     Session ending — cleaning up          server.py:360
                             per-session resources                              
[08/26/26 19:29:31] INFO     Session ending — cleaning up          server.py:360
                             per-session resources                              

     • putnam1972a6_one_le_abs: [Turn 11] 1. Target: `putnam1972a6_one_le_abs`
2. Status: VERIFIED

3. Validated Lean code block (full declaration with ...
     • putnam1972a6_l1_shifted_power: [Turn 19] The proof compiles cleanly in the exact file context. The proof is complete.

1. Target: `putnam1972a6_l1_shif...
     • putnam1972a6_integral_abs_lt: [Turn 20] I've exhausted my proof budget without achieving a clean compile of the full proof. Let me summarize what I es...
     • putnam1972a6_bound_mul_l1: [Turn 6] PROVED...
     • putnam1972a6_not_ae_small: [Turn 5] The proof compiles cleanly. Let me do a final verification that the theorem's axioms are clean by checking the ...
     • putnam1972a6_pos_measure_set: [Turn 20] [FINAL PROPOSAL]
status: VERIFIED
new_str:
```lean
lemma putnam1972a6_pos_measure_set
    (f : ℝ → ℝ) (k : ℕ)
...
     • putnam1972a6_to_nat: [Turn 6] [TRIAL FEEDBACK]
Attempted: `simpa`-based closes (failed with max recursion depth on zpow), direct `rw [← zpow_...
     • putnam1972a6_bound_of_int: [Turn 11] PROVED...
     • putnam_1972_a6: [Turn 9] PROVED...
======================================================================

   💬 BR AI says: The blueprint JSON regenerated successfully. Let me do a final verification of the file structure:
   🛠️  BR AI made 1 tool call(s):
 → lean_file_outline
   🚦 Routing: blueprint_refiner → tools_br
   🚦 Routing: tool_node → blueprint_refiner

======================================================================
🔧 BLUEPRINT REFINER: Revising blueprint based on prover feedback
   Unproved lemmas to address: putnam1972a6_bound, putnam1972a6_bound_mul_l1, putnam1972a6_bound_of_int, putnam1972a6_integral_abs_lt, putnam1972a6_integral_shifted, putnam1972a6_l1_shifted_power, putnam1972a6_not_ae_small, putnam1972a6_one_le_abs, putnam1972a6_poly, putnam1972a6_pos_measure_set, putnam1972a6_to_nat, putnam_1972_a6
     • putnam1972a6_integral_shifted: [Turn 13] The proof compiles cleanly both standalone and against the real `ConjectureProver` file (whose `putnam1972a6_p...
     • putnam1972a6_one_le_abs: [Turn 11] 1. Target: `putnam1972a6_one_le_abs`
2. Status: VERIFIED

3. Validated Lean code block (full declaration with ...
     • putnam1972a6_l1_shifted_power: [Turn 19] The proof compiles cleanly in the exact file context. The proof is complete.

1. Target: `putnam1972a6_l1_shif...
     • putnam1972a6_integral_abs_lt: [Turn 20] I've exhausted my proof budget without achieving a clean compile of the full proof. Let me summarize what I es...
     • putnam1972a6_bound_mul_l1: [Turn 6] PROVED...
     • putnam1972a6_not_ae_small: [Turn 5] The proof compiles cleanly. Let me do a final verification that the theorem's axioms are clean by checking the ...
     • putnam1972a6_pos_measure_set: [Turn 20] [FINAL PROPOSAL]
status: VERIFIED
new_str:
```lean
lemma putnam1972a6_pos_measure_set
    (f : ℝ → ℝ) (k : ℕ)
...
     • putnam1972a6_to_nat: [Turn 6] [TRIAL FEEDBACK]
Attempted: `simpa`-based closes (failed with max recursion depth on zpow), direct `rw [← zpow_...
     • putnam1972a6_bound_of_int: [Turn 11] PROVED...
     • putnam_1972_a6: [Turn 9] PROVED...
======================================================================

   💬 BR AI says: The revision is complete and validated. Here's a summary of the changes:

## Summary

**Remaining unsolved nodes before this revision:** `putnam1972a6_integral_abs_lt` (PROOF_TOO_HARD — prover assembled a skeleton but failed on the a.e.-measure dance, integrability boilerplate, and interval↔Icc conversion) and `putnam1972a6_pos_measure_set` (turn-limit exceeded despite a final verified proof).

### `putnam1972a6_integral_abs_lt` — decomposed into a 3-helper chain

- **Added `putnam1972a6_ae_lt_m
      ... (2956 total chars)
   🚦 Routing: blueprint_refiner → rebuild_blueprint

🔄 REBUILD BLUEPRINT: Refreshing blueprint state from JSON...
   📊 17 lemmas, 0 proved
   📊 Blueprint: 17 nodes, root='putnam_1972_a6'
   🚦 Routing: rebuild_blueprint → theorem_proving
   ⏭️  Skipping 'putnam1972a6_poly': declaration has no `sorry_using` placeholder
   ⏭️  Skipping 'putnam1972a6_bound': declaration has no `sorry_using` placeholder
   ⏭️  Skipping 'putnam1972a6_integral_shifted': declaration has no `sorry_using` placeholder
   ⏭️  Skipping 'putnam1972a6_one_le_abs': declaration has no `sorry_using` placeholder
   ⏭️  Skipping 'putnam1972a6_l1_shifted_power': declaration has no `sorry_using` placeholder
   ⏭️  Skipping 'putnam1972a6_bound_mul_l1': declaration has no `sorry_using` placeholder
   ⏭️  Skipping 'putnam1972a6_not_ae_small': declaration has no `sorry_using` placeholder
   ⏭️  Skipping 'putnam1972a6_to_nat': declaration has no `sorry_using` placeholder
   ⏭️  Skipping 'putnam1972a6_bound_of_int': declaration has no `sorry_using` placeholder
   ⏭️  Skipping 'putnam_1972_a6': declaration has no `sorry_using` placeholder
   🚀 theorem_proving: dispatching 7 parallel agent(s) (skipped 10 without sorry_using)
      → putnam1972a6_ae_lt_mul
      → putnam1972a6_measure_lt_ne_zero
      → putnam1972a6_integral_abs_lt_interval
      → putnam1972a6_integral_abs_lt
      → putnam1972a6_measure_level_set_pos
      → putnam1972a6_measurable_subset_pos
      → putnam1972a6_pos_measure_set

============================================================
🔍 PROVE LEMMA: putnam1972a6_ae_lt_mul  (max 20 turns)
============================================================


============================================================
🔍 PROVE LEMMA: putnam1972a6_measure_lt_ne_zero  (max 20 turns)
============================================================


============================================================
🔍 PROVE LEMMA: putnam1972a6_integral_abs_lt_interval  (max 20 turns)
============================================================


============================================================
🔍 PROVE LEMMA: putnam1972a6_integral_abs_lt  (max 20 turns)
============================================================


============================================================
🔍 PROVE LEMMA: putnam1972a6_measure_level_set_pos  (max 20 turns)
============================================================


============================================================
🔍 PROVE LEMMA: putnam1972a6_measurable_subset_pos  (max 20 turns)
============================================================


============================================================
🔍 PROVE LEMMA: putnam1972a6_pos_measure_set  (max 20 turns)
============================================================

   🔌 MCP client ready for lemma 'putnam1972a6_integral_abs_lt_interval' (proof-only mode)
   🔌 MCP client ready for lemma 'putnam1972a6_integral_abs_lt' (proof-only mode)
   🔌 MCP client ready for lemma 'putnam1972a6_measure_level_set_pos' (proof-only mode)
   🔌 MCP client ready for lemma 'putnam1972a6_measurable_subset_pos' (proof-only mode)
   🔌 MCP client ready for lemma 'putnam1972a6_measure_lt_ne_zero' (proof-only mode)
   🔌 MCP client ready for lemma 'putnam1972a6_pos_measure_set' (proof-only mode)
   🔌 MCP client ready for lemma 'putnam1972a6_ae_lt_mul' (proof-only mode)
   🛠️  PL-putnam1972a6_integral_abs_lt_interval AI made 2 tool call(s):
 → lean_leansearch
 → lean_local_search
   🛠️  PL-putnam1972a6_integral_abs_lt AI made 2 tool call(s):
 → lean_local_search
 → lean_leansearch
   🛠️  PL-putnam1972a6_ae_lt_mul AI made 2 tool call(s):
 → lean_local_search
 → search_mathlib_docs
   🛠️  PL-putnam1972a6_measure_lt_ne_zero AI made 2 tool call(s):
 → lean_local_search
 → lean_local_search
   🛠️  PL-putnam1972a6_pos_measure_set AI made 2 tool call(s):
 → lean_run_code
 → lean_local_search
   🛠️  PL-putnam1972a6_integral_abs_lt_interval AI made 2 tool call(s):
 → lean_local_search
 → lean_leansearch
   🛠️  PL-putnam1972a6_ae_lt_mul AI made 1 tool call(s):
 → lean_run_code
   🛠️  PL-putnam1972a6_measure_level_set_pos AI made 3 tool call(s):[08/26/26 19:29:32] INFO     Disabled tool 'lean_build' via        server.py:115
                             LEAN_MCP_DISABLED_TOOLS                            
                    INFO     Disabled tool 'lean_completions' via  server.py:115
                             LEAN_MCP_DISABLED_TOOLS                            
                    INFO     Disabled tool 'lean_declaration_file' server.py:115
                             via LEAN_MCP_DISABLED_TOOLS                        
                    INFO     Disabled tool                         server.py:115
                             'lean_diagnostic_messages' via                     
                             LEAN_MCP_DISABLED_TOOLS                            
                    INFO     Disabled tool 'lean_file_outline' via server.py:115
                             LEAN_MCP_DISABLED_TOOLS                            
                    INFO     Disabled tool                         server.py:115
                             'lean_get_widget_source' via                       
                             LEAN_MCP_DISABLED_TOOLS                            
                    INFO     Disabled tool 'lean_get_widgets' via  server.py:115
                             LEAN_MCP_DISABLED_TOOLS                            
                    INFO     Disabled tool 'lean_goal' via         server.py:115
                             LEAN_MCP_DISABLED_TOOLS                            
                    INFO     Disabled tool 'lean_hover_info' via   server.py:115
                             LEAN_MCP_DISABLED_TOOLS                            
                    INFO     Disabled tool 'lean_references' via   server.py:115
                             LEAN_MCP_DISABLED_TOOLS                            
                    INFO     Disabled tool 'lean_term_goal' via    server.py:115
                             LEAN_MCP_DISABLED_TOOLS                            
                    INFO     REPL enabled, using:                  server.py:322
                             /home/amirnabiyev/Conjecture_Prover/.              
                             lake/packages/repl/.lake/build/bin/re              
                             pl                                                 
                    INFO     REPL initialized: timeout=60s         server.py:325
[08/26/26 19:29:33] INFO     Disabled tool 'lean_build' via        server.py:115
                             LEAN_MCP_DISABLED_TOOLS                            
                    INFO     Disabled tool 'lean_completions' via  server.py:115
                             LEAN_MCP_DISABLED_TOOLS                            
                    INFO     Disabled tool 'lean_declaration_file' server.py:115
                             via LEAN_MCP_DISABLED_TOOLS                        
                    INFO     Disabled tool                         server.py:115
                             'lean_diagnostic_messages' via                     
                             LEAN_MCP_DISABLED_TOOLS                            
                    INFO     Disabled tool 'lean_file_outline' via server.py:115
                             LEAN_MCP_DISABLED_TOOLS                            
                    INFO     Disabled tool                         server.py:115
                             'lean_get_widget_source' via                       
                             LEAN_MCP_DISABLED_TOOLS                            
                    INFO     Disabled tool 'lean_get_widgets' via  server.py:115
                             LEAN_MCP_DISABLED_TOOLS                            
                    INFO     Disabled tool 'lean_goal' via         server.py:115
                             LEAN_MCP_DISABLED_TOOLS                            
                    INFO     Disabled tool 'lean_hover_info' via   server.py:115
                             LEAN_MCP_DISABLED_TOOLS                            
                    INFO     Disabled tool 'lean_references' via   server.py:115
                             LEAN_MCP_DISABLED_TOOLS                            
                    INFO     Disabled tool 'lean_term_goal' via    server.py:115
                             LEAN_MCP_DISABLED_TOOLS                            
                    INFO     REPL enabled, using:                  server.py:322
                             /home/amirnabiyev/Conjecture_Prover/.              
                             lake/packages/repl/.lake/build/bin/re              
                             pl                                                 
                    INFO     REPL initialized: timeout=60s         server.py:325
[08/26/26 19:29:34] INFO     Session ending — cleaning up          server.py:360
                             per-session resources                              
[08/26/26 19:29:35] INFO     Disabled tool 'lean_build' via        server.py:115
                             LEAN_MCP_DISABLED_TOOLS                            
                    INFO     Disabled tool 'lean_completions' via  server.py:115
                             LEAN_MCP_DISABLED_TOOLS                            
                    INFO     Disabled tool 'lean_declaration_file' server.py:115
                             via LEAN_MCP_DISABLED_TOOLS                        
                    INFO     Disabled tool                         server.py:115
                             'lean_diagnostic_messages' via                     
                             LEAN_MCP_DISABLED_TOOLS                            
                    INFO     Disabled tool 'lean_file_outline' via server.py:115
                             LEAN_MCP_DISABLED_TOOLS                            
                    INFO     Disabled tool                         server.py:115
                             'lean_get_widget_source' via                       
                             LEAN_MCP_DISABLED_TOOLS                            
                    INFO     Disabled tool 'lean_get_widgets' via  server.py:115
                             LEAN_MCP_DISABLED_TOOLS                            
                    INFO     Disabled tool 'lean_goal' via         server.py:115
                             LEAN_MCP_DISABLED_TOOLS                            
                    INFO     Disabled tool 'lean_hover_info' via   server.py:115
                             LEAN_MCP_DISABLED_TOOLS                            
                    INFO     Disabled tool 'lean_references' via   server.py:115
                             LEAN_MCP_DISABLED_TOOLS                            
                    INFO     Disabled tool 'lean_term_goal' via    server.py:115
                             LEAN_MCP_DISABLED_TOOLS                            
                    INFO     REPL enabled, using:                  server.py:322
                             /home/amirnabiyev/Conjecture_Prover/.              
                             lake/packages/repl/.lake/build/bin/re              
                             pl                                                 
                    INFO     REPL initialized: timeout=60s         server.py:325
[08/26/26 19:29:35] INFO     Disabled tool 'lean_build' via        server.py:115
                             LEAN_MCP_DISABLED_TOOLS                            
                    INFO     Disabled tool 'lean_completions' via  server.py:115
                             LEAN_MCP_DISABLED_TOOLS                            
                    INFO     Disabled tool 'lean_declaration_file' server.py:115
                             via LEAN_MCP_DISABLED_TOOLS                        
                    INFO     Disabled tool                         server.py:115
                             'lean_diagnostic_messages' via                     
                             LEAN_MCP_DISABLED_TOOLS                            
                    INFO     Disabled tool 'lean_file_outline' via server.py:115
                             LEAN_MCP_DISABLED_TOOLS                            
                    INFO     Disabled tool                         server.py:115
                             'lean_get_widget_source' via                       
                             LEAN_MCP_DISABLED_TOOLS                            
                    INFO     Disabled tool 'lean_get_widgets' via  server.py:115
                             LEAN_MCP_DISABLED_TOOLS                            
                    INFO     Disabled tool 'lean_goal' via         server.py:115
                             LEAN_MCP_DISABLED_TOOLS                            
                    INFO     Disabled tool 'lean_hover_info' via   server.py:115
                             LEAN_MCP_DISABLED_TOOLS                            
                    INFO     Disabled tool 'lean_references' via   server.py:115
                             LEAN_MCP_DISABLED_TOOLS                            
                    INFO     Disabled tool 'lean_term_goal' via    server.py:115
                             LEAN_MCP_DISABLED_TOOLS                            
                    INFO     REPL enabled, using:                  server.py:322
                             /home/amirnabiyev/Conjecture_Prover/.              
                             lake/packages/repl/.lake/build/bin/re              
                             pl                                                 
                    INFO     REPL initialized: timeout=60s         server.py:325
[08/26/26 19:29:36] INFO     Session ending — cleaning up          server.py:360
                             per-session resources                              
[08/26/26 19:29:36] INFO     Disabled tool 'lean_build' via        server.py:115
                             LEAN_MCP_DISABLED_TOOLS                            
                    INFO     Disabled tool 'lean_completions' via  server.py:115
                             LEAN_MCP_DISABLED_TOOLS                            
                    INFO     Disabled tool 'lean_declaration_file' server.py:115
                             via LEAN_MCP_DISABLED_TOOLS                        
                    INFO     Disabled tool                         server.py:115
                             'lean_diagnostic_messages' via                     
                             LEAN_MCP_DISABLED_TOOLS                            
                    INFO     Disabled tool 'lean_file_outline' via server.py:115
                             LEAN_MCP_DISABLED_TOOLS                            
                    INFO     Disabled tool                         server.py:115
                             'lean_get_widget_source' via                       
                             LEAN_MCP_DISABLED_TOOLS                            
                    INFO     Disabled tool 'lean_get_widgets' via  server.py:115
                             LEAN_MCP_DISABLED_TOOLS                            
                    INFO     Disabled tool 'lean_goal' via         server.py:115
                             LEAN_MCP_DISABLED_TOOLS                            
                    INFO     Disabled tool 'lean_hover_info' via   server.py:115
                             LEAN_MCP_DISABLED_TOOLS                            
                    INFO     Disabled tool 'lean_references' via   server.py:115
                             LEAN_MCP_DISABLED_TOOLS                            
                    INFO     Disabled tool 'lean_term_goal' via    server.py:115
                             LEAN_MCP_DISABLED_TOOLS                            
                    INFO     REPL enabled, using:                  server.py:322
                             /home/amirnabiyev/Conjecture_Prover/.              
                             lake/packages/repl/.lake/build/bin/re              
                             pl                                                 
                    INFO     REPL initialized: timeout=60s         server.py:325
                    INFO     Session ending — cleaning up          server.py:360
                             per-session resources                              
[08/26/26 19:29:40] INFO     Disabled tool 'lean_build' via        server.py:115
                             LEAN_MCP_DISABLED_TOOLS                            
                    INFO     Disabled tool 'lean_completions' via  server.py:115
                             LEAN_MCP_DISABLED_TOOLS                            
                    INFO     Disabled tool 'lean_declaration_file' server.py:115
                             via LEAN_MCP_DISABLED_TOOLS                        
                    INFO     Disabled tool                         server.py:115
                             'lean_diagnostic_messages' via                     
                             LEAN_MCP_DISABLED_TOOLS                            
                    INFO     Disabled tool 'lean_file_outline' via server.py:115
                             LEAN_MCP_DISABLED_TOOLS                            
                    INFO     Disabled tool                         server.py:115
                             'lean_get_widget_source' via                       
                             LEAN_MCP_DISABLED_TOOLS                            
                    INFO     Disabled tool 'lean_get_widgets' via  server.py:115
                             LEAN_MCP_DISABLED_TOOLS                            
                    INFO     Disabled tool 'lean_goal' via         server.py:115
                             LEAN_MCP_DISABLED_TOOLS                            
                    INFO     Disabled tool 'lean_hover_info' via   server.py:115
                             LEAN_MCP_DISABLED_TOOLS                            
                    INFO     Disabled tool 'lean_references' via   server.py:115
                             LEAN_MCP_DISABLED_TOOLS                            
                    INFO     Disabled tool 'lean_term_goal' via    server.py:115
                             LEAN_MCP_DISABLED_TOOLS                            
                    INFO     REPL enabled, using:                  server.py:322
                             /home/amirnabiyev/Conjecture_Prover/.              
                             lake/packages/repl/.lake/build/bin/re              
                             pl                                                 
                    INFO     REPL initialized: timeout=60s         server.py:325
[08/26/26 19:29:40] INFO     Disabled tool 'lean_build' via        server.py:115
                             LEAN_MCP_DISABLED_TOOLS                            
                    INFO     Disabled tool 'lean_completions' via  server.py:115
                             LEAN_MCP_DISABLED_TOOLS                            
                    INFO     Disabled tool 'lean_declaration_file' server.py:115
                             via LEAN_MCP_DISABLED_TOOLS                        
                    INFO     Disabled tool                         server.py:115
                             'lean_diagnostic_messages' via                     
                             LEAN_MCP_DISABLED_TOOLS                            
                    INFO     Disabled tool 'lean_file_outline' via server.py:115
                             LEAN_MCP_DISABLED_TOOLS                            
                    INFO     Disabled tool                         server.py:115
                             'lean_get_widget_source' via                       
                             LEAN_MCP_DISABLED_TOOLS                            
                    INFO     Disabled tool 'lean_get_widgets' via  server.py:115
                             LEAN_MCP_DISABLED_TOOLS                            
                    INFO     Disabled tool 'lean_goal' via         server.py:115
                             LEAN_MCP_DISABLED_TOOLS                            
                    INFO     Disabled tool 'lean_hover_info' via   server.py:115
                             LEAN_MCP_DISABLED_TOOLS                            
                    INFO     Disabled tool 'lean_references' via   server.py:115
                             LEAN_MCP_DISABLED_TOOLS                            
                    INFO     Disabled tool 'lean_term_goal' via    server.py:115
                             LEAN_MCP_DISABLED_TOOLS                            
                    INFO     REPL enabled, using:                  server.py:322
                             /home/amirnabiyev/Conjecture_Prover/.              
                             lake/packages/repl/.lake/build/bin/re              
                             pl                                                 
                    INFO     REPL initialized: timeout=60s         server.py:325
[08/26/26 19:29:41] INFO     Disabled tool 'lean_build' via        server.py:115
                             LEAN_MCP_DISABLED_TOOLS                            
                    INFO     Disabled tool 'lean_completions' via  server.py:115
                             LEAN_MCP_DISABLED_TOOLS                            
                    INFO     Disabled tool 'lean_declaration_file' server.py:115
                             via LEAN_MCP_DISABLED_TOOLS                        
[08/26/26 19:29:41] INFO     Session ending — cleaning up          server.py:360
                             per-session resources                              
                    INFO     Disabled tool                         server.py:115
                             'lean_diagnostic_messages' via                     
                             LEAN_MCP_DISABLED_TOOLS                            
                    INFO     Disabled tool 'lean_file_outline' via server.py:115
                             LEAN_MCP_DISABLED_TOOLS                            
                    INFO     Disabled tool                         server.py:115
                             'lean_get_widget_source' via                       
                             LEAN_MCP_DISABLED_TOOLS                            
                    INFO     Disabled tool 'lean_get_widgets' via  server.py:115
                             LEAN_MCP_DISABLED_TOOLS                            
                    INFO     Disabled tool 'lean_goal' via         server.py:115
                             LEAN_MCP_DISABLED_TOOLS                            
                    INFO     Disabled tool 'lean_hover_info' via   server.py:115
                             LEAN_MCP_DISABLED_TOOLS                            
                    INFO     Disabled tool 'lean_references' via   server.py:115
                             LEAN_MCP_DISABLED_TOOLS                            
                    INFO     Disabled tool 'lean_term_goal' via    server.py:115
                             LEAN_MCP_DISABLED_TOOLS                            
                    INFO     REPL enabled, using:                  server.py:322
                             /home/amirnabiyev/Conjecture_Prover/.              
                             lake/packages/repl/.lake/build/bin/re              
                             pl                                                 
                    INFO     REPL initialized: timeout=60s         server.py:325
[08/26/26 19:29:41] INFO     Session ending — cleaning up          server.py:360
                             per-session resources                              
[08/26/26 19:29:41] INFO     Session ending — cleaning up          server.py:360
                             per-session resources                              
[08/26/26 19:29:42] INFO     Session ending — cleaning up          server.py:360
                             per-session resources                              
[08/26/26 19:29:44] INFO     Disabled tool 'lean_build' via        server.py:115
                             LEAN_MCP_DISABLED_TOOLS                            
                    INFO     Disabled tool 'lean_completions' via  server.py:115
                             LEAN_MCP_DISABLED_TOOLS                            
                    INFO     Disabled tool 'lean_declaration_file' server.py:115
                             via LEAN_MCP_DISABLED_TOOLS                        
                    INFO     Disabled tool                         server.py:115
                             'lean_diagnostic_messages' via                     
                             LEAN_MCP_DISABLED_TOOLS                            
                    INFO     Disabled tool 'lean_file_outline' via server.py:115
                             LEAN_MCP_DISABLED_TOOLS                            
                    INFO     Disabled tool                         server.py:115
                             'lean_get_widget_source' via                       
                             LEAN_MCP_DISABLED_TOOLS                            
                    INFO     Disabled tool 'lean_get_widgets' via  server.py:115
                             LEAN_MCP_DISABLED_TOOLS                            
                    INFO     Disabled tool 'lean_goal' via         server.py:115
                             LEAN_MCP_DISABLED_TOOLS                            
                    INFO     Disabled tool 'lean_hover_info' via   server.py:115
                             LEAN_MCP_DISABLED_TOOLS                            
                    INFO     Disabled tool 'lean_references' via   server.py:115
                             LEAN_MCP_DISABLED_TOOLS                            
                    INFO     Disabled tool 'lean_term_goal' via    server.py:115
                             LEAN_MCP_DISABLED_TOOLS                            
                    INFO     REPL enabled, using:                  server.py:322
                             /home/amirnabiyev/Conjecture_Prover/.              
                             lake/packages/repl/.lake/build/bin/re              
                             pl                                                 
                    INFO     REPL initialized: timeout=60s         server.py:325
[08/26/26 19:29:45] INFO     Session ending — cleaning up          server.py:360
                             per-session resources                              
[08/26/26 19:29:45] INFO     Session ending — cleaning up          server.py:360
                             per-session resources                              
[08/26/26 19:29:46] INFO     Disabled tool 'lean_build' via        server.py:115
                             LEAN_MCP_DISABLED_TOOLS                            
                    INFO     Disabled tool 'lean_completions' via  server.py:115
                             LEAN_MCP_DISABLED_TOOLS                            
                    INFO     Disabled tool 'lean_declaration_file' server.py:115
                             via LEAN_MCP_DISABLED_TOOLS                        
                    INFO     Disabled tool                         server.py:115
                             'lean_diagnostic_messages' via                     
                             LEAN_MCP_DISABLED_TOOLS                            
                    INFO     Disabled tool 'lean_file_outline' via server.py:115
                             LEAN_MCP_DISABLED_TOOLS                            
                    INFO     Disabled tool                         server.py:115
                             'lean_get_widget_source' via                       
                             LEAN_MCP_DISABLED_TOOLS                            
                    INFO     Disabled tool 'lean_get_widgets' via  server.py:115
                             LEAN_MCP_DISABLED_TOOLS                            
                    INFO     Disabled tool 'lean_goal' via         server.py:115
                             LEAN_MCP_DISABLED_TOOLS                            
                    INFO     Disabled tool 'lean_hover_info' via   server.py:115
                             LEAN_MCP_DISABLED_TOOLS                            
                    INFO     Disabled tool 'lean_references' via   server.py:115
                             LEAN_MCP_DISABLED_TOOLS                            
                    INFO     Disabled tool 'lean_term_goal' via    server.py:115
                             LEAN_MCP_DISABLED_TOOLS                            
                    INFO     REPL enabled, using:                  server.py:322
                             /home/amirnabiyev/Conjecture_Prover/.              
                             lake/packages/repl/.lake/build/bin/re              
                             pl                                                 
                    INFO     REPL initialized: timeout=60s         server.py:325
[08/26/26 19:29:47] INFO     Disabled tool 'lean_build' via        server.py:115
                             LEAN_MCP_DISABLED_TOOLS                            
                    INFO     Disabled tool 'lean_completions' via  server.py:115
                             LEAN_MCP_DISABLED_TOOLS                            
                    INFO     Disabled tool 'lean_declaration_file' server.py:115
                             via LEAN_MCP_DISABLED_TOOLS                        
                    INFO     Disabled tool                         server.py:115
                             'lean_diagnostic_messages' via                     
                             LEAN_MCP_DISABLED_TOOLS                            
                    INFO     Disabled tool 'lean_file_outline' via server.py:115
                             LEAN_MCP_DISABLED_TOOLS                            
                    INFO     Disabled tool                         server.py:115
                             'lean_get_widget_source' via                       
                             LEAN_MCP_DISABLED_TOOLS                            
                    INFO     Disabled tool 'lean_get_widgets' via  server.py:115
                             LEAN_MCP_DISABLED_TOOLS                            
                    INFO     Disabled tool 'lean_goal' via         server.py:115
                             LEAN_MCP_DISABLED_TOOLS                            
                    INFO     Disabled tool 'lean_hover_info' via   server.py:115
                             LEAN_MCP_DISABLED_TOOLS                            
                    INFO     Disabled tool 'lean_references' via   server.py:115
                             LEAN_MCP_DISABLED_TOOLS                            
                    INFO     Disabled tool 'lean_term_goal' via    server.py:115
                             LEAN_MCP_DISABLED_TOOLS                            
                    INFO     REPL enabled, using:                  server.py:322
                             /home/amirnabiyev/Conjecture_Prover/.              
                             lake/packages/repl/.lake/build/bin/re              
                             pl                                                 
                    INFO     REPL initialized: timeout=60s         server.py:325
[08/26/26 19:29:48] INFO     Session ending — cleaning up          server.py:360
                             per-session resources                              
[08/26/26 19:29:48] INFO     Disabled tool 'lean_build' via        server.py:115
                             LEAN_MCP_DISABLED_TOOLS                            
                    INFO     Disabled tool 'lean_completions' via  server.py:115
                             LEAN_MCP_DISABLED_TOOLS                            
                    INFO     Disabled tool 'lean_declaration_file' server.py:115
                             via LEAN_MCP_DISABLED_TOOLS                        
                    INFO     Disabled tool                         server.py:115
                             'lean_diagnostic_messages' via                     
                             LEAN_MCP_DISABLED_TOOLS                            
                    INFO     Disabled tool 'lean_file_outline' via server.py:115
                             LEAN_MCP_DISABLED_TOOLS                            
                    INFO     Disabled tool                         server.py:115
                             'lean_get_widget_source' via                       
                             LEAN_MCP_DISABLED_TOOLS                            
                    INFO     Disabled tool 'lean_get_widgets' via  server.py:115
                             LEAN_MCP_DISABLED_TOOLS                            
                    INFO     Disabled tool 'lean_goal' via         server.py:115
                             LEAN_MCP_DISABLED_TOOLS                            
                    INFO     Disabled tool 'lean_hover_info' via   server.py:115
                             LEAN_MCP_DISABLED_TOOLS                            
                    INFO     Disabled tool 'lean_references' via   server.py:115
                             LEAN_MCP_DISABLED_TOOLS                            
                    INFO     Disabled tool 'lean_term_goal' via    server.py:115
                             LEAN_MCP_DISABLED_TOOLS                            
                    INFO     REPL enabled, using:                  server.py:322
                             /home/amirnabiyev/Conjecture_Prover/.              
                             lake/packages/repl/.lake/build/bin/re              
                             pl                                                 
                    INFO     REPL initialized: timeout=60s         server.py:325
[08/26/26 19:29:49] INFO     Session ending — cleaning up          server.py:360
                             per-session resources                              
[08/26/26 19:29:50] INFO     Disabled tool 'lean_build' via        server.py:115
                             LEAN_MCP_DISABLED_TOOLS                            
                    INFO     Disabled tool 'lean_completions' via  server.py:115
                             LEAN_MCP_DISABLED_TOOLS                            
                    INFO     Disabled tool 'lean_declaration_file' server.py:115
                             via LEAN_MCP_DISABLED_TOOLS                        
                    INFO     Disabled tool                         server.py:115
                             'lean_diagnostic_messages' via                     
                             LEAN_MCP_DISABLED_TOOLS                            
                    INFO     Disabled tool 'lean_file_outline' via server.py:115
                             LEAN_MCP_DISABLED_TOOLS                            
                    INFO     Disabled tool                         server.py:115
                             'lean_get_widget_source' via                       
                             LEAN_MCP_DISABLED_TOOLS                            
                    INFO     Disabled tool 'lean_get_widgets' via  server.py:115
                             LEAN_MCP_DISABLED_TOOLS                            
                    INFO     Disabled tool 'lean_goal' via         server.py:115
                             LEAN_MCP_DISABLED_TOOLS                            
                    INFO     Disabled tool 'lean_hover_info' via   server.py:115
                             LEAN_MCP_DISABLED_TOOLS                            
                    INFO     Disabled tool 'lean_references' via   server.py:115
                             LEAN_MCP_DISABLED_TOOLS                            
                    INFO     Disabled tool 'lean_term_goal' via    server.py:115
                             LEAN_MCP_DISABLED_TOOLS                            
                    INFO     REPL enabled, using:                  server.py:322
                             /home/amirnabiyev/Conjecture_Prover/.              
                             lake/packages/repl/.lake/build/bin/re              
                             pl                                                 
                    INFO     REPL initialized: timeout=60s         server.py:325
[08/26/26 19:29:51] INFO     Disabled tool 'lean_build' via        server.py:115
                             LEAN_MCP_DISABLED_TOOLS                            
                    INFO     Disabled tool 'lean_completions' via  server.py:115
                             LEAN_MCP_DISABLED_TOOLS                            
                    INFO     Disabled tool 'lean_declaration_file' server.py:115
                             via LEAN_MCP_DISABLED_TOOLS                        
                    INFO     Disabled tool                         server.py:115
                             'lean_diagnostic_messages' via                     
                             LEAN_MCP_DISABLED_TOOLS                            
                    INFO     Disabled tool 'lean_file_outline' via server.py:115
                             LEAN_MCP_DISABLED_TOOLS                            
                    INFO     Disabled tool                         server.py:115
                             'lean_get_widget_source' via                       
                             LEAN_MCP_DISABLED_TOOLS                            
                    INFO     Disabled tool 'lean_get_widgets' via  server.py:115
                             LEAN_MCP_DISABLED_TOOLS                            
                    INFO     Disabled tool 'lean_goal' via         server.py:115
                             LEAN_MCP_DISABLED_TOOLS                            
                    INFO     Disabled tool 'lean_hover_info' via   server.py:115
                             LEAN_MCP_DISABLED_TOOLS                            
                    INFO     Disabled tool 'lean_references' via   server.py:115
                             LEAN_MCP_DISABLED_TOOLS                            
                    INFO     Disabled tool 'lean_term_goal' via    server.py:115
                             LEAN_MCP_DISABLED_TOOLS                            
                    INFO     REPL enabled, using:                  server.py:322
                             /home/amirnabiyev/Conjecture_Prover/.              
                             lake/packages/repl/.lake/build/bin/re              
                             pl                                                 
                    INFO     REPL initialized: timeout=60s         server.py:325
[08/26/26 19:29:51] INFO     Session ending — cleaning up          server.py:360
                             per-session resources                              
[08/26/26 19:29:52] INFO     Session ending — cleaning up          server.py:360
                             per-session resources                              
[08/26/26 19:29:55] INFO     Disabled tool 'lean_build' via        server.py:115
                             LEAN_MCP_DISABLED_TOOLS                            
                    INFO     Disabled tool 'lean_completions' via  server.py:115
                             LEAN_MCP_DISABLED_TOOLS                            
                    INFO     Disabled tool 'lean_declaration_file' server.py:115
                             via LEAN_MCP_DISABLED_TOOLS                        
                    INFO     Disabled tool                         server.py:115
                             'lean_diagnostic_messages' via                     
                             LEAN_MCP_DISABLED_TOOLS                            
                    INFO     Disabled tool 'lean_file_outline' via server.py:115
                             LEAN_MCP_DISABLED_TOOLS                            
                    INFO     Disabled tool                         server.py:115
                             'lean_get_widget_source' via                       
                             LEAN_MCP_DISABLED_TOOLS                            
                    INFO     Disabled tool 'lean_get_widgets' via  server.py:115
                             LEAN_MCP_DISABLED_TOOLS                            
                    INFO     Disabled tool 'lean_goal' via         server.py:115
                             LEAN_MCP_DISABLED_TOOLS                            
                    INFO     Disabled tool 'lean_hover_info' via   server.py:115
                             LEAN_MCP_DISABLED_TOOLS                            
                    INFO     Disabled tool 'lean_references' via   server.py:115
                             LEAN_MCP_DISABLED_TOOLS                            
                    INFO     Disabled tool 'lean_term_goal' via    server.py:115
                             LEAN_MCP_DISABLED_TOOLS                            
                    INFO     REPL enabled, using:                  server.py:322
                             /home/amirnabiyev/Conjecture_Prover/.              
                             lake/packages/repl/.lake/build/bin/re              
                             pl                                                 
                    INFO     REPL initialized: timeout=60s         server.py:325
[08/26/26 19:29:56] INFO     Session ending — cleaning up          server.py:360
                             per-session resources                              
[08/26/26 19:29:56] INFO     Session ending — cleaning up          server.py:360
                             per-session resources                              
[08/26/26 19:29:58] INFO     Session ending — cleaning up          server.py:360
                             per-session resources                              
[08/26/26 19:29:58] INFO     Disabled tool 'lean_build' via        server.py:115
                             LEAN_MCP_DISABLED_TOOLS                            
                    INFO     Disabled tool 'lean_completions' via  server.py:115
                             LEAN_MCP_DISABLED_TOOLS                            
                    INFO     Disabled tool 'lean_declaration_file' server.py:115
                             via LEAN_MCP_DISABLED_TOOLS                        
                    INFO     Disabled tool                         server.py:115
                             'lean_diagnostic_messages' via                     
                             LEAN_MCP_DISABLED_TOOLS                            
                    INFO     Disabled tool 'lean_file_outline' via server.py:115
                             LEAN_MCP_DISABLED_TOOLS                            
                    INFO     Disabled tool                         server.py:115
                             'lean_get_widget_source' via                       
                             LEAN_MCP_DISABLED_TOOLS                            
                    INFO     Disabled tool 'lean_get_widgets' via  server.py:115
                             LEAN_MCP_DISABLED_TOOLS                            
                    INFO     Disabled tool 'lean_goal' via         server.py:115
                             LEAN_MCP_DISABLED_TOOLS                            
                    INFO     Disabled tool 'lean_hover_info' via   server.py:115
                             LEAN_MCP_DISABLED_TOOLS                            
                    INFO     Disabled tool 'lean_references' via   server.py:115
                             LEAN_MCP_DISABLED_TOOLS                            
                    INFO     Disabled tool 'lean_term_goal' via    server.py:115
                             LEAN_MCP_DISABLED_TOOLS                            
                    INFO     REPL enabled, using:                  server.py:322
                             /home/amirnabiyev/Conjecture_Prover/.              
                             lake/packages/repl/.lake/build/bin/re              
                             pl                                                 
                    INFO     REPL initialized: timeout=60s         server.py:325
[08/26/26 19:30:02] INFO     Disabled tool 'lean_build' via        server.py:115
                             LEAN_MCP_DISABLED_TOOLS                            
                    INFO     Disabled tool 'lean_completions' via  server.py:115
                             LEAN_MCP_DISABLED_TOOLS                            
                    INFO     Disabled tool 'lean_declaration_file' server.py:115
                             via LEAN_MCP_DISABLED_TOOLS                        
                    INFO     Disabled tool                         server.py:115
                             'lean_diagnostic_messages' via                     
                             LEAN_MCP_DISABLED_TOOLS                            
                    INFO     Disabled tool 'lean_file_outline' via server.py:115
                             LEAN_MCP_DISABLED_TOOLS                            
                    INFO     Disabled tool                         server.py:115
                             'lean_get_widget_source' via                       
                             LEAN_MCP_DISABLED_TOOLS                            
                    INFO     Disabled tool 'lean_get_widgets' via  server.py:115
                             LEAN_MCP_DISABLED_TOOLS                            
                    INFO     Disabled tool 'lean_goal' via         server.py:115
                             LEAN_MCP_DISABLED_TOOLS                            
                    INFO     Disabled tool 'lean_hover_info' via   server.py:115
                             LEAN_MCP_DISABLED_TOOLS                            
                    INFO     Disabled tool 'lean_references' via   server.py:115
                             LEAN_MCP_DISABLED_TOOLS                            
                    INFO     Disabled tool 'lean_term_goal' via    server.py:115
                             LEAN_MCP_DISABLED_TOOLS                            
                    INFO     REPL enabled, using:                  server.py:322
                             /home/amirnabiyev/Conjecture_Prover/.              
                             lake/packages/repl/.lake/build/bin/re              
                             pl                                                 
                    INFO     REPL initialized: timeout=60s         server.py:325
[08/26/26 19:30:05] INFO     Disabled tool 'lean_build' via        server.py:115
                             LEAN_MCP_DISABLED_TOOLS                            
                    INFO     Disabled tool 'lean_completions' via  server.py:115
                             LEAN_MCP_DISABLED_TOOLS                            
                    INFO     Disabled tool 'lean_declaration_file' server.py:115
                             via LEAN_MCP_DISABLED_TOOLS                        
                    INFO     Disabled tool                         server.py:115
                             'lean_diagnostic_messages' via                     
                             LEAN_MCP_DISABLED_TOOLS                            
                    INFO     Disabled tool 'lean_file_outline' via server.py:115
                             LEAN_MCP_DISABLED_TOOLS                            
                    INFO     Disabled tool                         server.py:115
                             'lean_get_widget_source' via                       
                             LEAN_MCP_DISABLED_TOOLS                            
                    INFO     Disabled tool 'lean_get_widgets' via  server.py:115
                             LEAN_MCP_DISABLED_TOOLS                            
                    INFO     Disabled tool 'lean_goal' via         server.py:115
                             LEAN_MCP_DISABLED_TOOLS                            
                    INFO     Disabled tool 'lean_hover_info' via   server.py:115
                             LEAN_MCP_DISABLED_TOOLS                            
                    INFO     Disabled tool 'lean_references' via   server.py:115
                             LEAN_MCP_DISABLED_TOOLS                            
                    INFO     Disabled tool 'lean_term_goal' via    server.py:115
                             LEAN_MCP_DISABLED_TOOLS                            
                    INFO     REPL enabled, using:                  server.py:322
                             /home/amirnabiyev/Conjecture_Prover/.              
                             lake/packages/repl/.lake/build/bin/re              
                             pl                                                 
                    INFO     REPL initialized: timeout=60s         server.py:325
                    INFO     Session ending — cleaning up          server.py:360
                             per-session resources                              
[08/26/26 19:30:06] INFO     Session ending — cleaning up          server.py:360
                             per-session resources                              
[08/26/26 19:30:08] INFO     Disabled tool 'lean_build' via        server.py:115
                             LEAN_MCP_DISABLED_TOOLS                            
                    INFO     Disabled tool 'lean_completions' via  server.py:115
                             LEAN_MCP_DISABLED_TOOLS                            
                    INFO     Disabled tool 'lean_declaration_file' server.py:115
                             via LEAN_MCP_DISABLED_TOOLS                        
                    INFO     Disabled tool                         server.py:115
                             'lean_diagnostic_messages' via                     
                             LEAN_MCP_DISABLED_TOOLS                            
                    INFO     Disabled tool 'lean_file_outline' via server.py:115
                             LEAN_MCP_DISABLED_TOOLS                            
                    INFO     Disabled tool                         server.py:115
                             'lean_get_widget_source' via                       
                             LEAN_MCP_DISABLED_TOOLS                            
                    INFO     Disabled tool 'lean_get_widgets' via  server.py:115
                             LEAN_MCP_DISABLED_TOOLS                            
                    INFO     Disabled tool 'lean_goal' via         server.py:115
                             LEAN_MCP_DISABLED_TOOLS                            
                    INFO     Disabled tool 'lean_hover_info' via   server.py:115
                             LEAN_MCP_DISABLED_TOOLS                            
                    INFO     Disabled tool 'lean_references' via   server.py:115
                             LEAN_MCP_DISABLED_TOOLS                            
                    INFO     Disabled tool 'lean_term_goal' via    server.py:115
                             LEAN_MCP_DISABLED_TOOLS                            
                    INFO     REPL enabled, using:                  server.py:322
                             /home/amirnabiyev/Conjecture_Prover/.              
                             lake/packages/repl/.lake/build/bin/re              
                             pl                                                 
                    INFO     REPL initialized: timeout=60s         server.py:325
[08/26/26 19:30:08] INFO     Disabled tool 'lean_build' via        server.py:115
                             LEAN_MCP_DISABLED_TOOLS                            
                    INFO     Disabled tool 'lean_completions' via  server.py:115
                             LEAN_MCP_DISABLED_TOOLS                            
                    INFO     Disabled tool 'lean_declaration_file' server.py:115
                             via LEAN_MCP_DISABLED_TOOLS                        
                    INFO     Disabled tool                         server.py:115
                             'lean_diagnostic_messages' via                     
                             LEAN_MCP_DISABLED_TOOLS                            
                    INFO     Disabled tool 'lean_file_outline' via server.py:115
                             LEAN_MCP_DISABLED_TOOLS                            
                    INFO     Disabled tool                         server.py:115
                             'lean_get_widget_source' via                       
                             LEAN_MCP_DISABLED_TOOLS                            
                    INFO     Disabled tool 'lean_get_widgets' via  server.py:115
                             LEAN_MCP_DISABLED_TOOLS                            
                    INFO     Disabled tool 'lean_goal' via         server.py:115
                             LEAN_MCP_DISABLED_TOOLS                            
                    INFO     Disabled tool 'lean_hover_info' via   server.py:115
                             LEAN_MCP_DISABLED_TOOLS                            
                    INFO     Disabled tool 'lean_references' via   server.py:115
                             LEAN_MCP_DISABLED_TOOLS                            
                    INFO     Disabled tool 'lean_term_goal' via    server.py:115
                             LEAN_MCP_DISABLED_TOOLS                            
                    INFO     REPL enabled, using:                  server.py:322
                             /home/amirnabiyev/Conjecture_Prover/.              
                             lake/packages/repl/.lake/build/bin/re              
                             pl                                                 
                    INFO     REPL initialized: timeout=60s         server.py:325
[08/26/26 19:30:10] INFO     Session ending — cleaning up          server.py:360
                             per-session resources                              
[08/26/26 19:30:15] INFO     Session ending — cleaning up          server.py:360
                             per-session resources                              
[08/26/26 19:30:16] INFO     Session ending — cleaning up          server.py:360
                             per-session resources                              
[08/26/26 19:30:19] INFO     Disabled tool 'lean_build' via        server.py:115
                             LEAN_MCP_DISABLED_TOOLS                            
                    INFO     Disabled tool 'lean_completions' via  server.py:115
                             LEAN_MCP_DISABLED_TOOLS                            
                    INFO     Disabled tool 'lean_declaration_file' server.py:115
                             via LEAN_MCP_DISABLED_TOOLS                        
                    INFO     Disabled tool                         server.py:115
                             'lean_diagnostic_messages' via                     
                             LEAN_MCP_DISABLED_TOOLS                            
                    INFO     Disabled tool 'lean_file_outline' via server.py:115
                             LEAN_MCP_DISABLED_TOOLS                            
                    INFO     Disabled tool                         server.py:115
                             'lean_get_widget_source' via                       
                             LEAN_MCP_DISABLED_TOOLS                            
                    INFO     Disabled tool 'lean_get_widgets' via  server.py:115
                             LEAN_MCP_DISABLED_TOOLS                            
                    INFO     Disabled tool 'lean_goal' via         server.py:115
                             LEAN_MCP_DISABLED_TOOLS                            
                    INFO     Disabled tool 'lean_hover_info' via   server.py:115
                             LEAN_MCP_DISABLED_TOOLS                            
                    INFO     Disabled tool 'lean_references' via   server.py:115
                             LEAN_MCP_DISABLED_TOOLS                            
                    INFO     Disabled tool 'lean_term_goal' via    server.py:115
                             LEAN_MCP_DISABLED_TOOLS                            
[08/26/26 19:30:19] INFO     Disabled tool 'lean_build' via        server.py:115
                             LEAN_MCP_DISABLED_TOOLS                            
                    INFO     REPL enabled, using:                  server.py:322
                             /home/amirnabiyev/Conjecture_Prover/.              
                             lake/packages/repl/.lake/build/bin/re              
                             pl                                                 
                    INFO     Disabled tool 'lean_completions' via  server.py:115
                             LEAN_MCP_DISABLED_TOOLS                            
                    INFO     REPL initialized: timeout=60s         server.py:325
                    INFO     Disabled tool 'lean_declaration_file' server.py:115
                             via LEAN_MCP_DISABLED_TOOLS                        
                    INFO     Disabled tool                         server.py:115
                             'lean_diagnostic_messages' via                     
                             LEAN_MCP_DISABLED_TOOLS                            
                    INFO     Disabled tool 'lean_file_outline' via server.py:115
                             LEAN_MCP_DISABLED_TOOLS                            
                    INFO     Disabled tool                         server.py:115
                             'lean_get_widget_source' via                       
                             LEAN_MCP_DISABLED_TOOLS                            
                    INFO     Disabled tool 'lean_get_widgets' via  server.py:115
                             LEAN_MCP_DISABLED_TOOLS                            
                    INFO     Disabled tool 'lean_goal' via         server.py:115
                             LEAN_MCP_DISABLED_TOOLS                            
                    INFO     Disabled tool 'lean_hover_info' via   server.py:115
                             LEAN_MCP_DISABLED_TOOLS                            
                    INFO     Disabled tool 'lean_references' via   server.py:115
                             LEAN_MCP_DISABLED_TOOLS                            
                    INFO     Disabled tool 'lean_term_goal' via    server.py:115
                             LEAN_MCP_DISABLED_TOOLS                            
                    INFO     REPL enabled, using:                  server.py:322
                             /home/amirnabiyev/Conjecture_Prover/.              
                             lake/packages/repl/.lake/build/bin/re              
                             pl                                                 
                    INFO     REPL initialized: timeout=60s         server.py:325
[08/26/26 19:30:24] INFO     Disabled tool 'lean_build' via        server.py:115
                             LEAN_MCP_DISABLED_TOOLS                            
                    INFO     Disabled tool 'lean_completions' via  server.py:115
                             LEAN_MCP_DISABLED_TOOLS                            
                    INFO     Disabled tool 'lean_declaration_file' server.py:115
                             via LEAN_MCP_DISABLED_TOOLS                        
                    INFO     Disabled tool                         server.py:115
                             'lean_diagnostic_messages' via                     
                             LEAN_MCP_DISABLED_TOOLS                            
                    INFO     Disabled tool 'lean_file_outline' via server.py:115
                             LEAN_MCP_DISABLED_TOOLS                            
                    INFO     Disabled tool                         server.py:115
                             'lean_get_widget_source' via                       
                             LEAN_MCP_DISABLED_TOOLS                            
                    INFO     Disabled tool 'lean_get_widgets' via  server.py:115
                             LEAN_MCP_DISABLED_TOOLS                            
                    INFO     Disabled tool 'lean_goal' via         server.py:115
                             LEAN_MCP_DISABLED_TOOLS                            
                    INFO     Disabled tool 'lean_hover_info' via   server.py:115
                             LEAN_MCP_DISABLED_TOOLS                            
                    INFO     Disabled tool 'lean_references' via   server.py:115
                             LEAN_MCP_DISABLED_TOOLS                            
                    INFO     Disabled tool 'lean_term_goal' via    server.py:115
                             LEAN_MCP_DISABLED_TOOLS                            
                    INFO     REPL enabled, using:                  server.py:322
                             /home/amirnabiyev/Conjecture_Prover/.              
                             lake/packages/repl/.lake/build/bin/re              
                             pl                                                 
                    INFO     REPL initialized: timeout=60s         server.py:325
[08/26/26 19:30:26] INFO     Session ending — cleaning up          server.py:360
                             per-session resources                              
[08/26/26 19:30:27] INFO     Disabled tool 'lean_build' via        server.py:115
                             LEAN_MCP_DISABLED_TOOLS                            
                    INFO     Disabled tool 'lean_completions' via  server.py:115
                             LEAN_MCP_DISABLED_TOOLS                            
                    INFO     Disabled tool 'lean_declaration_file' server.py:115
                             via LEAN_MCP_DISABLED_TOOLS                        
                    INFO     Disabled tool                         server.py:115
                             'lean_diagnostic_messages' via                     
                             LEAN_MCP_DISABLED_TOOLS                            
                    INFO     Disabled tool 'lean_file_outline' via server.py:115
                             LEAN_MCP_DISABLED_TOOLS                            
                    INFO     Disabled tool                         server.py:115
                             'lean_get_widget_source' via                       
                             LEAN_MCP_DISABLED_TOOLS                            
                    INFO     Disabled tool 'lean_get_widgets' via  server.py:115
                             LEAN_MCP_DISABLED_TOOLS                            
                    INFO     Disabled tool 'lean_goal' via         server.py:115
                             LEAN_MCP_DISABLED_TOOLS                            
                    INFO     Disabled tool 'lean_hover_info' via   server.py:115
                             LEAN_MCP_DISABLED_TOOLS                            
                    INFO     Disabled tool 'lean_references' via   server.py:115
                             LEAN_MCP_DISABLED_TOOLS                            
                    INFO     Disabled tool 'lean_term_goal' via    server.py:115
                             LEAN_MCP_DISABLED_TOOLS                            
                    INFO     REPL enabled, using:                  server.py:322
                             /home/amirnabiyev/Conjecture_Prover/.              
                             lake/packages/repl/.lake/build/bin/re              
                             pl                                                 
                    INFO     REPL initialized: timeout=60s         server.py:325
[08/26/26 19:30:27] INFO     Session ending — cleaning up          server.py:360
                             per-session resources                              
[08/26/26 19:30:32] INFO     Disabled tool 'lean_build' via        server.py:115
                             LEAN_MCP_DISABLED_TOOLS                            
                    INFO     Disabled tool 'lean_completions' via  server.py:115
                             LEAN_MCP_DISABLED_TOOLS                            
                    INFO     Disabled tool 'lean_declaration_file' server.py:115
                             via LEAN_MCP_DISABLED_TOOLS                        
                    INFO     Disabled tool                         server.py:115
                             'lean_diagnostic_messages' via                     
                             LEAN_MCP_DISABLED_TOOLS                            
                    INFO     Disabled tool 'lean_file_outline' via server.py:115
                             LEAN_MCP_DISABLED_TOOLS                            
                    INFO     Disabled tool                         server.py:115
                             'lean_get_widget_source' via                       
                             LEAN_MCP_DISABLED_TOOLS                            
                    INFO     Disabled tool 'lean_get_widgets' via  server.py:115
                             LEAN_MCP_DISABLED_TOOLS                            
                    INFO     Disabled tool 'lean_goal' via         server.py:115
                             LEAN_MCP_DISABLED_TOOLS                            
                    INFO     Disabled tool 'lean_hover_info' via   server.py:115
                             LEAN_MCP_DISABLED_TOOLS                            
[08/26/26 19:30:33] INFO     Disabled tool 'lean_references' via   server.py:115
                             LEAN_MCP_DISABLED_TOOLS                            
                    INFO     Disabled tool 'lean_term_goal' via    server.py:115
                             LEAN_MCP_DISABLED_TOOLS                            
                    INFO     REPL enabled, using:                  server.py:322
                             /home/amirnabiyev/Conjecture_Prover/.              
                             lake/packages/repl/.lake/build/bin/re              
                             pl                                                 
                    INFO     REPL initialized: timeout=60s         server.py:325
[08/26/26 19:30:33] INFO     Session ending — cleaning up          server.py:360
                             per-session resources                              
[08/26/26 19:30:33] INFO     Disabled tool 'lean_build' via        server.py:115
                             LEAN_MCP_DISABLED_TOOLS                            
                    INFO     Disabled tool 'lean_completions' via  server.py:115
                             LEAN_MCP_DISABLED_TOOLS                            
                    INFO     Disabled tool 'lean_declaration_file' server.py:115
                             via LEAN_MCP_DISABLED_TOOLS                        
                    INFO     Disabled tool                         server.py:115
                             'lean_diagnostic_messages' via                     
                             LEAN_MCP_DISABLED_TOOLS                            
                    INFO     Disabled tool 'lean_file_outline' via server.py:115
                             LEAN_MCP_DISABLED_TOOLS                            
                    INFO     Disabled tool                         server.py:115
                             'lean_get_widget_source' via                       
                             LEAN_MCP_DISABLED_TOOLS                            
                    INFO     Disabled tool 'lean_get_widgets' via  server.py:115
                             LEAN_MCP_DISABLED_TOOLS                            
                    INFO     Disabled tool 'lean_goal' via         server.py:115
                             LEAN_MCP_DISABLED_TOOLS                            
                    INFO     Disabled tool 'lean_hover_info' via   server.py:115
                             LEAN_MCP_DISABLED_TOOLS                            
                    INFO     Disabled tool 'lean_references' via   server.py:115
                             LEAN_MCP_DISABLED_TOOLS                            
                    INFO     Disabled tool 'lean_term_goal' via    server.py:115
                             LEAN_MCP_DISABLED_TOOLS                            
                    INFO     REPL enabled, using:                  server.py:322
                             /home/amirnabiyev/Conjecture_Prover/.              
                             lake/packages/repl/.lake/build/bin/re              
                             pl                                                 
                    INFO     REPL initialized: timeout=60s         server.py:325
[08/26/26 19:30:35] INFO     Session ending — cleaning up          server.py:360
                             per-session resources                              
[08/26/26 19:30:38] INFO     Disabled tool 'lean_build' via        server.py:115
                             LEAN_MCP_DISABLED_TOOLS                            
                    INFO     Disabled tool 'lean_completions' via  server.py:115
                             LEAN_MCP_DISABLED_TOOLS                            
                    INFO     Disabled tool 'lean_declaration_file' server.py:115
                             via LEAN_MCP_DISABLED_TOOLS                        
                    INFO     Disabled tool                         server.py:115
                             'lean_diagnostic_messages' via                     
                             LEAN_MCP_DISABLED_TOOLS                            
                    INFO     Disabled tool 'lean_file_outline' via server.py:115
                             LEAN_MCP_DISABLED_TOOLS                            
                    INFO     Disabled tool                         server.py:115
                             'lean_get_widget_source' via                       
                             LEAN_MCP_DISABLED_TOOLS                            
                    INFO     Disabled tool 'lean_get_widgets' via  server.py:115
                             LEAN_MCP_DISABLED_TOOLS                            
                    INFO     Disabled tool 'lean_goal' via         server.py:115
                             LEAN_MCP_DISABLED_TOOLS                            
                    INFO     Disabled tool 'lean_hover_info' via   server.py:115
                             LEAN_MCP_DISABLED_TOOLS                            
                    INFO     Disabled tool 'lean_references' via   server.py:115
                             LEAN_MCP_DISABLED_TOOLS                            
                    INFO     Disabled tool 'lean_term_goal' via    server.py:115
                             LEAN_MCP_DISABLED_TOOLS                            
                    INFO     REPL enabled, using:                  server.py:322
                             /home/amirnabiyev/Conjecture_Prover/.              
                             lake/packages/repl/.lake/build/bin/re              
                             pl                                                 
                    INFO     REPL initialized: timeout=60s         server.py:325
[08/26/26 19:30:40] INFO     Disabled tool 'lean_build' via        server.py:115
                             LEAN_MCP_DISABLED_TOOLS                            
                    INFO     Disabled tool 'lean_completions' via  server.py:115
                             LEAN_MCP_DISABLED_TOOLS                            
                    INFO     Disabled tool 'lean_declaration_file' server.py:115
                             via LEAN_MCP_DISABLED_TOOLS                        
                    INFO     Disabled tool                         server.py:115
                             'lean_diagnostic_messages' via                     
                             LEAN_MCP_DISABLED_TOOLS                            
                    INFO     Disabled tool 'lean_file_outline' via server.py:115
                             LEAN_MCP_DISABLED_TOOLS                            
                    INFO     Disabled tool                         server.py:115
                             'lean_get_widget_source' via                       
                             LEAN_MCP_DISABLED_TOOLS                            
                    INFO     Disabled tool 'lean_get_widgets' via  server.py:115
                             LEAN_MCP_DISABLED_TOOLS                            
                    INFO     Disabled tool 'lean_goal' via         server.py:115
                             LEAN_MCP_DISABLED_TOOLS                            
                    INFO     Disabled tool 'lean_hover_info' via   server.py:115
                             LEAN_MCP_DISABLED_TOOLS                            
                    INFO     Disabled tool 'lean_references' via   server.py:115
                             LEAN_MCP_DISABLED_TOOLS                            
                    INFO     Disabled tool 'lean_term_goal' via    server.py:115
                             LEAN_MCP_DISABLED_TOOLS                            
                    INFO     REPL enabled, using:                  server.py:322
                             /home/amirnabiyev/Conjecture_Prover/.              
                             lake/packages/repl/.lake/build/bin/re              
                             pl                                                 
                    INFO     REPL initialized: timeout=60s         server.py:325
[08/26/26 19:30:42] INFO     Session ending — cleaning up          server.py:360
                             per-session resources                              
[08/26/26 19:30:42] INFO     Session ending — cleaning up          server.py:360
                             per-session resources                              
[08/26/26 19:30:47] INFO     Disabled tool 'lean_build' via        server.py:115
                             LEAN_MCP_DISABLED_TOOLS                            
                    INFO     Disabled tool 'lean_completions' via  server.py:115
                             LEAN_MCP_DISABLED_TOOLS                            
                    INFO     Disabled tool 'lean_declaration_file' server.py:115
                             via LEAN_MCP_DISABLED_TOOLS                        
                    INFO     Disabled tool                         server.py:115
                             'lean_diagnostic_messages' via                     
                             LEAN_MCP_DISABLED_TOOLS                            
                    INFO     Disabled tool 'lean_file_outline' via server.py:115
                             LEAN_MCP_DISABLED_TOOLS                            
                    INFO     Disabled tool                         server.py:115
                             'lean_get_widget_source' via                       
                             LEAN_MCP_DISABLED_TOOLS                            
                    INFO     Disabled tool 'lean_get_widgets' via  server.py:115
                             LEAN_MCP_DISABLED_TOOLS                            
                    INFO     Disabled tool 'lean_goal' via         server.py:115
                             LEAN_MCP_DISABLED_TOOLS                            
                    INFO     Disabled tool 'lean_hover_info' via   server.py:115
                             LEAN_MCP_DISABLED_TOOLS                            
                    INFO     Disabled tool 'lean_references' via   server.py:115
                             LEAN_MCP_DISABLED_TOOLS                            
                    INFO     Disabled tool 'lean_term_goal' via    server.py:115
                             LEAN_MCP_DISABLED_TOOLS                            
                    INFO     REPL enabled, using:                  server.py:322
                             /home/amirnabiyev/Conjecture_Prover/.              
                             lake/packages/repl/.lake/build/bin/re              
                             pl                                                 
                    INFO     REPL initialized: timeout=60s         server.py:325
[08/26/26 19:30:47] INFO     Disabled tool 'lean_build' via        server.py:115
                             LEAN_MCP_DISABLED_TOOLS                            
                    INFO     Disabled tool 'lean_completions' via  server.py:115
                             LEAN_MCP_DISABLED_TOOLS                            
                    INFO     Disabled tool 'lean_declaration_file' server.py:115
                             via LEAN_MCP_DISABLED_TOOLS                        
                    INFO     Disabled tool                         server.py:115
                             'lean_diagnostic_messages' via                     
                             LEAN_MCP_DISABLED_TOOLS                            
                    INFO     Disabled tool 'lean_file_outline' via server.py:115
                             LEAN_MCP_DISABLED_TOOLS                            
                    INFO     Disabled tool                         server.py:115
                             'lean_get_widget_source' via                       
                             LEAN_MCP_DISABLED_TOOLS                            
                    INFO     Disabled tool 'lean_get_widgets' via  server.py:115
                             LEAN_MCP_DISABLED_TOOLS                            
                    INFO     Disabled tool 'lean_goal' via         server.py:115
                             LEAN_MCP_DISABLED_TOOLS                            
                    INFO     Disabled tool 'lean_hover_info' via   server.py:115
                             LEAN_MCP_DISABLED_TOOLS                            
                    INFO     Disabled tool 'lean_references' via   server.py:115
                             LEAN_MCP_DISABLED_TOOLS                            
                    INFO     Disabled tool 'lean_term_goal' via    server.py:115
                             LEAN_MCP_DISABLED_TOOLS                            
                    INFO     REPL enabled, using:                  server.py:322
                             /home/amirnabiyev/Conjecture_Prover/.              
                             lake/packages/repl/.lake/build/bin/re              
                             pl                                                 
                    INFO     REPL initialized: timeout=60s         server.py:325
[08/26/26 19:30:49] INFO     Disabled tool 'lean_build' via        server.py:115
                             LEAN_MCP_DISABLED_TOOLS                            
                    INFO     Disabled tool 'lean_completions' via  server.py:115
                             LEAN_MCP_DISABLED_TOOLS                            
                    INFO     Disabled tool 'lean_declaration_file' server.py:115
                             via LEAN_MCP_DISABLED_TOOLS                        
                    INFO     Disabled tool                         server.py:115
                             'lean_diagnostic_messages' via                     
                             LEAN_MCP_DISABLED_TOOLS                            
                    INFO     Disabled tool 'lean_file_outline' via server.py:115
                             LEAN_MCP_DISABLED_TOOLS                            
                    INFO     Disabled tool                         server.py:115
                             'lean_get_widget_source' via                       
                             LEAN_MCP_DISABLED_TOOLS                            
                    INFO     Disabled tool 'lean_get_widgets' via  server.py:115
                             LEAN_MCP_DISABLED_TOOLS                            
                    INFO     Disabled tool 'lean_goal' via         server.py:115
                             LEAN_MCP_DISABLED_TOOLS                            
                    INFO     Disabled tool 'lean_hover_info' via   server.py:115
                             LEAN_MCP_DISABLED_TOOLS                            
                    INFO     Disabled tool 'lean_references' via   server.py:115
                             LEAN_MCP_DISABLED_TOOLS                            
                    INFO     Disabled tool 'lean_term_goal' via    server.py:115
                             LEAN_MCP_DISABLED_TOOLS                            
                    INFO     REPL enabled, using:                  server.py:322
                             /home/amirnabiyev/Conjecture_Prover/.              
                             lake/packages/repl/.lake/build/bin/re              
                             pl                                                 
                    INFO     REPL initialized: timeout=60s         server.py:325
[08/26/26 19:30:50] INFO     Session ending — cleaning up          server.py:360
                             per-session resources                              
[08/26/26 19:30:51] INFO     Session ending — cleaning up          server.py:360
                             per-session resources                              
[08/26/26 19:30:56] INFO     Disabled tool 'lean_build' via        server.py:115
                             LEAN_MCP_DISABLED_TOOLS                            
                    INFO     Disabled tool 'lean_completions' via  server.py:115
                             LEAN_MCP_DISABLED_TOOLS                            
                    INFO     Disabled tool 'lean_declaration_file' server.py:115
                             via LEAN_MCP_DISABLED_TOOLS                        
                    INFO     Disabled tool                         server.py:115
                             'lean_diagnostic_messages' via                     
                             LEAN_MCP_DISABLED_TOOLS                            
                    INFO     Disabled tool 'lean_file_outline' via server.py:115
                             LEAN_MCP_DISABLED_TOOLS                            
                    INFO     Disabled tool                         server.py:115
                             'lean_get_widget_source' via                       
                             LEAN_MCP_DISABLED_TOOLS                            
                    INFO     Disabled tool 'lean_get_widgets' via  server.py:115
                             LEAN_MCP_DISABLED_TOOLS                            
                    INFO     Disabled tool 'lean_goal' via         server.py:115
                             LEAN_MCP_DISABLED_TOOLS                            
                    INFO     Disabled tool 'lean_hover_info' via   server.py:115
                             LEAN_MCP_DISABLED_TOOLS                            
                    INFO     Disabled tool 'lean_references' via   server.py:115
                             LEAN_MCP_DISABLED_TOOLS                            
                    INFO     Disabled tool 'lean_term_goal' via    server.py:115
                             LEAN_MCP_DISABLED_TOOLS                            
                    INFO     REPL enabled, using:                  server.py:322
                             /home/amirnabiyev/Conjecture_Prover/.              
                             lake/packages/repl/.lake/build/bin/re              
                             pl                                                 
                    INFO     REPL initialized: timeout=60s         server.py:325
[08/26/26 19:30:58] INFO     Disabled tool 'lean_build' via        server.py:115
                             LEAN_MCP_DISABLED_TOOLS                            
                    INFO     Disabled tool 'lean_completions' via  server.py:115
                             LEAN_MCP_DISABLED_TOOLS                            
                    INFO     Disabled tool 'lean_declaration_file' server.py:115
                             via LEAN_MCP_DISABLED_TOOLS                        
                    INFO     Disabled tool                         server.py:115
                             'lean_diagnostic_messages' via                     
                             LEAN_MCP_DISABLED_TOOLS                            
                    INFO     Disabled tool 'lean_file_outline' via server.py:115
                             LEAN_MCP_DISABLED_TOOLS                            
                    INFO     Disabled tool                         server.py:115
                             'lean_get_widget_source' via                       
                             LEAN_MCP_DISABLED_TOOLS                            
                    INFO     Disabled tool 'lean_get_widgets' via  server.py:115
                             LEAN_MCP_DISABLED_TOOLS                            
                    INFO     Disabled tool 'lean_goal' via         server.py:115
                             LEAN_MCP_DISABLED_TOOLS                            
                    INFO     Disabled tool 'lean_hover_info' via   server.py:115
                             LEAN_MCP_DISABLED_TOOLS                            
                    INFO     Disabled tool 'lean_references' via   server.py:115
                             LEAN_MCP_DISABLED_TOOLS                            
                    INFO     Disabled tool 'lean_term_goal' via    server.py:115
                             LEAN_MCP_DISABLED_TOOLS                            
                    INFO     REPL enabled, using:                  server.py:322
                             /home/amirnabiyev/Conjecture_Prover/.              
                             lake/packages/repl/.lake/build/bin/re              
                             pl                                                 
                    INFO     REPL initialized: timeout=60s         server.py:325
[08/26/26 19:31:00] INFO     Session ending — cleaning up          server.py:360
                             per-session resources                              
[08/26/26 19:31:01] INFO     Disabled tool 'lean_build' via        server.py:115
                             LEAN_MCP_DISABLED_TOOLS                            
                    INFO     Disabled tool 'lean_completions' via  server.py:115
                             LEAN_MCP_DISABLED_TOOLS                            
                    INFO     Disabled tool 'lean_declaration_file' server.py:115
                             via LEAN_MCP_DISABLED_TOOLS                        
                    INFO     Disabled tool                         server.py:115
                             'lean_diagnostic_messages' via                     
                             LEAN_MCP_DISABLED_TOOLS                            
                    INFO     Disabled tool 'lean_file_outline' via server.py:115
                             LEAN_MCP_DISABLED_TOOLS                            
                    INFO     Disabled tool                         server.py:115
                             'lean_get_widget_source' via                       
                             LEAN_MCP_DISABLED_TOOLS                            
                    INFO     Disabled tool 'lean_get_widgets' via  server.py:115
                             LEAN_MCP_DISABLED_TOOLS                            
                    INFO     Disabled tool 'lean_goal' via         server.py:115
                             LEAN_MCP_DISABLED_TOOLS                            
                    INFO     Disabled tool 'lean_hover_info' via   server.py:115
                             LEAN_MCP_DISABLED_TOOLS                            
                    INFO     Disabled tool 'lean_references' via   server.py:115
                             LEAN_MCP_DISABLED_TOOLS                            
                    INFO     Disabled tool 'lean_term_goal' via    server.py:115
                             LEAN_MCP_DISABLED_TOOLS                            
                    INFO     REPL enabled, using:                  server.py:322
                             /home/amirnabiyev/Conjecture_Prover/.              
                             lake/packages/repl/.lake/build/bin/re              
                             pl                                                 
                    INFO     REPL initialized: timeout=60s         server.py:325
[08/26/26 19:31:01] INFO     Session ending — cleaning up          server.py:360
                             per-session resources                              
[08/26/26 19:31:01] INFO     Session ending — cleaning up          server.py:360
                             per-session resources                              
[08/26/26 19:31:07] INFO     Session ending — cleaning up          server.py:360
                             per-session resources                              
[08/26/26 19:31:09] INFO     Session ending — cleaning up          server.py:360
                             per-session resources                              
[08/26/26 19:31:09] INFO     Session ending — cleaning up          server.py:360
                             per-session resources                              
[08/26/26 19:31:11] INFO     Disabled tool 'lean_build' via        server.py:115
                             LEAN_MCP_DISABLED_TOOLS                            
                    INFO     Disabled tool 'lean_completions' via  server.py:115
                             LEAN_MCP_DISABLED_TOOLS                            
                    INFO     Disabled tool 'lean_declaration_file' server.py:115
                             via LEAN_MCP_DISABLED_TOOLS                        
                    INFO     Disabled tool                         server.py:115
                             'lean_diagnostic_messages' via                     
                             LEAN_MCP_DISABLED_TOOLS                            
                    INFO     Disabled tool 'lean_file_outline' via server.py:115
                             LEAN_MCP_DISABLED_TOOLS                            
                    INFO     Disabled tool                         server.py:115
                             'lean_get_widget_source' via                       
                             LEAN_MCP_DISABLED_TOOLS                            
                    INFO     Disabled tool 'lean_get_widgets' via  server.py:115
                             LEAN_MCP_DISABLED_TOOLS                            
                    INFO     Disabled tool 'lean_goal' via         server.py:115
                             LEAN_MCP_DISABLED_TOOLS                            
                    INFO     Disabled tool 'lean_hover_info' via   server.py:115
                             LEAN_MCP_DISABLED_TOOLS                            
                    INFO     Disabled tool 'lean_references' via   server.py:115
                             LEAN_MCP_DISABLED_TOOLS                            
                    INFO     Disabled tool 'lean_term_goal' via    server.py:115
                             LEAN_MCP_DISABLED_TOOLS                            
                    INFO     REPL enabled, using:                  server.py:322
                             /home/amirnabiyev/Conjecture_Prover/.              
                             lake/packages/repl/.lake/build/bin/re              
                             pl                                                 
                    INFO     REPL initialized: timeout=60s         server.py:325
[08/26/26 19:31:15] INFO     Disabled tool 'lean_build' via        server.py:115
                             LEAN_MCP_DISABLED_TOOLS                            
                    INFO     Disabled tool 'lean_completions' via  server.py:115
                             LEAN_MCP_DISABLED_TOOLS                            
                    INFO     Disabled tool 'lean_declaration_file' server.py:115
                             via LEAN_MCP_DISABLED_TOOLS                        
                    INFO     Disabled tool                         server.py:115
                             'lean_diagnostic_messages' via                     
                             LEAN_MCP_DISABLED_TOOLS                            
                    INFO     Disabled tool 'lean_file_outline' via server.py:115
                             LEAN_MCP_DISABLED_TOOLS                            
                    INFO     Disabled tool                         server.py:115
                             'lean_get_widget_source' via                       
                             LEAN_MCP_DISABLED_TOOLS                            
                    INFO     Disabled tool 'lean_get_widgets' via  server.py:115
                             LEAN_MCP_DISABLED_TOOLS                            
                    INFO     Disabled tool 'lean_goal' via         server.py:115
                             LEAN_MCP_DISABLED_TOOLS                            
                    INFO     Disabled tool 'lean_hover_info' via   server.py:115
                             LEAN_MCP_DISABLED_TOOLS                            
                    INFO     Disabled tool 'lean_references' via   server.py:115
                             LEAN_MCP_DISABLED_TOOLS                            
                    INFO     Disabled tool 'lean_term_goal' via    server.py:115
                             LEAN_MCP_DISABLED_TOOLS                            
                    INFO     REPL enabled, using:                  server.py:322
                             /home/amirnabiyev/Conjecture_Prover/.              
                             lake/packages/repl/.lake/build/bin/re              
                             pl                                                 
                    INFO     REPL initialized: timeout=60s         server.py:325
[08/26/26 19:31:17] INFO     Disabled tool 'lean_build' via        server.py:115
                             LEAN_MCP_DISABLED_TOOLS                            
                    INFO     Disabled tool 'lean_completions' via  server.py:115
                             LEAN_MCP_DISABLED_TOOLS                            
                    INFO     Disabled tool 'lean_declaration_file' server.py:115
                             via LEAN_MCP_DISABLED_TOOLS                        
                    INFO     Disabled tool                         server.py:115
                             'lean_diagnostic_messages' via                     
                             LEAN_MCP_DISABLED_TOOLS                            
                    INFO     Disabled tool 'lean_file_outline' via server.py:115
                             LEAN_MCP_DISABLED_TOOLS                            
                    INFO     Disabled tool                         server.py:115
                             'lean_get_widget_source' via                       
                             LEAN_MCP_DISABLED_TOOLS                            
                    INFO     Disabled tool 'lean_get_widgets' via  server.py:115
                             LEAN_MCP_DISABLED_TOOLS                            
                    INFO     Disabled tool 'lean_goal' via         server.py:115
                             LEAN_MCP_DISABLED_TOOLS                            
                    INFO     Disabled tool 'lean_hover_info' via   server.py:115
                             LEAN_MCP_DISABLED_TOOLS                            
                    INFO     Disabled tool 'lean_references' via   server.py:115
                             LEAN_MCP_DISABLED_TOOLS                            
                    INFO     Disabled tool 'lean_term_goal' via    server.py:115
                             LEAN_MCP_DISABLED_TOOLS                            
                    INFO     REPL enabled, using:                  server.py:322
                             /home/amirnabiyev/Conjecture_Prover/.              
                             lake/packages/repl/.lake/build/bin/re              
                             pl                                                 
                    INFO     REPL initialized: timeout=60s         server.py:325
[08/26/26 19:31:19] INFO     Session ending — cleaning up          server.py:360
                             per-session resources                              
[08/26/26 19:31:23] INFO     Session ending — cleaning up          server.py:360
                             per-session resources                              
[08/26/26 19:31:23] INFO     Disabled tool 'lean_build' via        server.py:115
                             LEAN_MCP_DISABLED_TOOLS                            
                    INFO     Disabled tool 'lean_completions' via  server.py:115
                             LEAN_MCP_DISABLED_TOOLS                            
                    INFO     Disabled tool 'lean_declaration_file' server.py:115
                             via LEAN_MCP_DISABLED_TOOLS                        
                    INFO     Disabled tool                         server.py:115
                             'lean_diagnostic_messages' via                     
                             LEAN_MCP_DISABLED_TOOLS                            
                    INFO     Disabled tool 'lean_file_outline' via server.py:115
                             LEAN_MCP_DISABLED_TOOLS                            
                    INFO     Disabled tool                         server.py:115
                             'lean_get_widget_source' via                       
                             LEAN_MCP_DISABLED_TOOLS                            
                    INFO     Disabled tool 'lean_get_widgets' via  server.py:115
                             LEAN_MCP_DISABLED_TOOLS                            
                    INFO     Disabled tool 'lean_goal' via         server.py:115
                             LEAN_MCP_DISABLED_TOOLS                            
                    INFO     Disabled tool 'lean_hover_info' via   server.py:115
                             LEAN_MCP_DISABLED_TOOLS                            
                    INFO     Disabled tool 'lean_references' via   server.py:115
                             LEAN_MCP_DISABLED_TOOLS                            
                    INFO     Disabled tool 'lean_term_goal' via    server.py:115
                             LEAN_MCP_DISABLED_TOOLS                            
                    INFO     REPL enabled, using:                  server.py:322
                             /home/amirnabiyev/Conjecture_Prover/.              
                             lake/packages/repl/.lake/build/bin/re              
                             pl                                                 
                    INFO     REPL initialized: timeout=60s         server.py:325
[08/26/26 19:31:23] INFO     Disabled tool 'lean_build' via        server.py:115
                             LEAN_MCP_DISABLED_TOOLS                            
                    INFO     Disabled tool 'lean_completions' via  server.py:115
                             LEAN_MCP_DISABLED_TOOLS                            
                    INFO     Disabled tool 'lean_declaration_file' server.py:115
                             via LEAN_MCP_DISABLED_TOOLS                        
                    INFO     Disabled tool                         server.py:115
                             'lean_diagnostic_messages' via                     
                             LEAN_MCP_DISABLED_TOOLS                            
                    INFO     Disabled tool 'lean_file_outline' via server.py:115
                             LEAN_MCP_DISABLED_TOOLS                            
                    INFO     Disabled tool                         server.py:115
                             'lean_get_widget_source' via                       
                             LEAN_MCP_DISABLED_TOOLS                            
                    INFO     Disabled tool 'lean_get_widgets' via  server.py:115
                             LEAN_MCP_DISABLED_TOOLS                            
                    INFO     Disabled tool 'lean_goal' via         server.py:115
                             LEAN_MCP_DISABLED_TOOLS                            
                    INFO     Disabled tool 'lean_hover_info' via   server.py:115
                             LEAN_MCP_DISABLED_TOOLS                            
                    INFO     Disabled tool 'lean_references' via   server.py:115
                             LEAN_MCP_DISABLED_TOOLS                            
                    INFO     Disabled tool 'lean_term_goal' via    server.py:115
                             LEAN_MCP_DISABLED_TOOLS                            
                    INFO     REPL enabled, using:                  server.py:322
                             /home/amirnabiyev/Conjecture_Prover/.              
                             lake/packages/repl/.lake/build/bin/re              
                             pl                                                 
                    INFO     REPL initialized: timeout=60s         server.py:325
[08/26/26 19:31:26] INFO     Session ending — cleaning up          server.py:360
                             per-session resources                              
[08/26/26 19:31:26] INFO     Disabled tool 'lean_build' via        server.py:115
                             LEAN_MCP_DISABLED_TOOLS                            
                    INFO     Disabled tool 'lean_completions' via  server.py:115
                             LEAN_MCP_DISABLED_TOOLS                            
                    INFO     Disabled tool 'lean_declaration_file' server.py:115
                             via LEAN_MCP_DISABLED_TOOLS                        
                    INFO     Disabled tool                         server.py:115
                             'lean_diagnostic_messages' via                     
                             LEAN_MCP_DISABLED_TOOLS                            
                    INFO     Disabled tool 'lean_file_outline' via server.py:115
                             LEAN_MCP_DISABLED_TOOLS                            
                    INFO     Disabled tool                         server.py:115
                             'lean_get_widget_source' via                       
                             LEAN_MCP_DISABLED_TOOLS                            
                    INFO     Disabled tool 'lean_get_widgets' via  server.py:115
                             LEAN_MCP_DISABLED_TOOLS                            
                    INFO     Disabled tool 'lean_goal' via         server.py:115
                             LEAN_MCP_DISABLED_TOOLS                            
                    INFO     Disabled tool 'lean_hover_info' via   server.py:115
                             LEAN_MCP_DISABLED_TOOLS                            
                    INFO     Disabled tool 'lean_references' via   server.py:115
                             LEAN_MCP_DISABLED_TOOLS                            
                    INFO     Disabled tool 'lean_term_goal' via    server.py:115
                             LEAN_MCP_DISABLED_TOOLS                            
                    INFO     REPL enabled, using:                  server.py:322
                             /home/amirnabiyev/Conjecture_Prover/.              
                             lake/packages/repl/.lake/build/bin/re              
                             pl                                                 
                    INFO     REPL initialized: timeout=60s         server.py:325
[08/26/26 19:31:34] INFO     Session ending — cleaning up          server.py:360
                             per-session resources                              
[08/26/26 19:31:34] INFO     Disabled tool 'lean_build' via        server.py:115
                             LEAN_MCP_DISABLED_TOOLS                            
                    INFO     Disabled tool 'lean_completions' via  server.py:115
                             LEAN_MCP_DISABLED_TOOLS                            
                    INFO     Disabled tool 'lean_declaration_file' server.py:115
                             via LEAN_MCP_DISABLED_TOOLS                        
                    INFO     Disabled tool                         server.py:115
                             'lean_diagnostic_messages' via                     
                             LEAN_MCP_DISABLED_TOOLS                            
                    INFO     Disabled tool 'lean_file_outline' via server.py:115
                             LEAN_MCP_DISABLED_TOOLS                            
                    INFO     Disabled tool                         server.py:115
                             'lean_get_widget_source' via                       
                             LEAN_MCP_DISABLED_TOOLS                            
                    INFO     Disabled tool 'lean_get_widgets' via  server.py:115
                             LEAN_MCP_DISABLED_TOOLS                            
                    INFO     Disabled tool 'lean_goal' via         server.py:115
                             LEAN_MCP_DISABLED_TOOLS                            
                    INFO     Disabled tool 'lean_hover_info' via   server.py:115
                             LEAN_MCP_DISABLED_TOOLS                            
                    INFO     Disabled tool 'lean_references' via   server.py:115
                             LEAN_MCP_DISABLED_TOOLS                            
                    INFO     Disabled tool 'lean_term_goal' via    server.py:115
                             LEAN_MCP_DISABLED_TOOLS                            
                    INFO     REPL enabled, using:                  server.py:322
                             /home/amirnabiyev/Conjecture_Prover/.              
                             lake/packages/repl/.lake/build/bin/re              
                             pl                                                 
[08/26/26 19:31:35] INFO     REPL initialized: timeout=60s         server.py:325
[08/26/26 19:31:36] INFO     Disabled tool 'lean_build' via        server.py:115
                             LEAN_MCP_DISABLED_TOOLS                            
                    INFO     Disabled tool 'lean_completions' via  server.py:115
                             LEAN_MCP_DISABLED_TOOLS                            
                    INFO     Disabled tool 'lean_declaration_file' server.py:115
                             via LEAN_MCP_DISABLED_TOOLS                        
                    INFO     Disabled tool                         server.py:115
                             'lean_diagnostic_messages' via                     
                             LEAN_MCP_DISABLED_TOOLS                            
                    INFO     Disabled tool 'lean_file_outline' via server.py:115
                             LEAN_MCP_DISABLED_TOOLS                            
                    INFO     Disabled tool                         server.py:115
                             'lean_get_widget_source' via                       
                             LEAN_MCP_DISABLED_TOOLS                            
                    INFO     Disabled tool 'lean_get_widgets' via  server.py:115
                             LEAN_MCP_DISABLED_TOOLS                            
                    INFO     Disabled tool 'lean_goal' via         server.py:115
                             LEAN_MCP_DISABLED_TOOLS                            
                    INFO     Disabled tool 'lean_hover_info' via   server.py:115
                             LEAN_MCP_DISABLED_TOOLS                            
                    INFO     Disabled tool 'lean_references' via   server.py:115
                             LEAN_MCP_DISABLED_TOOLS                            
                    INFO     Disabled tool 'lean_term_goal' via    server.py:115
                             LEAN_MCP_DISABLED_TOOLS                            
                    INFO     REPL enabled, using:                  server.py:322
                             /home/amirnabiyev/Conjecture_Prover/.              
                             lake/packages/repl/.lake/build/bin/re              
                             pl                                                 
                    INFO     REPL initialized: timeout=60s         server.py:325
[08/26/26 19:31:37] INFO     Session ending — cleaning up          server.py:360
                             per-session resources                              
[08/26/26 19:31:38] INFO     Session ending — cleaning up          server.py:360
                             per-session resources                              
[08/26/26 19:31:42] INFO     Session ending — cleaning up          server.py:360
                             per-session resources                              

 → lean_local_search
 → lean_local_search
 → search_mathlib_docs
   🛠️  PL-putnam1972a6_measure_lt_ne_zero AI made 2 tool call(s):
 → lean_local_search
 → lean_local_search
   🛠️  PL-putnam1972a6_integral_abs_lt AI made 1 tool call(s):
 → lean_run_code
   🛠️  PL-putnam1972a6_integral_abs_lt_interval AI made 1 tool call(s):
 → lean_local_search
   🛠️  PL-putnam1972a6_integral_abs_lt_interval AI made 1 tool call(s):
 → lean_run_code
   🛠️  PL-putnam1972a6_measure_level_set_pos AI made 2 tool call(s):
 → lean_local_search
 → lean_loogle
   🛠️  PL-putnam1972a6_measure_lt_ne_zero AI made 1 tool call(s):
 → lean_run_code
   🛠️  PL-putnam1972a6_pos_measure_set AI made 2 tool call(s):
 → lean_run_code
 → lean_run_code
   🛠️  PL-putnam1972a6_measure_level_set_pos AI made 1 tool call(s):
 → lean_run_code
   💬 PL-putnam1972a6_ae_lt_mul AI says: I found the definitions: `putnam1972a6_poly k x = (x - 1/2)^k` and `putnam1972a6_bound k = 2^k * (k+1)`. Now let me test the proof approach.
   🛠️  PL-putnam1972a6_ae_lt_mul AI made 1 tool call(s):
 → lean_run_code
   🛠️  PL-putnam1972a6_pos_measure_set AI made 2 tool call(s):
 → lean_local_search
 → lean_run_code
   💬 PL-putnam1972a6_integral_abs_lt_interval AI says: The dependencies are clear. Now let me explore the definitions and the interval integrability lemmas.
   🛠️  PL-putnam1972a6_integral_abs_lt_interval AI made 1 tool call(s):
 → lean_run_code
   🛠️  PL-putnam1972a6_ae_lt_mul AI made 1 tool call(s):
 → search_mathlib_docs_multi
   💬 PL-putnam1972a6_integral_abs_lt AI says: The setup is clear. Let me check the exact statements of the rewriting lemmas I plan to use.
   🛠️  PL-putnam1972a6_integral_abs_lt AI made 1 tool call(s):
 → lean_run_code
   🛠️  PL-putnam1972a6_pos_measure_set AI made 1 tool call(s):
 → lean_run_code
   💬 PL-putnam1972a6_measure_level_set_pos AI says: The dependency's exact statement is confirmed. Now let me test the full proof:
   🛠️  PL-putnam1972a6_measure_level_set_pos AI made 1 tool call(s):
 → lean_run_code
   💬 PL-putnam1972a6_measure_lt_ne_zero AI says: The dependency `putnam1972a6_ae_lt_mul` gives the strict inequality a.e. on `volume.restrict (Ioc 0 1)`. Let me verify the key measure-theory lemma names I plan to use.
   🛠️  PL-putnam1972a6_measure_lt_ne_zero AI made 1 tool call(s):
 → lean_run_code
   💬 PL-putnam1972a6_ae_lt_mul AI says: All the names are namespace-qualified. Let me now test the full proof.
   🛠️  PL-putnam1972a6_ae_lt_mul AI made 1 tool call(s):
 → lean_run_code
   💬 PL-putnam1972a6_integral_abs_lt_interval AI says: Now let me check the signatures of the integrability lemmas I'll need.
   🛠️  PL-putnam1972a6_integral_abs_lt_interval AI made 1 tool call(s):
 → lean_run_code
   💬 PL-putnam1972a6_integral_abs_lt AI says: The lemmas are exactly as expected. Now let me test the full proof:
   🛠️  PL-putnam1972a6_integral_abs_lt AI made 1 tool call(s):
 → lean_run_code
   💬 PL-putnam1972a6_pos_measure_set AI says: The dependencies are now clear. `putnam1972a6_measurable_subset_pos` returns exactly the goal shape when instantiated with `s := Icc 0 1` and `M := putnam1972a6_bound k`. Let me test the proof.
   🛠️  PL-putnam1972a6_pos_measure_set AI made 1 tool call(s):
 → lean_run_code
   💬 PL-putnam1972a6_measure_level_set_pos AI says: Two fixes needed: use a `have hset` + `rw` instead of `convert`+`ext`, and `zero_le` has implicit argument. Let me retest:
   🛠️  PL-putnam1972a6_measure_level_set_pos AI made 1 tool call(s):
 → lean_run_code
   🛠️  PL-putnam1972a6_integral_abs_lt_interval AI made 1 tool call(s):
 → lean_run_code
   💬 PL-putnam1972a6_ae_lt_mul AI says: The lemma already exists in the imported file. Let me rename my test.
   🛠️  PL-putnam1972a6_ae_lt_mul AI made 1 tool call(s):
 → lean_run_code
   💬 PL-putnam1972a6_pos_measure_set AI says: The name clash is just because `ConjectureProver` already declares it. Let me test the proof body under a scratch name.
   🛠️  PL-putnam1972a6_pos_measure_set AI made 1 tool call(s):
 → lean_run_code
   💬 PL-putnam1972a6_measure_lt_ne_zero AI says: All needed lemmas exist. Now let me write the full proof and test it.
   🛠️  PL-putnam1972a6_measure_lt_ne_zero AI made 1 tool call(s):
 → lean_run_code
   💬 PL-putnam1972a6_integral_abs_lt AI says: The namespace opens are missing. Let me add them:
   🛠️  PL-putnam1972a6_integral_abs_lt AI made 1 tool call(s):
 → lean_run_code
   💬 PL-putnam1972a6_ae_lt_mul AI says: The original file has `open` statements that don't propagate. Let me add them.
   🛠️  PL-putnam1972a6_ae_lt_mul AI made 1 tool call(s):
 → lean_run_code
   💬 PL-putnam1972a6_pos_measure_set AI says: The source file must have `open MeasureTheory Set`. Let me replicate that environment.
   🛠️  PL-putnam1972a6_pos_measure_set AI made 1 tool call(s):
 → lean_run_code
   💬 PL-putnam1972a6_measure_level_set_pos AI says: Close. Fix the simp set (avoid ambiguous `not_imp`, add `and_assoc`) and use `hne.symm` for `lt_of_le_of_ne`:
   🛠️  PL-putnam1972a6_measure_level_set_pos AI made 1 tool call(s):
 → lean_run_code
   💬 PL-putnam1972a6_measure_lt_ne_zero AI says: Parser error at line 22 — let me isolate it by testing the components separately.
   🛠️  PL-putnam1972a6_measure_lt_ne_zero AI made 1 tool call(s):
 → lean_run_code
   💬 PL-putnam1972a6_integral_abs_lt_interval AI says: The dependencies and library lemmas are clear. Let me test the full proof.
   🛠️  PL-putnam1972a6_integral_abs_lt_interval AI made 1 tool call(s):
 → lean_run_code
   💬 PL-putnam1972a6_ae_lt_mul AI says: The proof compiles. Let me remove the unused simp argument and verify the final version cleanly.
   🛠️  PL-putnam1972a6_ae_lt_mul AI made 1 tool call(s):
 → lean_run_code
   💬 PL-putnam1972a6_measurable_subset_pos AI says: I'll start by checking the exact API names for `AEStronglyMeasurable.mk`, `ae_eq_mk`, and related lemmas in the installed Mathlib version.
   🛠️  PL-putnam1972a6_measurable_subset_pos AI made 2 tool call(s):
 → lean_run_code
 → search_mathlib_docs
   💬 PL-putnam1972a6_pos_measure_set AI says: The proof compiles cleanly. The approach matches the proof sketch exactly: instantiate `putnam1972a6_measurable_subset_pos` with `s := Icc 0 1` and `M := putnam1972a6_bound k`, providing `measurableSet_Icc`, `hfintegrable.aestronglyMeasurable` (the `AEStronglyMeasurable` witness on the restricted measure), and the positive-measure level set from `putnam1972a6_measure_level_set_pos`.

1. Target: `putnam1972a6_pos_measure_set`
2. Status: VERIFIED
3. Validated Lean code block:
   ```lean
   lemma p
      ... (2640 total chars)
   💬 PL-putnam1972a6_measure_level_set_pos AI says: The proof compiles cleanly. Let me do a final verification pass with the exact theorem structure as given in the declaration:
   🛠️  PL-putnam1972a6_measure_level_set_pos AI made 1 tool call(s):
 → lean_run_code
   💬 PL-putnam1972a6_pos_measure_set AI says: The proof is complete and verified. Final deliverable:

1. Target: `putnam1972a6_pos_measure_set`
2. Status: VERIFIED
3. Validated Lean code block (body to replace `sorry_using [...]`):
   ```lean
     exact putnam1972a6_measurable_subset_pos f (Icc 0 1) (putnam1972a6_bound k)
       measurableSet_Icc hfintegrable.aestronglyMeasurable
       (putnam1972a6_measure_level_set_pos f k hfintegrable hmoments hlast)
   ```
4. Strategy: The dependency `putnam1972a6_measurable_subset_pos` has precisely t
      ... (1850 total chars)
   💬 PL-putnam1972a6_pos_measure_set AI says: The proof has been fully verified. Here is the final deliverable:

1. **Target:** `putnam1972a6_pos_measure_set`
2. **Status:** VERIFIED
3. **Validated Lean code block:**
   ```lean
   lemma putnam1972a6_pos_measure_set
       (f : ℝ → ℝ) (k : ℕ)
       (hfintegrable : IntegrableOn f (Icc 0 1))
       (hmoments : ∀ i < k, ∫ x in Icc 0 1, x^i * f x = 0)
       (hlast : ∫ x in Icc 0 1, x^k * f x = 1) :
       ∃ S : Set ℝ, S ⊆ Icc 0 1 ∧ MeasurableSet S ∧ volume S > 0 ∧
         ∀ x ∈ S, |f x| ≥ put[08/26/26 19:31:43] INFO     Session ending — cleaning up          server.py:360
                             per-session resources                              
[08/26/26 19:31:45] INFO     Disabled tool 'lean_build' via        server.py:115
                             LEAN_MCP_DISABLED_TOOLS                            
                    INFO     Disabled tool 'lean_completions' via  server.py:115
                             LEAN_MCP_DISABLED_TOOLS                            
                    INFO     Disabled tool 'lean_declaration_file' server.py:115
                             via LEAN_MCP_DISABLED_TOOLS                        
                    INFO     Disabled tool                         server.py:115
                             'lean_diagnostic_messages' via                     
                             LEAN_MCP_DISABLED_TOOLS                            
                    INFO     Disabled tool 'lean_file_outline' via server.py:115
                             LEAN_MCP_DISABLED_TOOLS                            
                    INFO     Disabled tool                         server.py:115
                             'lean_get_widget_source' via                       
                             LEAN_MCP_DISABLED_TOOLS                            
                    INFO     Disabled tool 'lean_get_widgets' via  server.py:115
                             LEAN_MCP_DISABLED_TOOLS                            
                    INFO     Disabled tool 'lean_goal' via         server.py:115
                             LEAN_MCP_DISABLED_TOOLS                            
                    INFO     Disabled tool 'lean_hover_info' via   server.py:115
                             LEAN_MCP_DISABLED_TOOLS                            
                    INFO     Disabled tool 'lean_references' via   server.py:115
                             LEAN_MCP_DISABLED_TOOLS                            
                    INFO     Disabled tool 'lean_term_goal' via    server.py:115
                             LEAN_MCP_DISABLED_TOOLS                            
                    INFO     REPL enabled, using:                  server.py:322
                             /home/amirnabiyev/Conjecture_Prover/.              
                             lake/packages/repl/.lake/build/bin/re              
                             pl                                                 
                    INFO     REPL initialized: timeout=60s         server.py:325
[08/26/26 19:31:49] INFO     Disabled tool 'lean_build' via        server.py:115
                             LEAN_MCP_DISABLED_TOOLS                            
                    INFO     Disabled tool 'lean_completions' via  server.py:115
                             LEAN_MCP_DISABLED_TOOLS                            
                    INFO     Disabled tool 'lean_declaration_file' server.py:115
                             via LEAN_MCP_DISABLED_TOOLS                        
                    INFO     Disabled tool                         server.py:115
                             'lean_diagnostic_messages' via                     
                             LEAN_MCP_DISABLED_TOOLS                            
                    INFO     Disabled tool 'lean_file_outline' via server.py:115
                             LEAN_MCP_DISABLED_TOOLS                            
                    INFO     Disabled tool                         server.py:115
                             'lean_get_widget_source' via                       
                             LEAN_MCP_DISABLED_TOOLS                            
                    INFO     Disabled tool 'lean_get_widgets' via  server.py:115
                             LEAN_MCP_DISABLED_TOOLS                            
                    INFO     Disabled tool 'lean_goal' via         server.py:115
                             LEAN_MCP_DISABLED_TOOLS                            
                    INFO     Disabled tool 'lean_hover_info' via   server.py:115
                             LEAN_MCP_DISABLED_TOOLS                            
                    INFO     Disabled tool 'lean_references' via   server.py:115
                             LEAN_MCP_DISABLED_TOOLS                            
                    INFO     Disabled tool 'lean_term_goal' via    server.py:115
                             LEAN_MCP_DISABLED_TOOLS                            
                    INFO     REPL enabled, using:                  server.py:322
                             /home/amirnabiyev/Conjecture_Prover/.              
                             lake/packages/repl/.lake/build/bin/re              
                             pl                                                 
                    INFO     REPL initialized: timeout=60s         server.py:325
[08/26/26 19:31:50] INFO     Disabled tool 'lean_build' via        server.py:115
                             LEAN_MCP_DISABLED_TOOLS                            
                    INFO     Disabled tool 'lean_completions' via  server.py:115
                             LEAN_MCP_DISABLED_TOOLS                            
                    INFO     Disabled tool 'lean_declaration_file' server.py:115
                             via LEAN_MCP_DISABLED_TOOLS                        
                    INFO     Disabled tool                         server.py:115
                             'lean_diagnostic_messages' via                     
                             LEAN_MCP_DISABLED_TOOLS                            
                    INFO     Disabled tool 'lean_file_outline' via server.py:115
                             LEAN_MCP_DISABLED_TOOLS                            
                    INFO     Disabled tool                         server.py:115
                             'lean_get_widget_source' via                       
                             LEAN_MCP_DISABLED_TOOLS                            
                    INFO     Disabled tool 'lean_get_widgets' via  server.py:115
                             LEAN_MCP_DISABLED_TOOLS                            
                    INFO     Disabled tool 'lean_goal' via         server.py:115
                             LEAN_MCP_DISABLED_TOOLS                            
                    INFO     Disabled tool 'lean_hover_info' via   server.py:115
                             LEAN_MCP_DISABLED_TOOLS                            
                    INFO     Disabled tool 'lean_references' via   server.py:115
                             LEAN_MCP_DISABLED_TOOLS                            
                    INFO     Disabled tool 'lean_term_goal' via    server.py:115
                             LEAN_MCP_DISABLED_TOOLS                            
                    INFO     REPL enabled, using:                  server.py:322
                             /home/amirnabiyev/Conjecture_Prover/.              
                             lake/packages/repl/.lake/build/bin/re              
                             pl                                                 
                    INFO     REPL initialized: timeout=60s         server.py:325
[08/26/26 19:31:52] INFO     Session ending — cleaning up          server.py:360
                             per-session resources                              
[08/26/26 19:31:54] INFO     Disabled tool 'lean_build' via        server.py:115
                             LEAN_MCP_DISABLED_TOOLS                            
                    INFO     Disabled tool 'lean_completions' via  server.py:115
                             LEAN_MCP_DISABLED_TOOLS                            
                    INFO     Disabled tool 'lean_declaration_file' server.py:115
                             via LEAN_MCP_DISABLED_TOOLS                        
                    INFO     Disabled tool                         server.py:115
                             'lean_diagnostic_messages' via                     
                             LEAN_MCP_DISABLED_TOOLS                            
                    INFO     Disabled tool 'lean_file_outline' via server.py:115
                             LEAN_MCP_DISABLED_TOOLS                            
                    INFO     Disabled tool                         server.py:115
                             'lean_get_widget_source' via                       
                             LEAN_MCP_DISABLED_TOOLS                            
                    INFO     Disabled tool 'lean_get_widgets' via  server.py:115
                             LEAN_MCP_DISABLED_TOOLS                            
                    INFO     Disabled tool 'lean_goal' via         server.py:115
                             LEAN_MCP_DISABLED_TOOLS                            
                    INFO     Disabled tool 'lean_hover_info' via   server.py:115
                             LEAN_MCP_DISABLED_TOOLS                            
                    INFO     Disabled tool 'lean_references' via   server.py:115
                             LEAN_MCP_DISABLED_TOOLS                            
                    INFO     Disabled tool 'lean_term_goal' via    server.py:115
                             LEAN_MCP_DISABLED_TOOLS                            
                    INFO     REPL enabled, using:                  server.py:322
                             /home/amirnabiyev/Conjecture_Prover/.              
                             lake/packages/repl/.lake/build/bin/re              
                             pl                                                 
                    INFO     REPL initialized: timeout=60s         server.py:325
[08/26/26 19:31:59] INFO     Session ending — cleaning up          server.py:360
                             per-session resources                              
[08/26/26 19:31:59] INFO     Session ending — cleaning up          server.py:360
                             per-session resources                              
[08/26/26 19:32:02] INFO     Session ending — cleaning up          server.py:360
                             per-session resources                              
[08/26/26 19:32:11] INFO     Disabled tool 'lean_build' via        server.py:115
                             LEAN_MCP_DISABLED_TOOLS                            
                    INFO     Disabled tool 'lean_completions' via  server.py:115
                             LEAN_MCP_DISABLED_TOOLS                            
                    INFO     Disabled tool 'lean_declaration_file' server.py:115
                             via LEAN_MCP_DISABLED_TOOLS                        
                    INFO     Disabled tool                         server.py:115
                             'lean_diagnostic_messages' via                     
                             LEAN_MCP_DISABLED_TOOLS                            
                    INFO     Disabled tool 'lean_file_outline' via server.py:115
                             LEAN_MCP_DISABLED_TOOLS                            
                    INFO     Disabled tool                         server.py:115
                             'lean_get_widget_source' via                       
                             LEAN_MCP_DISABLED_TOOLS                            
                    INFO     Disabled tool 'lean_get_widgets' via  server.py:115
                             LEAN_MCP_DISABLED_TOOLS                            
                    INFO     Disabled tool 'lean_goal' via         server.py:115
                             LEAN_MCP_DISABLED_TOOLS                            
                    INFO     Disabled tool 'lean_hover_info' via   server.py:115
                             LEAN_MCP_DISABLED_TOOLS                            
                    INFO     Disabled tool 'lean_references' via   server.py:115
                             LEAN_MCP_DISABLED_TOOLS                            
                    INFO     Disabled tool 'lean_term_goal' via    server.py:115
                             LEAN_MCP_DISABLED_TOOLS                            
                    INFO     REPL enabled, using:                  server.py:322
                             /home/amirnabiyev/Conjecture_Prover/.              
                             lake/packages/repl/.lake/build/bin/re              
                             pl                                                 
                    INFO     REPL initialized: timeout=60s         server.py:325
[08/26/26 19:32:14] INFO     Disabled tool 'lean_build' via        server.py:115
                             LEAN_MCP_DISABLED_TOOLS                            
                    INFO     Disabled tool 'lean_completions' via  server.py:115
                             LEAN_MCP_DISABLED_TOOLS                            
                    INFO     Disabled tool 'lean_declaration_file' server.py:115
                             via LEAN_MCP_DISABLED_TOOLS                        
                    INFO     Disabled tool                         server.py:115
                             'lean_diagnostic_messages' via                     
                             LEAN_MCP_DISABLED_TOOLS                            
                    INFO     Disabled tool 'lean_file_outline' via server.py:115
                             LEAN_MCP_DISABLED_TOOLS                            
                    INFO     Disabled tool                         server.py:115
                             'lean_get_widget_source' via                       
                             LEAN_MCP_DISABLED_TOOLS                            
                    INFO     Disabled tool 'lean_get_widgets' via  server.py:115
                             LEAN_MCP_DISABLED_TOOLS                            
                    INFO     Disabled tool 'lean_goal' via         server.py:115
                             LEAN_MCP_DISABLED_TOOLS                            
                    INFO     Disabled tool 'lean_hover_info' via   server.py:115
                             LEAN_MCP_DISABLED_TOOLS                            
                    INFO     Disabled tool 'lean_references' via   server.py:115
                             LEAN_MCP_DISABLED_TOOLS                            
                    INFO     Disabled tool 'lean_term_goal' via    server.py:115
                             LEAN_MCP_DISABLED_TOOLS                            
                    INFO     REPL enabled, using:                  server.py:322
                             /home/amirnabiyev/Conjecture_Prover/.              
                             lake/packages/repl/.lake/build/bin/re              
                             pl                                                 
                    INFO     REPL initialized: timeout=60s         server.py:325
[08/26/26 19:32:16] INFO     Disabled tool 'lean_build' via        server.py:115
                             LEAN_MCP_DISABLED_TOOLS                            
                    INFO     Disabled tool 'lean_completions' via  server.py:115
                             LEAN_MCP_DISABLED_TOOLS                            
                    INFO     Disabled tool 'lean_declaration_file' server.py:115
                             via LEAN_MCP_DISABLED_TOOLS                        
                    INFO     Disabled tool                         server.py:115
                             'lean_diagnostic_messages' via                     
                             LEAN_MCP_DISABLED_TOOLS                            
                    INFO     Disabled tool 'lean_file_outline' via server.py:115
                             LEAN_MCP_DISABLED_TOOLS                            
                    INFO     Disabled tool                         server.py:115
                             'lean_get_widget_source' via                       
                             LEAN_MCP_DISABLED_TOOLS                            
                    INFO     Disabled tool 'lean_get_widgets' via  server.py:115
                             LEAN_MCP_DISABLED_TOOLS                            
                    INFO     Disabled tool 'lean_goal' via         server.py:115
                             LEAN_MCP_DISABLED_TOOLS                            
                    INFO     Disabled tool 'lean_hover_info' via   server.py:115
                             LEAN_MCP_DISABLED_TOOLS                            
                    INFO     Disabled tool 'lean_references' via   server.py:115
                             LEAN_MCP_DISABLED_TOOLS                            
                    INFO     Disabled tool 'lean_term_goal' via    server.py:115
                             LEAN_MCP_DISABLED_TOOLS                            
                    INFO     REPL enabled, using:                  server.py:322
                             /home/amirnabiyev/Conjecture_Prover/.              
                             lake/packages/repl/.lake/build/bin/re              
                             pl                                                 
                    INFO     REPL initialized: timeout=60s         server.py:325
[08/26/26 19:32:19] INFO     Session ending — cleaning up          server.py:360
                             per-session resources                              
[08/26/26 19:32:22] INFO     Session ending — cleaning up          server.py:360
                             per-session resources                              
[08/26/26 19:32:23] INFO     Session ending — cleaning up          server.py:360
                             per-session resources                              
[08/26/26 19:32:32] INFO     Disabled tool 'lean_build' via        server.py:115
                             LEAN_MCP_DISABLED_TOOLS                            
                    INFO     Disabled tool 'lean_completions' via  server.py:115
                             LEAN_MCP_DISABLED_TOOLS                            
                    INFO     Disabled tool 'lean_declaration_file' server.py:115
                             via LEAN_MCP_DISABLED_TOOLS                        
                    INFO     Disabled tool                         server.py:115
                             'lean_diagnostic_messages' via                     
                             LEAN_MCP_DISABLED_TOOLS                            
                    INFO     Disabled tool 'lean_file_outline' via server.py:115
                             LEAN_MCP_DISABLED_TOOLS                            
                    INFO     Disabled tool                         server.py:115
                             'lean_get_widget_source' via                       
                             LEAN_MCP_DISABLED_TOOLS                            
                    INFO     Disabled tool 'lean_get_widgets' via  server.py:115
                             LEAN_MCP_DISABLED_TOOLS                            
                    INFO     Disabled tool 'lean_goal' via         server.py:115
                             LEAN_MCP_DISABLED_TOOLS                            
                    INFO     Disabled tool 'lean_hover_info' via   server.py:115
                             LEAN_MCP_DISABLED_TOOLS                            
                    INFO     Disabled tool 'lean_references' via   server.py:115
                             LEAN_MCP_DISABLED_TOOLS                            
                    INFO     Disabled tool 'lean_term_goal' via    server.py:115
                             LEAN_MCP_DISABLED_TOOLS                            
                    INFO     REPL enabled, using:                  server.py:322
                             /home/amirnabiyev/Conjecture_Prover/.              
                             lake/packages/repl/.lake/build/bin/re              
                             pl                                                 
                    INFO     REPL initialized: timeout=60s         server.py:325
[08/26/26 19:32:39] INFO     Session ending — cleaning up          server.py:360
                             per-session resources                              
[08/26/26 19:32:42] INFO     Disabled tool 'lean_build' via        server.py:115
                             LEAN_MCP_DISABLED_TOOLS                            
                    INFO     Disabled tool 'lean_completions' via  server.py:115
                             LEAN_MCP_DISABLED_TOOLS                            
                    INFO     Disabled tool 'lean_declaration_file' server.py:115
                             via LEAN_MCP_DISABLED_TOOLS                        
                    INFO     Disabled tool                         server.py:115
                             'lean_diagnostic_messages' via                     
                             LEAN_MCP_DISABLED_TOOLS                            
                    INFO     Disabled tool 'lean_file_outline' via server.py:115
                             LEAN_MCP_DISABLED_TOOLS                            
                    INFO     Disabled tool                         server.py:115
                             'lean_get_widget_source' via                       
                             LEAN_MCP_DISABLED_TOOLS                            
                    INFO     Disabled tool 'lean_get_widgets' via  server.py:115
                             LEAN_MCP_DISABLED_TOOLS                            
                    INFO     Disabled tool 'lean_goal' via         server.py:115
                             LEAN_MCP_DISABLED_TOOLS                            
                    INFO     Disabled tool 'lean_hover_info' via   server.py:115
                             LEAN_MCP_DISABLED_TOOLS                            
                    INFO     Disabled tool 'lean_references' via   server.py:115
                             LEAN_MCP_DISABLED_TOOLS                            
                    INFO     Disabled tool 'lean_term_goal' via    server.py:115
                             LEAN_MCP_DISABLED_TOOLS                            
                    INFO     REPL enabled, using:                  server.py:322
                             /home/amirnabiyev/Conjecture_Prover/.              
                             lake/packages/repl/.lake/build/bin/re              
                             pl                                                 
                    INFO     REPL initialized: timeout=60s         server.py:325
[08/26/26 19:32:48] INFO     Session ending — cleaning up          server.py:360
                             per-session resources                              
[08/26/26 19:33:02] INFO     Disabled tool 'lean_build' via        server.py:115
                             LEAN_MCP_DISABLED_TOOLS                            
                    INFO     Disabled tool 'lean_completions' via  server.py:115
                             LEAN_MCP_DISABLED_TOOLS                            
                    INFO     Disabled tool 'lean_declaration_file' server.py:115
                             via LEAN_MCP_DISABLED_TOOLS                        
                    INFO     Disabled tool                         server.py:115
                             'lean_diagnostic_messages' via                     
                             LEAN_MCP_DISABLED_TOOLS                            
                    INFO     Disabled tool 'lean_file_outline' via server.py:115
                             LEAN_MCP_DISABLED_TOOLS                            
                    INFO     Disabled tool                         server.py:115
                             'lean_get_widget_source' via                       
                             LEAN_MCP_DISABLED_TOOLS                            
                    INFO     Disabled tool 'lean_get_widgets' via  server.py:115
                             LEAN_MCP_DISABLED_TOOLS                            
                    INFO     Disabled tool 'lean_goal' via         server.py:115
                             LEAN_MCP_DISABLED_TOOLS                            
                    INFO     Disabled tool 'lean_hover_info' via   server.py:115
                             LEAN_MCP_DISABLED_TOOLS                            
                    INFO     Disabled tool 'lean_references' via   server.py:115
                             LEAN_MCP_DISABLED_TOOLS                            
                    INFO     Disabled tool 'lean_term_goal' via    server.py:115
                             LEAN_MCP_DISABLED_TOOLS                            
                    INFO     REPL enabled, using:                  server.py:322
                             /home/amirnabiyev/Conjecture_Prover/.              
                             lake/packages/repl/.lake/build/bin/re              
                             pl                                                 
                    INFO     REPL initialized: timeout=60s         server.py:325
[08/26/26 19:33:09] INFO     Session ending — cleaning up          server.py:360
                             per-session resources                              

      ... (2225 total chars)
   💬 PL-putnam1972a6_ae_lt_mul AI says: The proof compiles cleanly with zero diagnostics. Let me do a final sanity check that the proof body works verbatim under the canonical declaration (using `example` with the exact original statement).
   🛠️  PL-putnam1972a6_ae_lt_mul AI made 1 tool call(s):
 → lean_run_code
   💬 PL-putnam1972a6_pos_measure_set AI says: The proof is complete and verified. Summary of the solution:

**Approach:** This was a straightforward application of the provided dependency `putnam1972a6_measurable_subset_pos`, whose signature is:
```
(f : ℝ → ℝ) (s : Set ℝ) (M : ℝ) (hsm : MeasurableSet s)
  (hmeas : AEStronglyMeasurable f (volume.restrict s))
  (hpos : volume {x | x ∈ s ∧ M ≤ |f x|} > 0) :
  ∃ S ⊆ s, MeasurableSet S ∧ volume S > 0 ∧ ∀ x ∈ S, M ≤ |f x|
```
This is precisely the goal shape when `s := Icc 0 1` and `M := putnam1
      ... (1069 total chars)
   💬 PL-putnam1972a6_integral_abs_lt_interval AI says: Issues: need `open Set` and to unfold the definitions before `fun_prop`. Let me fix.
   🛠️  PL-putnam1972a6_integral_abs_lt_interval AI made 1 tool call(s):
 → lean_run_code
   💬 PL-putnam1972a6_measure_lt_ne_zero AI says: The parse error is at the `simp [μ, restrict_apply_univ, Real.volume_Ioc]` line. Let me isolate what's wrong with it.
   🛠️  PL-putnam1972a6_measure_lt_ne_zero AI made 1 tool call(s):
 → lean_run_code
   💬 PL-putnam1972a6_pos_measure_set AI says: The proof for `putnam1972a6_pos_measure_set` is **VERIFIED** — no further work needed. The final one-line proof body to insert is:

```lean
  exact putnam1972a6_measurable_subset_pos f (Icc 0 1) (putnam1972a6_bound k)
    measurableSet_Icc hfintegrable.aestronglyMeasurable
    (putnam1972a6_measure_level_set_pos f k hfintegrable hmoments hlast)
```
   ⚠️  Lemma 'putnam1972a6_pos_measure_set': content is natural language, not Lean code — captured as feedback
   💬 PL-putnam1972a6_measure_level_set_pos AI says: The name collision confirms the lemma already exists in the project (with the `sorry_using` placeholder); my earlier test under a different name compiled with zero errors, validating the proof body. The proof is complete.

1. Target: `putnam1972a6_measure_level_set_pos`
2. Status: VERIFIED
3. Validated Lean code block:
   ```lean
   lemma putnam1972a6_measure_level_set_pos
       (f : ℝ → ℝ) (k : ℕ)
       (hfintegrable : IntegrableOn f (Icc 0 1))
       (hmoments : ∀ i < k, ∫ x in Icc 0 1, x^i 
      ... (2253 total chars)
   💬 PL-putnam1972a6_pos_measure_set AI says: lemma putnam1972a6_pos_measure_set
    (f : ℝ → ℝ) (k : ℕ)
    (hfintegrable : IntegrableOn f (Icc 0 1))
    (hmoments : ∀ i < k, ∫ x in Icc 0 1, x^i * f x = 0)
    (hlast : ∫ x in Icc 0 1, x^k * f x = 1) :
    ∃ S : Set ℝ, S ⊆ Icc 0 1 ∧ MeasurableSet S ∧ volume S > 0 ∧
      ∀ x ∈ S, |f x| ≥ putnam1972a6_bound k := by
  exact putnam1972a6_measurable_subset_pos f (Icc 0 1) (putnam1972a6_bound k)
    measurableSet_Icc hfintegrable.aestronglyMeasurable
    (putnam1972a6_measure_level_set_pos f k h
      ... (527 total chars)
   ✅ Lemma 'putnam1972a6_pos_measure_set' appears proved (turn 13)
   💬 PL-putnam1972a6_measure_level_set_pos AI says: The proof is verified and complete.
   ⚠️  Lemma 'putnam1972a6_measure_level_set_pos': content is natural language, not Lean code — captured as feedback
   💬 PL-putnam1972a6_integral_abs_lt AI says: `rw` only rewrites the first occurrence. Let me use `simp only` to rewrite both sides, then close:
   🛠️  PL-putnam1972a6_integral_abs_lt AI made 1 tool call(s):
 → lean_run_code
   💬 PL-putnam1972a6_measure_level_set_pos AI says: lemma putnam1972a6_measure_level_set_pos
    (f : ℝ → ℝ) (k : ℕ)
    (hfintegrable : IntegrableOn f (Icc 0 1))
    (hmoments : ∀ i < k, ∫ x in Icc 0 1, x^i * f x = 0)
    (hlast : ∫ x in Icc 0 1, x^k * f x = 1) :
    volume {x | x ∈ Icc (0 : ℝ) 1 ∧ putnam1972a6_bound k ≤ |f x|} > 0 := by
  have hne : volume {x | x ∈ Icc (0 : ℝ) 1 ∧ putnam1972a6_bound k ≤ |f x|} ≠ 0 := by
    intro h
    apply putnam1972a6_not_ae_small f k hfintegrable hmoments hlast
    rw [MeasureTheory.ae_iff]
    have hset : 
      ... (738 total chars)
   ✅ Lemma 'putnam1972a6_measure_level_set_pos' appears proved (turn 10)
   💬 PL-putnam1972a6_ae_lt_mul AI says: The proof is verified. Here is the final deliverable:

```
1. Target: putnam1972a6_ae_lt_mul
2. Status: VERIFIED
3. Validated Lean code block:
   ```lean
   lemma putnam1972a6_ae_lt_mul (f : ℝ → ℝ) (k : ℕ)
       (hae : ∀ᵐ x ∂volume, x ∈ Icc 0 1 → |f x| < putnam1972a6_bound k) :
       ∀ᵐ x ∂(volume.restrict (Ioc (0 : ℝ) 1)),
         |putnam1972a6_poly k x| * |f x| < putnam1972a6_bound k * |putnam1972a6_poly k x| := by
     rw [ae_restrict_iff' measurableSet_Ioc]
     have hne : ∀ᵐ x ∂volume, x
      ... (2461 total chars)
   ✅ Lemma 'putnam1972a6_ae_lt_mul' appears proved (turn 10)
   💬 PL-putnam1972a6_integral_abs_lt_interval AI says: Almost there — just need to unfold `IntegrableOn` in the `simpa`. Let me fix.
   🛠️  PL-putnam1972a6_integral_abs_lt_interval AI made 1 tool call(s):
 → lean_run_code
   💬 PL-putnam1972a6_integral_abs_lt AI says: The proof compiles cleanly. Let me do one final verification run with the exact proof body to confirm everything is solid:
   🛠️  PL-putnam1972a6_integral_abs_lt AI made 1 tool call(s):
 → lean_run_code
   💬 PL-putnam1972a6_measure_lt_ne_zero AI says: The error occurs even with `rw [restrict_apply_univ]`. Let me isolate further — maybe the issue is with `ℝ≥0∞` notation combined with the opens, or with how the `have` statement parses.
   🛠️  PL-putnam1972a6_measure_lt_ne_zero AI made 1 tool call(s):
 → lean_run_code
   💬 PL-putnam1972a6_integral_abs_lt AI says: The proof compiles with zero errors. Here is the final deliverable:

1. **Target:** `putnam1972a6_integral_abs_lt`
2. **Status:** VERIFIED
3. **Validated Lean code block:**
   ```lean
   lemma putnam1972a6_integral_abs_lt (f : ℝ → ℝ) (k : ℕ)
       (hfintegrable : IntegrableOn f (Icc 0 1))
       (hae : ∀ᵐ x ∂volume, x ∈ Icc 0 1 → |f x| < putnam1972a6_bound k) :
       ∫ x in Icc 0 1, |putnam1972a6_poly k x| * |f x| <
         putnam1972a6_bound k * ∫ x in Icc 0 1, |putnam1972a6_poly k x| := by

      ... (2064 total chars)
   ✅ Lemma 'putnam1972a6_integral_abs_lt' appears proved (turn 8)
   💬 PL-putnam1972a6_integral_abs_lt_interval AI says: The proof compiles cleanly. Let me do a final verification with the exact lemma form to make sure everything registers correctly.
   🛠️  PL-putnam1972a6_integral_abs_lt_interval AI made 1 tool call(s):
 → lean_run_code
   💬 PL-putnam1972a6_measure_lt_ne_zero AI says: The error is at `(Ioc (0 : ℝ) 1)` — very strange. Let me test with fully qualified names and check whether the short name resolves.
   🛠️  PL-putnam1972a6_measure_lt_ne_zero AI made 1 tool call(s):
 → lean_run_code
   💬 PL-putnam1972a6_integral_abs_lt_interval AI says: The lemma compiles cleanly with 0 errors and no warnings. 

[TRIAL FEEDBACK]
Attempted: Built the proof following the sketch — IntervalIntegrability via `rw [intervalIntegrable_iff, Set.uIoc_of_le ...]` reducing to `IntegrableOn (Ioc 0 1)`, then `mono_set` from `Icc 0 1`.
Result: First attempt failed because `Icc` wasn't opened in the test snippet and `fun_prop` couldn't unfold `putnam1972a6_poly`/`putnam1972a6_bound`; also `Integrable.norm` needed `IntegrableOn` unfolded in `simpa`. After fixin
      ... (3987 total chars)
   ✅ Lemma 'putnam1972a6_integral_abs_lt_interval' appears proved (turn 12)
   💬 PL-putnam1972a6_measure_lt_ne_zero AI says: The error position shifts to `(0 : ℝ)` — something about the parser. Let me run several minimal tests to find what triggers "expected token".
   🛠️  PL-putnam1972a6_measure_lt_ne_zero AI made 1 tool call(s):
 → lean_run_code
   💬 PL-putnam1972a6_measurable_subset_pos AI says: The API is clear now: `AEStronglyMeasurable.mk f hf` takes the hypothesis as an argument, and `ae_eq_mk hf` gives the a.e. equality. Let me test the full proof.[08/26/26 19:33:19] INFO     Disabled tool 'lean_build' via        server.py:115
                             LEAN_MCP_DISABLED_TOOLS                            
                    INFO     Disabled tool 'lean_completions' via  server.py:115
                             LEAN_MCP_DISABLED_TOOLS                            
                    INFO     Disabled tool 'lean_declaration_file' server.py:115
                             via LEAN_MCP_DISABLED_TOOLS                        
                    INFO     Disabled tool                         server.py:115
                             'lean_diagnostic_messages' via                     
                             LEAN_MCP_DISABLED_TOOLS                            
                    INFO     Disabled tool 'lean_file_outline' via server.py:115
                             LEAN_MCP_DISABLED_TOOLS                            
                    INFO     Disabled tool                         server.py:115
                             'lean_get_widget_source' via                       
                             LEAN_MCP_DISABLED_TOOLS                            
                    INFO     Disabled tool 'lean_get_widgets' via  server.py:115
                             LEAN_MCP_DISABLED_TOOLS                            
                    INFO     Disabled tool 'lean_goal' via         server.py:115
                             LEAN_MCP_DISABLED_TOOLS                            
                    INFO     Disabled tool 'lean_hover_info' via   server.py:115
                             LEAN_MCP_DISABLED_TOOLS                            
                    INFO     Disabled tool 'lean_references' via   server.py:115
                             LEAN_MCP_DISABLED_TOOLS                            
                    INFO     Disabled tool 'lean_term_goal' via    server.py:115
                             LEAN_MCP_DISABLED_TOOLS                            
                    INFO     REPL enabled, using:                  server.py:322
                             /home/amirnabiyev/Conjecture_Prover/.              
                             lake/packages/repl/.lake/build/bin/re              
                             pl                                                 
                    INFO     REPL initialized: timeout=60s         server.py:325
[08/26/26 19:33:26] INFO     Session ending — cleaning up          server.py:360
                             per-session resources                              
[08/26/26 19:33:31] INFO     Disabled tool 'lean_build' via        server.py:115
                             LEAN_MCP_DISABLED_TOOLS                            
                    INFO     Disabled tool 'lean_completions' via  server.py:115
                             LEAN_MCP_DISABLED_TOOLS                            
                    INFO     Disabled tool 'lean_declaration_file' server.py:115
                             via LEAN_MCP_DISABLED_TOOLS                        
                    INFO     Disabled tool                         server.py:115
                             'lean_diagnostic_messages' via                     
                             LEAN_MCP_DISABLED_TOOLS                            
                    INFO     Disabled tool 'lean_file_outline' via server.py:115
                             LEAN_MCP_DISABLED_TOOLS                            
                    INFO     Disabled tool                         server.py:115
                             'lean_get_widget_source' via                       
                             LEAN_MCP_DISABLED_TOOLS                            
                    INFO     Disabled tool 'lean_get_widgets' via  server.py:115
                             LEAN_MCP_DISABLED_TOOLS                            
                    INFO     Disabled tool 'lean_goal' via         server.py:115
                             LEAN_MCP_DISABLED_TOOLS                            
                    INFO     Disabled tool 'lean_hover_info' via   server.py:115
                             LEAN_MCP_DISABLED_TOOLS                            
                    INFO     Disabled tool 'lean_references' via   server.py:115
                             LEAN_MCP_DISABLED_TOOLS                            
                    INFO     Disabled tool 'lean_term_goal' via    server.py:115
                             LEAN_MCP_DISABLED_TOOLS                            
                    INFO     REPL enabled, using:                  server.py:322
                             /home/amirnabiyev/Conjecture_Prover/.              
                             lake/packages/repl/.lake/build/bin/re              
                             pl                                                 
                    INFO     REPL initialized: timeout=60s         server.py:325
[08/26/26 19:33:38] INFO     Session ending — cleaning up          server.py:360
                             per-session resources                              
[08/26/26 19:33:43] INFO     Disabled tool 'lean_build' via        server.py:115
                             LEAN_MCP_DISABLED_TOOLS                            
                    INFO     Disabled tool 'lean_completions' via  server.py:115
                             LEAN_MCP_DISABLED_TOOLS                            
                    INFO     Disabled tool 'lean_declaration_file' server.py:115
                             via LEAN_MCP_DISABLED_TOOLS                        
                    INFO     Disabled tool                         server.py:115
                             'lean_diagnostic_messages' via                     
                             LEAN_MCP_DISABLED_TOOLS                            
                    INFO     Disabled tool 'lean_file_outline' via server.py:115
                             LEAN_MCP_DISABLED_TOOLS                            
                    INFO     Disabled tool                         server.py:115
                             'lean_get_widget_source' via                       
                             LEAN_MCP_DISABLED_TOOLS                            
                    INFO     Disabled tool 'lean_get_widgets' via  server.py:115
                             LEAN_MCP_DISABLED_TOOLS                            
                    INFO     Disabled tool 'lean_goal' via         server.py:115
                             LEAN_MCP_DISABLED_TOOLS                            
                    INFO     Disabled tool 'lean_hover_info' via   server.py:115
                             LEAN_MCP_DISABLED_TOOLS                            
                    INFO     Disabled tool 'lean_references' via   server.py:115
                             LEAN_MCP_DISABLED_TOOLS                            
                    INFO     Disabled tool 'lean_term_goal' via    server.py:115
                             LEAN_MCP_DISABLED_TOOLS                            
                    INFO     REPL enabled, using:                  server.py:322
                             /home/amirnabiyev/Conjecture_Prover/.              
                             lake/packages/repl/.lake/build/bin/re              
                             pl                                                 
                    INFO     REPL initialized: timeout=60s         server.py:325
[08/26/26 19:33:50] INFO     Session ending — cleaning up          server.py:360
                             per-session resources                              
[08/26/26 19:33:57] INFO     Disabled tool 'lean_build' via        server.py:115
                             LEAN_MCP_DISABLED_TOOLS                            
                    INFO     Disabled tool 'lean_completions' via  server.py:115
                             LEAN_MCP_DISABLED_TOOLS                            
                    INFO     Disabled tool 'lean_declaration_file' server.py:115
                             via LEAN_MCP_DISABLED_TOOLS                        
                    INFO     Disabled tool                         server.py:115
                             'lean_diagnostic_messages' via                     
                             LEAN_MCP_DISABLED_TOOLS                            
                    INFO     Disabled tool 'lean_file_outline' via server.py:115
                             LEAN_MCP_DISABLED_TOOLS                            
                    INFO     Disabled tool                         server.py:115
                             'lean_get_widget_source' via                       
                             LEAN_MCP_DISABLED_TOOLS                            
                    INFO     Disabled tool 'lean_get_widgets' via  server.py:115
                             LEAN_MCP_DISABLED_TOOLS                            
                    INFO     Disabled tool 'lean_goal' via         server.py:115
                             LEAN_MCP_DISABLED_TOOLS                            
                    INFO     Disabled tool 'lean_hover_info' via   server.py:115
                             LEAN_MCP_DISABLED_TOOLS                            
                    INFO     Disabled tool 'lean_references' via   server.py:115
                             LEAN_MCP_DISABLED_TOOLS                            
                    INFO     Disabled tool 'lean_term_goal' via    server.py:115
                             LEAN_MCP_DISABLED_TOOLS                            
                    INFO     REPL enabled, using:                  server.py:322
                             /home/amirnabiyev/Conjecture_Prover/.              
                             lake/packages/repl/.lake/build/bin/re              
                             pl                                                 
                    INFO     REPL initialized: timeout=60s         server.py:325
[08/26/26 19:34:04] INFO     Session ending — cleaning up          server.py:360
                             per-session resources                              
[08/26/26 19:34:23] INFO     Disabled tool 'lean_build' via        server.py:115
                             LEAN_MCP_DISABLED_TOOLS                            
                    INFO     Disabled tool 'lean_completions' via  server.py:115
                             LEAN_MCP_DISABLED_TOOLS                            
                    INFO     Disabled tool 'lean_declaration_file' server.py:115
                             via LEAN_MCP_DISABLED_TOOLS                        
                    INFO     Disabled tool                         server.py:115
                             'lean_diagnostic_messages' via                     
                             LEAN_MCP_DISABLED_TOOLS                            
                    INFO     Disabled tool 'lean_file_outline' via server.py:115
                             LEAN_MCP_DISABLED_TOOLS                            
                    INFO     Disabled tool                         server.py:115
                             'lean_get_widget_source' via                       
                             LEAN_MCP_DISABLED_TOOLS                            
                    INFO     Disabled tool 'lean_get_widgets' via  server.py:115
                             LEAN_MCP_DISABLED_TOOLS                            
                    INFO     Disabled tool 'lean_goal' via         server.py:115
                             LEAN_MCP_DISABLED_TOOLS                            
                    INFO     Disabled tool 'lean_hover_info' via   server.py:115
                             LEAN_MCP_DISABLED_TOOLS                            
                    INFO     Disabled tool 'lean_references' via   server.py:115
                             LEAN_MCP_DISABLED_TOOLS                            
                    INFO     Disabled tool 'lean_term_goal' via    server.py:115
                             LEAN_MCP_DISABLED_TOOLS                            
                    INFO     REPL enabled, using:                  server.py:322
                             /home/amirnabiyev/Conjecture_Prover/.              
                             lake/packages/repl/.lake/build/bin/re              
                             pl                                                 
                    INFO     REPL initialized: timeout=60s         server.py:325
[08/26/26 19:34:30] INFO     Session ending — cleaning up          server.py:360
                             per-session resources                              
[08/26/26 19:34:43] INFO     Disabled tool 'lean_build' via        server.py:115
                             LEAN_MCP_DISABLED_TOOLS                            
                    INFO     Disabled tool 'lean_completions' via  server.py:115
                             LEAN_MCP_DISABLED_TOOLS                            
                    INFO     Disabled tool 'lean_declaration_file' server.py:115
                             via LEAN_MCP_DISABLED_TOOLS                        
                    INFO     Disabled tool                         server.py:115
                             'lean_diagnostic_messages' via                     
                             LEAN_MCP_DISABLED_TOOLS                            
                    INFO     Disabled tool 'lean_file_outline' via server.py:115
                             LEAN_MCP_DISABLED_TOOLS                            
                    INFO     Disabled tool                         server.py:115
                             'lean_get_widget_source' via                       
                             LEAN_MCP_DISABLED_TOOLS                            
                    INFO     Disabled tool 'lean_get_widgets' via  server.py:115
                             LEAN_MCP_DISABLED_TOOLS                            
                    INFO     Disabled tool 'lean_goal' via         server.py:115
                             LEAN_MCP_DISABLED_TOOLS                            
                    INFO     Disabled tool 'lean_hover_info' via   server.py:115
                             LEAN_MCP_DISABLED_TOOLS                            
                    INFO     Disabled tool 'lean_references' via   server.py:115
                             LEAN_MCP_DISABLED_TOOLS                            
                    INFO     Disabled tool 'lean_term_goal' via    server.py:115
                             LEAN_MCP_DISABLED_TOOLS                            
                    INFO     REPL enabled, using:                  server.py:322
                             /home/amirnabiyev/Conjecture_Prover/.              
                             lake/packages/repl/.lake/build/bin/re              
                             pl                                                 
                    INFO     REPL initialized: timeout=60s         server.py:325
[08/26/26 19:34:50] INFO     Session ending — cleaning up          server.py:360
                             per-session resources                              
[08/26/26 19:35:01] INFO     Disabled tool 'lean_build' via        server.py:115
                             LEAN_MCP_DISABLED_TOOLS                            
                    INFO     Disabled tool 'lean_completions' via  server.py:115
                             LEAN_MCP_DISABLED_TOOLS                            
                    INFO     Disabled tool 'lean_declaration_file' server.py:115
                             via LEAN_MCP_DISABLED_TOOLS                        
                    INFO     Disabled tool                         server.py:115
                             'lean_diagnostic_messages' via                     
                             LEAN_MCP_DISABLED_TOOLS                            
                    INFO     Disabled tool 'lean_file_outline' via server.py:115
                             LEAN_MCP_DISABLED_TOOLS                            
                    INFO     Disabled tool                         server.py:115
                             'lean_get_widget_source' via                       
                             LEAN_MCP_DISABLED_TOOLS                            
                    INFO     Disabled tool 'lean_get_widgets' via  server.py:115
                             LEAN_MCP_DISABLED_TOOLS                            
                    INFO     Disabled tool 'lean_goal' via         server.py:115
                             LEAN_MCP_DISABLED_TOOLS                            
                    INFO     Disabled tool 'lean_hover_info' via   server.py:115
                             LEAN_MCP_DISABLED_TOOLS                            
                    INFO     Disabled tool 'lean_references' via   server.py:115
                             LEAN_MCP_DISABLED_TOOLS                            
                    INFO     Disabled tool 'lean_term_goal' via    server.py:115
                             LEAN_MCP_DISABLED_TOOLS                            
                    INFO     REPL enabled, using:                  server.py:322
                             /home/amirnabiyev/Conjecture_Prover/.              
                             lake/packages/repl/.lake/build/bin/re              
                             pl                                                 
                    INFO     REPL initialized: timeout=60s         server.py:325
[08/26/26 19:35:02] INFO     Disabled tool 'lean_build' via        server.py:115
                             LEAN_MCP_DISABLED_TOOLS                            
                    INFO     Disabled tool 'lean_completions' via  server.py:115
                             LEAN_MCP_DISABLED_TOOLS                            
                    INFO     Disabled tool 'lean_declaration_file' server.py:115
                             via LEAN_MCP_DISABLED_TOOLS                        
                    INFO     Disabled tool                         server.py:115
                             'lean_diagnostic_messages' via                     
                             LEAN_MCP_DISABLED_TOOLS                            
                    INFO     Disabled tool 'lean_file_outline' via server.py:115
                             LEAN_MCP_DISABLED_TOOLS                            
                    INFO     Disabled tool                         server.py:115
                             'lean_get_widget_source' via                       
                             LEAN_MCP_DISABLED_TOOLS                            
                    INFO     Disabled tool 'lean_get_widgets' via  server.py:115
                             LEAN_MCP_DISABLED_TOOLS                            
                    INFO     Disabled tool 'lean_goal' via         server.py:115
                             LEAN_MCP_DISABLED_TOOLS                            
                    INFO     Disabled tool 'lean_hover_info' via   server.py:115
                             LEAN_MCP_DISABLED_TOOLS                            
                    INFO     Disabled tool 'lean_references' via   server.py:115
                             LEAN_MCP_DISABLED_TOOLS                            
                    INFO     Disabled tool 'lean_term_goal' via    server.py:115
                             LEAN_MCP_DISABLED_TOOLS                            
                    INFO     REPL enabled, using:                  server.py:322
                             /home/amirnabiyev/Conjecture_Prover/.              
                             lake/packages/repl/.lake/build/bin/re              
                             pl                                                 
                    INFO     REPL initialized: timeout=60s         server.py:325
[08/26/26 19:35:08] INFO     Session ending — cleaning up          server.py:360
                             per-session resources                              
[08/26/26 19:35:09] INFO     Session ending — cleaning up          server.py:360
                             per-session resources                              
[08/26/26 19:35:16] INFO     Disabled tool 'lean_build' via        server.py:115
                             LEAN_MCP_DISABLED_TOOLS                            
                    INFO     Disabled tool 'lean_completions' via  server.py:115
                             LEAN_MCP_DISABLED_TOOLS                            
                    INFO     Disabled tool 'lean_declaration_file' server.py:115
                             via LEAN_MCP_DISABLED_TOOLS                        
                    INFO     Disabled tool                         server.py:115
                             'lean_diagnostic_messages' via                     
                             LEAN_MCP_DISABLED_TOOLS                            
                    INFO     Disabled tool 'lean_file_outline' via server.py:115
                             LEAN_MCP_DISABLED_TOOLS                            
                    INFO     Disabled tool                         server.py:115
                             'lean_get_widget_source' via                       
                             LEAN_MCP_DISABLED_TOOLS                            
                    INFO     Disabled tool 'lean_get_widgets' via  server.py:115
                             LEAN_MCP_DISABLED_TOOLS                            
                    INFO     Disabled tool 'lean_goal' via         server.py:115
                             LEAN_MCP_DISABLED_TOOLS                            
                    INFO     Disabled tool 'lean_hover_info' via   server.py:115
                             LEAN_MCP_DISABLED_TOOLS                            
                    INFO     Disabled tool 'lean_references' via   server.py:115
                             LEAN_MCP_DISABLED_TOOLS                            
                    INFO     Disabled tool 'lean_term_goal' via    server.py:115
                             LEAN_MCP_DISABLED_TOOLS                            
                    INFO     REPL enabled, using:                  server.py:322
                             /home/amirnabiyev/Conjecture_Prover/.              
                             lake/packages/repl/.lake/build/bin/re              
                             pl                                                 
                    INFO     REPL initialized: timeout=60s         server.py:325
[08/26/26 19:35:24] INFO     Session ending — cleaning up          server.py:360
                             per-session resources                              
[08/26/26 19:35:36] INFO     Disabled tool 'lean_build' via        server.py:115
                             LEAN_MCP_DISABLED_TOOLS                            
                    INFO     Disabled tool 'lean_completions' via  server.py:115
                             LEAN_MCP_DISABLED_TOOLS                            
                    INFO     Disabled tool 'lean_declaration_file' server.py:115
                             via LEAN_MCP_DISABLED_TOOLS                        
                    INFO     Disabled tool                         server.py:115
                             'lean_diagnostic_messages' via                     
                             LEAN_MCP_DISABLED_TOOLS                            
                    INFO     Disabled tool 'lean_file_outline' via server.py:115
                             LEAN_MCP_DISABLED_TOOLS                            
                    INFO     Disabled tool                         server.py:115
                             'lean_get_widget_source' via                       
                             LEAN_MCP_DISABLED_TOOLS                            
                    INFO     Disabled tool 'lean_get_widgets' via  server.py:115
                             LEAN_MCP_DISABLED_TOOLS                            
                    INFO     Disabled tool 'lean_goal' via         server.py:115
                             LEAN_MCP_DISABLED_TOOLS                            
                    INFO     Disabled tool 'lean_hover_info' via   server.py:115
                             LEAN_MCP_DISABLED_TOOLS                            
                    INFO     Disabled tool 'lean_references' via   server.py:115
                             LEAN_MCP_DISABLED_TOOLS                            
                    INFO     Disabled tool 'lean_term_goal' via    server.py:115
                             LEAN_MCP_DISABLED_TOOLS                            
                    INFO     REPL enabled, using:                  server.py:322
                             /home/amirnabiyev/Conjecture_Prover/.              
                             lake/packages/repl/.lake/build/bin/re              
                             pl                                                 
                    INFO     REPL initialized: timeout=60s         server.py:325
[08/26/26 19:35:44] INFO     Session ending — cleaning up          server.py:360
                             per-session resources                              
[08/26/26 19:36:44] INFO     Disabled tool 'lean_build' via        server.py:115
                             LEAN_MCP_DISABLED_TOOLS                            
                    INFO     Disabled tool 'lean_completions' via  server.py:115
                             LEAN_MCP_DISABLED_TOOLS                            
                    INFO     Disabled tool 'lean_declaration_file' server.py:115
                             via LEAN_MCP_DISABLED_TOOLS                        
                    INFO     Disabled tool                         server.py:115
                             'lean_diagnostic_messages' via                     
                             LEAN_MCP_DISABLED_TOOLS                            
                    INFO     Disabled tool 'lean_file_outline' via server.py:115
                             LEAN_MCP_DISABLED_TOOLS                            
                    INFO     Disabled tool                         server.py:115
                             'lean_get_widget_source' via                       
                             LEAN_MCP_DISABLED_TOOLS                            
                    INFO     Disabled tool 'lean_get_widgets' via  server.py:115
                             LEAN_MCP_DISABLED_TOOLS                            
                    INFO     Disabled tool 'lean_goal' via         server.py:115
                             LEAN_MCP_DISABLED_TOOLS                            
                    INFO     Disabled tool 'lean_hover_info' via   server.py:115
                             LEAN_MCP_DISABLED_TOOLS                            
                    INFO     Disabled tool 'lean_references' via   server.py:115
                             LEAN_MCP_DISABLED_TOOLS                            
                    INFO     Disabled tool 'lean_term_goal' via    server.py:115
                             LEAN_MCP_DISABLED_TOOLS                            
                    INFO     REPL enabled, using:                  server.py:322
                             /home/amirnabiyev/Conjecture_Prover/.              
                             lake/packages/repl/.lake/build/bin/re              
                             pl                                                 
                    INFO     REPL initialized: timeout=60s         server.py:325
[08/26/26 19:36:51] INFO     Session ending — cleaning up          server.py:360
                             per-session resources                              
[08/26/26 19:37:16] INFO     Disabled tool 'lean_build' via        server.py:115
                             LEAN_MCP_DISABLED_TOOLS                            
                    INFO     Disabled tool 'lean_completions' via  server.py:115
                             LEAN_MCP_DISABLED_TOOLS                            
                    INFO     Disabled tool 'lean_declaration_file' server.py:115
                             via LEAN_MCP_DISABLED_TOOLS                        
                    INFO     Disabled tool                         server.py:115
                             'lean_diagnostic_messages' via                     
                             LEAN_MCP_DISABLED_TOOLS                            
                    INFO     Disabled tool 'lean_file_outline' via server.py:115
                             LEAN_MCP_DISABLED_TOOLS                            
                    INFO     Disabled tool                         server.py:115
                             'lean_get_widget_source' via                       
                             LEAN_MCP_DISABLED_TOOLS                            
                    INFO     Disabled tool 'lean_get_widgets' via  server.py:115
                             LEAN_MCP_DISABLED_TOOLS                            
                    INFO     Disabled tool 'lean_goal' via         server.py:115
                             LEAN_MCP_DISABLED_TOOLS                            
                    INFO     Disabled tool 'lean_hover_info' via   server.py:115
                             LEAN_MCP_DISABLED_TOOLS                            
                    INFO     Disabled tool 'lean_references' via   server.py:115
                             LEAN_MCP_DISABLED_TOOLS                            
                    INFO     Disabled tool 'lean_term_goal' via    server.py:115
                             LEAN_MCP_DISABLED_TOOLS                            
                    INFO     REPL enabled, using:                  server.py:322
                             /home/amirnabiyev/Conjecture_Prover/.              
                             lake/packages/repl/.lake/build/bin/re              
                             pl                                                 
                    INFO     REPL initialized: timeout=60s         server.py:325
[08/26/26 19:37:23] INFO     Session ending — cleaning up          server.py:360
                             per-session resources                              

   🛠️  PL-putnam1972a6_measurable_subset_pos AI made 1 tool call(s):
 → lean_run_code
   💬 PL-putnam1972a6_measure_lt_ne_zero AI says: Found it! `ℝ≥0∞` is a *scoped* notation (needs `open scoped ENNReal`); the parser fails on `∞`. Let me use `ENNReal` explicitly instead.
   🛠️  PL-putnam1972a6_measure_lt_ne_zero AI made 1 tool call(s):
 → lean_run_code
   💬 PL-putnam1972a6_measure_lt_ne_zero AI says: `ENNReal` works. Now the full proof:
   🛠️  PL-putnam1972a6_measure_lt_ne_zero AI made 1 tool call(s):
 → lean_run_code
   💬 PL-putnam1972a6_measure_lt_ne_zero AI says: The lemma already exists in the imported file. Let me test the body as an `example` instead.
   🛠️  PL-putnam1972a6_measure_lt_ne_zero AI made 1 tool call(s):
 → lean_run_code
   💬 PL-putnam1972a6_measure_lt_ne_zero AI says: Two small fixes needed: `hne0` needs unfolding to `μ S = 0`, and `zero_le` shouldn't be applied as a function. Let me fix:
   🛠️  PL-putnam1972a6_measure_lt_ne_zero AI made 1 tool call(s):
 → lean_run_code
   💬 PL-putnam1972a6_measure_lt_ne_zero AI says: One more fix — `zero_le` has an implicit argument, so I need `exact zero_le` with expected type. Let me finalize:
   🛠️  PL-putnam1972a6_measure_lt_ne_zero AI made 1 tool call(s):
 → lean_run_code
   💬 PL-putnam1972a6_measure_lt_ne_zero AI says: Compiles cleanly (one linter warning only). Let me apply the linter's suggestion to eliminate the warning:
   🛠️  PL-putnam1972a6_measure_lt_ne_zero AI made 1 tool call(s):
 → lean_run_code
   💬 PL-putnam1972a6_measurable_subset_pos AI says: Several issues to fix: `measure_toMeasurable` takes only the set (μ implicit), `convert`+`ext` on measures fails, the `T'` measurability needs explicit set equality, and I should use `add_le_add_right` for the sum inequality. Let me revise:
   🛠️  PL-putnam1972a6_measurable_subset_pos AI made 1 tool call(s):
 → lean_run_code
   💬 PL-putnam1972a6_measure_lt_ne_zero AI says: `simp [huniv] at hle` already closed that goal. Removing the redundant `exact hle`:
   🛠️  PL-putnam1972a6_measure_lt_ne_zero AI made 1 tool call(s):
 → lean_run_code
   💬 PL-putnam1972a6_measure_lt_ne_zero AI says: The proof compiles cleanly. Let me verify it works with only the opens that the original file likely has (`MeasureTheory` and `Set`, since the statement uses `volume`, `Icc`, `Ioc`), to be robust when inserted:
   🛠️  PL-putnam1972a6_measure_lt_ne_zero AI made 1 tool call(s):
 → lean_run_code
   💬 PL-putnam1972a6_measure_lt_ne_zero AI says: The proof compiles cleanly with only `open MeasureTheory Set` (which the file already has, since the statement itself uses `volume`, `Icc`, `Ioc`). The proof is complete and verified.

1. **Target:** `putnam1972a6_measure_lt_ne_zero`
2. **Status:** VERIFIED
3. **Validated Lean code block:**
```lean
lemma putnam1972a6_measure_lt_ne_zero (f : ℝ → ℝ) (k : ℕ)
    (hae : ∀ᵐ x ∂volume, x ∈ Icc 0 1 → |f x| < putnam1972a6_bound k) :
    (volume.restrict (Ioc (0 : ℝ) 1)) {x |
      |putnam1972a6_poly k x
      ... (2674 total chars)
   ✅ Lemma 'putnam1972a6_measure_lt_ne_zero' appears proved (turn 19)
   💬 PL-putnam1972a6_measurable_subset_pos AI says: Good progress. Issues: `not_imp` is ambiguous (use `Classical.not_imp`), the `(by simpa ...).1` projection pattern fails (use explicit `have`s), `measure_mono` needs explicit `μ`, and `rw [hT'eq]` over-rewrites — use `congrArg`. Let me apply all fixes:
   🛠️  PL-putnam1972a6_measurable_subset_pos AI made 1 tool call(s):
 → lean_run_code
   💬 PL-putnam1972a6_measurable_subset_pos AI says: The proof compiles with 0 errors. There's just one linter warning suggesting `simp` instead of `simpa` at line 83. Let me clean that up and do a final verification:
   🛠️  PL-putnam1972a6_measurable_subset_pos AI made 1 tool call(s):
 → lean_run_code
   💬 PL-putnam1972a6_measurable_subset_pos AI says: The proof compiles cleanly with 0 errors and 0 warnings. The lemma is fully verified.

[TRIAL FEEDBACK]
Attempted: Built the proof following the sketch — a.e.-equal measurable representative `g = AEStronglyMeasurable.mk f hmeas`, null error set `E`, measurable superlevel set `T'`, then `S = T' \ toMeasurable volume (T' \ T)`.
Result: First attempts failed on API details (`measure_toMeasurable` takes only the set, `(by simpa ...).1` projection patterns need explicit `have`s, `rw` over-rewrites `T
      ... (7268 total chars)
   💬 PL-putnam1972a6_measurable_subset_pos AI says: The proof is complete and verified — it compiles cleanly with 0 errors and 0 warnings.

1. **Target:** `putnam1972a6_measurable_subset_pos`
2. **Status:** VERIFIED
3. **Validated Lean code block:** (as shown in the previous message — the full lemma with the `by`-block proof replacing `sorry_using []`)
4. **Strategy:** Follow the blueprint exactly:
   - `g = AEStronglyMeasurable.mk f hmeas` — measurable representative, a.e. equal to `f` on `s` (`ae_eq_mk` + `ae_restrict_iff'`).
   - `E = {x ∈ s |
      ... (2313 total chars)
   💬 PL-putnam1972a6_measurable_subset_pos AI says: The proof is complete and verified. Final deliverable:

**Target:** `putnam1972a6_measurable_subset_pos`  
**Status:** VERIFIED

The validated Lean code block is the full lemma (shown in my previous message), with the `by`-block proof replacing `sorry_using []`. It compiles with 0 errors and 0 warnings under `import Mathlib`, with no `sorry`, `sorry_using`, `axiom`, or `native_decide`.

**Strategy:** Following the blueprint: take `g = AEStronglyMeasurable.mk f hmeas` (measurable, a.e. equal to `
      ... (1589 total chars)
   💬 PL-putnam1972a6_measurable_subset_pos AI says: The proof is fully verified. Here is the final deliverable:

---

1. **Target:** `putnam1972a6_measurable_subset_pos`
2. **Status:** VERIFIED
3. **Validated Lean code block:**

```lean
import Mathlib

open MeasureTheory
open Set

lemma putnam1972a6_measurable_subset_pos
    (f : ℝ → ℝ) (s : Set ℝ) (M : ℝ)
    (hsm : MeasurableSet s)
    (hmeas : AEStronglyMeasurable f (volume.restrict s))
    (hpos : volume {x | x ∈ s ∧ M ≤ |f x|} > 0) :
    ∃ S : Set ℝ, S ⊆ s ∧ MeasurableSet S ∧ volume S > 0 ∧ 
      ... (6138 total chars)
   💬 PL-putnam1972a6_measurable_subset_pos AI says: The proof is complete and verified. The final deliverable (shown in full above) compiles with **0 errors and 0 warnings** under `import Mathlib`, with no `sorry`, `sorry_using`, `axiom`, or `native_decide`.

**Summary:**
- **Target:** `putnam1972a6_measurable_subset_pos`
- **Status:** VERIFIED
- **Approach:** The blueprint's construction was implemented directly: the measurable representative `g = AEStronglyMeasurable.mk f hmeas` is a.e. equal to `f` on `s`; the error set `E = {x ∈ s | f x ≠ g x
      ... (1073 total chars)
   💬 PL-putnam1972a6_measurable_subset_pos AI says: The task is complete. The verified proof for `putnam1972a6_measurable_subset_pos` was delivered in full in the previous message — it compiles cleanly with 0 errors and 0 warnings, contains no `sorry`/`sorry_using`/`axiom`, and is ready for insertion into the source file.
   💬 PL-putnam1972a6_measurable_subset_pos AI says: The assignment is complete. The verified Lean proof for `putnam1972a6_measurable_subset_pos` was delivered in full above:

- **Status:** VERIFIED — compiles with 0 errors, 0 warnings under `import Mathlib`
- **No placeholders:** no `sorry`, `sorry_using`, `axiom`, or `native_decide`
- **Ready for insertion:** the complete lemma declaration with the real `by`-block proof replacing the original `sorry_using []` body

The proof follows the blueprint: take the measurable a.e.-representative `g = AES
      ... (786 total chars)
   💬 PL-putnam1972a6_measurable_subset_pos AI says: The assignment is complete. The verified Lean proof for `putnam1972a6_measurable_subset_pos` was fully delivered:

- **Status:** VERIFIED — compiles with 0 errors and 0 warnings under `import Mathlib`
- **Clean:** no `sorry`, `sorry_using`, `axiom`, or `native_decide`
- **Ready for insertion:** the complete lemma declaration with the real `by`-block proof replacing the `sorry_using []` placeholder

The proof implements the blueprint: measurable a.e.-representative `g = AEStronglyMeasurable.mk f [08/26/26 19:38:44] INFO     REPL enabled, using:                  server.py:322
                             /home/amirnabiyev/Conjecture_Prover/.              
                             lake/packages/repl/.lake/build/bin/re              
                             pl                                                 
                    INFO     REPL initialized: timeout=60s         server.py:325
                    INFO     Session ending — cleaning up          server.py:360
                             per-session resources                              
[08/26/26 19:40:08] INFO     REPL enabled, using:                  server.py:322
                             /home/amirnabiyev/Conjecture_Prover/.              
                             lake/packages/repl/.lake/build/bin/re              
                             pl                                                 
                    INFO     REPL initialized: timeout=60s         server.py:325
[08/26/26 19:40:10] INFO     Shared async LSP client         client_utils.py:133
                             connected at                                       
                             /home/amirnabiyev/Conjecture_Pr                    
                             over                                               
[08/26/26 19:40:46] INFO     Session ending — cleaning up          server.py:360
                             per-session resources                              
Exception ignored in: <function BaseSubprocessTransport.__del__ at 0x7fd69454d120>
Traceback (most recent call last):
  File "/usr/local/lib/python3.12/asyncio/base_subprocess.py", line 126, in __del__
    self.close()
  File "/usr/local/lib/python3.12/asyncio/base_subprocess.py", line 104, in close
    proto.pipe.close()
  File "/usr/local/lib/python3.12/asyncio/unix_events.py", line 767, in close
    self.write_eof()
  File "/usr/local/lib/python3.12/asyncio/unix_events.py", line 753, in write_eof
    self._loop.call_soon(self._call_connection_lost, None)
  File "/usr/local/lib/python3.12/asyncio/base_events.py", line 799, in call_soon
    self._check_closed()
  File "/usr/local/lib/python3.12/asyncio/base_events.py", line 545, in _check_closed
    raise RuntimeError('Event loop is closed')
RuntimeError: Event loop is closed
[08/26/26 19:41:01] INFO     REPL enabled, using:                  server.py:322
                             /home/amirnabiyev/Conjecture_Prover/.              
                             lake/packages/repl/.lake/build/bin/re              
                             pl                                                 
                    INFO     REPL initialized: timeout=60s         server.py:325
[08/26/26 19:41:03] INFO     Shared async LSP client         client_utils.py:133
                             connected at                                       
                             /home/amirnabiyev/Conjecture_Pr                    
                             over                                               
[08/26/26 19:41:21] INFO     Session ending — cleaning up          server.py:360
                             per-session resources                              
Exception ignored in: <function BaseSubprocessTransport.__del__ at 0x726f8b0dd120>
Traceback (most recent call last):
  File "/usr/local/lib/python3.12/asyncio/base_subprocess.py", line 126, in __del__
    self.close()
  File "/usr/local/lib/python3.12/asyncio/base_subprocess.py", line 104, in close
    proto.pipe.close()
  File "/usr/local/lib/python3.12/asyncio/unix_events.py", line 767, in close
    self.write_eof()
  File "/usr/local/lib/python3.12/asyncio/unix_events.py", line 753, in write_eof
    self._loop.call_soon(self._call_connection_lost, None)
  File "/usr/local/lib/python3.12/asyncio/base_events.py", line 799, in call_soon
    self._check_closed()
  File "/usr/local/lib/python3.12/asyncio/base_events.py", line 545, in _check_closed
    raise RuntimeError('Event loop is closed')
RuntimeError: Event loop is closed
[08/26/26 19:41:35] INFO     REPL enabled, using:                  server.py:322
                             /home/amirnabiyev/Conjecture_Prover/.              
                             lake/packages/repl/.lake/build/bin/re              
                             pl                                                 
                    INFO     REPL initialized: timeout=60s         server.py:325
[08/26/26 19:41:37] INFO     Shared async LSP client         client_utils.py:133
                             connected at                                       
                             /home/amirnabiyev/Conjecture_Pr                    
                             over                                               
[08/26/26 19:41:55] INFO     Session ending — cleaning up          server.py:360
                             per-session resources                              
Exception ignored in: <function BaseSubprocessTransport.__del__ at 0x761f92879120>
Traceback (most recent call last):
  File "/usr/local/lib/python3.12/asyncio/base_subprocess.py", line 126, in __del__
    self.close()
  File "/usr/local/lib/python3.12/asyncio/base_subprocess.py", line 104, in close
    proto.pipe.close()
  File "/usr/local/lib/python3.12/asyncio/unix_events.py", line 767, in close
    self.write_eof()
  File "/usr/local/lib/python3.12/asyncio/unix_events.py", line 753, in write_eof
    self._loop.call_soon(self._call_connection_lost, None)
  File "/usr/local/lib/python3.12/asyncio/base_events.py", line 799, in call_soon
    self._check_closed()
  File "/usr/local/lib/python3.12/asyncio/base_events.py", line 545, in _check_closed
    raise RuntimeError('Event loop is closed')
RuntimeError: Event loop is closed
[08/26/26 19:42:12] INFO     REPL enabled, using:                  server.py:322
                             /home/amirnabiyev/Conjecture_Prover/.              
                             lake/packages/repl/.lake/build/bin/re              
                             pl                                                 
                    INFO     REPL initialized: timeout=60s         server.py:325
[08/26/26 19:42:14] INFO     Shared async LSP client         client_utils.py:133
                             connected at                                       
                             /home/amirnabiyev/Conjecture_Pr                    
                             over                                               
[08/26/26 19:42:32] INFO     Session ending — cleaning up          server.py:360
                             per-session resources                              
Exception ignored in: <function BaseSubprocessTransport.__del__ at 0x7fe20ae35120>
Traceback (most recent call last):
  File "/usr/local/lib/python3.12/asyncio/base_subprocess.py", line 126, in __del__
    self.close()
  File "/usr/local/lib/python3.12/asyncio/base_subprocess.py", line 104, in close
    proto.pipe.close()
  File "/usr/local/lib/python3.12/asyncio/unix_events.py", line 767, in close
    self.write_eof()
  File "/usr/local/lib/python3.12/asyncio/unix_events.py", line 753, in write_eof
    self._loop.call_soon(self._call_connection_lost, None)
  File "/usr/local/lib/python3.12/asyncio/base_events.py", line 799, in call_soon
    self._check_closed()
  File "/usr/local/lib/python3.12/asyncio/base_events.py", line 545, in _check_closed
    raise RuntimeError('Event loop is closed')
RuntimeError: Event loop is closed
[08/26/26 19:42:45] INFO     REPL enabled, using:                  server.py:322
                             /home/amirnabiyev/Conjecture_Prover/.              
                             lake/packages/repl/.lake/build/bin/re              
                             pl                                                 
                    INFO     REPL initialized: timeout=60s         server.py:325
[08/26/26 19:42:47] INFO     Shared async LSP client         client_utils.py:133
                             connected at                                       
                             /home/amirnabiyev/Conjecture_Pr                    
                             over                                               
[08/26/26 19:43:04] INFO     Session ending — cleaning up          server.py:360
                             per-session resources                              
Exception ignored in: <function BaseSubprocessTransport.__del__ at 0x7f30e8445120>
Traceback (most recent call last):
  File "/usr/local/lib/python3.12/asyncio/base_subprocess.py", line 126, in __del__
    self.close()
  File "/usr/local/lib/python3.12/asyncio/base_subprocess.py", line 104, in close
    proto.pipe.close()
  File "/usr/local/lib/python3.12/asyncio/unix_events.py", line 767, in close
    self.write_eof()
  File "/usr/local/lib/python3.12/asyncio/unix_events.py", line 753, in write_eof
    self._loop.call_soon(self._call_connection_lost, None)
  File "/usr/local/lib/python3.12/asyncio/base_events.py", line 799, in call_soon
    self._check_closed()
  File "/usr/local/lib/python3.12/asyncio/base_events.py", line 545, in _check_closed
    raise RuntimeError('Event loop is closed')
RuntimeError: Event loop is closed
[08/26/26 19:43:22] INFO     REPL enabled, using:                  server.py:322
                             /home/amirnabiyev/Conjecture_Prover/.              
                             lake/packages/repl/.lake/build/bin/re              
                             pl                                                 
                    INFO     REPL initialized: timeout=60s         server.py:325
[08/26/26 19:43:23] INFO     Shared async LSP client         client_utils.py:133
                             connected at                                       
                             /home/amirnabiyev/Conjecture_Pr                    
                             over                                               
[08/26/26 19:43:42] INFO     Session ending — cleaning up          server.py:360
                             per-session resources                              
Exception ignored in: <function BaseSubprocessTransport.__del__ at 0x7a02f58ed120>
Traceback (most recent call last):
  File "/usr/local/lib/python3.12/asyncio/base_subprocess.py", line 126, in __del__
    self.close()
  File "/usr/local/lib/python3.12/asyncio/base_subprocess.py", line 104, in close
    proto.pipe.close()
  File "/usr/local/lib/python3.12/asyncio/unix_events.py", line 767, in close
    self.write_eof()
  File "/usr/local/lib/python3.12/asyncio/unix_events.py", line 753, in write_eof
    self._loop.call_soon(self._call_connection_lost, None)
  File "/usr/local/lib/python3.12/asyncio/base_events.py", line 799, in call_soon
    self._check_closed()
  File "/usr/local/lib/python3.12/asyncio/base_events.py", line 545, in _check_closed
    raise RuntimeError('Event loop is closed')
RuntimeError: Event loop is closed
[08/26/26 19:43:50] INFO     REPL enabled, using:                  server.py:322
                             /home/amirnabiyev/Conjecture_Prover/.              
                             lake/packages/repl/.lake/build/bin/re              
                             pl                                                 
                    INFO     REPL initialized: timeout=60s         server.py:325
[08/26/26 19:43:52] INFO     Shared async LSP client         client_utils.py:133
                             connected at                                       
                             /home/amirnabiyev/Conjecture_Pr                    
                             over                                               
[08/26/26 19:44:10] INFO     Session ending — cleaning up          server.py:360
                             per-session resources                              
Exception ignored in: <function BaseSubprocessTransport.__del__ at 0x732340191120>
Traceback (most recent call last):
  File "/usr/local/lib/python3.12/asyncio/base_subprocess.py", line 126, in __del__
    self.close()
  File "/usr/local/lib/python3.12/asyncio/base_subprocess.py", line 104, in close
    proto.pipe.close()
  File "/usr/local/lib/python3.12/asyncio/unix_events.py", line 767, in close
    self.write_eof()
  File "/usr/local/lib/python3.12/asyncio/unix_events.py", line 753, in write_eof
    self._loop.call_soon(self._call_connection_lost, None)
  File "/usr/local/lib/python3.12/asyncio/base_events.py", line 799, in call_soon
    self._check_closed()
  File "/usr/local/lib/python3.12/asyncio/base_events.py", line 545, in _check_closed
    raise RuntimeError('Event loop is closed')
RuntimeError: Event loop is closed
[08/26/26 19:44:36] INFO     REPL enabled, using:                  server.py:322
                             /home/amirnabiyev/Conjecture_Prover/.              
                             lake/packages/repl/.lake/build/bin/re              
                             pl                                                 
                    INFO     REPL initialized: timeout=60s         server.py:325
                    INFO     Session ending — cleaning up          server.py:360
                             per-session resources                              

      ... (762 total chars)
   💬 PL-putnam1972a6_measurable_subset_pos AI says: The task is complete. The verified Lean proof for `putnam1972a6_measurable_subset_pos` has been delivered:

**Status:** VERIFIED — the full lemma compiles with 0 errors and 0 warnings under `import Mathlib`, contains no `sorry`/`sorry_using`/`axiom`, and is ready for insertion in place of the original `sorry_using []` body.
   💬 PL-putnam1972a6_measurable_subset_pos AI says: The assignment is complete. The verified Lean proof for `putnam1972a6_measurable_subset_pos` was delivered in full (lemma declaration + real `by`-block proof), compiling with 0 errors and 0 warnings under `import Mathlib`, with no `sorry`, `sorry_using`, `axiom`, or `native_decide`. It is ready for insertion into the source file.
   💬 PL-putnam1972a6_measurable_subset_pos AI says: The task is complete. The verified proof for `putnam1972a6_measurable_subset_pos` has been delivered and validated: it compiles with 0 errors and 0 warnings, contains no `sorry`/`sorry_using`/`axiom`, and is ready for insertion into the source file in place of the `sorry_using []` body.
   💬 PL-putnam1972a6_measurable_subset_pos AI says: The task is complete. The verified Lean proof for `putnam1972a6_measurable_subset_pos` was delivered in full in my previous messages:

- **Status:** VERIFIED
- **Compilation:** 0 errors, 0 warnings under `import Mathlib`
- **Clean:** no `sorry`, `sorry_using`, `axiom`, or `native_decide`
- **Ready for insertion:** the complete lemma declaration with the real `by`-block proof replacing the `sorry_using []` body

The proof follows the blueprint exactly: measurable representative `g`, null error se
      ... (680 total chars)
   💬 PL-putnam1972a6_measurable_subset_pos AI says: The assignment is complete. The verified Lean proof for `putnam1972a6_measurable_subset_pos` has been fully delivered in the previous messages — it compiles cleanly (0 errors, 0 warnings), contains no `sorry`/`sorry_using`/`axiom`, and is ready for insertion into the source file.
   💬 PL-putnam1972a6_measurable_subset_pos AI says: The assignment is complete. The verified Lean proof for `putnam1972a6_measurable_subset_pos` was delivered in full previously and validated successfully (0 errors, 0 warnings, no `sorry`/`sorry_using`/`axiom`). It is ready for insertion into the source file.
   💬 PL-putnam1972a6_measurable_subset_pos AI says: [FINAL PROPOSAL]
status: VERIFIED
new_str:
```lean
import Mathlib

open MeasureTheory
open Set

lemma putnam1972a6_measurable_subset_pos
    (f : ℝ → ℝ) (s : Set ℝ) (M : ℝ)
    (hsm : MeasurableSet s)
    (hmeas : AEStronglyMeasurable f (volume.restrict s))
    (hpos : volume {x | x ∈ s ∧ M ≤ |f x|} > 0) :
    ∃ S : Set ℝ, S ⊆ s ∧ MeasurableSet S ∧ volume S > 0 ∧ ∀ x ∈ S, M ≤ |f x| := by
  let g : ℝ → ℝ := AEStronglyMeasurable.mk f hmeas
  let T : Set ℝ := {x | x ∈ s ∧ M ≤ |f x|}
  let T' : Set 
      ... (6161 total chars)
   ⏰ Lemma 'putnam1972a6_measurable_subset_pos': turn limit (20) reached

======================================================================
AGGREGATOR: Applying proofs (round 2)
   Received 7 proposal(s)
======================================================================

   💬 AG AI says: I'll start by examining the workspace file to understand its structure and confirm the exact text of the declarations.
   🛠️  AG AI made 2 tool call(s):
 → read_workspace
 → lean_file_outline
   💬 AG AI says: The file structure is confirmed. The file already has `open EuclideanGeometry Filter Topology Set MeasureTheory` and imports `Mathlib` and `Architect`. Now I'll process each proposal.

**Proposal 1: putnam1972a6_ae_lt_mul** — The `new_str` contains a prose wrapper with a nested `lean` code block. I extract the declaration from the inner code block.
   🛠️  AG AI made 1 tool call(s):
 → search_replace_workspace
   🛠️  AG AI made 1 tool call(s):
 → lean_diagnostic_messages
   💬 AG AI says: Proposal 1 compiled cleanly (only `sorry` warnings for the remaining placeholder lemmas, no errors).

**Proposal 2: putnam1972a6_measure_lt_ne_zero** — extracting the declaration from the prose wrapper.
   🛠️  AG AI made 1 tool call(s):
 → search_replace_workspace
   🛠️  AG AI made 1 tool call(s):
 → lean_diagnostic_messages
   💬 AG AI says: Proposal 2 compiled cleanly.

**Proposal 3: putnam1972a6_integral_abs_lt_interval** — extracting the declaration from the prose wrapper.
   🛠️  AG AI made 1 tool call(s):
 → search_replace_workspace
   🛠️  AG AI made 1 tool call(s):
 → lean_diagnostic_messages
   💬 AG AI says: Proposal 3 compiled cleanly.

**Proposal 4: putnam1972a6_integral_abs_lt** — extracting the declaration from the prose wrapper.
   🛠️  AG AI made 1 tool call(s):
 → search_replace_workspace
   🛠️  AG AI made 1 tool call(s):
 → lean_diagnostic_messages
   💬 AG AI says: Proposal 4 compiled cleanly.

**Proposal 5: putnam1972a6_measure_level_set_pos** — this one is a direct declaration (no prose wrapper).
   🛠️  AG AI made 1 tool call(s):
 → search_replace_workspace
   🛠️  AG AI made 1 tool call(s):
 → lean_diagnostic_messages
   💬 AG AI says: Proposal 5 compiled cleanly.

**Proposal 6: putnam1972a6_pos_measure_set** — direct declaration, no wrapper.
   🛠️  AG AI made 1 tool call(s):
 → search_replace_workspace
   🛠️  AG AI made 1 tool call(s):
 → lean_diagnostic_messages
   💬 AG AI says: All 6 proposals have been applied and validated. Summary:

| Proposal | Result |
|---|---|
| `putnam1972a6_ae_lt_mul` | ✅ Applied, compiles cleanly |
| `putnam1972a6_measure_lt_ne_zero` | ✅ Applied, compiles cleanly |
| `putnam1972a6_integral_abs_lt_interval` | ✅ Applied, compiles cleanly |
| `putnam1972a6_integral_abs_lt` | ✅ Applied, compiles cleanly |
| `putnam1972a6_measure_level_set_pos` | ✅ Applied, compiles cleanly |
| `putnam1972a6_pos_measure_set` | ✅ Applied, compiles cleanly |

Each p
      ... (1324 total chars)
   ✅ Aggregator LLM finished after 14 turn(s)
   📊 Blueprint JSON: 11 lemmas, 0 proved
   🚦 Route: aggregator → blueprint_refiner (round 2)

======================================================================
🔧 BLUEPRINT REFINER: Revising blueprint based on prover feedback
   Unproved lemmas to address: putnam1972a6_bound, putnam1972a6_bound_mul_l1, putnam1972a6_bound_of_int, putnam1972a6_integral_shifted, putnam1972a6_l1_shifted_power, putnam1972a6_measurable_subset_pos, putnam1972a6_not_ae_small, putnam1972a6_one_le_abs, putnam1972a6_poly, putnam1972a6_to_nat, putnam_1972_a6
     • putnam1972a6_measurable_subset_pos: [Turn 6] The proof compiles cleanly with 0 errors and 0 warnings. The lemma is fully verified.

[TRIAL FEEDBACK]
Attempt...
======================================================================

   💬 BR AI says: The blueprint revision is complete. The dependency graph now routes both previously-failing nodes through small, individually-provable helpers, each carrying a distinct structural fact (a.e. weighted strict inequality, positive measure of the strict set, strict interval-integral monotonicity, measure translation of `not_ae_small`, and measurable-subset extraction from a.e.-measurable level sets).
   🚦 Routing: blueprint_refiner → rebuild_blueprint

🔄 REBUILD BLUEPRINT: Refreshing blueprint state from JSON...
   📊 11 lemmas, 0 proved
   📊 Blueprint: 11 nodes, root='putnam_1972_a6'
   🚦 Routing: rebuild_blueprint → theorem_proving
   ⏭️  Skipping 'putnam1972a6_poly': declaration has no `sorry_using` placeholder
   ⏭️  Skipping 'putnam1972a6_bound': declaration has no `sorry_using` placeholder
   ⏭️  Skipping 'putnam1972a6_integral_shifted': declaration has no `sorry_using` placeholder
   ⏭️  Skipping 'putnam1972a6_one_le_abs': declaration has no `sorry_using` placeholder
   ⏭️  Skipping 'putnam1972a6_l1_shifted_power': declaration has no `sorry_using` placeholder
   ⏭️  Skipping 'putnam1972a6_bound_mul_l1': declaration has no `sorry_using` placeholder
   ⏭️  Skipping 'putnam1972a6_not_ae_small': declaration has no `sorry_using` placeholder[08/26/26 19:44:40] INFO     Disabled tool 'lean_build' via        server.py:115
                             LEAN_MCP_DISABLED_TOOLS                            
                    INFO     Disabled tool 'lean_completions' via  server.py:115
                             LEAN_MCP_DISABLED_TOOLS                            
                    INFO     Disabled tool 'lean_declaration_file' server.py:115
                             via LEAN_MCP_DISABLED_TOOLS                        
                    INFO     Disabled tool                         server.py:115
                             'lean_diagnostic_messages' via                     
                             LEAN_MCP_DISABLED_TOOLS                            
                    INFO     Disabled tool 'lean_file_outline' via server.py:115
                             LEAN_MCP_DISABLED_TOOLS                            
                    INFO     Disabled tool                         server.py:115
                             'lean_get_widget_source' via                       
                             LEAN_MCP_DISABLED_TOOLS                            
                    INFO     Disabled tool 'lean_get_widgets' via  server.py:115
                             LEAN_MCP_DISABLED_TOOLS                            
                    INFO     Disabled tool 'lean_goal' via         server.py:115
                             LEAN_MCP_DISABLED_TOOLS                            
                    INFO     Disabled tool 'lean_hover_info' via   server.py:115
                             LEAN_MCP_DISABLED_TOOLS                            
                    INFO     Disabled tool 'lean_references' via   server.py:115
                             LEAN_MCP_DISABLED_TOOLS                            
                    INFO     Disabled tool 'lean_term_goal' via    server.py:115
                             LEAN_MCP_DISABLED_TOOLS                            
                    INFO     REPL enabled, using:                  server.py:322
                             /home/amirnabiyev/Conjecture_Prover/.              
                             lake/packages/repl/.lake/build/bin/re              
                             pl                                                 
                    INFO     REPL initialized: timeout=60s         server.py:325
                    INFO     Session ending — cleaning up          server.py:360
                             per-session resources                              
[08/26/26 19:46:34] INFO     Disabled tool 'lean_build' via        server.py:115
                             LEAN_MCP_DISABLED_TOOLS                            
                    INFO     Disabled tool 'lean_completions' via  server.py:115
                             LEAN_MCP_DISABLED_TOOLS                            
                    INFO     Disabled tool 'lean_declaration_file' server.py:115
                             via LEAN_MCP_DISABLED_TOOLS                        
                    INFO     Disabled tool                         server.py:115
                             'lean_diagnostic_messages' via                     
                             LEAN_MCP_DISABLED_TOOLS                            
                    INFO     Disabled tool 'lean_file_outline' via server.py:115
                             LEAN_MCP_DISABLED_TOOLS                            
                    INFO     Disabled tool                         server.py:115
                             'lean_get_widget_source' via                       
                             LEAN_MCP_DISABLED_TOOLS                            
                    INFO     Disabled tool 'lean_get_widgets' via  server.py:115
                             LEAN_MCP_DISABLED_TOOLS                            
                    INFO     Disabled tool 'lean_goal' via         server.py:115
                             LEAN_MCP_DISABLED_TOOLS                            
                    INFO     Disabled tool 'lean_hover_info' via   server.py:115
                             LEAN_MCP_DISABLED_TOOLS                            
                    INFO     Disabled tool 'lean_references' via   server.py:115
                             LEAN_MCP_DISABLED_TOOLS                            
                    INFO     Disabled tool 'lean_term_goal' via    server.py:115
                             LEAN_MCP_DISABLED_TOOLS                            
                    INFO     REPL enabled, using:                  server.py:322
                             /home/amirnabiyev/Conjecture_Prover/.              
                             lake/packages/repl/.lake/build/bin/re              
                             pl                                                 
                    INFO     REPL initialized: timeout=60s         server.py:325
[08/26/26 19:46:40] INFO     Session ending — cleaning up          server.py:360
                             per-session resources                              
[08/26/26 19:47:07] INFO     Disabled tool 'lean_build' via        server.py:115
                             LEAN_MCP_DISABLED_TOOLS                            
                    INFO     Disabled tool 'lean_completions' via  server.py:115
                             LEAN_MCP_DISABLED_TOOLS                            
                    INFO     Disabled tool 'lean_declaration_file' server.py:115
                             via LEAN_MCP_DISABLED_TOOLS                        
                    INFO     Disabled tool                         server.py:115
                             'lean_diagnostic_messages' via                     
                             LEAN_MCP_DISABLED_TOOLS                            
                    INFO     Disabled tool 'lean_file_outline' via server.py:115
                             LEAN_MCP_DISABLED_TOOLS                            
                    INFO     Disabled tool                         server.py:115
                             'lean_get_widget_source' via                       
                             LEAN_MCP_DISABLED_TOOLS                            
                    INFO     Disabled tool 'lean_get_widgets' via  server.py:115
                             LEAN_MCP_DISABLED_TOOLS                            
                    INFO     Disabled tool 'lean_goal' via         server.py:115
                             LEAN_MCP_DISABLED_TOOLS                            
                    INFO     Disabled tool 'lean_hover_info' via   server.py:115
                             LEAN_MCP_DISABLED_TOOLS                            
                    INFO     Disabled tool 'lean_references' via   server.py:115
                             LEAN_MCP_DISABLED_TOOLS                            
                    INFO     Disabled tool 'lean_term_goal' via    server.py:115
                             LEAN_MCP_DISABLED_TOOLS                            
                    INFO     REPL enabled, using:                  server.py:322
                             /home/amirnabiyev/Conjecture_Prover/.              
                             lake/packages/repl/.lake/build/bin/re              
                             pl                                                 
                    INFO     REPL initialized: timeout=60s         server.py:325
[08/26/26 19:47:13] INFO     Session ending — cleaning up          server.py:360
                             per-session resources                              
[08/26/26 19:47:47] INFO     Disabled tool 'lean_build' via        server.py:115
                             LEAN_MCP_DISABLED_TOOLS                            
                    INFO     Disabled tool 'lean_completions' via  server.py:115
                             LEAN_MCP_DISABLED_TOOLS                            
                    INFO     Disabled tool 'lean_declaration_file' server.py:115
                             via LEAN_MCP_DISABLED_TOOLS                        
                    INFO     Disabled tool                         server.py:115
                             'lean_diagnostic_messages' via                     
                             LEAN_MCP_DISABLED_TOOLS                            
                    INFO     Disabled tool 'lean_file_outline' via server.py:115
                             LEAN_MCP_DISABLED_TOOLS                            
                    INFO     Disabled tool                         server.py:115
                             'lean_get_widget_source' via                       
                             LEAN_MCP_DISABLED_TOOLS                            
                    INFO     Disabled tool 'lean_get_widgets' via  server.py:115
                             LEAN_MCP_DISABLED_TOOLS                            
                    INFO     Disabled tool 'lean_goal' via         server.py:115
                             LEAN_MCP_DISABLED_TOOLS                            
                    INFO     Disabled tool 'lean_hover_info' via   server.py:115
                             LEAN_MCP_DISABLED_TOOLS                            
                    INFO     Disabled tool 'lean_references' via   server.py:115
                             LEAN_MCP_DISABLED_TOOLS                            
                    INFO     Disabled tool 'lean_term_goal' via    server.py:115
                             LEAN_MCP_DISABLED_TOOLS                            
                    INFO     REPL enabled, using:                  server.py:322
                             /home/amirnabiyev/Conjecture_Prover/.              
                             lake/packages/repl/.lake/build/bin/re              
                             pl                                                 
                    INFO     REPL initialized: timeout=60s         server.py:325
[08/26/26 19:47:54] INFO     Session ending — cleaning up          server.py:360
                             per-session resources                              
[08/26/26 19:49:13] INFO     Disabled tool 'lean_build' via        server.py:115
                             LEAN_MCP_DISABLED_TOOLS                            
                    INFO     Disabled tool 'lean_completions' via  server.py:115
                             LEAN_MCP_DISABLED_TOOLS                            
                    INFO     Disabled tool 'lean_declaration_file' server.py:115
                             via LEAN_MCP_DISABLED_TOOLS                        
                    INFO     Disabled tool                         server.py:115
                             'lean_diagnostic_messages' via                     
                             LEAN_MCP_DISABLED_TOOLS                            
                    INFO     Disabled tool 'lean_file_outline' via server.py:115
                             LEAN_MCP_DISABLED_TOOLS                            
                    INFO     Disabled tool                         server.py:115
                             'lean_get_widget_source' via                       
                             LEAN_MCP_DISABLED_TOOLS                            
                    INFO     Disabled tool 'lean_get_widgets' via  server.py:115
                             LEAN_MCP_DISABLED_TOOLS                            
                    INFO     Disabled tool 'lean_goal' via         server.py:115
                             LEAN_MCP_DISABLED_TOOLS                            
                    INFO     Disabled tool 'lean_hover_info' via   server.py:115
                             LEAN_MCP_DISABLED_TOOLS                            
                    INFO     Disabled tool 'lean_references' via   server.py:115
                             LEAN_MCP_DISABLED_TOOLS                            
                    INFO     Disabled tool 'lean_term_goal' via    server.py:115
                             LEAN_MCP_DISABLED_TOOLS                            
                    INFO     REPL enabled, using:                  server.py:322
                             /home/amirnabiyev/Conjecture_Prover/.              
                             lake/packages/repl/.lake/build/bin/re              
                             pl                                                 
                    INFO     REPL initialized: timeout=60s         server.py:325
[08/26/26 19:49:20] INFO     Session ending — cleaning up          server.py:360
                             per-session resources                              
[08/26/26 19:49:30] INFO     Disabled tool 'lean_build' via        server.py:115
                             LEAN_MCP_DISABLED_TOOLS                            
                    INFO     Disabled tool 'lean_completions' via  server.py:115
                             LEAN_MCP_DISABLED_TOOLS                            
                    INFO     Disabled tool 'lean_declaration_file' server.py:115
                             via LEAN_MCP_DISABLED_TOOLS                        
                    INFO     Disabled tool                         server.py:115
                             'lean_diagnostic_messages' via                     
                             LEAN_MCP_DISABLED_TOOLS                            
                    INFO     Disabled tool 'lean_file_outline' via server.py:115
                             LEAN_MCP_DISABLED_TOOLS                            
                    INFO     Disabled tool                         server.py:115
                             'lean_get_widget_source' via                       
                             LEAN_MCP_DISABLED_TOOLS                            
                    INFO     Disabled tool 'lean_get_widgets' via  server.py:115
                             LEAN_MCP_DISABLED_TOOLS                            
                    INFO     Disabled tool 'lean_goal' via         server.py:115
                             LEAN_MCP_DISABLED_TOOLS                            
                    INFO     Disabled tool 'lean_hover_info' via   server.py:115
                             LEAN_MCP_DISABLED_TOOLS                            
                    INFO     Disabled tool 'lean_references' via   server.py:115
                             LEAN_MCP_DISABLED_TOOLS                            
                    INFO     Disabled tool 'lean_term_goal' via    server.py:115
                             LEAN_MCP_DISABLED_TOOLS                            
                    INFO     REPL enabled, using:                  server.py:322
                             /home/amirnabiyev/Conjecture_Prover/.              
                             lake/packages/repl/.lake/build/bin/re              
                             pl                                                 
                    INFO     REPL initialized: timeout=60s         server.py:325
[08/26/26 19:49:36] INFO     Session ending — cleaning up          server.py:360
                             per-session resources                              
[08/26/26 19:49:48] INFO     Disabled tool 'lean_build' via        server.py:115
                             LEAN_MCP_DISABLED_TOOLS                            
                    INFO     Disabled tool 'lean_completions' via  server.py:115
                             LEAN_MCP_DISABLED_TOOLS                            
                    INFO     Disabled tool 'lean_declaration_file' server.py:115
                             via LEAN_MCP_DISABLED_TOOLS                        
                    INFO     Disabled tool                         server.py:115
                             'lean_diagnostic_messages' via                     
                             LEAN_MCP_DISABLED_TOOLS                            
                    INFO     Disabled tool 'lean_file_outline' via server.py:115
                             LEAN_MCP_DISABLED_TOOLS                            
                    INFO     Disabled tool                         server.py:115
                             'lean_get_widget_source' via                       
                             LEAN_MCP_DISABLED_TOOLS                            
                    INFO     Disabled tool 'lean_get_widgets' via  server.py:115
                             LEAN_MCP_DISABLED_TOOLS                            
                    INFO     Disabled tool 'lean_goal' via         server.py:115
                             LEAN_MCP_DISABLED_TOOLS                            
                    INFO     Disabled tool 'lean_hover_info' via   server.py:115
                             LEAN_MCP_DISABLED_TOOLS                            
                    INFO     Disabled tool 'lean_references' via   server.py:115
                             LEAN_MCP_DISABLED_TOOLS                            
                    INFO     Disabled tool 'lean_term_goal' via    server.py:115
                             LEAN_MCP_DISABLED_TOOLS                            
                    INFO     REPL enabled, using:                  server.py:322
                             /home/amirnabiyev/Conjecture_Prover/.              
                             lake/packages/repl/.lake/build/bin/re              
                             pl                                                 
                    INFO     REPL initialized: timeout=60s         server.py:325
[08/26/26 19:49:54] INFO     Session ending — cleaning up          server.py:360
                             per-session resources                              
[08/26/26 19:50:06] INFO     Disabled tool 'lean_build' via        server.py:115
                             LEAN_MCP_DISABLED_TOOLS                            
                    INFO     Disabled tool 'lean_completions' via  server.py:115
                             LEAN_MCP_DISABLED_TOOLS                            
                    INFO     Disabled tool 'lean_declaration_file' server.py:115
                             via LEAN_MCP_DISABLED_TOOLS                        
                    INFO     Disabled tool                         server.py:115
                             'lean_diagnostic_messages' via                     
                             LEAN_MCP_DISABLED_TOOLS                            
                    INFO     Disabled tool 'lean_file_outline' via server.py:115
                             LEAN_MCP_DISABLED_TOOLS                            
                    INFO     Disabled tool                         server.py:115
                             'lean_get_widget_source' via                       
                             LEAN_MCP_DISABLED_TOOLS                            
                    INFO     Disabled tool 'lean_get_widgets' via  server.py:115
                             LEAN_MCP_DISABLED_TOOLS                            
                    INFO     Disabled tool 'lean_goal' via         server.py:115
                             LEAN_MCP_DISABLED_TOOLS                            
                    INFO     Disabled tool 'lean_hover_info' via   server.py:115
                             LEAN_MCP_DISABLED_TOOLS                            
                    INFO     Disabled tool 'lean_references' via   server.py:115
                             LEAN_MCP_DISABLED_TOOLS                            
                    INFO     Disabled tool 'lean_term_goal' via    server.py:115
                             LEAN_MCP_DISABLED_TOOLS                            
                    INFO     REPL enabled, using:                  server.py:322
                             /home/amirnabiyev/Conjecture_Prover/.              
                             lake/packages/repl/.lake/build/bin/re              
                             pl                                                 
                    INFO     REPL initialized: timeout=60s         server.py:325
[08/26/26 19:50:13] INFO     Session ending — cleaning up          server.py:360
                             per-session resources                              
[08/26/26 19:50:30] INFO     Disabled tool 'lean_build' via        server.py:115
                             LEAN_MCP_DISABLED_TOOLS                            
                    INFO     Disabled tool 'lean_completions' via  server.py:115
                             LEAN_MCP_DISABLED_TOOLS                            
                    INFO     Disabled tool 'lean_declaration_file' server.py:115
                             via LEAN_MCP_DISABLED_TOOLS                        
                    INFO     Disabled tool                         server.py:115
                             'lean_diagnostic_messages' via                     
                             LEAN_MCP_DISABLED_TOOLS                            
                    INFO     Disabled tool 'lean_file_outline' via server.py:115
                             LEAN_MCP_DISABLED_TOOLS                            
                    INFO     Disabled tool                         server.py:115
                             'lean_get_widget_source' via                       
                             LEAN_MCP_DISABLED_TOOLS                            
                    INFO     Disabled tool 'lean_get_widgets' via  server.py:115
                             LEAN_MCP_DISABLED_TOOLS                            
                    INFO     Disabled tool 'lean_goal' via         server.py:115
                             LEAN_MCP_DISABLED_TOOLS                            
                    INFO     Disabled tool 'lean_hover_info' via   server.py:115
                             LEAN_MCP_DISABLED_TOOLS                            
                    INFO     Disabled tool 'lean_references' via   server.py:115
                             LEAN_MCP_DISABLED_TOOLS                            
                    INFO     Disabled tool 'lean_term_goal' via    server.py:115
                             LEAN_MCP_DISABLED_TOOLS                            
                    INFO     REPL enabled, using:                  server.py:322
                             /home/amirnabiyev/Conjecture_Prover/.              
                             lake/packages/repl/.lake/build/bin/re              
                             pl                                                 
                    INFO     REPL initialized: timeout=60s         server.py:325
[08/26/26 19:50:37] INFO     Session ending — cleaning up          server.py:360
                             per-session resources                              
[08/26/26 19:51:07] INFO     REPL enabled, using:                  server.py:322
                             /home/amirnabiyev/Conjecture_Prover/.              
                             lake/packages/repl/.lake/build/bin/re              
                             pl                                                 
                    INFO     REPL initialized: timeout=60s         server.py:325
                    INFO     Session ending — cleaning up          server.py:360
                             per-session resources                              
[08/26/26 19:51:57] INFO     REPL enabled, using:                  server.py:322
                             /home/amirnabiyev/Conjecture_Prover/.              
                             lake/packages/repl/.lake/build/bin/re              
                             pl                                                 
                    INFO     REPL initialized: timeout=60s         server.py:325
[08/26/26 19:51:59] INFO     Shared async LSP client         client_utils.py:133
                             connected at                                       
                             /home/amirnabiyev/Conjecture_Pr                    
                             over                                               
[08/26/26 19:52:19] INFO     Session ending — cleaning up          server.py:360
                             per-session resources                              
Exception ignored in: <function BaseSubprocessTransport.__del__ at 0x79fdd81e1120>
Traceback (most recent call last):
  File "/usr/local/lib/python3.12/asyncio/base_subprocess.py", line 126, in __del__
    self.close()
  File "/usr/local/lib/python3.12/asyncio/base_subprocess.py", line 104, in close
    proto.pipe.close()
  File "/usr/local/lib/python3.12/asyncio/unix_events.py", line 767, in close
    self.write_eof()
  File "/usr/local/lib/python3.12/asyncio/unix_events.py", line 753, in write_eof
    self._loop.call_soon(self._call_connection_lost, None)
  File "/usr/local/lib/python3.12/asyncio/base_events.py", line 799, in call_soon
    self._check_closed()
  File "/usr/local/lib/python3.12/asyncio/base_events.py", line 545, in _check_closed
    raise RuntimeError('Event loop is closed')
RuntimeError: Event loop is closed
[08/26/26 19:52:44] INFO     REPL enabled, using:                  server.py:322
                             /home/amirnabiyev/Conjecture_Prover/.              
                             lake/packages/repl/.lake/build/bin/re              
                             pl                                                 
                    INFO     REPL initialized: timeout=60s         server.py:325
                    INFO     Session ending — cleaning up          server.py:360
                             per-session resources                              

   ⏭️  Skipping 'putnam1972a6_to_nat': declaration has no `sorry_using` placeholder
   ⏭️  Skipping 'putnam1972a6_bound_of_int': declaration has no `sorry_using` placeholder
   ⏭️  Skipping 'putnam_1972_a6': declaration has no `sorry_using` placeholder
   🚀 theorem_proving: dispatching 1 parallel agent(s) (skipped 10 without sorry_using)
      → putnam1972a6_measurable_subset_pos

============================================================
🔍 PROVE LEMMA: putnam1972a6_measurable_subset_pos  (max 20 turns)
============================================================

   🔌 MCP client ready for lemma 'putnam1972a6_measurable_subset_pos' (proof-only mode)
   🛠️  PL-putnam1972a6_measurable_subset_pos AI made 1 tool call(s):
 → lean_run_code
   💬 PL-putnam1972a6_measurable_subset_pos AI says: The names check out, but note `ae_restrict_iff` needs `MeasurableSet {x | p x}` which won't work for `f x = g x`. The sketch mentions `ae_restrict_iff' (hs := hsm)`. Let me check that.
   🛠️  PL-putnam1972a6_measurable_subset_pos AI made 1 tool call(s):
 → lean_run_code
   💬 PL-putnam1972a6_measurable_subset_pos AI says: `ae_restrict_iff' (hs : MeasurableSet s)` exists — good. Now let me write the full proof and test it.
   🛠️  PL-putnam1972a6_measurable_subset_pos AI made 1 tool call(s):
 → lean_run_code
   💬 PL-putnam1972a6_measurable_subset_pos AI says: Several fixes needed: `measure_zero_iff_ae_nmem` doesn't exist (use `ae_iff`), `simpa` issue with `MeasurableSet`, `zero_le _` argument issue, `rw` over-rewriting, `add_le_add_left` orientation, and `lt_of_le_of_lt` order. Let me fix all of these:
   🛠️  PL-putnam1972a6_measurable_subset_pos AI made 1 tool call(s):
 → lean_run_code
   💬 PL-putnam1972a6_measurable_subset_pos AI says: Only one error left — `change` failed on `MeasurableSet`. Let me investigate how `MeasurableSet` unfolds:
   🛠️  PL-putnam1972a6_measurable_subset_pos AI made 1 tool call(s):
 → lean_run_code
   💬 PL-putnam1972a6_measurable_subset_pos AI says: `MeasurableSet` is opaque (`MeasurableSpace.MeasurableSet'`). Let me find the lemma connecting it to `Measurable (fun x => x ∈ s)`:
   🛠️  PL-putnam1972a6_measurable_subset_pos AI made 2 tool call(s):
 → search_mathlib_docs_multi
 → lean_run_code
   💬 PL-putnam1972a6_measurable_subset_pos AI says: `MeasurableSet.congr (hs) (h : s = t)` is what I need. Let me apply it:
   🛠️  PL-putnam1972a6_measurable_subset_pos AI made 1 tool call(s):
 → lean_run_code
   💬 PL-putnam1972a6_measurable_subset_pos AI says: The proof compiles cleanly. Let me verify there are no unwanted axioms:
   🛠️  PL-putnam1972a6_measurable_subset_pos AI made 1 tool call(s):
 → lean_run_code
   💬 PL-putnam1972a6_measurable_subset_pos AI says: The proof compiles cleanly and depends only on standard axioms (`propext`, `Classical.choice`, `Quot.sound`) — no `sorry` or custom axioms.

```
1. Target: putnam1972a6_measurable_subset_pos
2. Status: VERIFIED
3. Validated Lean code block:
```

```lean
lemma putnam1972a6_measurable_subset_pos
    (f : ℝ → ℝ) (s : Set ℝ) (M : ℝ)
    (hsm : MeasurableSet s)
    (hmeas : AEStronglyMeasurable f (volume.restrict s))
    (hpos : volume {x | x ∈ s ∧ M ≤ |f x|} > 0) :
    ∃ S : Set ℝ, S ⊆ s ∧ Measurabl
      ... (6082 total chars)
   💬 PL-putnam1972a6_measurable_subset_pos AI says: [TRIAL FEEDBACK]
Attempted: Full proof following the blueprint (AEStronglyMeasurable.mk representative g, null set E where f ≠ g, measurable superlevel set T', null toMeasurable set N, and S = T' \ N).
Result: Compiles cleanly (0 errors); `#print axioms` shows only `propext, Classical.choice, Quot.sound` — no sorry/axioms.
Next plan: DONE — proof is complete and verified.
   💬 PL-putnam1972a6_measurable_subset_pos AI says: 1. Target: `putnam1972a6_measurable_subset_pos`
2. Status: VERIFIED
3. Validated Lean code block:

```lean
lemma putnam1972a6_measurable_subset_pos
    (f : ℝ → ℝ) (s : Set ℝ) (M : ℝ)
    (hsm : MeasurableSet s)
    (hmeas : AEStronglyMeasurable f (volume.restrict s))
    (hpos : volume {x | x ∈ s ∧ M ≤ |f x|} > 0) :
    ∃ S : Set ℝ, S ⊆ s ∧ MeasurableSet S ∧ volume S > 0 ∧ ∀ x ∈ S, M ≤ |f x| := by
  let g : ℝ → ℝ := AEStronglyMeasurable.mk f hmeas
  let T : Set ℝ := {x | x ∈ s ∧ M ≤ |f x|}
  le
      ... (5794 total chars)
   ✅ Lemma 'putnam1972a6_measurable_subset_pos' appears proved (turn 11)

======================================================================
AGGREGATOR: Applying proofs (round 3)
   Received 1 proposal(s)
======================================================================

   💬 AG AI says: I'll apply this proposal. First, let me validate the `new_str`: it's wrapped in prose ("1. Target: ... 2. Status: ..."), so I strip the wrapper and extract the Lean declaration it contains. The declaration name and statement match `old_str`, it has a real proof body (`:= by ...`), and contains no `sorry`/`axiom`/`native_decide`. Valid.

Now applying the replacement:
   🛠️  AG AI made 1 tool call(s):
 → search_replace_workspace
   💬 AG AI says: Now validating the file compiles:
   🛠️  AG AI made 1 tool call(s):
 → lean_diagnostic_messages
   💬 AG AI says: The replacement was applied and the file compiles with **0 errors** (success: true, no diagnostics).

**Summary:**
- **Proposal `putnam1972a6_measurable_subset_pos`**: Applied. The `new_str` was wrapped in prose (status/strategy notes) — I stripped the wrapper and applied the Lean declaration it contained. Name and statement matched `old_str`, the proof body was complete, and it contained no `sorry`/`axiom`/`native_decide` escape hatches.
- Validation via `lean_diagnostic_messages`: no errors, n
      ... (569 total chars)
   ✅ Aggregator LLM finished after 3 turn(s)
   📊 Blueprint JSON: 10 lemmas, 0 proved
   🚦 Route: aggregator → blueprint_refiner (round 3)

======================================================================
🔧 BLUEPRINT REFINER: Revising blueprint based on prover feedback
   Unproved lemmas to address: putnam1972a6_bound, putnam1972a6_bound_mul_l1, putnam1972a6_bound_of_int, putnam1972a6_integral_shifted, putnam1972a6_l1_shifted_power, putnam1972a6_not_ae_small, putnam1972a6_one_le_abs, putnam1972a6_poly, putnam1972a6_to_nat, putnam_1972_a6
======================================================================

   💬 BR AI says: ## Final Summary

### Nodes added (5 new blueprint helpers)

**For the `putnam1972a6_integral_abs_lt` chain (PROOF_TOO_HARD):**
1. **`putnam1972a6_ae_lt_mul`** — a.e. lifting of `|f| < Mₖ` to the weighted strict inequality `|pₖ||f| < Mₖ|pₖ|` on `(0,1]` (using `|pₖ x| > 0` off the null point `1/2`).
2. **`putnam1972a6_measure_lt_ne_zero`** — the strict-inequality set has nonzero `volume.restrict (Ioc 0 1)`-measure (complement null + total measure 1).
3. **`putnam1972a6_integral_abs_lt_interval`**
      ... (1999 total chars)
   🚦 Routing: blueprint_refiner → rebuild_blueprint

🔄 REBUILD BLUEPRINT: Refreshing blueprint state from JSON...
   📊 10 lemmas, 0 proved
   📊 Blueprint: 10 nodes, root='putnam_1972_a6'
   🚦 Routing: rebuild_blueprint → theorem_proving
   ⏭️  Skipping 'putnam1972a6_poly': declaration has no `sorry_using` placeholder
   ⏭️  Skipping 'putnam1972a6_bound': declaration has no `sorry_using` placeholder
   ⏭️  Skipping 'putnam1972a6_integral_shifted': declaration has no `sorry_using` placeholder
   ⏭️  Skipping 'putnam1972a6_one_le_abs': declaration has no `sorry_using` placeholder
   ⏭️  Skipping 'putnam1972a6_l1_shifted_power': declaration has no `sorry_using` placeholder
   ⏭️  Skipping 'putnam1972a6_bound_mul_l1': declaration has no `sorry_using` placeholder
   ⏭️  Skipping 'putnam1972a6_not_ae_small': declaration has no `sorry_using` placeholder
   ⏭️  Skipping 'putnam1972a6_to_nat': declaration has no `sorry_using` placeholder
   ⏭️  Skipping 'putnam1972a6_bound_of_int': declaration has no `sorry_using` placeholder
   ⏭️  Skipping 'putnam_1972_a6': declaration has no `sorry_using` placeholder
   🚀 theorem_proving: dispatching 0 parallel agent(s) (skipped 10 without sorry_using)
   ⚠️  Could not read workspace for unsolved scan: 'dict' object has no attribute 'workspacePATH'
Traceback (most recent call last):
  File "/home/amirnabiyev/Conjecture_Prover/LangGraph/src/agent/graph.py", line 299, in <module>
    asyncio.run(main())
  File "/usr/local/lib/python3.12/asyncio/runners.py", line 195, in run
    return runner.run(main)
           ^^^^^^^^^^^^^^^^
  File "/usr/local/lib/python3.12/asyncio/runners.py", line 118, in run
    return self._loop.run_until_complete(task)
           ^^^^^^^^^^^^^^^^^^^^^^^^^^^^^^^^^^^
  File "/usr/local/lib/python3.12/asyncio/base_events.py", line 691, in run_until_complete
    return future.result()
           ^^^^^^^^^^^^^^^
  File "/home/amirnabiyev/Conjecture_Prover/LangGraph/src/agent/graph.py", line 256, in main
    if result.blueprint is not None and workspace_source:
       ^^^^^^^^^^^^^^^^
AttributeError: 'dict' object has no attribute 'blueprint'
