Installed 43 packages in 27ms
[08/26/26 15:46:55] INFO     REPL enabled, using:                  server.py:322
                             /home/amirnabiyev/Conjecture_Prover/.              
                             lake/packages/repl/.lake/build/bin/re              
                             pl                                                 
                    INFO     REPL initialized: timeout=60s         server.py:325
                    INFO     Session ending — cleaning up          server.py:360
                             per-session resources                              
[08/26/26 15:46:57] INFO     REPL enabled, using:                  server.py:322
                             /home/amirnabiyev/Conjecture_Prover/.              
                             lake/packages/repl/.lake/build/bin/re              
                             pl                                                 
                    INFO     REPL initialized: timeout=60s         server.py:325
                    INFO     Session ending — cleaning up          server.py:360
                             per-session resources                              
[08/26/26 15:47:00] INFO     REPL enabled, using:                  server.py:322
                             /home/amirnabiyev/Conjecture_Prover/.              
                             lake/packages/repl/.lake/build/bin/re              
                             pl                                                 
                    INFO     REPL initialized: timeout=60s         server.py:325
                    INFO     Session ending — cleaning up          server.py:360
                             per-session resources                              
[08/26/26 15:47:05] INFO     REPL enabled, using:                  server.py:322
                             /home/amirnabiyev/Conjecture_Prover/.              
                             lake/packages/repl/.lake/build/bin/re              
                             pl                                                 
                    INFO     REPL initialized: timeout=60s         server.py:325
[08/26/26 15:47:11] INFO     Session ending — cleaning up          server.py:360
                             per-session resources                              
[08/26/26 15:47:13] INFO     REPL enabled, using:                  server.py:322
                             /home/amirnabiyev/Conjecture_Prover/.              
                             lake/packages/repl/.lake/build/bin/re              
                             pl                                                 
                    INFO     REPL initialized: timeout=60s         server.py:325
                    INFO     Session ending — cleaning up          server.py:360
                             per-session resources                              
[08/26/26 15:50:07] INFO     REPL enabled, using:                  server.py:322
                             /home/amirnabiyev/Conjecture_Prover/.              
                             lake/packages/repl/.lake/build/bin/re              
                             pl                                                 
                    INFO     REPL initialized: timeout=60s         server.py:325
                    INFO     Session ending — cleaning up          server.py:360
                             per-session resources                              
[08/26/26 15:50:14] INFO     REPL enabled, using:                  server.py:322
                             /home/amirnabiyev/Conjecture_Prover/.              
                             lake/packages/repl/.lake/build/bin/re              
                             pl                                                 
                    INFO     REPL initialized: timeout=60s         server.py:325
[08/26/26 15:50:21] INFO     Session ending — cleaning up          server.py:360
                             per-session resources                              
[08/26/26 15:50:22] INFO     REPL enabled, using:                  server.py:322
                             /home/amirnabiyev/Conjecture_Prover/.              
                             lake/packages/repl/.lake/build/bin/re              
                             pl                                                 
                    INFO     REPL initialized: timeout=60s         server.py:325
                    INFO     Session ending — cleaning up          server.py:360
                             per-session resources                              
[08/26/26 15:53:38] INFO     REPL enabled, using:                  server.py:322
                             /home/amirnabiyev/Conjecture_Prover/.              
                             lake/packages/repl/.lake/build/bin/re              
                             pl                                                 
                    INFO     REPL initialized: timeout=60s         server.py:325
                    INFO     Session ending — cleaning up          server.py:360
                             per-session resources                              
[08/26/26 15:53:47] INFO     REPL enabled, using:                  server.py:322
                             /home/amirnabiyev/Conjecture_Prover/.              
                             lake/packages/repl/.lake/build/bin/re              
                             pl                                                 
                    INFO     REPL initialized: timeout=60s         server.py:325
[08/26/26 15:53:47] INFO     REPL enabled, using:                  server.py:322
                             /home/amirnabiyev/Conjecture_Prover/.              
                             lake/packages/repl/.lake/build/bin/re              
                             pl                                                 
                    INFO     REPL initialized: timeout=60s         server.py:325
[08/26/26 15:53:48] INFO     Session ending — cleaning up          server.py:360
                             per-session resources                              
[08/26/26 15:53:53] INFO     Session ending — cleaning up          server.py:360
                             per-session resources                              
[08/26/26 15:53:55] INFO     REPL enabled, using:                  server.py:322
                             /home/amirnabiyev/Conjecture_Prover/.              
                             lake/packages/repl/.lake/build/bin/re              
                             pl                                                 
                    INFO     REPL initialized: timeout=60s         server.py:325
                    INFO     Session ending — cleaning up          server.py:360
                             per-session resources                              
[08/26/26 15:54:01] INFO     REPL enabled, using:                  server.py:322
                             /home/amirnabiyev/Conjecture_Prover/.              
                             lake/packages/repl/.lake/build/bin/re              
                             pl                                                 
                    INFO     REPL initialized: timeout=60s         server.py:325
[08/26/26 15:54:02] INFO     Session ending — cleaning up          server.py:360
                             per-session resources                              
[08/26/26 15:56:40] INFO     REPL enabled, using:                  server.py:322
                             /home/amirnabiyev/Conjecture_Prover/.              
                             lake/packages/repl/.lake/build/bin/re              
                             pl                                                 
                    INFO     REPL initialized: timeout=60s         server.py:325
                    INFO     Session ending — cleaning up          server.py:360
                             per-session resources                              
[08/26/26 15:56:51] INFO     REPL enabled, using:                  server.py:322
                             /home/amirnabiyev/Conjecture_Prover/.              
                             lake/packages/repl/.lake/build/bin/re              
                             pl                                                 
                    INFO     REPL initialized: timeout=60s         server.py:325
[08/26/26 15:56:52] INFO     Session ending — cleaning up          server.py:360
                             per-session resources                              
[08/26/26 15:56:53] INFO     REPL enabled, using:                  server.py:322
                             /home/amirnabiyev/Conjecture_Prover/.              
                             lake/packages/repl/.lake/build/bin/re              
                             pl                                                 
                    INFO     REPL initialized: timeout=60s         server.py:325
                    INFO     Session ending — cleaning up          server.py:360
                             per-session resources                              
[08/26/26 15:57:38] INFO     REPL enabled, using:                  server.py:322
                             /home/amirnabiyev/Conjecture_Prover/.              
                             lake/packages/repl/.lake/build/bin/re              
                             pl                                                 
                    INFO     REPL initialized: timeout=60s         server.py:325
[08/26/26 15:57:44] INFO     Session ending — cleaning up          server.py:360
                             per-session resources                              
[08/26/26 15:57:46] INFO     REPL enabled, using:                  server.py:322
                             /home/amirnabiyev/Conjecture_Prover/.              
                             lake/packages/repl/.lake/build/bin/re              
                             pl                                                 
                    INFO     REPL initialized: timeout=60s         server.py:325
                    INFO     Session ending — cleaning up          server.py:360
                             per-session resources                              
[08/26/26 15:57:54] INFO     REPL enabled, using:                  server.py:322
                             /home/amirnabiyev/Conjecture_Prover/.              
                             lake/packages/repl/.lake/build/bin/re              
                             pl                                                 
                    INFO     REPL initialized: timeout=60s         server.py:325
[08/26/26 15:57:55] INFO     Session ending — cleaning up          server.py:360
                             per-session resources                              
[08/26/26 15:57:59] INFO     REPL enabled, using:                  server.py:322
                             /home/amirnabiyev/Conjecture_Prover/.              
                             lake/packages/repl/.lake/build/bin/re              
                             pl                                                 
                    INFO     REPL initialized: timeout=60s         server.py:325
[08/26/26 15:58:05] INFO     Session ending — cleaning up          server.py:360
                             per-session resources                              
[08/26/26 15:58:07] INFO     REPL enabled, using:                  server.py:322
                             /home/amirnabiyev/Conjecture_Prover/.              
                             lake/packages/repl/.lake/build/bin/re              
                             pl                                                 
                    INFO     REPL initialized: timeout=60s         server.py:325
                    INFO     Session ending — cleaning up          server.py:360
                             per-session resources                              
[08/26/26 15:59:04] INFO     REPL enabled, using:                  server.py:322
                             /home/amirnabiyev/Conjecture_Prover/.              
                             lake/packages/repl/.lake/build/bin/re              
                             pl                                                 
                    INFO     REPL initialized: timeout=60s         server.py:325
[08/26/26 15:59:11] INFO     Session ending — cleaning up          server.py:360
                             per-session resources                              
[08/26/26 15:59:13] INFO     REPL enabled, using:                  server.py:322
                             /home/amirnabiyev/Conjecture_Prover/.              
                             lake/packages/repl/.lake/build/bin/re              
                             pl                                                 
                    INFO     REPL initialized: timeout=60s         server.py:325
                    INFO     Session ending — cleaning up          server.py:360
                             per-session resources                              
[08/26/26 15:59:47] INFO     REPL enabled, using:                  server.py:322
                             /home/amirnabiyev/Conjecture_Prover/.              
                             lake/packages/repl/.lake/build/bin/re              
                             pl                                                 
                    INFO     REPL initialized: timeout=60s         server.py:325
                    INFO     Session ending — cleaning up          server.py:360
                             per-session resources                              
[08/26/26 15:59:50] INFO     REPL enabled, using:                  server.py:322
                             /home/amirnabiyev/Conjecture_Prover/.              
                             lake/packages/repl/.lake/build/bin/re              
                             pl                                                 
                    INFO     REPL initialized: timeout=60s         server.py:325
[08/26/26 15:59:52] INFO     Shared async LSP client         client_utils.py:133
                             connected at                                       
                             /home/amirnabiyev/Conjecture_Pr                    
                             over                                               
[08/26/26 16:00:04] INFO     Session ending — cleaning up          server.py:360
                             per-session resources                              
Exception ignored in: <function BaseSubprocessTransport.__del__ at 0x75b1d3841120>
Traceback (most recent call last):
  File "/usr/local/lib/python3.12/asyncio/base_subprocess.py", line 126, in __del__
    self.close()
  File "/usr/local/lib/python3.12/asyncio/base_subprocess.py", line 104, in close
    proto.pipe.close()
  File "/usr/local/lib/python3.12/asyncio/unix_events.py", line 767, in close
    self.write_eof()
  File "/usr/local/lib/python3.12/asyncio/unix_events.py", line 753, in write_eof
    self._loop.call_soon(self._call_connection_lost, None)
  File "/usr/local/lib/python3.12/asyncio/base_events.py", line 799, in call_soon
    self._check_closed()
  File "/usr/local/lib/python3.12/asyncio/base_events.py", line 545, in _check_closed
    raise RuntimeError('Event loop is closed')
RuntimeError: Event loop is closed
[08/26/26 16:00:06] INFO     REPL enabled, using:                  server.py:322
                             /home/amirnabiyev/Conjecture_Prover/.              
                             lake/packages/repl/.lake/build/bin/re              
                             pl                                                 
                    INFO     REPL initialized: timeout=60s         server.py:325
                    INFO     Session ending — cleaning up          server.py:360
                             per-session resources                              

======================================================================
📋 BLUEPRINT GENERATOR: Decomposing theorem into dependency graph
======================================================================

   🛠️  BP AI made 1 tool call(s):
 → read_workspace
   🚦 Routing: blueprint_gen → tools_bp
   🚦 Routing: tool_node → blueprint_gen

======================================================================
📋 BLUEPRINT GENERATOR: Decomposing theorem into dependency graph
======================================================================

   🛠️  BP AI made 2 tool call(s):
 → search_mathlib_docs_multi
 → lean_run_code
   🚦 Routing: blueprint_gen → tools_bp
[mathlib_docs] Loading /home/amirnabiyev/Conjecture_Prover/.cache/declaration-data.json ...
[mathlib_docs] Loaded 419,582 declarations.
   🚦 Routing: tool_node → blueprint_gen

======================================================================
📋 BLUEPRINT GENERATOR: Decomposing theorem into dependency graph
======================================================================

   💬 BP AI says: The theorem is about Krull dimension of rings `R/ann_R(M)` and `S/ann_S(M)` being equal under an integral extension. Let me explore the relevant Mathlib modules.
   🛠️  BP AI made 2 tool call(s):
 → search_mathlib_docs_multi
 → analyze_mathlib_module
   🚦 Routing: blueprint_gen → tools_bp
   🚦 Routing: tool_node → blueprint_gen

======================================================================
📋 BLUEPRINT GENERATOR: Decomposing theorem into dependency graph
======================================================================

   💬 BP AI says: Key facts found. Let me check the specific lemmas about integral extensions preserving dimension and the annihilator comap.
   🛠️  BP AI made 2 tool call(s):
 → search_mathlib_docs_multi
 → lean_run_code
   🚦 Routing: blueprint_gen → tools_bp
   🚦 Routing: tool_node → blueprint_gen

======================================================================
📋 BLUEPRINT GENERATOR: Decomposing theorem into dependency graph
======================================================================

   💬 BP AI says: `Module.comap_annihilator` is exactly the annihilator contraction lemma. Now I need to find whether Mathlib has "dimension preserved under integral extensions" results.
   🛠️  BP AI made 2 tool call(s):
 → search_mathlib_docs_multi
 → analyze_mathlib_module
   🚦 Routing: blueprint_gen → tools_bp
   🚦 Routing: tool_node → blueprint_gen

======================================================================
📋 BLUEPRINT GENERATOR: Decomposing theorem into dependency graph
======================================================================

   💬 BP AI says: No direct dimension-preservation lemma exists. Let me search for any Mathlib lemma about `ringKrullDim` and integral extensions, plus check what's in the spectrum topology module.
   🛠️  BP AI made 2 tool call(s):
 → lean_loogle
 → lean_run_code
   🚦 Routing: blueprint_gen → tools_bp
   🚦 Routing: tool_node → blueprint_gen

======================================================================
📋 BLUEPRINT GENERATOR: Decomposing theorem into dependency graph
======================================================================

   💬 BP AI says: `Algebra.IsIntegral.quotient` gives the integrality of the quotient extension. Now I need the key dimension-preservation fact for injective integral extensions. Let me check the spectrum topology module and search more.
   🛠️  BP AI made 2 tool call(s):
 → analyze_mathlib_module
 → lean_leansearch
   🚦 Routing: blueprint_gen → tools_bp
   🚦 Routing: tool_node → blueprint_gen

======================================================================
📋 BLUEPRINT GENERATOR: Decomposing theorem into dependency graph
======================================================================

   💬 BP AI says: No direct lemma exists for dimension preservation under integral extensions. Let me check the KrullDimension directory and search for related lemmas.
   🛠️  BP AI made 2 tool call(s):
 → lean_leanfinder
 → search_mathlib_docs_multi
   🚦 Routing: blueprint_gen → tools_bp
   🚦 Routing: tool_node → blueprint_gen

======================================================================
📋 BLUEPRINT GENERATOR: Decomposing theorem into dependency graph
======================================================================

   💬 BP AI says: Confirmed: no Mathlib lemma for dimension preservation under integral extensions — it will be a proper proof-obligation node. Let me verify the technical Lean setup: quotient algebra instances, and the signatures of the going-up/lying-over lemmas.
   🛠️  BP AI made 1 tool call(s):
 → lean_run_code
   🚦 Routing: blueprint_gen → tools_bp
   🚦 Routing: tool_node → blueprint_gen

======================================================================
📋 BLUEPRINT GENERATOR: Decomposing theorem into dependency graph
======================================================================

   💬 BP AI says: The quotient algebra instance isn't automatic. Let me find how Mathlib provides it.
   🛠️  BP AI made 1 tool call(s):
 → search_mathlib_docs_multi
   🚦 Routing: blueprint_gen → tools_bp
   🚦 Routing: tool_node → blueprint_gen

======================================================================
📋 BLUEPRINT GENERATOR: Decomposing theorem into dependency graph
======================================================================

   🛠️  BP AI made 1 tool call(s):
 → lean_run_code
   🚦 Routing: blueprint_gen → tools_bp
   🚦 Routing: tool_node → blueprint_gen

======================================================================
📋 BLUEPRINT GENERATOR: Decomposing theorem into dependency graph
======================================================================

   💬 BP AI says: All pieces are in place. The quotient algebra instance `Ideal.quotientAlgebra` and injectivity lemma `Ideal.algebraMap_quotient_injective` exist in the comap form. Let me test the `@[blueprint]` + `sorry_using` syntax with Mathlib names to make sure the file will compile.
   🛠️  BP AI made 1 tool call(s):
 → lean_run_code
   🚦 Routing: blueprint_gen → tools_bp
   🚦 Routing: tool_node → blueprint_gen

======================================================================
📋 BLUEPRINT GENERATOR: Decomposing theorem into dependency graph
======================================================================

   💬 BP AI says: The syntax works perfectly — `sorry_using` accepts both Mathlib names and file-local declarations. Now I'll write the complete blueprint file with the full dependency graph.
   🛠️  BP AI made 1 tool call(s):
 → write_workspace
   🚦 Routing: blueprint_gen → tools_bp
   🚦 Routing: tool_node → blueprint_gen

======================================================================
📋 BLUEPRINT GENERATOR: Decomposing theorem into dependency graph
======================================================================

   💬 BP AI says: Now let me run diagnostics on the file.
   🛠️  BP AI made 1 tool call(s):
 → lean_diagnostic_messages
   🚦 Routing: blueprint_gen → tools_bp
   🚦 Routing: tool_node → blueprint_gen

======================================================================
📋 BLUEPRINT GENERATOR: Decomposing theorem into dependency graph
======================================================================

   💬 BP AI says: The file compiles cleanly — only expected `sorry` warnings, no errors. Now let me regenerate the blueprint JSON to update the dependency graph.
   🛠️  BP AI made 1 tool call(s):
 → build_blueprint_json
   🚦 Routing: blueprint_gen → tools_bp
   🚦 Routing: tool_node → blueprint_gen

======================================================================
📋 BLUEPRINT GENERATOR: Decomposing theorem into dependency graph
======================================================================
[08/26/26 16:00:29] INFO     REPL enabled, using:                  server.py:322
                             /home/amirnabiyev/Conjecture_Prover/.              
                             lake/packages/repl/.lake/build/bin/re              
                             pl                                                 
                    INFO     REPL initialized: timeout=60s         server.py:325
                    INFO     Session ending — cleaning up          server.py:360
                             per-session resources                              
[08/26/26 16:00:34] INFO     REPL enabled, using:                  server.py:322
                             /home/amirnabiyev/Conjecture_Prover/.              
                             lake/packages/repl/.lake/build/bin/re              
                             pl                                                 
                    INFO     REPL initialized: timeout=60s         server.py:325
[08/26/26 16:00:36] INFO     Shared async LSP client         client_utils.py:133
                             connected at                                       
                             /home/amirnabiyev/Conjecture_Pr                    
                             over                                               
[08/26/26 16:01:04] INFO     Session ending — cleaning up          server.py:360
                             per-session resources                              
Exception ignored in: <function BaseSubprocessTransport.__del__ at 0x7094ce12d120>
Traceback (most recent call last):
  File "/usr/local/lib/python3.12/asyncio/base_subprocess.py", line 126, in __del__
    self.close()
  File "/usr/local/lib/python3.12/asyncio/base_subprocess.py", line 104, in close
    proto.pipe.close()
  File "/usr/local/lib/python3.12/asyncio/unix_events.py", line 767, in close
    self.write_eof()
  File "/usr/local/lib/python3.12/asyncio/unix_events.py", line 753, in write_eof
    self._loop.call_soon(self._call_connection_lost, None)
  File "/usr/local/lib/python3.12/asyncio/base_events.py", line 799, in call_soon
    self._check_closed()
  File "/usr/local/lib/python3.12/asyncio/base_events.py", line 545, in _check_closed
    raise RuntimeError('Event loop is closed')
RuntimeError: Event loop is closed
[08/26/26 16:01:05] INFO     REPL enabled, using:                  server.py:322
                             /home/amirnabiyev/Conjecture_Prover/.              
                             lake/packages/repl/.lake/build/bin/re              
                             pl                                                 
                    INFO     REPL initialized: timeout=60s         server.py:325
                    INFO     Session ending — cleaning up          server.py:360
                             per-session resources                              
[08/26/26 16:01:15] INFO     Disabled tool 'lean_build' via        server.py:115
                             LEAN_MCP_DISABLED_TOOLS                            
                    INFO     Disabled tool 'lean_completions' via  server.py:115
                             LEAN_MCP_DISABLED_TOOLS                            
                    INFO     Disabled tool 'lean_declaration_file' server.py:115
                             via LEAN_MCP_DISABLED_TOOLS                        
                    INFO     Disabled tool                         server.py:115
                             'lean_diagnostic_messages' via                     
                             LEAN_MCP_DISABLED_TOOLS                            
                    INFO     Disabled tool 'lean_file_outline' via server.py:115
                             LEAN_MCP_DISABLED_TOOLS                            
                    INFO     Disabled tool                         server.py:115
                             'lean_get_widget_source' via                       
                             LEAN_MCP_DISABLED_TOOLS                            
                    INFO     Disabled tool 'lean_get_widgets' via  server.py:115
                             LEAN_MCP_DISABLED_TOOLS                            
                    INFO     Disabled tool 'lean_goal' via         server.py:115
                             LEAN_MCP_DISABLED_TOOLS                            
                    INFO     Disabled tool 'lean_hover_info' via   server.py:115
                             LEAN_MCP_DISABLED_TOOLS                            
                    INFO     Disabled tool 'lean_references' via   server.py:115
                             LEAN_MCP_DISABLED_TOOLS                            
                    INFO     Disabled tool 'lean_term_goal' via    server.py:115
                             LEAN_MCP_DISABLED_TOOLS                            
[08/26/26 16:01:15] INFO     Disabled tool 'lean_build' via        server.py:115
                             LEAN_MCP_DISABLED_TOOLS                            
                    INFO     REPL enabled, using:                  server.py:322
                             /home/amirnabiyev/Conjecture_Prover/.              
                             lake/packages/repl/.lake/build/bin/re              
                             pl                                                 
                    INFO     REPL initialized: timeout=60s         server.py:325
                    INFO     Disabled tool 'lean_completions' via  server.py:115
                             LEAN_MCP_DISABLED_TOOLS                            
                    INFO     Disabled tool 'lean_declaration_file' server.py:115
                             via LEAN_MCP_DISABLED_TOOLS                        
                    INFO     Disabled tool                         server.py:115
                             'lean_diagnostic_messages' via                     
                             LEAN_MCP_DISABLED_TOOLS                            
                    INFO     Disabled tool 'lean_file_outline' via server.py:115
                             LEAN_MCP_DISABLED_TOOLS                            
                    INFO     Disabled tool                         server.py:115
                             'lean_get_widget_source' via                       
                             LEAN_MCP_DISABLED_TOOLS                            
                    INFO     Disabled tool 'lean_get_widgets' via  server.py:115
                             LEAN_MCP_DISABLED_TOOLS                            
                    INFO     Session ending — cleaning up          server.py:360
                             per-session resources                              
                    INFO     Disabled tool 'lean_goal' via         server.py:115
                             LEAN_MCP_DISABLED_TOOLS                            
                    INFO     Disabled tool 'lean_hover_info' via   server.py:115
                             LEAN_MCP_DISABLED_TOOLS                            
                    INFO     Disabled tool 'lean_references' via   server.py:115
                             LEAN_MCP_DISABLED_TOOLS                            
                    INFO     Disabled tool 'lean_term_goal' via    server.py:115
                             LEAN_MCP_DISABLED_TOOLS                            
                    INFO     REPL enabled, using:                  server.py:322
                             /home/amirnabiyev/Conjecture_Prover/.              
                             lake/packages/repl/.lake/build/bin/re              
                             pl                                                 
                    INFO     REPL initialized: timeout=60s         server.py:325
                    INFO     Session ending — cleaning up          server.py:360
                             per-session resources                              
[08/26/26 16:01:15] INFO     Disabled tool 'lean_build' via        server.py:115
                             LEAN_MCP_DISABLED_TOOLS                            
                    INFO     Disabled tool 'lean_completions' via  server.py:115
                             LEAN_MCP_DISABLED_TOOLS                            
                    INFO     Disabled tool 'lean_declaration_file' server.py:115
                             via LEAN_MCP_DISABLED_TOOLS                        
                    INFO     Disabled tool                         server.py:115
                             'lean_diagnostic_messages' via                     
                             LEAN_MCP_DISABLED_TOOLS                            
                    INFO     Disabled tool 'lean_file_outline' via server.py:115
                             LEAN_MCP_DISABLED_TOOLS                            
                    INFO     Disabled tool                         server.py:115
                             'lean_get_widget_source' via                       
                             LEAN_MCP_DISABLED_TOOLS                            
                    INFO     Disabled tool 'lean_get_widgets' via  server.py:115
                             LEAN_MCP_DISABLED_TOOLS                            
                    INFO     Disabled tool 'lean_goal' via         server.py:115
                             LEAN_MCP_DISABLED_TOOLS                            
                    INFO     Disabled tool 'lean_hover_info' via   server.py:115
                             LEAN_MCP_DISABLED_TOOLS                            
                    INFO     Disabled tool 'lean_references' via   server.py:115
                             LEAN_MCP_DISABLED_TOOLS                            
                    INFO     Disabled tool 'lean_term_goal' via    server.py:115
                             LEAN_MCP_DISABLED_TOOLS                            
                    INFO     REPL enabled, using:                  server.py:322
                             /home/amirnabiyev/Conjecture_Prover/.              
                             lake/packages/repl/.lake/build/bin/re              
                             pl                                                 
                    INFO     REPL initialized: timeout=60s         server.py:325
                    INFO     Session ending — cleaning up          server.py:360
                             per-session resources                              
[08/26/26 16:01:15] INFO     Disabled tool 'lean_build' via        server.py:115
                             LEAN_MCP_DISABLED_TOOLS                            
                    INFO     Disabled tool 'lean_completions' via  server.py:115
                             LEAN_MCP_DISABLED_TOOLS                            
                    INFO     Disabled tool 'lean_declaration_file' server.py:115
                             via LEAN_MCP_DISABLED_TOOLS                        
                    INFO     Disabled tool                         server.py:115
                             'lean_diagnostic_messages' via                     
                             LEAN_MCP_DISABLED_TOOLS                            
                    INFO     Disabled tool 'lean_file_outline' via server.py:115
                             LEAN_MCP_DISABLED_TOOLS                            
                    INFO     Disabled tool                         server.py:115
                             'lean_get_widget_source' via                       
                             LEAN_MCP_DISABLED_TOOLS                            
                    INFO     Disabled tool 'lean_get_widgets' via  server.py:115
                             LEAN_MCP_DISABLED_TOOLS                            
                    INFO     Disabled tool 'lean_goal' via         server.py:115
                             LEAN_MCP_DISABLED_TOOLS                            
                    INFO     Disabled tool 'lean_hover_info' via   server.py:115
                             LEAN_MCP_DISABLED_TOOLS                            
                    INFO     Disabled tool 'lean_references' via   server.py:115
                             LEAN_MCP_DISABLED_TOOLS                            
                    INFO     Disabled tool 'lean_term_goal' via    server.py:115
                             LEAN_MCP_DISABLED_TOOLS                            
                    INFO     REPL enabled, using:                  server.py:322
                             /home/amirnabiyev/Conjecture_Prover/.              
                             lake/packages/repl/.lake/build/bin/re              
                             pl                                                 
                    INFO     REPL initialized: timeout=60s         server.py:325
[08/26/26 16:01:15] INFO     Disabled tool 'lean_build' via        server.py:115
                             LEAN_MCP_DISABLED_TOOLS                            
                    INFO     Disabled tool 'lean_completions' via  server.py:115
                             LEAN_MCP_DISABLED_TOOLS                            
                    INFO     Disabled tool 'lean_declaration_file' server.py:115
                             via LEAN_MCP_DISABLED_TOOLS                        
                    INFO     Disabled tool                         server.py:115
                             'lean_diagnostic_messages' via                     
                             LEAN_MCP_DISABLED_TOOLS                            
                    INFO     Disabled tool 'lean_file_outline' via server.py:115
                             LEAN_MCP_DISABLED_TOOLS                            
                    INFO     Session ending — cleaning up          server.py:360
                             per-session resources                              
                    INFO     Disabled tool                         server.py:115
                             'lean_get_widget_source' via                       
                             LEAN_MCP_DISABLED_TOOLS                            
                    INFO     Disabled tool 'lean_get_widgets' via  server.py:115
                             LEAN_MCP_DISABLED_TOOLS                            
                    INFO     Disabled tool 'lean_goal' via         server.py:115
                             LEAN_MCP_DISABLED_TOOLS                            
                    INFO     Disabled tool 'lean_hover_info' via   server.py:115
                             LEAN_MCP_DISABLED_TOOLS                            
                    INFO     Disabled tool 'lean_references' via   server.py:115
                             LEAN_MCP_DISABLED_TOOLS                            
                    INFO     Disabled tool 'lean_term_goal' via    server.py:115
                             LEAN_MCP_DISABLED_TOOLS                            
                    INFO     REPL enabled, using:                  server.py:322
                             /home/amirnabiyev/Conjecture_Prover/.              
                             lake/packages/repl/.lake/build/bin/re              
                             pl                                                 
                    INFO     REPL initialized: timeout=60s         server.py:325
                    INFO     Session ending — cleaning up          server.py:360
                             per-session resources                              
[08/26/26 16:01:15] INFO     Disabled tool 'lean_build' via        server.py:115
                             LEAN_MCP_DISABLED_TOOLS                            
                    INFO     Disabled tool 'lean_completions' via  server.py:115
                             LEAN_MCP_DISABLED_TOOLS                            
                    INFO     Disabled tool 'lean_declaration_file' server.py:115
                             via LEAN_MCP_DISABLED_TOOLS                        
                    INFO     Disabled tool                         server.py:115
                             'lean_diagnostic_messages' via                     
                             LEAN_MCP_DISABLED_TOOLS                            
                    INFO     Disabled tool 'lean_file_outline' via server.py:115
                             LEAN_MCP_DISABLED_TOOLS                            
                    INFO     Disabled tool                         server.py:115
                             'lean_get_widget_source' via                       
                             LEAN_MCP_DISABLED_TOOLS                            
                    INFO     Disabled tool 'lean_get_widgets' via  server.py:115
                             LEAN_MCP_DISABLED_TOOLS                            
                    INFO     Disabled tool 'lean_goal' via         server.py:115
                             LEAN_MCP_DISABLED_TOOLS                            
                    INFO     Disabled tool 'lean_hover_info' via   server.py:115
                             LEAN_MCP_DISABLED_TOOLS                            
                    INFO     Disabled tool 'lean_references' via   server.py:115
                             LEAN_MCP_DISABLED_TOOLS                            
                    INFO     Disabled tool 'lean_term_goal' via    server.py:115
                             LEAN_MCP_DISABLED_TOOLS                            
                    INFO     REPL enabled, using:                  server.py:322
                             /home/amirnabiyev/Conjecture_Prover/.              
                             lake/packages/repl/.lake/build/bin/re              
                             pl                                                 
                    INFO     REPL initialized: timeout=60s         server.py:325
                    INFO     Session ending — cleaning up          server.py:360
                             per-session resources                              
[08/26/26 16:01:20] INFO     Disabled tool 'lean_build' via        server.py:115
                             LEAN_MCP_DISABLED_TOOLS                            
                    INFO     Disabled tool 'lean_completions' via  server.py:115
                             LEAN_MCP_DISABLED_TOOLS                            
                    INFO     Disabled tool 'lean_declaration_file' server.py:115
                             via LEAN_MCP_DISABLED_TOOLS                        
                    INFO     Disabled tool                         server.py:115
                             'lean_diagnostic_messages' via                     
                             LEAN_MCP_DISABLED_TOOLS                            
                    INFO     Disabled tool 'lean_file_outline' via server.py:115
                             LEAN_MCP_DISABLED_TOOLS                            
                    INFO     Disabled tool                         server.py:115
                             'lean_get_widget_source' via                       
                             LEAN_MCP_DISABLED_TOOLS                            
                    INFO     Disabled tool 'lean_get_widgets' via  server.py:115
                             LEAN_MCP_DISABLED_TOOLS                            
                    INFO     Disabled tool 'lean_goal' via         server.py:115
                             LEAN_MCP_DISABLED_TOOLS                            
                    INFO     Disabled tool 'lean_hover_info' via   server.py:115
                             LEAN_MCP_DISABLED_TOOLS                            
                    INFO     Disabled tool 'lean_references' via   server.py:115
                             LEAN_MCP_DISABLED_TOOLS                            
                    INFO     Disabled tool 'lean_term_goal' via    server.py:115
                             LEAN_MCP_DISABLED_TOOLS                            
                    INFO     REPL enabled, using:                  server.py:322
                             /home/amirnabiyev/Conjecture_Prover/.              
                             lake/packages/repl/.lake/build/bin/re              
                             pl                                                 
                    INFO     REPL initialized: timeout=60s         server.py:325
[08/26/26 16:01:21] INFO     Session ending — cleaning up          server.py:360
                             per-session resources                              
[08/26/26 16:01:22] INFO     Disabled tool 'lean_build' via        server.py:115
                             LEAN_MCP_DISABLED_TOOLS                            
                    INFO     Disabled tool 'lean_completions' via  server.py:115
                             LEAN_MCP_DISABLED_TOOLS                            
[08/26/26 16:01:22] INFO     Disabled tool 'lean_build' via        server.py:115
                             LEAN_MCP_DISABLED_TOOLS                            
                    INFO     Disabled tool 'lean_declaration_file' server.py:115
                             via LEAN_MCP_DISABLED_TOOLS                        
                    INFO     Disabled tool 'lean_completions' via  server.py:115
                             LEAN_MCP_DISABLED_TOOLS                            
                    INFO     Disabled tool                         server.py:115
                             'lean_diagnostic_messages' via                     
                             LEAN_MCP_DISABLED_TOOLS                            
                    INFO     Disabled tool 'lean_declaration_file' server.py:115
                             via LEAN_MCP_DISABLED_TOOLS                        
                    INFO     Disabled tool                         server.py:115
                             'lean_diagnostic_messages' via                     
                             LEAN_MCP_DISABLED_TOOLS                            
                    INFO     Disabled tool 'lean_file_outline' via server.py:115
                             LEAN_MCP_DISABLED_TOOLS                            
                    INFO     Disabled tool                         server.py:115
                             'lean_get_widget_source' via                       
                             LEAN_MCP_DISABLED_TOOLS                            
                    INFO     Disabled tool 'lean_file_outline' via server.py:115
                             LEAN_MCP_DISABLED_TOOLS                            
                    INFO     Disabled tool 'lean_get_widgets' via  server.py:115
                             LEAN_MCP_DISABLED_TOOLS                            
                    INFO     Disabled tool                         server.py:115
                             'lean_get_widget_source' via                       
                             LEAN_MCP_DISABLED_TOOLS                            
                    INFO     Disabled tool 'lean_goal' via         server.py:115
                             LEAN_MCP_DISABLED_TOOLS                            
                    INFO     Disabled tool 'lean_get_widgets' via  server.py:115
                             LEAN_MCP_DISABLED_TOOLS                            
                    INFO     Disabled tool 'lean_hover_info' via   server.py:115
                             LEAN_MCP_DISABLED_TOOLS                            
                    INFO     Disabled tool 'lean_references' via   server.py:115
                             LEAN_MCP_DISABLED_TOOLS                            
                    INFO     Disabled tool 'lean_goal' via         server.py:115
                             LEAN_MCP_DISABLED_TOOLS                            
                    INFO     Disabled tool 'lean_term_goal' via    server.py:115
                             LEAN_MCP_DISABLED_TOOLS                            
                    INFO     Disabled tool 'lean_hover_info' via   server.py:115
                             LEAN_MCP_DISABLED_TOOLS                            
                    INFO     Disabled tool 'lean_references' via   server.py:115
                             LEAN_MCP_DISABLED_TOOLS                            
                    INFO     Disabled tool 'lean_term_goal' via    server.py:115
                             LEAN_MCP_DISABLED_TOOLS                            
                    INFO     REPL enabled, using:                  server.py:322
                             /home/amirnabiyev/Conjecture_Prover/.              
                             lake/packages/repl/.lake/build/bin/re              
                             pl                                                 
                    INFO     REPL initialized: timeout=60s         server.py:325
                    INFO     REPL enabled, using:                  server.py:322
                             /home/amirnabiyev/Conjecture_Prover/.              
                             lake/packages/repl/.lake/build/bin/re              
                             pl                                                 
                    INFO     REPL initialized: timeout=60s         server.py:325
                    INFO     Session ending — cleaning up          server.py:360
                             per-session resources                              
[08/26/26 16:01:22] INFO     Disabled tool 'lean_build' via        server.py:115
                             LEAN_MCP_DISABLED_TOOLS                            
                    INFO     Disabled tool 'lean_completions' via  server.py:115
                             LEAN_MCP_DISABLED_TOOLS                            
                    INFO     Disabled tool 'lean_declaration_file' server.py:115
                             via LEAN_MCP_DISABLED_TOOLS                        
                    INFO     Disabled tool                         server.py:115
                             'lean_diagnostic_messages' via                     
                             LEAN_MCP_DISABLED_TOOLS                            
                    INFO     Disabled tool 'lean_file_outline' via server.py:115
                             LEAN_MCP_DISABLED_TOOLS                            
                    INFO     Disabled tool                         server.py:115
                             'lean_get_widget_source' via                       
                             LEAN_MCP_DISABLED_TOOLS                            
                    INFO     Disabled tool 'lean_get_widgets' via  server.py:115
                             LEAN_MCP_DISABLED_TOOLS                            
                    INFO     Disabled tool 'lean_goal' via         server.py:115
                             LEAN_MCP_DISABLED_TOOLS                            
                    INFO     Disabled tool 'lean_hover_info' via   server.py:115
                             LEAN_MCP_DISABLED_TOOLS                            
                    INFO     Disabled tool 'lean_references' via   server.py:115
                             LEAN_MCP_DISABLED_TOOLS                            
                    INFO     Disabled tool 'lean_term_goal' via    server.py:115
                             LEAN_MCP_DISABLED_TOOLS                            
                    INFO     REPL enabled, using:                  server.py:322
                             /home/amirnabiyev/Conjecture_Prover/.              
                             lake/packages/repl/.lake/build/bin/re              
                             pl                                                 
                    INFO     REPL initialized: timeout=60s         server.py:325
[08/26/26 16:01:23] INFO     Session ending — cleaning up          server.py:360
                             per-session resources                              
[08/26/26 16:01:23] INFO     Disabled tool 'lean_build' via        server.py:115
                             LEAN_MCP_DISABLED_TOOLS                            
                    INFO     Disabled tool 'lean_completions' via  server.py:115
                             LEAN_MCP_DISABLED_TOOLS                            
                    INFO     Disabled tool 'lean_declaration_file' server.py:115
                             via LEAN_MCP_DISABLED_TOOLS                        
                    INFO     Disabled tool                         server.py:115
                             'lean_diagnostic_messages' via                     
                             LEAN_MCP_DISABLED_TOOLS                            
                    INFO     Disabled tool 'lean_file_outline' via server.py:115
                             LEAN_MCP_DISABLED_TOOLS                            
                    INFO     Disabled tool                         server.py:115
                             'lean_get_widget_source' via                       
                             LEAN_MCP_DISABLED_TOOLS                            
                    INFO     Disabled tool 'lean_get_widgets' via  server.py:115
                             LEAN_MCP_DISABLED_TOOLS                            
                    INFO     Disabled tool 'lean_goal' via         server.py:115
                             LEAN_MCP_DISABLED_TOOLS                            
                    INFO     Disabled tool 'lean_hover_info' via   server.py:115
                             LEAN_MCP_DISABLED_TOOLS                            
                    INFO     Disabled tool 'lean_references' via   server.py:115
                             LEAN_MCP_DISABLED_TOOLS                            
                    INFO     Disabled tool 'lean_term_goal' via    server.py:115
                             LEAN_MCP_DISABLED_TOOLS                            
                    INFO     REPL enabled, using:                  server.py:322
                             /home/amirnabiyev/Conjecture_Prover/.              
                             lake/packages/repl/.lake/build/bin/re              
                             pl                                                 
                    INFO     REPL initialized: timeout=60s         server.py:325
[08/26/26 16:01:24] INFO     Session ending — cleaning up          server.py:360
                             per-session resources                              
[08/26/26 16:01:24] INFO     Disabled tool 'lean_build' via        server.py:115
                             LEAN_MCP_DISABLED_TOOLS                            
                    INFO     Disabled tool 'lean_completions' via  server.py:115
                             LEAN_MCP_DISABLED_TOOLS                            
                    INFO     Disabled tool 'lean_declaration_file' server.py:115
                             via LEAN_MCP_DISABLED_TOOLS                        
                    INFO     Disabled tool                         server.py:115
                             'lean_diagnostic_messages' via                     
                             LEAN_MCP_DISABLED_TOOLS                            
                    INFO     Disabled tool 'lean_file_outline' via server.py:115
                             LEAN_MCP_DISABLED_TOOLS                            
                    INFO     Disabled tool                         server.py:115
                             'lean_get_widget_source' via                       
                             LEAN_MCP_DISABLED_TOOLS                            
                    INFO     Disabled tool 'lean_get_widgets' via  server.py:115
                             LEAN_MCP_DISABLED_TOOLS                            
                    INFO     Disabled tool 'lean_goal' via         server.py:115
                             LEAN_MCP_DISABLED_TOOLS                            
                    INFO     Disabled tool 'lean_hover_info' via   server.py:115
                             LEAN_MCP_DISABLED_TOOLS                            
                    INFO     Disabled tool 'lean_references' via   server.py:115
                             LEAN_MCP_DISABLED_TOOLS                            
                    INFO     Disabled tool 'lean_term_goal' via    server.py:115
                             LEAN_MCP_DISABLED_TOOLS                            
                    INFO     REPL enabled, using:                  server.py:322
                             /home/amirnabiyev/Conjecture_Prover/.              
                             lake/packages/repl/.lake/build/bin/re              
                             pl                                                 
                    INFO     REPL initialized: timeout=60s         server.py:325
[08/26/26 16:01:25] INFO     Disabled tool 'lean_build' via        server.py:115
                             LEAN_MCP_DISABLED_TOOLS                            
                    INFO     Disabled tool 'lean_completions' via  server.py:115
                             LEAN_MCP_DISABLED_TOOLS                            
                    INFO     Disabled tool 'lean_declaration_file' server.py:115
                             via LEAN_MCP_DISABLED_TOOLS                        
                    INFO     Disabled tool                         server.py:115
                             'lean_diagnostic_messages' via                     
                             LEAN_MCP_DISABLED_TOOLS                            
                    INFO     Disabled tool 'lean_file_outline' via server.py:115
                             LEAN_MCP_DISABLED_TOOLS                            
                    INFO     Disabled tool                         server.py:115
                             'lean_get_widget_source' via                       
                             LEAN_MCP_DISABLED_TOOLS                            
                    INFO     Disabled tool 'lean_get_widgets' via  server.py:115
                             LEAN_MCP_DISABLED_TOOLS                            
                    INFO     Disabled tool 'lean_goal' via         server.py:115
                             LEAN_MCP_DISABLED_TOOLS                            
                    INFO     Disabled tool 'lean_hover_info' via   server.py:115
                             LEAN_MCP_DISABLED_TOOLS                            
                    INFO     Disabled tool 'lean_references' via   server.py:115
                             LEAN_MCP_DISABLED_TOOLS                            
                    INFO     Disabled tool 'lean_term_goal' via    server.py:115
                             LEAN_MCP_DISABLED_TOOLS                            
                    INFO     REPL enabled, using:                  server.py:322
                             /home/amirnabiyev/Conjecture_Prover/.              
                             lake/packages/repl/.lake/build/bin/re              
                             pl                                                 
                    INFO     REPL initialized: timeout=60s         server.py:325
[08/26/26 16:01:25] INFO     Session ending — cleaning up          server.py:360
                             per-session resources                              
                    INFO     Session ending — cleaning up          server.py:360
                             per-session resources                              
[08/26/26 16:01:26] INFO     Disabled tool 'lean_build' via        server.py:115
                             LEAN_MCP_DISABLED_TOOLS                            
                    INFO     Disabled tool 'lean_completions' via  server.py:115
                             LEAN_MCP_DISABLED_TOOLS                            
                    INFO     Disabled tool 'lean_declaration_file' server.py:115
                             via LEAN_MCP_DISABLED_TOOLS                        
                    INFO     Disabled tool                         server.py:115
                             'lean_diagnostic_messages' via                     
                             LEAN_MCP_DISABLED_TOOLS                            
                    INFO     Disabled tool 'lean_file_outline' via server.py:115
                             LEAN_MCP_DISABLED_TOOLS                            
                    INFO     Disabled tool                         server.py:115
                             'lean_get_widget_source' via                       
                             LEAN_MCP_DISABLED_TOOLS                            
                    INFO     Disabled tool 'lean_get_widgets' via  server.py:115
                             LEAN_MCP_DISABLED_TOOLS                            
                    INFO     Disabled tool 'lean_goal' via         server.py:115
                             LEAN_MCP_DISABLED_TOOLS                            
                    INFO     Disabled tool 'lean_hover_info' via   server.py:115
                             LEAN_MCP_DISABLED_TOOLS                            
                    INFO     Disabled tool 'lean_references' via   server.py:115
                             LEAN_MCP_DISABLED_TOOLS                            
                    INFO     Disabled tool 'lean_term_goal' via    server.py:115
                             LEAN_MCP_DISABLED_TOOLS                            
                    INFO     REPL enabled, using:                  server.py:322
                             /home/amirnabiyev/Conjecture_Prover/.              
                             lake/packages/repl/.lake/build/bin/re              
                             pl                                                 
                    INFO     REPL initialized: timeout=60s         server.py:325
[08/26/26 16:01:27] INFO     Disabled tool 'lean_build' via        server.py:115
                             LEAN_MCP_DISABLED_TOOLS                            
                    INFO     Disabled tool 'lean_completions' via  server.py:115
                             LEAN_MCP_DISABLED_TOOLS                            
                    INFO     Disabled tool 'lean_declaration_file' server.py:115
                             via LEAN_MCP_DISABLED_TOOLS                        
                    INFO     Disabled tool                         server.py:115
                             'lean_diagnostic_messages' via                     
                             LEAN_MCP_DISABLED_TOOLS                            
                    INFO     Disabled tool 'lean_file_outline' via server.py:115
                             LEAN_MCP_DISABLED_TOOLS                            
                    INFO     Disabled tool                         server.py:115
                             'lean_get_widget_source' via                       
                             LEAN_MCP_DISABLED_TOOLS                            
                    INFO     Disabled tool 'lean_get_widgets' via  server.py:115
                             LEAN_MCP_DISABLED_TOOLS                            
                    INFO     Disabled tool 'lean_goal' via         server.py:115
                             LEAN_MCP_DISABLED_TOOLS                            
                    INFO     Disabled tool 'lean_hover_info' via   server.py:115
                             LEAN_MCP_DISABLED_TOOLS                            
                    INFO     Disabled tool 'lean_references' via   server.py:115
                             LEAN_MCP_DISABLED_TOOLS                            
                    INFO     Disabled tool 'lean_term_goal' via    server.py:115
                             LEAN_MCP_DISABLED_TOOLS                            
                    INFO     REPL enabled, using:                  server.py:322
                             /home/amirnabiyev/Conjecture_Prover/.              
                             lake/packages/repl/.lake/build/bin/re              
                             pl                                                 
                    INFO     REPL initialized: timeout=60s         server.py:325
[08/26/26 16:01:27] INFO     Session ending — cleaning up          server.py:360
                             per-session resources                              
                    INFO     Session ending — cleaning up          server.py:360
                             per-session resources                              
[08/26/26 16:01:29] INFO     Disabled tool 'lean_build' via        server.py:115
                             LEAN_MCP_DISABLED_TOOLS                            
                    INFO     Disabled tool 'lean_completions' via  server.py:115
                             LEAN_MCP_DISABLED_TOOLS                            
                    INFO     Disabled tool 'lean_declaration_file' server.py:115
                             via LEAN_MCP_DISABLED_TOOLS                        
                    INFO     Disabled tool                         server.py:115
                             'lean_diagnostic_messages' via                     
                             LEAN_MCP_DISABLED_TOOLS                            
                    INFO     Disabled tool 'lean_file_outline' via server.py:115
                             LEAN_MCP_DISABLED_TOOLS                            
                    INFO     Disabled tool                         server.py:115
                             'lean_get_widget_source' via                       
                             LEAN_MCP_DISABLED_TOOLS                            
                    INFO     Disabled tool 'lean_get_widgets' via  server.py:115
                             LEAN_MCP_DISABLED_TOOLS                            
                    INFO     Disabled tool 'lean_goal' via         server.py:115
                             LEAN_MCP_DISABLED_TOOLS                            
                    INFO     Disabled tool 'lean_hover_info' via   server.py:115
                             LEAN_MCP_DISABLED_TOOLS                            
                    INFO     Disabled tool 'lean_references' via   server.py:115
                             LEAN_MCP_DISABLED_TOOLS                            
                    INFO     Disabled tool 'lean_term_goal' via    server.py:115
                             LEAN_MCP_DISABLED_TOOLS                            
                    INFO     REPL enabled, using:                  server.py:322
                             /home/amirnabiyev/Conjecture_Prover/.              
                             lake/packages/repl/.lake/build/bin/re              
                             pl                                                 
                    INFO     REPL initialized: timeout=60s         server.py:325
                    INFO     Session ending — cleaning up          server.py:360
                             per-session resources                              
[08/26/26 16:01:30] INFO     Session ending — cleaning up          server.py:360
                             per-session resources                              
[08/26/26 16:01:31] INFO     Disabled tool 'lean_build' via        server.py:115
                             LEAN_MCP_DISABLED_TOOLS                            
                    INFO     Disabled tool 'lean_completions' via  server.py:115
                             LEAN_MCP_DISABLED_TOOLS                            
                    INFO     Disabled tool 'lean_declaration_file' server.py:115
                             via LEAN_MCP_DISABLED_TOOLS                        
                    INFO     Disabled tool                         server.py:115
                             'lean_diagnostic_messages' via                     
                             LEAN_MCP_DISABLED_TOOLS                            
                    INFO     Disabled tool 'lean_file_outline' via server.py:115
                             LEAN_MCP_DISABLED_TOOLS                            
                    INFO     Disabled tool                         server.py:115
                             'lean_get_widget_source' via                       
                             LEAN_MCP_DISABLED_TOOLS                            
                    INFO     Disabled tool 'lean_get_widgets' via  server.py:115
                             LEAN_MCP_DISABLED_TOOLS                            
                    INFO     Disabled tool 'lean_goal' via         server.py:115
                             LEAN_MCP_DISABLED_TOOLS                            
                    INFO     Disabled tool 'lean_hover_info' via   server.py:115
                             LEAN_MCP_DISABLED_TOOLS                            
                    INFO     Disabled tool 'lean_references' via   server.py:115
                             LEAN_MCP_DISABLED_TOOLS                            
                    INFO     Disabled tool 'lean_term_goal' via    server.py:115
                             LEAN_MCP_DISABLED_TOOLS                            
                    INFO     REPL enabled, using:                  server.py:322
                             /home/amirnabiyev/Conjecture_Prover/.              
                             lake/packages/repl/.lake/build/bin/re              
                             pl                                                 
                    INFO     REPL initialized: timeout=60s         server.py:325
[08/26/26 16:01:32] INFO     Disabled tool 'lean_build' via        server.py:115
                             LEAN_MCP_DISABLED_TOOLS                            
                    INFO     Disabled tool 'lean_completions' via  server.py:115
                             LEAN_MCP_DISABLED_TOOLS                            
                    INFO     Disabled tool 'lean_declaration_file' server.py:115
                             via LEAN_MCP_DISABLED_TOOLS                        
                    INFO     Disabled tool                         server.py:115
                             'lean_diagnostic_messages' via                     
                             LEAN_MCP_DISABLED_TOOLS                            
                    INFO     Disabled tool 'lean_file_outline' via server.py:115
                             LEAN_MCP_DISABLED_TOOLS                            
                    INFO     Disabled tool                         server.py:115
                             'lean_get_widget_source' via                       
                             LEAN_MCP_DISABLED_TOOLS                            
                    INFO     Disabled tool 'lean_get_widgets' via  server.py:115
                             LEAN_MCP_DISABLED_TOOLS                            
                    INFO     Disabled tool 'lean_goal' via         server.py:115
                             LEAN_MCP_DISABLED_TOOLS                            
                    INFO     Disabled tool 'lean_hover_info' via   server.py:115
                             LEAN_MCP_DISABLED_TOOLS                            
                    INFO     Disabled tool 'lean_references' via   server.py:115
                             LEAN_MCP_DISABLED_TOOLS                            
                    INFO     Disabled tool 'lean_term_goal' via    server.py:115
                             LEAN_MCP_DISABLED_TOOLS                            
                    INFO     REPL enabled, using:                  server.py:322
                             /home/amirnabiyev/Conjecture_Prover/.              
                             lake/packages/repl/.lake/build/bin/re              
                             pl                                                 
                    INFO     REPL initialized: timeout=60s         server.py:325
[08/26/26 16:01:33] INFO     Session ending — cleaning up          server.py:360
                             per-session resources                              
[08/26/26 16:01:33] INFO     Session ending — cleaning up          server.py:360
                             per-session resources                              
[08/26/26 16:01:34] INFO     Disabled tool 'lean_build' via        server.py:115
                             LEAN_MCP_DISABLED_TOOLS                            
                    INFO     Disabled tool 'lean_completions' via  server.py:115
                             LEAN_MCP_DISABLED_TOOLS                            
                    INFO     Disabled tool 'lean_declaration_file' server.py:115
                             via LEAN_MCP_DISABLED_TOOLS                        
                    INFO     Disabled tool                         server.py:115
                             'lean_diagnostic_messages' via                     
                             LEAN_MCP_DISABLED_TOOLS                            
                    INFO     Disabled tool 'lean_file_outline' via server.py:115
                             LEAN_MCP_DISABLED_TOOLS                            
                    INFO     Disabled tool                         server.py:115
                             'lean_get_widget_source' via                       
                             LEAN_MCP_DISABLED_TOOLS                            
                    INFO     Disabled tool 'lean_get_widgets' via  server.py:115
                             LEAN_MCP_DISABLED_TOOLS                            
                    INFO     Disabled tool 'lean_goal' via         server.py:115
                             LEAN_MCP_DISABLED_TOOLS                            
                    INFO     Disabled tool 'lean_hover_info' via   server.py:115
                             LEAN_MCP_DISABLED_TOOLS                            
                    INFO     Disabled tool 'lean_references' via   server.py:115
                             LEAN_MCP_DISABLED_TOOLS                            
                    INFO     Disabled tool 'lean_term_goal' via    server.py:115
                             LEAN_MCP_DISABLED_TOOLS                            
                    INFO     REPL enabled, using:                  server.py:322
                             /home/amirnabiyev/Conjecture_Prover/.              
                             lake/packages/repl/.lake/build/bin/re              
                             pl                                                 
                    INFO     REPL initialized: timeout=60s         server.py:325
[08/26/26 16:01:36] INFO     Session ending — cleaning up          server.py:360
                             per-session resources                              
[08/26/26 16:01:36] INFO     Disabled tool 'lean_build' via        server.py:115
                             LEAN_MCP_DISABLED_TOOLS                            
                    INFO     Disabled tool 'lean_completions' via  server.py:115
                             LEAN_MCP_DISABLED_TOOLS                            
                    INFO     Disabled tool 'lean_declaration_file' server.py:115
                             via LEAN_MCP_DISABLED_TOOLS                        
                    INFO     Disabled tool                         server.py:115
                             'lean_diagnostic_messages' via                     
                             LEAN_MCP_DISABLED_TOOLS                            
                    INFO     Disabled tool 'lean_file_outline' via server.py:115
                             LEAN_MCP_DISABLED_TOOLS                            
                    INFO     Disabled tool                         server.py:115
                             'lean_get_widget_source' via                       
                             LEAN_MCP_DISABLED_TOOLS                            
                    INFO     Disabled tool 'lean_get_widgets' via  server.py:115
                             LEAN_MCP_DISABLED_TOOLS                            
                    INFO     Disabled tool 'lean_goal' via         server.py:115
                             LEAN_MCP_DISABLED_TOOLS                            
                    INFO     Disabled tool 'lean_hover_info' via   server.py:115
                             LEAN_MCP_DISABLED_TOOLS                            
                    INFO     Disabled tool 'lean_references' via   server.py:115
                             LEAN_MCP_DISABLED_TOOLS                            
                    INFO     Disabled tool 'lean_term_goal' via    server.py:115
                             LEAN_MCP_DISABLED_TOOLS                            
                    INFO     REPL enabled, using:                  server.py:322
                             /home/amirnabiyev/Conjecture_Prover/.              
                             lake/packages/repl/.lake/build/bin/re              
                             pl                                                 
                    INFO     REPL initialized: timeout=60s         server.py:325
[08/26/26 16:01:36] INFO     Disabled tool 'lean_build' via        server.py:115
                             LEAN_MCP_DISABLED_TOOLS                            
                    INFO     Disabled tool 'lean_completions' via  server.py:115
                             LEAN_MCP_DISABLED_TOOLS                            
                    INFO     Disabled tool 'lean_declaration_file' server.py:115
                             via LEAN_MCP_DISABLED_TOOLS                        
                    INFO     Disabled tool                         server.py:115
                             'lean_diagnostic_messages' via                     
                             LEAN_MCP_DISABLED_TOOLS                            
                    INFO     Disabled tool 'lean_file_outline' via server.py:115
                             LEAN_MCP_DISABLED_TOOLS                            
                    INFO     Disabled tool                         server.py:115
                             'lean_get_widget_source' via                       
                             LEAN_MCP_DISABLED_TOOLS                            
                    INFO     Disabled tool 'lean_get_widgets' via  server.py:115
                             LEAN_MCP_DISABLED_TOOLS                            
                    INFO     Disabled tool 'lean_goal' via         server.py:115
                             LEAN_MCP_DISABLED_TOOLS                            
                    INFO     Disabled tool 'lean_hover_info' via   server.py:115
                             LEAN_MCP_DISABLED_TOOLS                            
                    INFO     Disabled tool 'lean_references' via   server.py:115
                             LEAN_MCP_DISABLED_TOOLS                            
                    INFO     Disabled tool 'lean_term_goal' via    server.py:115
                             LEAN_MCP_DISABLED_TOOLS                            
                    INFO     REPL enabled, using:                  server.py:322
                             /home/amirnabiyev/Conjecture_Prover/.              
                             lake/packages/repl/.lake/build/bin/re              
                             pl                                                 
                    INFO     REPL initialized: timeout=60s         server.py:325
[08/26/26 16:01:38] INFO     Session ending — cleaning up          server.py:360
                             per-session resources                              
[08/26/26 16:01:38] INFO     Disabled tool 'lean_build' via        server.py:115
                             LEAN_MCP_DISABLED_TOOLS                            
                    INFO     Disabled tool 'lean_completions' via  server.py:115
                             LEAN_MCP_DISABLED_TOOLS                            
[08/26/26 16:01:38] INFO     Session ending — cleaning up          server.py:360
                             per-session resources                              
                    INFO     Disabled tool 'lean_declaration_file' server.py:115
                             via LEAN_MCP_DISABLED_TOOLS                        
                    INFO     Disabled tool                         server.py:115
                             'lean_diagnostic_messages' via                     
                             LEAN_MCP_DISABLED_TOOLS                            
                    INFO     Disabled tool 'lean_file_outline' via server.py:115
                             LEAN_MCP_DISABLED_TOOLS                            
                    INFO     Disabled tool                         server.py:115
                             'lean_get_widget_source' via                       
                             LEAN_MCP_DISABLED_TOOLS                            
                    INFO     Disabled tool 'lean_get_widgets' via  server.py:115
                             LEAN_MCP_DISABLED_TOOLS                            
                    INFO     Disabled tool 'lean_goal' via         server.py:115
                             LEAN_MCP_DISABLED_TOOLS                            
                    INFO     Disabled tool 'lean_hover_info' via   server.py:115
                             LEAN_MCP_DISABLED_TOOLS                            
                    INFO     Disabled tool 'lean_references' via   server.py:115
                             LEAN_MCP_DISABLED_TOOLS                            
                    INFO     Disabled tool 'lean_term_goal' via    server.py:115
                             LEAN_MCP_DISABLED_TOOLS                            
                    INFO     REPL enabled, using:                  server.py:322
                             /home/amirnabiyev/Conjecture_Prover/.              
                             lake/packages/repl/.lake/build/bin/re              
                             pl                                                 
                    INFO     REPL initialized: timeout=60s         server.py:325
[08/26/26 16:01:38] INFO     Disabled tool 'lean_build' via        server.py:115
                             LEAN_MCP_DISABLED_TOOLS                            
[08/26/26 16:01:39] INFO     Disabled tool 'lean_completions' via  server.py:115
                             LEAN_MCP_DISABLED_TOOLS                            
                    INFO     Disabled tool 'lean_declaration_file' server.py:115
                             via LEAN_MCP_DISABLED_TOOLS                        
                    INFO     Disabled tool                         server.py:115
                             'lean_diagnostic_messages' via                     
                             LEAN_MCP_DISABLED_TOOLS                            
                    INFO     Disabled tool 'lean_file_outline' via server.py:115
                             LEAN_MCP_DISABLED_TOOLS                            
                    INFO     Disabled tool                         server.py:115
                             'lean_get_widget_source' via                       
                             LEAN_MCP_DISABLED_TOOLS                            
                    INFO     Disabled tool 'lean_get_widgets' via  server.py:115
                             LEAN_MCP_DISABLED_TOOLS                            
                    INFO     Disabled tool 'lean_goal' via         server.py:115
                             LEAN_MCP_DISABLED_TOOLS                            
                    INFO     Disabled tool 'lean_hover_info' via   server.py:115
                             LEAN_MCP_DISABLED_TOOLS                            
                    INFO     Disabled tool 'lean_references' via   server.py:115
                             LEAN_MCP_DISABLED_TOOLS                            
                    INFO     Disabled tool 'lean_term_goal' via    server.py:115
                             LEAN_MCP_DISABLED_TOOLS                            
                    INFO     REPL enabled, using:                  server.py:322
                             /home/amirnabiyev/Conjecture_Prover/.              
                             lake/packages/repl/.lake/build/bin/re              
                             pl                                                 
                    INFO     REPL initialized: timeout=60s         server.py:325
                    INFO     Session ending — cleaning up          server.py:360
                             per-session resources                              
[08/26/26 16:01:41] INFO     Disabled tool 'lean_build' via        server.py:115
                             LEAN_MCP_DISABLED_TOOLS                            
                    INFO     Disabled tool 'lean_completions' via  server.py:115
                             LEAN_MCP_DISABLED_TOOLS                            
                    INFO     Disabled tool 'lean_declaration_file' server.py:115
                             via LEAN_MCP_DISABLED_TOOLS                        
                    INFO     Disabled tool                         server.py:115
                             'lean_diagnostic_messages' via                     
                             LEAN_MCP_DISABLED_TOOLS                            
                    INFO     Disabled tool 'lean_file_outline' via server.py:115
                             LEAN_MCP_DISABLED_TOOLS                            
                    INFO     Disabled tool                         server.py:115
                             'lean_get_widget_source' via                       
                             LEAN_MCP_DISABLED_TOOLS                            
                    INFO     Disabled tool 'lean_get_widgets' via  server.py:115
                             LEAN_MCP_DISABLED_TOOLS                            
                    INFO     Disabled tool 'lean_goal' via         server.py:115
                             LEAN_MCP_DISABLED_TOOLS                            
                    INFO     Disabled tool 'lean_hover_info' via   server.py:115
                             LEAN_MCP_DISABLED_TOOLS                            
                    INFO     Disabled tool 'lean_references' via   server.py:115
                             LEAN_MCP_DISABLED_TOOLS                            
                    INFO     Disabled tool 'lean_term_goal' via    server.py:115
                             LEAN_MCP_DISABLED_TOOLS                            
                    INFO     REPL enabled, using:                  server.py:322
                             /home/amirnabiyev/Conjecture_Prover/.              
                             lake/packages/repl/.lake/build/bin/re              
                             pl                                                 
                    INFO     REPL initialized: timeout=60s         server.py:325
                    INFO     Session ending — cleaning up          server.py:360
                             per-session resources                              
[08/26/26 16:01:42] INFO     Disabled tool 'lean_build' via        server.py:115
                             LEAN_MCP_DISABLED_TOOLS                            
                    INFO     Disabled tool 'lean_completions' via  server.py:115
                             LEAN_MCP_DISABLED_TOOLS                            
                    INFO     Disabled tool 'lean_declaration_file' server.py:115
                             via LEAN_MCP_DISABLED_TOOLS                        
                    INFO     Disabled tool                         server.py:115
                             'lean_diagnostic_messages' via                     
                             LEAN_MCP_DISABLED_TOOLS                            
                    INFO     Disabled tool 'lean_file_outline' via server.py:115
                             LEAN_MCP_DISABLED_TOOLS                            
                    INFO     Disabled tool                         server.py:115
                             'lean_get_widget_source' via                       
                             LEAN_MCP_DISABLED_TOOLS                            
                    INFO     Disabled tool 'lean_get_widgets' via  server.py:115
                             LEAN_MCP_DISABLED_TOOLS                            
                    INFO     Disabled tool 'lean_goal' via         server.py:115
                             LEAN_MCP_DISABLED_TOOLS                            
                    INFO     Disabled tool 'lean_hover_info' via   server.py:115
                             LEAN_MCP_DISABLED_TOOLS                            
                    INFO     Disabled tool 'lean_references' via   server.py:115
                             LEAN_MCP_DISABLED_TOOLS                            
                    INFO     Disabled tool 'lean_term_goal' via    server.py:115
                             LEAN_MCP_DISABLED_TOOLS                            
                    INFO     REPL enabled, using:                  server.py:322
                             /home/amirnabiyev/Conjecture_Prover/.              
                             lake/packages/repl/.lake/build/bin/re              
                             pl                                                 
                    INFO     REPL initialized: timeout=60s         server.py:325
[08/26/26 16:01:44] INFO     Disabled tool 'lean_build' via        server.py:115
                             LEAN_MCP_DISABLED_TOOLS                            
                    INFO     Disabled tool 'lean_completions' via  server.py:115
                             LEAN_MCP_DISABLED_TOOLS                            
                    INFO     Disabled tool 'lean_declaration_file' server.py:115
                             via LEAN_MCP_DISABLED_TOOLS                        
                    INFO     Disabled tool                         server.py:115
                             'lean_diagnostic_messages' via                     
                             LEAN_MCP_DISABLED_TOOLS                            
                    INFO     Disabled tool 'lean_file_outline' via server.py:115
                             LEAN_MCP_DISABLED_TOOLS                            
                    INFO     Disabled tool                         server.py:115
                             'lean_get_widget_source' via                       
                             LEAN_MCP_DISABLED_TOOLS                            
                    INFO     Disabled tool 'lean_get_widgets' via  server.py:115
                             LEAN_MCP_DISABLED_TOOLS                            
                    INFO     Disabled tool 'lean_goal' via         server.py:115
                             LEAN_MCP_DISABLED_TOOLS                            
                    INFO     Disabled tool 'lean_hover_info' via   server.py:115
                             LEAN_MCP_DISABLED_TOOLS                            
                    INFO     Disabled tool 'lean_references' via   server.py:115
                             LEAN_MCP_DISABLED_TOOLS                            
                    INFO     Disabled tool 'lean_term_goal' via    server.py:115
                             LEAN_MCP_DISABLED_TOOLS                            
                    INFO     REPL enabled, using:                  server.py:322
                             /home/amirnabiyev/Conjecture_Prover/.              
                             lake/packages/repl/.lake/build/bin/re              
                             pl                                                 
                    INFO     REPL initialized: timeout=60s         server.py:325
[08/26/26 16:01:45] INFO     Disabled tool 'lean_build' via        server.py:115
                             LEAN_MCP_DISABLED_TOOLS                            
                    INFO     Disabled tool 'lean_completions' via  server.py:115
                             LEAN_MCP_DISABLED_TOOLS                            
                    INFO     Disabled tool 'lean_declaration_file' server.py:115
                             via LEAN_MCP_DISABLED_TOOLS                        
                    INFO     Disabled tool                         server.py:115
                             'lean_diagnostic_messages' via                     
                             LEAN_MCP_DISABLED_TOOLS                            
                    INFO     Disabled tool 'lean_file_outline' via server.py:115
                             LEAN_MCP_DISABLED_TOOLS                            
                    INFO     Disabled tool                         server.py:115
                             'lean_get_widget_source' via                       
                             LEAN_MCP_DISABLED_TOOLS                            
                    INFO     Disabled tool 'lean_get_widgets' via  server.py:115
                             LEAN_MCP_DISABLED_TOOLS                            
                    INFO     Disabled tool 'lean_goal' via         server.py:115
                             LEAN_MCP_DISABLED_TOOLS                            
                    INFO     Disabled tool 'lean_hover_info' via   server.py:115
                             LEAN_MCP_DISABLED_TOOLS                            
                    INFO     Disabled tool 'lean_references' via   server.py:115
                             LEAN_MCP_DISABLED_TOOLS                            
                    INFO     Disabled tool 'lean_term_goal' via    server.py:115
                             LEAN_MCP_DISABLED_TOOLS                            
                    INFO     REPL enabled, using:                  server.py:322
                             /home/amirnabiyev/Conjecture_Prover/.              
                             lake/packages/repl/.lake/build/bin/re              
                             pl                                                 
                    INFO     REPL initialized: timeout=60s         server.py:325
[08/26/26 16:01:45] INFO     Session ending — cleaning up          server.py:360
                             per-session resources                              
[08/26/26 16:01:46] INFO     Disabled tool 'lean_build' via        server.py:115
                             LEAN_MCP_DISABLED_TOOLS                            
                    INFO     Disabled tool 'lean_completions' via  server.py:115
                             LEAN_MCP_DISABLED_TOOLS                            
                    INFO     Disabled tool 'lean_declaration_file' server.py:115
                             via LEAN_MCP_DISABLED_TOOLS                        
                    INFO     Disabled tool                         server.py:115
                             'lean_diagnostic_messages' via                     
                             LEAN_MCP_DISABLED_TOOLS                            
                    INFO     Disabled tool 'lean_file_outline' via server.py:115
                             LEAN_MCP_DISABLED_TOOLS                            
                    INFO     Disabled tool                         server.py:115
                             'lean_get_widget_source' via                       
                             LEAN_MCP_DISABLED_TOOLS                            
                    INFO     Disabled tool 'lean_get_widgets' via  server.py:115
                             LEAN_MCP_DISABLED_TOOLS                            
                    INFO     Disabled tool 'lean_goal' via         server.py:115
                             LEAN_MCP_DISABLED_TOOLS                            
                    INFO     Disabled tool 'lean_hover_info' via   server.py:115
                             LEAN_MCP_DISABLED_TOOLS                            
                    INFO     Disabled tool 'lean_references' via   server.py:115
                             LEAN_MCP_DISABLED_TOOLS                            
                    INFO     Disabled tool 'lean_term_goal' via    server.py:115
                             LEAN_MCP_DISABLED_TOOLS                            
                    INFO     REPL enabled, using:                  server.py:322
                             /home/amirnabiyev/Conjecture_Prover/.              
                             lake/packages/repl/.lake/build/bin/re              
                             pl                                                 
                    INFO     REPL initialized: timeout=60s         server.py:325
[08/26/26 16:01:46] INFO     Disabled tool 'lean_build' via        server.py:115
                             LEAN_MCP_DISABLED_TOOLS                            
                    INFO     Disabled tool 'lean_completions' via  server.py:115
                             LEAN_MCP_DISABLED_TOOLS                            
                    INFO     Disabled tool 'lean_declaration_file' server.py:115
                             via LEAN_MCP_DISABLED_TOOLS                        
                    INFO     Disabled tool                         server.py:115
                             'lean_diagnostic_messages' via                     
                             LEAN_MCP_DISABLED_TOOLS                            
                    INFO     Disabled tool 'lean_file_outline' via server.py:115
                             LEAN_MCP_DISABLED_TOOLS                            
                    INFO     Disabled tool                         server.py:115
                             'lean_get_widget_source' via                       
                             LEAN_MCP_DISABLED_TOOLS                            
                    INFO     Disabled tool 'lean_get_widgets' via  server.py:115
                             LEAN_MCP_DISABLED_TOOLS                            
                    INFO     Disabled tool 'lean_goal' via         server.py:115
                             LEAN_MCP_DISABLED_TOOLS                            
                    INFO     Disabled tool 'lean_hover_info' via   server.py:115
                             LEAN_MCP_DISABLED_TOOLS                            
                    INFO     Disabled tool 'lean_references' via   server.py:115
                             LEAN_MCP_DISABLED_TOOLS                            
[08/26/26 16:01:47] INFO     Disabled tool 'lean_term_goal' via    server.py:115
                             LEAN_MCP_DISABLED_TOOLS                            
                    INFO     REPL enabled, using:                  server.py:322
                             /home/amirnabiyev/Conjecture_Prover/.              
                             lake/packages/repl/.lake/build/bin/re              
                             pl                                                 
                    INFO     REPL initialized: timeout=60s         server.py:325
[08/26/26 16:01:47] INFO     Session ending — cleaning up          server.py:360
                             per-session resources                              
[08/26/26 16:01:48] INFO     Session ending — cleaning up          server.py:360
                             per-session resources                              
[08/26/26 16:01:49] INFO     Session ending — cleaning up          server.py:360
                             per-session resources                              
[08/26/26 16:01:51] INFO     Session ending — cleaning up          server.py:360
                             per-session resources                              
[08/26/26 16:01:51] INFO     Disabled tool 'lean_build' via        server.py:115
                             LEAN_MCP_DISABLED_TOOLS                            
                    INFO     Disabled tool 'lean_completions' via  server.py:115
                             LEAN_MCP_DISABLED_TOOLS                            
                    INFO     Disabled tool 'lean_declaration_file' server.py:115
                             via LEAN_MCP_DISABLED_TOOLS                        
                    INFO     Disabled tool                         server.py:115
                             'lean_diagnostic_messages' via                     
                             LEAN_MCP_DISABLED_TOOLS                            
                    INFO     Disabled tool 'lean_file_outline' via server.py:115
                             LEAN_MCP_DISABLED_TOOLS                            
                    INFO     Disabled tool                         server.py:115
                             'lean_get_widget_source' via                       
                             LEAN_MCP_DISABLED_TOOLS                            
                    INFO     Disabled tool 'lean_get_widgets' via  server.py:115
                             LEAN_MCP_DISABLED_TOOLS                            
                    INFO     Disabled tool 'lean_goal' via         server.py:115
                             LEAN_MCP_DISABLED_TOOLS                            
                    INFO     Disabled tool 'lean_hover_info' via   server.py:115
                             LEAN_MCP_DISABLED_TOOLS                            
                    INFO     Disabled tool 'lean_references' via   server.py:115
                             LEAN_MCP_DISABLED_TOOLS                            
                    INFO     Disabled tool 'lean_term_goal' via    server.py:115
                             LEAN_MCP_DISABLED_TOOLS                            
                    INFO     REPL enabled, using:                  server.py:322
                             /home/amirnabiyev/Conjecture_Prover/.              
                             lake/packages/repl/.lake/build/bin/re              
                             pl                                                 
                    INFO     REPL initialized: timeout=60s         server.py:325
[08/26/26 16:01:53] INFO     Session ending — cleaning up          server.py:360
                             per-session resources                              
[08/26/26 16:01:54] INFO     Disabled tool 'lean_build' via        server.py:115
                             LEAN_MCP_DISABLED_TOOLS                            
                    INFO     Disabled tool 'lean_completions' via  server.py:115
                             LEAN_MCP_DISABLED_TOOLS                            
                    INFO     Disabled tool 'lean_declaration_file' server.py:115
                             via LEAN_MCP_DISABLED_TOOLS                        
                    INFO     Disabled tool                         server.py:115
                             'lean_diagnostic_messages' via                     
                             LEAN_MCP_DISABLED_TOOLS                            
                    INFO     Disabled tool 'lean_file_outline' via server.py:115
                             LEAN_MCP_DISABLED_TOOLS                            
                    INFO     Disabled tool                         server.py:115
                             'lean_get_widget_source' via                       
                             LEAN_MCP_DISABLED_TOOLS                            
                    INFO     Disabled tool 'lean_get_widgets' via  server.py:115
                             LEAN_MCP_DISABLED_TOOLS                            
                    INFO     Disabled tool 'lean_goal' via         server.py:115
                             LEAN_MCP_DISABLED_TOOLS                            
                    INFO     Disabled tool 'lean_hover_info' via   server.py:115
                             LEAN_MCP_DISABLED_TOOLS                            
                    INFO     Disabled tool 'lean_references' via   server.py:115
                             LEAN_MCP_DISABLED_TOOLS                            
                    INFO     Disabled tool 'lean_term_goal' via    server.py:115
                             LEAN_MCP_DISABLED_TOOLS                            
                    INFO     REPL enabled, using:                  server.py:322
                             /home/amirnabiyev/Conjecture_Prover/.              
                             lake/packages/repl/.lake/build/bin/re              
                             pl                                                 
                    INFO     REPL initialized: timeout=60s         server.py:325
[08/26/26 16:01:55] INFO     Session ending — cleaning up          server.py:360
                             per-session resources                              
[08/26/26 16:01:55] INFO     Disabled tool 'lean_build' via        server.py:115
                             LEAN_MCP_DISABLED_TOOLS                            
                    INFO     Disabled tool 'lean_completions' via  server.py:115
                             LEAN_MCP_DISABLED_TOOLS                            
                    INFO     Disabled tool 'lean_declaration_file' server.py:115
                             via LEAN_MCP_DISABLED_TOOLS                        
                    INFO     Disabled tool                         server.py:115
                             'lean_diagnostic_messages' via                     
                             LEAN_MCP_DISABLED_TOOLS                            
                    INFO     Disabled tool 'lean_file_outline' via server.py:115
                             LEAN_MCP_DISABLED_TOOLS                            
                    INFO     Disabled tool                         server.py:115
                             'lean_get_widget_source' via                       
                             LEAN_MCP_DISABLED_TOOLS                            
                    INFO     Disabled tool 'lean_get_widgets' via  server.py:115
                             LEAN_MCP_DISABLED_TOOLS                            
                    INFO     Disabled tool 'lean_goal' via         server.py:115
                             LEAN_MCP_DISABLED_TOOLS                            
                    INFO     Disabled tool 'lean_hover_info' via   server.py:115
                             LEAN_MCP_DISABLED_TOOLS                            
                    INFO     Disabled tool 'lean_references' via   server.py:115
                             LEAN_MCP_DISABLED_TOOLS                            
                    INFO     Disabled tool 'lean_term_goal' via    server.py:115
                             LEAN_MCP_DISABLED_TOOLS                            
                    INFO     REPL enabled, using:                  server.py:322
                             /home/amirnabiyev/Conjecture_Prover/.              
                             lake/packages/repl/.lake/build/bin/re              
                             pl                                                 
                    INFO     REPL initialized: timeout=60s         server.py:325
[08/26/26 16:01:56] INFO     Disabled tool 'lean_build' via        server.py:115
                             LEAN_MCP_DISABLED_TOOLS                            
                    INFO     Disabled tool 'lean_completions' via  server.py:115
                             LEAN_MCP_DISABLED_TOOLS                            
                    INFO     Disabled tool 'lean_declaration_file' server.py:115
                             via LEAN_MCP_DISABLED_TOOLS                        
                    INFO     Disabled tool                         server.py:115
                             'lean_diagnostic_messages' via                     
                             LEAN_MCP_DISABLED_TOOLS                            
                    INFO     Disabled tool 'lean_file_outline' via server.py:115
                             LEAN_MCP_DISABLED_TOOLS                            
                    INFO     Disabled tool                         server.py:115
                             'lean_get_widget_source' via                       
                             LEAN_MCP_DISABLED_TOOLS                            
                    INFO     Disabled tool 'lean_get_widgets' via  server.py:115
                             LEAN_MCP_DISABLED_TOOLS                            
                    INFO     Disabled tool 'lean_goal' via         server.py:115
                             LEAN_MCP_DISABLED_TOOLS                            
                    INFO     Disabled tool 'lean_hover_info' via   server.py:115
                             LEAN_MCP_DISABLED_TOOLS                            
                    INFO     Disabled tool 'lean_references' via   server.py:115
                             LEAN_MCP_DISABLED_TOOLS                            
                    INFO     Disabled tool 'lean_term_goal' via    server.py:115
                             LEAN_MCP_DISABLED_TOOLS                            
                    INFO     REPL enabled, using:                  server.py:322
                             /home/amirnabiyev/Conjecture_Prover/.              
                             lake/packages/repl/.lake/build/bin/re              
                             pl                                                 
                    INFO     REPL initialized: timeout=60s         server.py:325
[08/26/26 16:01:58] INFO     Disabled tool 'lean_build' via        server.py:115
                             LEAN_MCP_DISABLED_TOOLS                            
                    INFO     Disabled tool 'lean_completions' via  server.py:115
                             LEAN_MCP_DISABLED_TOOLS                            
                    INFO     Disabled tool 'lean_declaration_file' server.py:115
                             via LEAN_MCP_DISABLED_TOOLS                        
                    INFO     Disabled tool                         server.py:115
                             'lean_diagnostic_messages' via                     
                             LEAN_MCP_DISABLED_TOOLS                            
                    INFO     Disabled tool 'lean_file_outline' via server.py:115
                             LEAN_MCP_DISABLED_TOOLS                            
                    INFO     Disabled tool                         server.py:115
                             'lean_get_widget_source' via                       
                             LEAN_MCP_DISABLED_TOOLS                            
                    INFO     Disabled tool 'lean_get_widgets' via  server.py:115
                             LEAN_MCP_DISABLED_TOOLS                            
                    INFO     Disabled tool 'lean_goal' via         server.py:115
                             LEAN_MCP_DISABLED_TOOLS                            
                    INFO     Disabled tool 'lean_hover_info' via   server.py:115
                             LEAN_MCP_DISABLED_TOOLS                            
                    INFO     Disabled tool 'lean_references' via   server.py:115
                             LEAN_MCP_DISABLED_TOOLS                            
                    INFO     Disabled tool 'lean_term_goal' via    server.py:115
                             LEAN_MCP_DISABLED_TOOLS                            
                    INFO     REPL enabled, using:                  server.py:322
                             /home/amirnabiyev/Conjecture_Prover/.              
                             lake/packages/repl/.lake/build/bin/re              
                             pl                                                 
                    INFO     REPL initialized: timeout=60s         server.py:325
                    INFO     Session ending — cleaning up          server.py:360
                             per-session resources                              
[08/26/26 16:01:59] INFO     Disabled tool 'lean_build' via        server.py:115
                             LEAN_MCP_DISABLED_TOOLS                            
                    INFO     Disabled tool 'lean_completions' via  server.py:115
                             LEAN_MCP_DISABLED_TOOLS                            
                    INFO     Disabled tool 'lean_declaration_file' server.py:115
                             via LEAN_MCP_DISABLED_TOOLS                        
                    INFO     Disabled tool                         server.py:115
                             'lean_diagnostic_messages' via                     
                             LEAN_MCP_DISABLED_TOOLS                            
                    INFO     Disabled tool 'lean_file_outline' via server.py:115
                             LEAN_MCP_DISABLED_TOOLS                            
                    INFO     Disabled tool                         server.py:115
                             'lean_get_widget_source' via                       
                             LEAN_MCP_DISABLED_TOOLS                            
                    INFO     Disabled tool 'lean_get_widgets' via  server.py:115
                             LEAN_MCP_DISABLED_TOOLS                            
                    INFO     Disabled tool 'lean_goal' via         server.py:115
                             LEAN_MCP_DISABLED_TOOLS                            
                    INFO     Disabled tool 'lean_hover_info' via   server.py:115
                             LEAN_MCP_DISABLED_TOOLS                            
                    INFO     Disabled tool 'lean_references' via   server.py:115
                             LEAN_MCP_DISABLED_TOOLS                            
                    INFO     Disabled tool 'lean_term_goal' via    server.py:115
                             LEAN_MCP_DISABLED_TOOLS                            
                    INFO     REPL enabled, using:                  server.py:322
                             /home/amirnabiyev/Conjecture_Prover/.              
                             lake/packages/repl/.lake/build/bin/re              
                             pl                                                 
                    INFO     REPL initialized: timeout=60s         server.py:325
[08/26/26 16:02:01] INFO     Session ending — cleaning up          server.py:360
                             per-session resources                              
[08/26/26 16:02:03] INFO     Session ending — cleaning up          server.py:360
                             per-session resources                              
[08/26/26 16:02:05] INFO     Disabled tool 'lean_build' via        server.py:115
                             LEAN_MCP_DISABLED_TOOLS                            
                    INFO     Disabled tool 'lean_completions' via  server.py:115
                             LEAN_MCP_DISABLED_TOOLS                            
                    INFO     Disabled tool 'lean_declaration_file' server.py:115
                             via LEAN_MCP_DISABLED_TOOLS                        
                    INFO     Disabled tool                         server.py:115
                             'lean_diagnostic_messages' via                     
                             LEAN_MCP_DISABLED_TOOLS                            
                    INFO     Disabled tool 'lean_file_outline' via server.py:115
                             LEAN_MCP_DISABLED_TOOLS                            
                    INFO     Disabled tool                         server.py:115
                             'lean_get_widget_source' via                       
                             LEAN_MCP_DISABLED_TOOLS                            
                    INFO     Disabled tool 'lean_get_widgets' via  server.py:115
                             LEAN_MCP_DISABLED_TOOLS                            
                    INFO     Disabled tool 'lean_goal' via         server.py:115
                             LEAN_MCP_DISABLED_TOOLS                            
                    INFO     Disabled tool 'lean_hover_info' via   server.py:115
                             LEAN_MCP_DISABLED_TOOLS                            
                    INFO     Disabled tool 'lean_references' via   server.py:115
                             LEAN_MCP_DISABLED_TOOLS                            
                    INFO     Disabled tool 'lean_term_goal' via    server.py:115
                             LEAN_MCP_DISABLED_TOOLS                            
                    INFO     REPL enabled, using:                  server.py:322
                             /home/amirnabiyev/Conjecture_Prover/.              
                             lake/packages/repl/.lake/build/bin/re              
                             pl                                                 
                    INFO     REPL initialized: timeout=60s         server.py:325
[08/26/26 16:02:06] INFO     Disabled tool 'lean_build' via        server.py:115
                             LEAN_MCP_DISABLED_TOOLS                            
                    INFO     Disabled tool 'lean_completions' via  server.py:115
                             LEAN_MCP_DISABLED_TOOLS                            
                    INFO     Disabled tool 'lean_declaration_file' server.py:115
                             via LEAN_MCP_DISABLED_TOOLS                        
                    INFO     Disabled tool                         server.py:115
                             'lean_diagnostic_messages' via                     
                             LEAN_MCP_DISABLED_TOOLS                            
                    INFO     Disabled tool 'lean_file_outline' via server.py:115
                             LEAN_MCP_DISABLED_TOOLS                            
                    INFO     Disabled tool                         server.py:115
                             'lean_get_widget_source' via                       
                             LEAN_MCP_DISABLED_TOOLS                            
                    INFO     Disabled tool 'lean_get_widgets' via  server.py:115
                             LEAN_MCP_DISABLED_TOOLS                            
                    INFO     Disabled tool 'lean_goal' via         server.py:115
                             LEAN_MCP_DISABLED_TOOLS                            
                    INFO     Disabled tool 'lean_hover_info' via   server.py:115
                             LEAN_MCP_DISABLED_TOOLS                            
                    INFO     Disabled tool 'lean_references' via   server.py:115
                             LEAN_MCP_DISABLED_TOOLS                            
                    INFO     Disabled tool 'lean_term_goal' via    server.py:115
                             LEAN_MCP_DISABLED_TOOLS                            
                    INFO     REPL enabled, using:                  server.py:322
                             /home/amirnabiyev/Conjecture_Prover/.              
                             lake/packages/repl/.lake/build/bin/re              
                             pl                                                 
                    INFO     REPL initialized: timeout=60s         server.py:325
                    INFO     Session ending — cleaning up          server.py:360
                             per-session resources                              
[08/26/26 16:02:06] INFO     Session ending — cleaning up          server.py:360
                             per-session resources                              
[08/26/26 16:02:07] INFO     Session ending — cleaning up          server.py:360
                             per-session resources                              
[08/26/26 16:02:09] INFO     Session ending — cleaning up          server.py:360
                             per-session resources                              
[08/26/26 16:02:12] INFO     Disabled tool 'lean_build' via        server.py:115
                             LEAN_MCP_DISABLED_TOOLS                            
                    INFO     Disabled tool 'lean_completions' via  server.py:115
                             LEAN_MCP_DISABLED_TOOLS                            
                    INFO     Disabled tool 'lean_declaration_file' server.py:115
                             via LEAN_MCP_DISABLED_TOOLS                        
                    INFO     Disabled tool                         server.py:115
                             'lean_diagnostic_messages' via                     
                             LEAN_MCP_DISABLED_TOOLS                            
                    INFO     Disabled tool 'lean_file_outline' via server.py:115
                             LEAN_MCP_DISABLED_TOOLS                            
                    INFO     Disabled tool                         server.py:115
                             'lean_get_widget_source' via                       
                             LEAN_MCP_DISABLED_TOOLS                            
                    INFO     Disabled tool 'lean_get_widgets' via  server.py:115
                             LEAN_MCP_DISABLED_TOOLS                            
                    INFO     Disabled tool 'lean_goal' via         server.py:115
                             LEAN_MCP_DISABLED_TOOLS                            
                    INFO     Disabled tool 'lean_hover_info' via   server.py:115
                             LEAN_MCP_DISABLED_TOOLS                            
                    INFO     Disabled tool 'lean_references' via   server.py:115
                             LEAN_MCP_DISABLED_TOOLS                            
                    INFO     Disabled tool 'lean_term_goal' via    server.py:115
                             LEAN_MCP_DISABLED_TOOLS                            
                    INFO     REPL enabled, using:                  server.py:322
                             /home/amirnabiyev/Conjecture_Prover/.              
                             lake/packages/repl/.lake/build/bin/re              
                             pl                                                 
                    INFO     REPL initialized: timeout=60s         server.py:325
[08/26/26 16:02:13] INFO     Disabled tool 'lean_build' via        server.py:115
                             LEAN_MCP_DISABLED_TOOLS                            
                    INFO     Disabled tool 'lean_completions' via  server.py:115
                             LEAN_MCP_DISABLED_TOOLS                            
                    INFO     Disabled tool 'lean_declaration_file' server.py:115
                             via LEAN_MCP_DISABLED_TOOLS                        
                    INFO     Disabled tool                         server.py:115
                             'lean_diagnostic_messages' via                     
                             LEAN_MCP_DISABLED_TOOLS                            
                    INFO     Disabled tool 'lean_file_outline' via server.py:115
                             LEAN_MCP_DISABLED_TOOLS                            
                    INFO     Disabled tool                         server.py:115
                             'lean_get_widget_source' via                       
                             LEAN_MCP_DISABLED_TOOLS                            
                    INFO     Disabled tool 'lean_get_widgets' via  server.py:115
                             LEAN_MCP_DISABLED_TOOLS                            
                    INFO     Disabled tool 'lean_goal' via         server.py:115
                             LEAN_MCP_DISABLED_TOOLS                            
                    INFO     Disabled tool 'lean_hover_info' via   server.py:115
                             LEAN_MCP_DISABLED_TOOLS                            
                    INFO     Disabled tool 'lean_references' via   server.py:115
                             LEAN_MCP_DISABLED_TOOLS                            
                    INFO     Disabled tool 'lean_term_goal' via    server.py:115
                             LEAN_MCP_DISABLED_TOOLS                            
                    INFO     REPL enabled, using:                  server.py:322
                             /home/amirnabiyev/Conjecture_Prover/.              
                             lake/packages/repl/.lake/build/bin/re              
                             pl                                                 
                    INFO     REPL initialized: timeout=60s         server.py:325
[08/26/26 16:02:16] INFO     Session ending — cleaning up          server.py:360
                             per-session resources                              

   💬 BP AI says: The blueprint JSON regenerated successfully. Let me do a final verification of the file structure.
   🛠️  BP AI made 1 tool call(s):
 → lean_file_outline
   🚦 Routing: blueprint_gen → tools_bp
   🚦 Routing: tool_node → blueprint_gen

======================================================================
📋 BLUEPRINT GENERATOR: Decomposing theorem into dependency graph
======================================================================

   💬 BP AI says: The blueprint is complete and verified. Here's a summary of what was created:

## Blueprint: `ringKrullDim_quot_annihilator_eq`

**Target theorem** (preserved verbatim): For an integral extension `R → S` with an `S`-module `M` (viewed as an `R`-module via the scalar tower), the Krull dimensions of `S ⧸ ann_S(M)` and `R ⧸ ann_R(M)` are equal.

**Dependency graph** (6 nodes, all `@[blueprint]`-annotated with `sorry_using [...]` bodies):

| Node | Statement | Deps |
|---|---|---|
| `quot_annihilato
      ... (2231 total chars)
   🚦 Routing: blueprint_gen → rebuild_blueprint (first pass)

🔄 REBUILD BLUEPRINT: Refreshing blueprint state from JSON...
   📊 6 lemmas, 0 proved
   📊 Blueprint: 6 nodes, root='ringKrullDim_quot_annihilator_eq'
   🚦 Routing: rebuild_blueprint → theorem_proving
   🚀 theorem_proving: dispatching 6 parallel agent(s) (skipped 0 without sorry_using)
      → quot_annihilator_isIntegral
      → quot_annihilator_injective
      → ringKrullDim_le_of_isIntegral
      → ringKrullDim_ge_of_isIntegral
      → ringKrullDim_eq_of_isIntegral
      → ringKrullDim_quot_annihilator_eq

============================================================
🔍 PROVE LEMMA: quot_annihilator_isIntegral  (max 20 turns)
============================================================


============================================================
🔍 PROVE LEMMA: quot_annihilator_injective  (max 20 turns)
============================================================


============================================================
🔍 PROVE LEMMA: ringKrullDim_le_of_isIntegral  (max 20 turns)
============================================================


============================================================
🔍 PROVE LEMMA: ringKrullDim_ge_of_isIntegral  (max 20 turns)
============================================================


============================================================
🔍 PROVE LEMMA: ringKrullDim_eq_of_isIntegral  (max 20 turns)
============================================================


============================================================
🔍 PROVE LEMMA: ringKrullDim_quot_annihilator_eq  (max 20 turns)
============================================================

   🔌 MCP client ready for lemma 'ringKrullDim_quot_annihilator_eq' (proof-only mode)
   🔌 MCP client ready for lemma 'ringKrullDim_ge_of_isIntegral' (proof-only mode)
   🔌 MCP client ready for lemma 'ringKrullDim_eq_of_isIntegral' (proof-only mode)
   🔌 MCP client ready for lemma 'ringKrullDim_le_of_isIntegral' (proof-only mode)
   🔌 MCP client ready for lemma 'quot_annihilator_isIntegral' (proof-only mode)
   🔌 MCP client ready for lemma 'quot_annihilator_injective' (proof-only mode)
   🛠️  PL-ringKrullDim_le_of_isIntegral AI made 2 tool call(s):
 → search_mathlib_docs
 → lean_loogle
   🛠️  PL-ringKrullDim_quot_annihilator_eq AI made 2 tool call(s):
 → lean_run_code
 → lean_local_search
   🛠️  PL-quot_annihilator_isIntegral AI made 2 tool call(s):
 → lean_loogle
 → lean_local_search
   🛠️  PL-quot_annihilator_injective AI made 2 tool call(s):
 → search_mathlib_docs
 → lean_loogle
   🛠️  PL-ringKrullDim_eq_of_isIntegral AI made 2 tool call(s):
 → lean_local_search
 → lean_local_search
   🛠️  PL-ringKrullDim_ge_of_isIntegral AI made 2 tool call(s):
 → search_mathlib_docs
 → lean_loogle
   🛠️  PL-ringKrullDim_le_of_isIntegral AI made 2 tool call(s):
 → lean_leansearch
 → lean_loogle
   🛠️  PL-ringKrullDim_ge_of_isIntegral AI made 1 tool call(s):
 → lean_run_code
   💬 PL-quot_annihilator_injective AI says: The theorem `Ideal.algebraMap_quotient_injective` matches exactly with `A = S`, `I = Module.annihilator S M`. Let me test whether the `IsTwoSided` instance is inferred automatically for commutative rings.
   🛠️  PL-quot_annihilator_injective AI made 1 tool call(s):
 → lean_run_code
   💬 PL-quot_annihilator_isIntegral AI says: The lemma is an instance with exactly the right type. Let me test a proof:
   🛠️  PL-quot_annihilator_isIntegral AI made 1 tool call(s):
 → lean_run_code
   🛠️  PL-ringKrullDim_le_of_isIntegral AI made 1 tool call(s):
 → lean_run_code
   🛠️  PL-ringKrullDim_ge_of_isIntegral AI made 1 tool call(s):
 → lean_run_code
   🛠️  PL-ringKrullDim_quot_annihilator_eq AI made 3 tool call(s):
 → lean_local_search
 → lean_local_search
 → lean_local_search
   💬 PL-quot_annihilator_injective AI says: The second import path is wrong. Let me find the correct module for `Module.annihilator`.
   🛠️  PL-quot_annihilator_injective AI made 1 tool call(s):
 → search_mathlib_docs_multi
   🛠️  PL-ringKrullDim_eq_of_isIntegral AI made 2 tool call(s):
 → lean_run_code
 → lean_run_code
   💬 PL-quot_annihilator_isIntegral AI says: Import issue with `open scoped Polynomial`. Let me fix:
   🛠️  PL-quot_annihilator_isIntegral AI made 1 tool call(s):
 → lean_run_code
   🛠️  PL-ringKrullDim_le_of_isIntegral AI made 2 tool call(s):
 → search_mathlib_docs
 → lean_local_search
   💬 PL-quot_annihilator_injective AI says: `Module.annihilator` is in `Mathlib.RingTheory.Ideal.Maps`. Let me retest.
   🛠️  PL-quot_annihilator_injective AI made 1 tool call(s):
 → lean_run_code
   🛠️  PL-ringKrullDim_quot_annihilator_eq AI made 1 tool call(s):
 → lean_run_code
   🛠️  PL-quot_annihilator_isIntegral AI made 2 tool call(s):
 → lean_local_search
 → lean_local_search
   🛠️  PL-ringKrullDim_ge_of_isIntegral AI made 1 tool call(s):
 → lean_run_code
   🛠️  PL-ringKrullDim_le_of_isIntegral AI made 2 tool call(s):
 → lean_run_code
 → lean_local_search
   💬 PL-quot_annihilator_injective AI says: The proof compiles cleanly with a single `exact`. The `IsTwoSided` instance is inferred automatically since `S` is commutative. This is exactly the specialization suggested by the proof sketch.

**Verification complete.**

1. **Target:** `quot_annihilator_injective`
2. **Status:** VERIFIED
3. **Validated Lean code block:**
   ```lean
   lemma quot_annihilator_injective {R S M : Type} [CommRing R] [CommRing S] [AddCommGroup M]
       [Algebra R S] [Module S M] [Module R M] [IsScalarTower R S M] :
      ... (1714 total chars)
   ✅ Lemma 'quot_annihilator_injective' appears proved (turn 5)
   🛠️  PL-quot_annihilator_isIntegral AI made 1 tool call(s):
 → lean_run_code
   🛠️  PL-ringKrullDim_ge_of_isIntegral AI made 1 tool call(s):
 → lean_run_code
   🛠️  PL-ringKrullDim_le_of_isIntegral AI made 1 tool call(s):
 → lean_run_code
   💬 PL-quot_annihilator_isIntegral AI says: The proof compiles cleanly with no `sorry`/`sorry_using` — only standard axioms (`propext`, `Classical.choice`, `Quot.sound`). The solution is a direct application of the instance `Algebra.IsIntegral.quotient`, exactly as the proof sketch suggests.

1. Target: `quot_annihilator_isIntegral`
2. Status: VERIFIED
3. Validated Lean code block:
   ```lean
   lemma quot_annihilator_isIntegral {R S M : Type} [CommRing R] [CommRing S] [AddCommGroup M]
       [Algebra R S] [Module S M] [Module R M] [IsSca
      ... (1959 total chars)
   💬 PL-ringKrullDim_eq_of_isIntegral AI says: Found the signatures. Key detail: `ringKrullDim_le_of_isIntegral` doesn't take `h_inj`, while `ringKrullDim_ge_of_isIntegral` does. Now let me test the proof:
   🛠️  PL-ringKrullDim_eq_of_isIntegral AI made 1 tool call(s):
 → lean_run_code
   💬 PL-quot_annihilator_isIntegral AI says: The proof is complete and verified.
   ⚠️  Lemma 'quot_annihilator_isIntegral': content is natural language, not Lean code — captured as feedback[08/26/26 16:02:17] INFO     Disabled tool 'lean_build' via        server.py:115
                             LEAN_MCP_DISABLED_TOOLS                            
                    INFO     Disabled tool 'lean_completions' via  server.py:115
                             LEAN_MCP_DISABLED_TOOLS                            
                    INFO     Disabled tool 'lean_declaration_file' server.py:115
                             via LEAN_MCP_DISABLED_TOOLS                        
                    INFO     Disabled tool                         server.py:115
                             'lean_diagnostic_messages' via                     
                             LEAN_MCP_DISABLED_TOOLS                            
                    INFO     Disabled tool 'lean_file_outline' via server.py:115
                             LEAN_MCP_DISABLED_TOOLS                            
                    INFO     Disabled tool                         server.py:115
                             'lean_get_widget_source' via                       
                             LEAN_MCP_DISABLED_TOOLS                            
                    INFO     Disabled tool 'lean_get_widgets' via  server.py:115
                             LEAN_MCP_DISABLED_TOOLS                            
                    INFO     Disabled tool 'lean_goal' via         server.py:115
                             LEAN_MCP_DISABLED_TOOLS                            
                    INFO     Disabled tool 'lean_hover_info' via   server.py:115
                             LEAN_MCP_DISABLED_TOOLS                            
                    INFO     Disabled tool 'lean_references' via   server.py:115
                             LEAN_MCP_DISABLED_TOOLS                            
                    INFO     Disabled tool 'lean_term_goal' via    server.py:115
                             LEAN_MCP_DISABLED_TOOLS                            
                    INFO     REPL enabled, using:                  server.py:322
                             /home/amirnabiyev/Conjecture_Prover/.              
                             lake/packages/repl/.lake/build/bin/re              
                             pl                                                 
                    INFO     REPL initialized: timeout=60s         server.py:325
[08/26/26 16:02:18] INFO     Session ending — cleaning up          server.py:360
                             per-session resources                              
[08/26/26 16:02:22] INFO     Disabled tool 'lean_build' via        server.py:115
                             LEAN_MCP_DISABLED_TOOLS                            
                    INFO     Disabled tool 'lean_completions' via  server.py:115
                             LEAN_MCP_DISABLED_TOOLS                            
                    INFO     Disabled tool 'lean_declaration_file' server.py:115
                             via LEAN_MCP_DISABLED_TOOLS                        
                    INFO     Disabled tool                         server.py:115
                             'lean_diagnostic_messages' via                     
                             LEAN_MCP_DISABLED_TOOLS                            
                    INFO     Disabled tool 'lean_file_outline' via server.py:115
                             LEAN_MCP_DISABLED_TOOLS                            
                    INFO     Disabled tool                         server.py:115
                             'lean_get_widget_source' via                       
                             LEAN_MCP_DISABLED_TOOLS                            
                    INFO     Disabled tool 'lean_get_widgets' via  server.py:115
                             LEAN_MCP_DISABLED_TOOLS                            
                    INFO     Disabled tool 'lean_goal' via         server.py:115
                             LEAN_MCP_DISABLED_TOOLS                            
                    INFO     Disabled tool 'lean_hover_info' via   server.py:115
                             LEAN_MCP_DISABLED_TOOLS                            
                    INFO     Disabled tool 'lean_references' via   server.py:115
                             LEAN_MCP_DISABLED_TOOLS                            
                    INFO     Disabled tool 'lean_term_goal' via    server.py:115
                             LEAN_MCP_DISABLED_TOOLS                            
                    INFO     REPL enabled, using:                  server.py:322
                             /home/amirnabiyev/Conjecture_Prover/.              
                             lake/packages/repl/.lake/build/bin/re              
                             pl                                                 
                    INFO     REPL initialized: timeout=60s         server.py:325
[08/26/26 16:02:24] INFO     Disabled tool 'lean_build' via        server.py:115
                             LEAN_MCP_DISABLED_TOOLS                            
                    INFO     Disabled tool 'lean_completions' via  server.py:115
                             LEAN_MCP_DISABLED_TOOLS                            
                    INFO     Disabled tool 'lean_declaration_file' server.py:115
                             via LEAN_MCP_DISABLED_TOOLS                        
                    INFO     Disabled tool                         server.py:115
                             'lean_diagnostic_messages' via                     
                             LEAN_MCP_DISABLED_TOOLS                            
                    INFO     Disabled tool 'lean_file_outline' via server.py:115
                             LEAN_MCP_DISABLED_TOOLS                            
                    INFO     Disabled tool                         server.py:115
                             'lean_get_widget_source' via                       
                             LEAN_MCP_DISABLED_TOOLS                            
                    INFO     Disabled tool 'lean_get_widgets' via  server.py:115
                             LEAN_MCP_DISABLED_TOOLS                            
                    INFO     Disabled tool 'lean_goal' via         server.py:115
                             LEAN_MCP_DISABLED_TOOLS                            
                    INFO     Disabled tool 'lean_hover_info' via   server.py:115
                             LEAN_MCP_DISABLED_TOOLS                            
                    INFO     Disabled tool 'lean_references' via   server.py:115
                             LEAN_MCP_DISABLED_TOOLS                            
                    INFO     Disabled tool 'lean_term_goal' via    server.py:115
                             LEAN_MCP_DISABLED_TOOLS                            
                    INFO     REPL enabled, using:                  server.py:322
                             /home/amirnabiyev/Conjecture_Prover/.              
                             lake/packages/repl/.lake/build/bin/re              
                             pl                                                 
                    INFO     REPL initialized: timeout=60s         server.py:325
[08/26/26 16:02:24] INFO     Session ending — cleaning up          server.py:360
                             per-session resources                              
[08/26/26 16:02:27] INFO     Session ending — cleaning up          server.py:360
                             per-session resources                              
[08/26/26 16:02:29] INFO     Session ending — cleaning up          server.py:360
                             per-session resources                              
[08/26/26 16:02:32] INFO     Disabled tool 'lean_build' via        server.py:115
                             LEAN_MCP_DISABLED_TOOLS                            
                    INFO     Disabled tool 'lean_completions' via  server.py:115
                             LEAN_MCP_DISABLED_TOOLS                            
                    INFO     Disabled tool 'lean_declaration_file' server.py:115
                             via LEAN_MCP_DISABLED_TOOLS                        
                    INFO     Disabled tool                         server.py:115
                             'lean_diagnostic_messages' via                     
                             LEAN_MCP_DISABLED_TOOLS                            
                    INFO     Disabled tool 'lean_file_outline' via server.py:115
                             LEAN_MCP_DISABLED_TOOLS                            
                    INFO     Disabled tool                         server.py:115
                             'lean_get_widget_source' via                       
                             LEAN_MCP_DISABLED_TOOLS                            
                    INFO     Disabled tool 'lean_get_widgets' via  server.py:115
                             LEAN_MCP_DISABLED_TOOLS                            
                    INFO     Disabled tool 'lean_goal' via         server.py:115
                             LEAN_MCP_DISABLED_TOOLS                            
                    INFO     Disabled tool 'lean_hover_info' via   server.py:115
                             LEAN_MCP_DISABLED_TOOLS                            
                    INFO     Disabled tool 'lean_references' via   server.py:115
                             LEAN_MCP_DISABLED_TOOLS                            
                    INFO     Disabled tool 'lean_term_goal' via    server.py:115
                             LEAN_MCP_DISABLED_TOOLS                            
                    INFO     REPL enabled, using:                  server.py:322
                             /home/amirnabiyev/Conjecture_Prover/.              
                             lake/packages/repl/.lake/build/bin/re              
                             pl                                                 
                    INFO     REPL initialized: timeout=60s         server.py:325
[08/26/26 16:02:33] INFO     Session ending — cleaning up          server.py:360
                             per-session resources                              
[08/26/26 16:02:34] INFO     Disabled tool 'lean_build' via        server.py:115
                             LEAN_MCP_DISABLED_TOOLS                            
                    INFO     Disabled tool 'lean_completions' via  server.py:115
                             LEAN_MCP_DISABLED_TOOLS                            
                    INFO     Disabled tool 'lean_declaration_file' server.py:115
                             via LEAN_MCP_DISABLED_TOOLS                        
                    INFO     Disabled tool                         server.py:115
                             'lean_diagnostic_messages' via                     
                             LEAN_MCP_DISABLED_TOOLS                            
                    INFO     Disabled tool 'lean_file_outline' via server.py:115
                             LEAN_MCP_DISABLED_TOOLS                            
                    INFO     Disabled tool                         server.py:115
                             'lean_get_widget_source' via                       
                             LEAN_MCP_DISABLED_TOOLS                            
                    INFO     Disabled tool 'lean_get_widgets' via  server.py:115
                             LEAN_MCP_DISABLED_TOOLS                            
                    INFO     Disabled tool 'lean_goal' via         server.py:115
                             LEAN_MCP_DISABLED_TOOLS                            
                    INFO     Disabled tool 'lean_hover_info' via   server.py:115
                             LEAN_MCP_DISABLED_TOOLS                            
                    INFO     Disabled tool 'lean_references' via   server.py:115
                             LEAN_MCP_DISABLED_TOOLS                            
                    INFO     Disabled tool 'lean_term_goal' via    server.py:115
                             LEAN_MCP_DISABLED_TOOLS                            
                    INFO     REPL enabled, using:                  server.py:322
                             /home/amirnabiyev/Conjecture_Prover/.              
                             lake/packages/repl/.lake/build/bin/re              
                             pl                                                 
                    INFO     REPL initialized: timeout=60s         server.py:325
[08/26/26 16:02:35] INFO     Session ending — cleaning up          server.py:360
                             per-session resources                              
[08/26/26 16:02:36] INFO     Disabled tool 'lean_build' via        server.py:115
                             LEAN_MCP_DISABLED_TOOLS                            
                    INFO     Disabled tool 'lean_completions' via  server.py:115
                             LEAN_MCP_DISABLED_TOOLS                            
                    INFO     Disabled tool 'lean_declaration_file' server.py:115
                             via LEAN_MCP_DISABLED_TOOLS                        
                    INFO     Disabled tool                         server.py:115
                             'lean_diagnostic_messages' via                     
                             LEAN_MCP_DISABLED_TOOLS                            
                    INFO     Disabled tool 'lean_file_outline' via server.py:115
                             LEAN_MCP_DISABLED_TOOLS                            
                    INFO     Disabled tool                         server.py:115
                             'lean_get_widget_source' via                       
                             LEAN_MCP_DISABLED_TOOLS                            
                    INFO     Disabled tool 'lean_get_widgets' via  server.py:115
                             LEAN_MCP_DISABLED_TOOLS                            
                    INFO     Disabled tool 'lean_goal' via         server.py:115
                             LEAN_MCP_DISABLED_TOOLS                            
                    INFO     Disabled tool 'lean_hover_info' via   server.py:115
                             LEAN_MCP_DISABLED_TOOLS                            
                    INFO     Disabled tool 'lean_references' via   server.py:115
                             LEAN_MCP_DISABLED_TOOLS                            
                    INFO     Disabled tool 'lean_term_goal' via    server.py:115
                             LEAN_MCP_DISABLED_TOOLS                            
                    INFO     REPL enabled, using:                  server.py:322
                             /home/amirnabiyev/Conjecture_Prover/.              
                             lake/packages/repl/.lake/build/bin/re              
                             pl                                                 
                    INFO     REPL initialized: timeout=60s         server.py:325
[08/26/26 16:02:40] INFO     Disabled tool 'lean_build' via        server.py:115
                             LEAN_MCP_DISABLED_TOOLS                            
                    INFO     Disabled tool 'lean_completions' via  server.py:115
                             LEAN_MCP_DISABLED_TOOLS                            
                    INFO     Disabled tool 'lean_declaration_file' server.py:115
                             via LEAN_MCP_DISABLED_TOOLS                        
                    INFO     Disabled tool                         server.py:115
                             'lean_diagnostic_messages' via                     
                             LEAN_MCP_DISABLED_TOOLS                            
                    INFO     Disabled tool 'lean_file_outline' via server.py:115
                             LEAN_MCP_DISABLED_TOOLS                            
                    INFO     Disabled tool                         server.py:115
                             'lean_get_widget_source' via                       
                             LEAN_MCP_DISABLED_TOOLS                            
                    INFO     Disabled tool 'lean_get_widgets' via  server.py:115
                             LEAN_MCP_DISABLED_TOOLS                            
                    INFO     Disabled tool 'lean_goal' via         server.py:115
                             LEAN_MCP_DISABLED_TOOLS                            
                    INFO     Disabled tool 'lean_hover_info' via   server.py:115
                             LEAN_MCP_DISABLED_TOOLS                            
                    INFO     Disabled tool 'lean_references' via   server.py:115
                             LEAN_MCP_DISABLED_TOOLS                            
                    INFO     Disabled tool 'lean_term_goal' via    server.py:115
                             LEAN_MCP_DISABLED_TOOLS                            
                    INFO     REPL enabled, using:                  server.py:322
                             /home/amirnabiyev/Conjecture_Prover/.              
                             lake/packages/repl/.lake/build/bin/re              
                             pl                                                 
                    INFO     REPL initialized: timeout=60s         server.py:325
[08/26/26 16:02:43] INFO     Session ending — cleaning up          server.py:360
                             per-session resources                              
[08/26/26 16:02:43] INFO     Session ending — cleaning up          server.py:360
                             per-session resources                              
[08/26/26 16:02:47] INFO     Disabled tool 'lean_build' via        server.py:115
                             LEAN_MCP_DISABLED_TOOLS                            
                    INFO     Disabled tool 'lean_completions' via  server.py:115
                             LEAN_MCP_DISABLED_TOOLS                            
                    INFO     Disabled tool 'lean_declaration_file' server.py:115
                             via LEAN_MCP_DISABLED_TOOLS                        
                    INFO     Disabled tool                         server.py:115
                             'lean_diagnostic_messages' via                     
                             LEAN_MCP_DISABLED_TOOLS                            
                    INFO     Disabled tool 'lean_file_outline' via server.py:115
                             LEAN_MCP_DISABLED_TOOLS                            
                    INFO     Disabled tool                         server.py:115
                             'lean_get_widget_source' via                       
                             LEAN_MCP_DISABLED_TOOLS                            
                    INFO     Disabled tool 'lean_get_widgets' via  server.py:115
                             LEAN_MCP_DISABLED_TOOLS                            
                    INFO     Disabled tool 'lean_goal' via         server.py:115
                             LEAN_MCP_DISABLED_TOOLS                            
                    INFO     Disabled tool 'lean_hover_info' via   server.py:115
                             LEAN_MCP_DISABLED_TOOLS                            
                    INFO     Disabled tool 'lean_references' via   server.py:115
                             LEAN_MCP_DISABLED_TOOLS                            
                    INFO     Disabled tool 'lean_term_goal' via    server.py:115
                             LEAN_MCP_DISABLED_TOOLS                            
                    INFO     REPL enabled, using:                  server.py:322
                             /home/amirnabiyev/Conjecture_Prover/.              
                             lake/packages/repl/.lake/build/bin/re              
                             pl                                                 
                    INFO     REPL initialized: timeout=60s         server.py:325
[08/26/26 16:02:48] INFO     Session ending — cleaning up          server.py:360
                             per-session resources                              
[08/26/26 16:02:50] INFO     Disabled tool 'lean_build' via        server.py:115
                             LEAN_MCP_DISABLED_TOOLS                            
                    INFO     Disabled tool 'lean_completions' via  server.py:115
                             LEAN_MCP_DISABLED_TOOLS                            
                    INFO     Disabled tool 'lean_declaration_file' server.py:115
                             via LEAN_MCP_DISABLED_TOOLS                        
                    INFO     Disabled tool                         server.py:115
                             'lean_diagnostic_messages' via                     
                             LEAN_MCP_DISABLED_TOOLS                            
                    INFO     Disabled tool 'lean_file_outline' via server.py:115
                             LEAN_MCP_DISABLED_TOOLS                            
                    INFO     Disabled tool                         server.py:115
                             'lean_get_widget_source' via                       
                             LEAN_MCP_DISABLED_TOOLS                            
                    INFO     Disabled tool 'lean_get_widgets' via  server.py:115
                             LEAN_MCP_DISABLED_TOOLS                            
                    INFO     Disabled tool 'lean_goal' via         server.py:115
                             LEAN_MCP_DISABLED_TOOLS                            
                    INFO     Disabled tool 'lean_hover_info' via   server.py:115
                             LEAN_MCP_DISABLED_TOOLS                            
                    INFO     Disabled tool 'lean_references' via   server.py:115
                             LEAN_MCP_DISABLED_TOOLS                            
                    INFO     Disabled tool 'lean_term_goal' via    server.py:115
                             LEAN_MCP_DISABLED_TOOLS                            
                    INFO     REPL enabled, using:                  server.py:322
                             /home/amirnabiyev/Conjecture_Prover/.              
                             lake/packages/repl/.lake/build/bin/re              
                             pl                                                 
                    INFO     REPL initialized: timeout=60s         server.py:325
[08/26/26 16:02:51] INFO     Session ending — cleaning up          server.py:360
                             per-session resources                              
[08/26/26 16:02:54] INFO     Disabled tool 'lean_build' via        server.py:115
                             LEAN_MCP_DISABLED_TOOLS                            
                    INFO     Disabled tool 'lean_completions' via  server.py:115
                             LEAN_MCP_DISABLED_TOOLS                            
                    INFO     Disabled tool 'lean_declaration_file' server.py:115
                             via LEAN_MCP_DISABLED_TOOLS                        
                    INFO     Disabled tool                         server.py:115
                             'lean_diagnostic_messages' via                     
                             LEAN_MCP_DISABLED_TOOLS                            
                    INFO     Disabled tool 'lean_file_outline' via server.py:115
                             LEAN_MCP_DISABLED_TOOLS                            
                    INFO     Disabled tool                         server.py:115
                             'lean_get_widget_source' via                       
                             LEAN_MCP_DISABLED_TOOLS                            
                    INFO     Disabled tool 'lean_get_widgets' via  server.py:115
                             LEAN_MCP_DISABLED_TOOLS                            
                    INFO     Disabled tool 'lean_goal' via         server.py:115
                             LEAN_MCP_DISABLED_TOOLS                            
                    INFO     Disabled tool 'lean_hover_info' via   server.py:115
                             LEAN_MCP_DISABLED_TOOLS                            
                    INFO     Disabled tool 'lean_references' via   server.py:115
                             LEAN_MCP_DISABLED_TOOLS                            
                    INFO     Disabled tool 'lean_term_goal' via    server.py:115
                             LEAN_MCP_DISABLED_TOOLS                            
                    INFO     REPL enabled, using:                  server.py:322
                             /home/amirnabiyev/Conjecture_Prover/.              
                             lake/packages/repl/.lake/build/bin/re              
                             pl                                                 
                    INFO     REPL initialized: timeout=60s         server.py:325
[08/26/26 16:02:56] INFO     Disabled tool 'lean_build' via        server.py:115
                             LEAN_MCP_DISABLED_TOOLS                            
                    INFO     Disabled tool 'lean_completions' via  server.py:115
                             LEAN_MCP_DISABLED_TOOLS                            
                    INFO     Disabled tool 'lean_declaration_file' server.py:115
                             via LEAN_MCP_DISABLED_TOOLS                        
                    INFO     Disabled tool                         server.py:115
                             'lean_diagnostic_messages' via                     
                             LEAN_MCP_DISABLED_TOOLS                            
                    INFO     Disabled tool 'lean_file_outline' via server.py:115
                             LEAN_MCP_DISABLED_TOOLS                            
                    INFO     Disabled tool                         server.py:115
                             'lean_get_widget_source' via                       
                             LEAN_MCP_DISABLED_TOOLS                            
                    INFO     Disabled tool 'lean_get_widgets' via  server.py:115
                             LEAN_MCP_DISABLED_TOOLS                            
                    INFO     Disabled tool 'lean_goal' via         server.py:115
                             LEAN_MCP_DISABLED_TOOLS                            
                    INFO     Disabled tool 'lean_hover_info' via   server.py:115
                             LEAN_MCP_DISABLED_TOOLS                            
                    INFO     Disabled tool 'lean_references' via   server.py:115
                             LEAN_MCP_DISABLED_TOOLS                            
                    INFO     Disabled tool 'lean_term_goal' via    server.py:115
                             LEAN_MCP_DISABLED_TOOLS                            
                    INFO     REPL enabled, using:                  server.py:322
                             /home/amirnabiyev/Conjecture_Prover/.              
                             lake/packages/repl/.lake/build/bin/re              
                             pl                                                 
                    INFO     REPL initialized: timeout=60s         server.py:325
[08/26/26 16:02:57] INFO     Session ending — cleaning up          server.py:360
                             per-session resources                              
[08/26/26 16:03:00] INFO     Session ending — cleaning up          server.py:360
                             per-session resources                              
[08/26/26 16:03:03] INFO     Disabled tool 'lean_build' via        server.py:115
                             LEAN_MCP_DISABLED_TOOLS                            
                    INFO     Disabled tool 'lean_completions' via  server.py:115
                             LEAN_MCP_DISABLED_TOOLS                            
                    INFO     Disabled tool 'lean_declaration_file' server.py:115
                             via LEAN_MCP_DISABLED_TOOLS                        
                    INFO     Disabled tool                         server.py:115
                             'lean_diagnostic_messages' via                     
                             LEAN_MCP_DISABLED_TOOLS                            
                    INFO     Disabled tool 'lean_file_outline' via server.py:115
                             LEAN_MCP_DISABLED_TOOLS                            
                    INFO     Disabled tool                         server.py:115
                             'lean_get_widget_source' via                       
                             LEAN_MCP_DISABLED_TOOLS                            
                    INFO     Disabled tool 'lean_get_widgets' via  server.py:115
                             LEAN_MCP_DISABLED_TOOLS                            
                    INFO     Disabled tool 'lean_goal' via         server.py:115
                             LEAN_MCP_DISABLED_TOOLS                            
                    INFO     Disabled tool 'lean_hover_info' via   server.py:115
                             LEAN_MCP_DISABLED_TOOLS                            
                    INFO     Disabled tool 'lean_references' via   server.py:115
                             LEAN_MCP_DISABLED_TOOLS                            
                    INFO     Disabled tool 'lean_term_goal' via    server.py:115
                             LEAN_MCP_DISABLED_TOOLS                            
                    INFO     REPL enabled, using:                  server.py:322
                             /home/amirnabiyev/Conjecture_Prover/.              
                             lake/packages/repl/.lake/build/bin/re              
                             pl                                                 
                    INFO     REPL initialized: timeout=60s         server.py:325
[08/26/26 16:03:05] INFO     Session ending — cleaning up          server.py:360
                             per-session resources                              
[08/26/26 16:03:07] INFO     Disabled tool 'lean_build' via        server.py:115
                             LEAN_MCP_DISABLED_TOOLS                            
                    INFO     Disabled tool 'lean_completions' via  server.py:115
                             LEAN_MCP_DISABLED_TOOLS                            
                    INFO     Disabled tool 'lean_declaration_file' server.py:115
                             via LEAN_MCP_DISABLED_TOOLS                        
                    INFO     Disabled tool                         server.py:115
                             'lean_diagnostic_messages' via                     
                             LEAN_MCP_DISABLED_TOOLS                            
                    INFO     Disabled tool 'lean_file_outline' via server.py:115
                             LEAN_MCP_DISABLED_TOOLS                            
                    INFO     Disabled tool                         server.py:115
                             'lean_get_widget_source' via                       
                             LEAN_MCP_DISABLED_TOOLS                            
                    INFO     Disabled tool 'lean_get_widgets' via  server.py:115
                             LEAN_MCP_DISABLED_TOOLS                            
                    INFO     Disabled tool 'lean_goal' via         server.py:115
                             LEAN_MCP_DISABLED_TOOLS                            
                    INFO     Disabled tool 'lean_hover_info' via   server.py:115
                             LEAN_MCP_DISABLED_TOOLS                            
                    INFO     Disabled tool 'lean_references' via   server.py:115
                             LEAN_MCP_DISABLED_TOOLS                            
                    INFO     Disabled tool 'lean_term_goal' via    server.py:115
                             LEAN_MCP_DISABLED_TOOLS                            
                    INFO     REPL enabled, using:                  server.py:322
                             /home/amirnabiyev/Conjecture_Prover/.              
                             lake/packages/repl/.lake/build/bin/re              
                             pl                                                 
                    INFO     REPL initialized: timeout=60s         server.py:325
[08/26/26 16:03:08] INFO     Session ending — cleaning up          server.py:360
                             per-session resources                              
[08/26/26 16:03:13] INFO     Disabled tool 'lean_build' via        server.py:115
                             LEAN_MCP_DISABLED_TOOLS                            
                    INFO     Disabled tool 'lean_completions' via  server.py:115
                             LEAN_MCP_DISABLED_TOOLS                            
                    INFO     Disabled tool 'lean_declaration_file' server.py:115
                             via LEAN_MCP_DISABLED_TOOLS                        
                    INFO     Disabled tool                         server.py:115
                             'lean_diagnostic_messages' via                     
                             LEAN_MCP_DISABLED_TOOLS                            
                    INFO     Disabled tool 'lean_file_outline' via server.py:115
                             LEAN_MCP_DISABLED_TOOLS                            
                    INFO     Disabled tool                         server.py:115
                             'lean_get_widget_source' via                       
                             LEAN_MCP_DISABLED_TOOLS                            
                    INFO     Disabled tool 'lean_get_widgets' via  server.py:115
                             LEAN_MCP_DISABLED_TOOLS                            
                    INFO     Disabled tool 'lean_goal' via         server.py:115
                             LEAN_MCP_DISABLED_TOOLS                            
                    INFO     Disabled tool 'lean_hover_info' via   server.py:115
                             LEAN_MCP_DISABLED_TOOLS                            
                    INFO     Disabled tool 'lean_references' via   server.py:115
                             LEAN_MCP_DISABLED_TOOLS                            
                    INFO     Disabled tool 'lean_term_goal' via    server.py:115
                             LEAN_MCP_DISABLED_TOOLS                            
                    INFO     REPL enabled, using:                  server.py:322
                             /home/amirnabiyev/Conjecture_Prover/.              
                             lake/packages/repl/.lake/build/bin/re              
                             pl                                                 
                    INFO     REPL initialized: timeout=60s         server.py:325
[08/26/26 16:03:20] INFO     Session ending — cleaning up          server.py:360
                             per-session resources                              
[08/26/26 16:03:21] INFO     Disabled tool 'lean_build' via        server.py:115
                             LEAN_MCP_DISABLED_TOOLS                            
                    INFO     Disabled tool 'lean_completions' via  server.py:115
                             LEAN_MCP_DISABLED_TOOLS                            
                    INFO     Disabled tool 'lean_declaration_file' server.py:115
                             via LEAN_MCP_DISABLED_TOOLS                        
                    INFO     Disabled tool                         server.py:115
                             'lean_diagnostic_messages' via                     
                             LEAN_MCP_DISABLED_TOOLS                            
                    INFO     Disabled tool 'lean_file_outline' via server.py:115
                             LEAN_MCP_DISABLED_TOOLS                            
                    INFO     Disabled tool                         server.py:115
                             'lean_get_widget_source' via                       
                             LEAN_MCP_DISABLED_TOOLS                            
                    INFO     Disabled tool 'lean_get_widgets' via  server.py:115
                             LEAN_MCP_DISABLED_TOOLS                            
                    INFO     Disabled tool 'lean_goal' via         server.py:115
                             LEAN_MCP_DISABLED_TOOLS                            
                    INFO     Disabled tool 'lean_hover_info' via   server.py:115
                             LEAN_MCP_DISABLED_TOOLS                            
                    INFO     Disabled tool 'lean_references' via   server.py:115
                             LEAN_MCP_DISABLED_TOOLS                            
                    INFO     Disabled tool 'lean_term_goal' via    server.py:115
                             LEAN_MCP_DISABLED_TOOLS                            
                    INFO     REPL enabled, using:                  server.py:322
                             /home/amirnabiyev/Conjecture_Prover/.              
                             lake/packages/repl/.lake/build/bin/re              
                             pl                                                 
                    INFO     REPL initialized: timeout=60s         server.py:325
[08/26/26 16:03:27] INFO     Session ending — cleaning up          server.py:360
                             per-session resources                              
[08/26/26 16:03:28] INFO     Disabled tool 'lean_build' via        server.py:115
                             LEAN_MCP_DISABLED_TOOLS                            
                    INFO     Disabled tool 'lean_completions' via  server.py:115
                             LEAN_MCP_DISABLED_TOOLS                            
                    INFO     Disabled tool 'lean_declaration_file' server.py:115
                             via LEAN_MCP_DISABLED_TOOLS                        
                    INFO     Disabled tool                         server.py:115
                             'lean_diagnostic_messages' via                     
                             LEAN_MCP_DISABLED_TOOLS                            
                    INFO     Disabled tool 'lean_file_outline' via server.py:115
                             LEAN_MCP_DISABLED_TOOLS                            
                    INFO     Disabled tool                         server.py:115
                             'lean_get_widget_source' via                       
                             LEAN_MCP_DISABLED_TOOLS                            
                    INFO     Disabled tool 'lean_get_widgets' via  server.py:115
                             LEAN_MCP_DISABLED_TOOLS                            
                    INFO     Disabled tool 'lean_goal' via         server.py:115
                             LEAN_MCP_DISABLED_TOOLS                            
                    INFO     Disabled tool 'lean_hover_info' via   server.py:115
                             LEAN_MCP_DISABLED_TOOLS                            
                    INFO     Disabled tool 'lean_references' via   server.py:115
                             LEAN_MCP_DISABLED_TOOLS                            
                    INFO     Disabled tool 'lean_term_goal' via    server.py:115
                             LEAN_MCP_DISABLED_TOOLS                            
                    INFO     REPL enabled, using:                  server.py:322
                             /home/amirnabiyev/Conjecture_Prover/.              
                             lake/packages/repl/.lake/build/bin/re              
                             pl                                                 
                    INFO     REPL initialized: timeout=60s         server.py:325
[08/26/26 16:03:31] INFO     Session ending — cleaning up          server.py:360
                             per-session resources                              
[08/26/26 16:03:45] INFO     Disabled tool 'lean_build' via        server.py:115
                             LEAN_MCP_DISABLED_TOOLS                            
                    INFO     Disabled tool 'lean_completions' via  server.py:115
                             LEAN_MCP_DISABLED_TOOLS                            
                    INFO     Disabled tool 'lean_declaration_file' server.py:115
                             via LEAN_MCP_DISABLED_TOOLS                        
                    INFO     Disabled tool                         server.py:115
                             'lean_diagnostic_messages' via                     
                             LEAN_MCP_DISABLED_TOOLS                            
                    INFO     Disabled tool 'lean_file_outline' via server.py:115
                             LEAN_MCP_DISABLED_TOOLS                            
                    INFO     Disabled tool                         server.py:115
                             'lean_get_widget_source' via                       
                             LEAN_MCP_DISABLED_TOOLS                            
                    INFO     Disabled tool 'lean_get_widgets' via  server.py:115
                             LEAN_MCP_DISABLED_TOOLS                            
                    INFO     Disabled tool 'lean_goal' via         server.py:115
                             LEAN_MCP_DISABLED_TOOLS                            
                    INFO     Disabled tool 'lean_hover_info' via   server.py:115
                             LEAN_MCP_DISABLED_TOOLS                            
                    INFO     Disabled tool 'lean_references' via   server.py:115
                             LEAN_MCP_DISABLED_TOOLS                            
                    INFO     Disabled tool 'lean_term_goal' via    server.py:115
                             LEAN_MCP_DISABLED_TOOLS                            
                    INFO     REPL enabled, using:                  server.py:322
                             /home/amirnabiyev/Conjecture_Prover/.              
                             lake/packages/repl/.lake/build/bin/re              
                             pl                                                 
                    INFO     REPL initialized: timeout=60s         server.py:325
[08/26/26 16:03:46] INFO     Session ending — cleaning up          server.py:360
                             per-session resources                              
[08/26/26 16:03:47] INFO     Disabled tool 'lean_build' via        server.py:115
                             LEAN_MCP_DISABLED_TOOLS                            
                    INFO     Disabled tool 'lean_completions' via  server.py:115
                             LEAN_MCP_DISABLED_TOOLS                            
                    INFO     Disabled tool 'lean_declaration_file' server.py:115
                             via LEAN_MCP_DISABLED_TOOLS                        
                    INFO     Disabled tool                         server.py:115
                             'lean_diagnostic_messages' via                     
                             LEAN_MCP_DISABLED_TOOLS                            
                    INFO     Disabled tool 'lean_file_outline' via server.py:115
                             LEAN_MCP_DISABLED_TOOLS                            
                    INFO     Disabled tool                         server.py:115
                             'lean_get_widget_source' via                       
                             LEAN_MCP_DISABLED_TOOLS                            
                    INFO     Disabled tool 'lean_get_widgets' via  server.py:115
                             LEAN_MCP_DISABLED_TOOLS                            
                    INFO     Disabled tool 'lean_goal' via         server.py:115
                             LEAN_MCP_DISABLED_TOOLS                            
                    INFO     Disabled tool 'lean_hover_info' via   server.py:115
                             LEAN_MCP_DISABLED_TOOLS                            
                    INFO     Disabled tool 'lean_references' via   server.py:115
                             LEAN_MCP_DISABLED_TOOLS                            
                    INFO     Disabled tool 'lean_term_goal' via    server.py:115
                             LEAN_MCP_DISABLED_TOOLS                            
                    INFO     REPL enabled, using:                  server.py:322
                             /home/amirnabiyev/Conjecture_Prover/.              
                             lake/packages/repl/.lake/build/bin/re              
                             pl                                                 
                    INFO     REPL initialized: timeout=60s         server.py:325
[08/26/26 16:03:47] INFO     Disabled tool 'lean_build' via        server.py:115
                             LEAN_MCP_DISABLED_TOOLS                            
                    INFO     Disabled tool 'lean_completions' via  server.py:115
                             LEAN_MCP_DISABLED_TOOLS                            
                    INFO     Disabled tool 'lean_declaration_file' server.py:115
                             via LEAN_MCP_DISABLED_TOOLS                        
                    INFO     Disabled tool                         server.py:115
                             'lean_diagnostic_messages' via                     
                             LEAN_MCP_DISABLED_TOOLS                            
                    INFO     Disabled tool 'lean_file_outline' via server.py:115
                             LEAN_MCP_DISABLED_TOOLS                            
                    INFO     Disabled tool                         server.py:115
                             'lean_get_widget_source' via                       
                             LEAN_MCP_DISABLED_TOOLS                            
                    INFO     Disabled tool 'lean_get_widgets' via  server.py:115
                             LEAN_MCP_DISABLED_TOOLS                            
                    INFO     Disabled tool 'lean_goal' via         server.py:115
                             LEAN_MCP_DISABLED_TOOLS                            
                    INFO     Disabled tool 'lean_hover_info' via   server.py:115
                             LEAN_MCP_DISABLED_TOOLS                            
                    INFO     Disabled tool 'lean_references' via   server.py:115
                             LEAN_MCP_DISABLED_TOOLS                            
                    INFO     Disabled tool 'lean_term_goal' via    server.py:115
                             LEAN_MCP_DISABLED_TOOLS                            
                    INFO     REPL enabled, using:                  server.py:322
                             /home/amirnabiyev/Conjecture_Prover/.              
                             lake/packages/repl/.lake/build/bin/re              
                             pl                                                 
                    INFO     REPL initialized: timeout=60s         server.py:325
[08/26/26 16:03:48] INFO     Session ending — cleaning up          server.py:360
                             per-session resources                              
[08/26/26 16:03:52] INFO     Disabled tool 'lean_build' via        server.py:115
                             LEAN_MCP_DISABLED_TOOLS                            
                    INFO     Disabled tool 'lean_completions' via  server.py:115
                             LEAN_MCP_DISABLED_TOOLS                            
                    INFO     Disabled tool 'lean_declaration_file' server.py:115
                             via LEAN_MCP_DISABLED_TOOLS                        
                    INFO     Disabled tool                         server.py:115
                             'lean_diagnostic_messages' via                     
                             LEAN_MCP_DISABLED_TOOLS                            
                    INFO     Disabled tool 'lean_file_outline' via server.py:115
                             LEAN_MCP_DISABLED_TOOLS                            
                    INFO     Disabled tool                         server.py:115
                             'lean_get_widget_source' via                       
                             LEAN_MCP_DISABLED_TOOLS                            
                    INFO     Disabled tool 'lean_get_widgets' via  server.py:115
                             LEAN_MCP_DISABLED_TOOLS                            
                    INFO     Disabled tool 'lean_goal' via         server.py:115
                             LEAN_MCP_DISABLED_TOOLS                            
                    INFO     Disabled tool 'lean_hover_info' via   server.py:115
                             LEAN_MCP_DISABLED_TOOLS                            
                    INFO     Disabled tool 'lean_references' via   server.py:115
                             LEAN_MCP_DISABLED_TOOLS                            
                    INFO     Disabled tool 'lean_term_goal' via    server.py:115
                             LEAN_MCP_DISABLED_TOOLS                            
                    INFO     REPL enabled, using:                  server.py:322
                             /home/amirnabiyev/Conjecture_Prover/.              
                             lake/packages/repl/.lake/build/bin/re              
                             pl                                                 
                    INFO     REPL initialized: timeout=60s         server.py:325
[08/26/26 16:03:53] INFO     Session ending — cleaning up          server.py:360
                             per-session resources                              
[08/26/26 16:03:55] INFO     Session ending — cleaning up          server.py:360
                             per-session resources                              
[08/26/26 16:04:08] INFO     Disabled tool 'lean_build' via        server.py:115
                             LEAN_MCP_DISABLED_TOOLS                            
                    INFO     Disabled tool 'lean_completions' via  server.py:115
                             LEAN_MCP_DISABLED_TOOLS                            
                    INFO     Disabled tool 'lean_declaration_file' server.py:115
                             via LEAN_MCP_DISABLED_TOOLS                        
                    INFO     Disabled tool                         server.py:115
                             'lean_diagnostic_messages' via                     
                             LEAN_MCP_DISABLED_TOOLS                            
                    INFO     Disabled tool 'lean_file_outline' via server.py:115
                             LEAN_MCP_DISABLED_TOOLS                            
                    INFO     Disabled tool                         server.py:115
                             'lean_get_widget_source' via                       
                             LEAN_MCP_DISABLED_TOOLS                            
                    INFO     Disabled tool 'lean_get_widgets' via  server.py:115
                             LEAN_MCP_DISABLED_TOOLS                            
                    INFO     Disabled tool 'lean_goal' via         server.py:115
                             LEAN_MCP_DISABLED_TOOLS                            
                    INFO     Disabled tool 'lean_hover_info' via   server.py:115
                             LEAN_MCP_DISABLED_TOOLS                            
                    INFO     Disabled tool 'lean_references' via   server.py:115
                             LEAN_MCP_DISABLED_TOOLS                            
                    INFO     Disabled tool 'lean_term_goal' via    server.py:115
                             LEAN_MCP_DISABLED_TOOLS                            
                    INFO     REPL enabled, using:                  server.py:322
                             /home/amirnabiyev/Conjecture_Prover/.              
                             lake/packages/repl/.lake/build/bin/re              
                             pl                                                 
                    INFO     REPL initialized: timeout=60s         server.py:325
[08/26/26 16:04:15] INFO     Session ending — cleaning up          server.py:360
                             per-session resources                              
[08/26/26 16:04:29] INFO     Disabled tool 'lean_build' via        server.py:115
                             LEAN_MCP_DISABLED_TOOLS                            
                    INFO     Disabled tool 'lean_completions' via  server.py:115
                             LEAN_MCP_DISABLED_TOOLS                            
                    INFO     Disabled tool 'lean_declaration_file' server.py:115
                             via LEAN_MCP_DISABLED_TOOLS                        
                    INFO     Disabled tool                         server.py:115
                             'lean_diagnostic_messages' via                     
                             LEAN_MCP_DISABLED_TOOLS                            
                    INFO     Disabled tool 'lean_file_outline' via server.py:115
                             LEAN_MCP_DISABLED_TOOLS                            
                    INFO     Disabled tool                         server.py:115
                             'lean_get_widget_source' via                       
                             LEAN_MCP_DISABLED_TOOLS                            
                    INFO     Disabled tool 'lean_get_widgets' via  server.py:115
                             LEAN_MCP_DISABLED_TOOLS                            
                    INFO     Disabled tool 'lean_goal' via         server.py:115
                             LEAN_MCP_DISABLED_TOOLS                            
                    INFO     Disabled tool 'lean_hover_info' via   server.py:115
                             LEAN_MCP_DISABLED_TOOLS                            
                    INFO     Disabled tool 'lean_references' via   server.py:115
                             LEAN_MCP_DISABLED_TOOLS                            
                    INFO     Disabled tool 'lean_term_goal' via    server.py:115
                             LEAN_MCP_DISABLED_TOOLS                            
                    INFO     REPL enabled, using:                  server.py:322
                             /home/amirnabiyev/Conjecture_Prover/.              
                             lake/packages/repl/.lake/build/bin/re              
                             pl                                                 
                    INFO     REPL initialized: timeout=60s         server.py:325
[08/26/26 16:04:36] INFO     Session ending — cleaning up          server.py:360
                             per-session resources                              
[08/26/26 16:04:42] INFO     Disabled tool 'lean_build' via        server.py:115
                             LEAN_MCP_DISABLED_TOOLS                            
                    INFO     Disabled tool 'lean_completions' via  server.py:115
                             LEAN_MCP_DISABLED_TOOLS                            
                    INFO     Disabled tool 'lean_declaration_file' server.py:115
                             via LEAN_MCP_DISABLED_TOOLS                        
                    INFO     Disabled tool                         server.py:115
                             'lean_diagnostic_messages' via                     
                             LEAN_MCP_DISABLED_TOOLS                            
                    INFO     Disabled tool 'lean_file_outline' via server.py:115
                             LEAN_MCP_DISABLED_TOOLS                            
                    INFO     Disabled tool                         server.py:115
                             'lean_get_widget_source' via                       
                             LEAN_MCP_DISABLED_TOOLS                            
                    INFO     Disabled tool 'lean_get_widgets' via  server.py:115
                             LEAN_MCP_DISABLED_TOOLS                            
                    INFO     Disabled tool 'lean_goal' via         server.py:115
                             LEAN_MCP_DISABLED_TOOLS                            
                    INFO     Disabled tool 'lean_hover_info' via   server.py:115
                             LEAN_MCP_DISABLED_TOOLS                            
                    INFO     Disabled tool 'lean_references' via   server.py:115
                             LEAN_MCP_DISABLED_TOOLS                            
                    INFO     Disabled tool 'lean_term_goal' via    server.py:115
                             LEAN_MCP_DISABLED_TOOLS                            
                    INFO     REPL enabled, using:                  server.py:322
                             /home/amirnabiyev/Conjecture_Prover/.              
                             lake/packages/repl/.lake/build/bin/re              
                             pl                                                 
                    INFO     REPL initialized: timeout=60s         server.py:325
[08/26/26 16:04:43] INFO     Session ending — cleaning up          server.py:360
                             per-session resources                              
[08/26/26 16:04:45] INFO     Disabled tool 'lean_build' via        server.py:115
                             LEAN_MCP_DISABLED_TOOLS                            
                    INFO     Disabled tool 'lean_completions' via  server.py:115
                             LEAN_MCP_DISABLED_TOOLS                            
                    INFO     Disabled tool 'lean_declaration_file' server.py:115
                             via LEAN_MCP_DISABLED_TOOLS                        
                    INFO     Disabled tool                         server.py:115
                             'lean_diagnostic_messages' via                     
                             LEAN_MCP_DISABLED_TOOLS                            
                    INFO     Disabled tool 'lean_file_outline' via server.py:115
                             LEAN_MCP_DISABLED_TOOLS                            
                    INFO     Disabled tool                         server.py:115
                             'lean_get_widget_source' via                       
                             LEAN_MCP_DISABLED_TOOLS                            
                    INFO     Disabled tool 'lean_get_widgets' via  server.py:115
                             LEAN_MCP_DISABLED_TOOLS                            
                    INFO     Disabled tool 'lean_goal' via         server.py:115
                             LEAN_MCP_DISABLED_TOOLS                            
                    INFO     Disabled tool 'lean_hover_info' via   server.py:115
                             LEAN_MCP_DISABLED_TOOLS                            
                    INFO     Disabled tool 'lean_references' via   server.py:115
                             LEAN_MCP_DISABLED_TOOLS                            
                    INFO     Disabled tool 'lean_term_goal' via    server.py:115
                             LEAN_MCP_DISABLED_TOOLS                            
                    INFO     REPL enabled, using:                  server.py:322
                             /home/amirnabiyev/Conjecture_Prover/.              
                             lake/packages/repl/.lake/build/bin/re              
                             pl                                                 
                    INFO     REPL initialized: timeout=60s         server.py:325
                    INFO     Session ending — cleaning up          server.py:360
                             per-session resources                              
[08/26/26 16:05:16] INFO     Disabled tool 'lean_build' via        server.py:115
                             LEAN_MCP_DISABLED_TOOLS                            
                    INFO     Disabled tool 'lean_completions' via  server.py:115
                             LEAN_MCP_DISABLED_TOOLS                            
                    INFO     Disabled tool 'lean_declaration_file' server.py:115
                             via LEAN_MCP_DISABLED_TOOLS                        
                    INFO     Disabled tool                         server.py:115
                             'lean_diagnostic_messages' via                     
                             LEAN_MCP_DISABLED_TOOLS                            
                    INFO     Disabled tool 'lean_file_outline' via server.py:115
                             LEAN_MCP_DISABLED_TOOLS                            
                    INFO     Disabled tool                         server.py:115
                             'lean_get_widget_source' via                       
                             LEAN_MCP_DISABLED_TOOLS                            
                    INFO     Disabled tool 'lean_get_widgets' via  server.py:115
                             LEAN_MCP_DISABLED_TOOLS                            
                    INFO     Disabled tool 'lean_goal' via         server.py:115
                             LEAN_MCP_DISABLED_TOOLS                            
                    INFO     Disabled tool 'lean_hover_info' via   server.py:115
                             LEAN_MCP_DISABLED_TOOLS                            
                    INFO     Disabled tool 'lean_references' via   server.py:115
                             LEAN_MCP_DISABLED_TOOLS                            
                    INFO     Disabled tool 'lean_term_goal' via    server.py:115
                             LEAN_MCP_DISABLED_TOOLS                            
                    INFO     REPL enabled, using:                  server.py:322
                             /home/amirnabiyev/Conjecture_Prover/.              
                             lake/packages/repl/.lake/build/bin/re              
                             pl                                                 
                    INFO     REPL initialized: timeout=60s         server.py:325
[08/26/26 16:05:22] INFO     Session ending — cleaning up          server.py:360
                             per-session resources                              
[08/26/26 16:05:36] INFO     Disabled tool 'lean_build' via        server.py:115
                             LEAN_MCP_DISABLED_TOOLS                            
                    INFO     Disabled tool 'lean_completions' via  server.py:115
                             LEAN_MCP_DISABLED_TOOLS                            
                    INFO     Disabled tool 'lean_declaration_file' server.py:115
                             via LEAN_MCP_DISABLED_TOOLS                        
                    INFO     Disabled tool                         server.py:115
                             'lean_diagnostic_messages' via                     
                             LEAN_MCP_DISABLED_TOOLS                            
                    INFO     Disabled tool 'lean_file_outline' via server.py:115
                             LEAN_MCP_DISABLED_TOOLS                            
                    INFO     Disabled tool                         server.py:115
                             'lean_get_widget_source' via                       
                             LEAN_MCP_DISABLED_TOOLS                            
                    INFO     Disabled tool 'lean_get_widgets' via  server.py:115
                             LEAN_MCP_DISABLED_TOOLS                            
                    INFO     Disabled tool 'lean_goal' via         server.py:115
                             LEAN_MCP_DISABLED_TOOLS                            
                    INFO     Disabled tool 'lean_hover_info' via   server.py:115
                             LEAN_MCP_DISABLED_TOOLS                            
                    INFO     Disabled tool 'lean_references' via   server.py:115
                             LEAN_MCP_DISABLED_TOOLS                            
                    INFO     Disabled tool 'lean_term_goal' via    server.py:115
                             LEAN_MCP_DISABLED_TOOLS                            
                    INFO     REPL enabled, using:                  server.py:322
                             /home/amirnabiyev/Conjecture_Prover/.              
                             lake/packages/repl/.lake/build/bin/re              
                             pl                                                 
                    INFO     REPL initialized: timeout=60s         server.py:325
[08/26/26 16:05:42] INFO     Session ending — cleaning up          server.py:360
                             per-session resources                              
[08/26/26 16:06:18] INFO     Disabled tool 'lean_build' via        server.py:115
                             LEAN_MCP_DISABLED_TOOLS                            
                    INFO     Disabled tool 'lean_completions' via  server.py:115
                             LEAN_MCP_DISABLED_TOOLS                            
                    INFO     Disabled tool 'lean_declaration_file' server.py:115
                             via LEAN_MCP_DISABLED_TOOLS                        
                    INFO     Disabled tool                         server.py:115
                             'lean_diagnostic_messages' via                     
                             LEAN_MCP_DISABLED_TOOLS                            
                    INFO     Disabled tool 'lean_file_outline' via server.py:115
                             LEAN_MCP_DISABLED_TOOLS                            
                    INFO     Disabled tool                         server.py:115
                             'lean_get_widget_source' via                       
                             LEAN_MCP_DISABLED_TOOLS                            
                    INFO     Disabled tool 'lean_get_widgets' via  server.py:115
                             LEAN_MCP_DISABLED_TOOLS                            
                    INFO     Disabled tool 'lean_goal' via         server.py:115
                             LEAN_MCP_DISABLED_TOOLS                            
                    INFO     Disabled tool 'lean_hover_info' via   server.py:115
                             LEAN_MCP_DISABLED_TOOLS                            
                    INFO     Disabled tool 'lean_references' via   server.py:115
                             LEAN_MCP_DISABLED_TOOLS                            
                    INFO     Disabled tool 'lean_term_goal' via    server.py:115
                             LEAN_MCP_DISABLED_TOOLS                            
                    INFO     REPL enabled, using:                  server.py:322
                             /home/amirnabiyev/Conjecture_Prover/.              
                             lake/packages/repl/.lake/build/bin/re              
                             pl                                                 
                    INFO     REPL initialized: timeout=60s         server.py:325
[08/26/26 16:06:24] INFO     Session ending — cleaning up          server.py:360
                             per-session resources                              
[08/26/26 16:06:57] INFO     Disabled tool 'lean_build' via        server.py:115
                             LEAN_MCP_DISABLED_TOOLS                            
                    INFO     Disabled tool 'lean_completions' via  server.py:115
                             LEAN_MCP_DISABLED_TOOLS                            
                    INFO     Disabled tool 'lean_declaration_file' server.py:115
                             via LEAN_MCP_DISABLED_TOOLS                        
                    INFO     Disabled tool                         server.py:115
                             'lean_diagnostic_messages' via                     
                             LEAN_MCP_DISABLED_TOOLS                            
                    INFO     Disabled tool 'lean_file_outline' via server.py:115
                             LEAN_MCP_DISABLED_TOOLS                            
                    INFO     Disabled tool                         server.py:115
                             'lean_get_widget_source' via                       
                             LEAN_MCP_DISABLED_TOOLS                            
                    INFO     Disabled tool 'lean_get_widgets' via  server.py:115
                             LEAN_MCP_DISABLED_TOOLS                            
                    INFO     Disabled tool 'lean_goal' via         server.py:115
                             LEAN_MCP_DISABLED_TOOLS                            
                    INFO     Disabled tool 'lean_hover_info' via   server.py:115
                             LEAN_MCP_DISABLED_TOOLS                            
                    INFO     Disabled tool 'lean_references' via   server.py:115
                             LEAN_MCP_DISABLED_TOOLS                            
                    INFO     Disabled tool 'lean_term_goal' via    server.py:115
                             LEAN_MCP_DISABLED_TOOLS                            
                    INFO     REPL enabled, using:                  server.py:322
                             /home/amirnabiyev/Conjecture_Prover/.              
                             lake/packages/repl/.lake/build/bin/re              
                             pl                                                 
                    INFO     REPL initialized: timeout=60s         server.py:325
[08/26/26 16:07:04] INFO     Session ending — cleaning up          server.py:360
                             per-session resources                              
[08/26/26 16:07:13] INFO     Disabled tool 'lean_build' via        server.py:115
                             LEAN_MCP_DISABLED_TOOLS                            
                    INFO     Disabled tool 'lean_completions' via  server.py:115
                             LEAN_MCP_DISABLED_TOOLS                            
                    INFO     Disabled tool 'lean_declaration_file' server.py:115
                             via LEAN_MCP_DISABLED_TOOLS                        
                    INFO     Disabled tool                         server.py:115
                             'lean_diagnostic_messages' via                     
                             LEAN_MCP_DISABLED_TOOLS                            
                    INFO     Disabled tool 'lean_file_outline' via server.py:115
                             LEAN_MCP_DISABLED_TOOLS                            
                    INFO     Disabled tool                         server.py:115
                             'lean_get_widget_source' via                       
                             LEAN_MCP_DISABLED_TOOLS                            
                    INFO     Disabled tool 'lean_get_widgets' via  server.py:115
                             LEAN_MCP_DISABLED_TOOLS                            
                    INFO     Disabled tool 'lean_goal' via         server.py:115
                             LEAN_MCP_DISABLED_TOOLS                            
                    INFO     Disabled tool 'lean_hover_info' via   server.py:115
                             LEAN_MCP_DISABLED_TOOLS                            
                    INFO     Disabled tool 'lean_references' via   server.py:115
                             LEAN_MCP_DISABLED_TOOLS                            
                    INFO     Disabled tool 'lean_term_goal' via    server.py:115
                             LEAN_MCP_DISABLED_TOOLS                            
                    INFO     REPL enabled, using:                  server.py:322
                             /home/amirnabiyev/Conjecture_Prover/.              
                             lake/packages/repl/.lake/build/bin/re              
                             pl                                                 
                    INFO     REPL initialized: timeout=60s         server.py:325
[08/26/26 16:07:19] INFO     Session ending — cleaning up          server.py:360
                             per-session resources                              
[08/26/26 16:08:09] INFO     Disabled tool 'lean_build' via        server.py:115
                             LEAN_MCP_DISABLED_TOOLS                            
                    INFO     Disabled tool 'lean_completions' via  server.py:115
                             LEAN_MCP_DISABLED_TOOLS                            
                    INFO     Disabled tool 'lean_declaration_file' server.py:115
                             via LEAN_MCP_DISABLED_TOOLS                        
                    INFO     Disabled tool                         server.py:115
                             'lean_diagnostic_messages' via                     
                             LEAN_MCP_DISABLED_TOOLS                            
                    INFO     Disabled tool 'lean_file_outline' via server.py:115
                             LEAN_MCP_DISABLED_TOOLS                            
                    INFO     Disabled tool                         server.py:115
                             'lean_get_widget_source' via                       
                             LEAN_MCP_DISABLED_TOOLS                            
                    INFO     Disabled tool 'lean_get_widgets' via  server.py:115
                             LEAN_MCP_DISABLED_TOOLS                            
                    INFO     Disabled tool 'lean_goal' via         server.py:115
                             LEAN_MCP_DISABLED_TOOLS                            
                    INFO     Disabled tool 'lean_hover_info' via   server.py:115
                             LEAN_MCP_DISABLED_TOOLS                            
                    INFO     Disabled tool 'lean_references' via   server.py:115
                             LEAN_MCP_DISABLED_TOOLS                            
                    INFO     Disabled tool 'lean_term_goal' via    server.py:115
                             LEAN_MCP_DISABLED_TOOLS                            
                    INFO     REPL enabled, using:                  server.py:322
                             /home/amirnabiyev/Conjecture_Prover/.              
                             lake/packages/repl/.lake/build/bin/re              
                             pl                                                 
                    INFO     REPL initialized: timeout=60s         server.py:325
[08/26/26 16:08:15] INFO     Session ending — cleaning up          server.py:360
                             per-session resources                              
[08/26/26 16:08:46] INFO     Disabled tool 'lean_build' via        server.py:115
                             LEAN_MCP_DISABLED_TOOLS                            
                    INFO     Disabled tool 'lean_completions' via  server.py:115
                             LEAN_MCP_DISABLED_TOOLS                            
                    INFO     Disabled tool 'lean_declaration_file' server.py:115
                             via LEAN_MCP_DISABLED_TOOLS                        
                    INFO     Disabled tool                         server.py:115
                             'lean_diagnostic_messages' via                     
                             LEAN_MCP_DISABLED_TOOLS                            
                    INFO     Disabled tool 'lean_file_outline' via server.py:115
                             LEAN_MCP_DISABLED_TOOLS                            
                    INFO     Disabled tool                         server.py:115
                             'lean_get_widget_source' via                       
                             LEAN_MCP_DISABLED_TOOLS                            
                    INFO     Disabled tool 'lean_get_widgets' via  server.py:115
                             LEAN_MCP_DISABLED_TOOLS                            
                    INFO     Disabled tool 'lean_goal' via         server.py:115
                             LEAN_MCP_DISABLED_TOOLS                            
                    INFO     Disabled tool 'lean_hover_info' via   server.py:115
                             LEAN_MCP_DISABLED_TOOLS                            
                    INFO     Disabled tool 'lean_references' via   server.py:115
                             LEAN_MCP_DISABLED_TOOLS                            
                    INFO     Disabled tool 'lean_term_goal' via    server.py:115
                             LEAN_MCP_DISABLED_TOOLS                            
                    INFO     REPL enabled, using:                  server.py:322
                             /home/amirnabiyev/Conjecture_Prover/.              
                             lake/packages/repl/.lake/build/bin/re              
                             pl                                                 
                    INFO     REPL initialized: timeout=60s         server.py:325
[08/26/26 16:08:53] INFO     Session ending — cleaning up          server.py:360
                             per-session resources                              
[08/26/26 16:09:04] INFO     Disabled tool 'lean_build' via        server.py:115
                             LEAN_MCP_DISABLED_TOOLS                            
                    INFO     Disabled tool 'lean_completions' via  server.py:115
                             LEAN_MCP_DISABLED_TOOLS                            
                    INFO     Disabled tool 'lean_declaration_file' server.py:115
                             via LEAN_MCP_DISABLED_TOOLS                        
                    INFO     Disabled tool                         server.py:115
                             'lean_diagnostic_messages' via                     
                             LEAN_MCP_DISABLED_TOOLS                            
                    INFO     Disabled tool 'lean_file_outline' via server.py:115
                             LEAN_MCP_DISABLED_TOOLS                            
                    INFO     Disabled tool                         server.py:115
                             'lean_get_widget_source' via                       
                             LEAN_MCP_DISABLED_TOOLS                            
                    INFO     Disabled tool 'lean_get_widgets' via  server.py:115
                             LEAN_MCP_DISABLED_TOOLS                            
                    INFO     Disabled tool 'lean_goal' via         server.py:115
                             LEAN_MCP_DISABLED_TOOLS                            
                    INFO     Disabled tool 'lean_hover_info' via   server.py:115
                             LEAN_MCP_DISABLED_TOOLS                            
                    INFO     Disabled tool 'lean_references' via   server.py:115
                             LEAN_MCP_DISABLED_TOOLS                            
                    INFO     Disabled tool 'lean_term_goal' via    server.py:115
                             LEAN_MCP_DISABLED_TOOLS                            
                    INFO     REPL enabled, using:                  server.py:322
                             /home/amirnabiyev/Conjecture_Prover/.              
                             lake/packages/repl/.lake/build/bin/re              
                             pl                                                 
                    INFO     REPL initialized: timeout=60s         server.py:325
[08/26/26 16:09:11] INFO     Session ending — cleaning up          server.py:360
                             per-session resources                              
[08/26/26 16:10:32] INFO     Disabled tool 'lean_build' via        server.py:115
                             LEAN_MCP_DISABLED_TOOLS                            
                    INFO     Disabled tool 'lean_completions' via  server.py:115
                             LEAN_MCP_DISABLED_TOOLS                            
                    INFO     Disabled tool 'lean_declaration_file' server.py:115
                             via LEAN_MCP_DISABLED_TOOLS                        
                    INFO     Disabled tool                         server.py:115
                             'lean_diagnostic_messages' via                     
                             LEAN_MCP_DISABLED_TOOLS                            
                    INFO     Disabled tool 'lean_file_outline' via server.py:115
                             LEAN_MCP_DISABLED_TOOLS                            
                    INFO     Disabled tool                         server.py:115
                             'lean_get_widget_source' via                       
                             LEAN_MCP_DISABLED_TOOLS                            
                    INFO     Disabled tool 'lean_get_widgets' via  server.py:115
                             LEAN_MCP_DISABLED_TOOLS                            
                    INFO     Disabled tool 'lean_goal' via         server.py:115
                             LEAN_MCP_DISABLED_TOOLS                            
                    INFO     Disabled tool 'lean_hover_info' via   server.py:115
                             LEAN_MCP_DISABLED_TOOLS                            
                    INFO     Disabled tool 'lean_references' via   server.py:115
                             LEAN_MCP_DISABLED_TOOLS                            
                    INFO     Disabled tool 'lean_term_goal' via    server.py:115
                             LEAN_MCP_DISABLED_TOOLS                            
                    INFO     REPL enabled, using:                  server.py:322
                             /home/amirnabiyev/Conjecture_Prover/.              
                             lake/packages/repl/.lake/build/bin/re              
                             pl                                                 
                    INFO     REPL initialized: timeout=60s         server.py:325
[08/26/26 16:10:38] INFO     Session ending — cleaning up          server.py:360
                             per-session resources                              
[08/26/26 16:11:36] INFO     Disabled tool 'lean_build' via        server.py:115
                             LEAN_MCP_DISABLED_TOOLS                            
                    INFO     Disabled tool 'lean_completions' via  server.py:115
                             LEAN_MCP_DISABLED_TOOLS                            
                    INFO     Disabled tool 'lean_declaration_file' server.py:115
                             via LEAN_MCP_DISABLED_TOOLS                        
                    INFO     Disabled tool                         server.py:115
                             'lean_diagnostic_messages' via                     
                             LEAN_MCP_DISABLED_TOOLS                            
                    INFO     Disabled tool 'lean_file_outline' via server.py:115
                             LEAN_MCP_DISABLED_TOOLS                            
                    INFO     Disabled tool                         server.py:115
                             'lean_get_widget_source' via                       
                             LEAN_MCP_DISABLED_TOOLS                            
                    INFO     Disabled tool 'lean_get_widgets' via  server.py:115
                             LEAN_MCP_DISABLED_TOOLS                            
                    INFO     Disabled tool 'lean_goal' via         server.py:115
                             LEAN_MCP_DISABLED_TOOLS                            
                    INFO     Disabled tool 'lean_hover_info' via   server.py:115
                             LEAN_MCP_DISABLED_TOOLS                            
                    INFO     Disabled tool 'lean_references' via   server.py:115
                             LEAN_MCP_DISABLED_TOOLS                            
                    INFO     Disabled tool 'lean_term_goal' via    server.py:115
                             LEAN_MCP_DISABLED_TOOLS                            
                    INFO     REPL enabled, using:                  server.py:322
                             /home/amirnabiyev/Conjecture_Prover/.              
                             lake/packages/repl/.lake/build/bin/re              
                             pl                                                 
                    INFO     REPL initialized: timeout=60s         server.py:325
[08/26/26 16:11:43] INFO     Session ending — cleaning up          server.py:360
                             per-session resources                              
[08/26/26 16:12:53] INFO     REPL enabled, using:                  server.py:322
                             /home/amirnabiyev/Conjecture_Prover/.              
                             lake/packages/repl/.lake/build/bin/re              
                             pl                                                 
                    INFO     REPL initialized: timeout=60s         server.py:325
                    INFO     Session ending — cleaning up          server.py:360
                             per-session resources                              
[08/26/26 16:14:02] INFO     REPL enabled, using:                  server.py:322
                             /home/amirnabiyev/Conjecture_Prover/.              
                             lake/packages/repl/.lake/build/bin/re              
                             pl                                                 
                    INFO     REPL initialized: timeout=60s         server.py:325
[08/26/26 16:14:03] INFO     Shared async LSP client         client_utils.py:133
                             connected at                                       
                             /home/amirnabiyev/Conjecture_Pr                    
                             over                                               
[08/26/26 16:14:16] INFO     Session ending — cleaning up          server.py:360
                             per-session resources                              
Exception ignored in: <function BaseSubprocessTransport.__del__ at 0x7c5e9922d120>
Traceback (most recent call last):
  File "/usr/local/lib/python3.12/asyncio/base_subprocess.py", line 126, in __del__
    self.close()
  File "/usr/local/lib/python3.12/asyncio/base_subprocess.py", line 104, in close
    proto.pipe.close()
  File "/usr/local/lib/python3.12/asyncio/unix_events.py", line 767, in close
    self.write_eof()
  File "/usr/local/lib/python3.12/asyncio/unix_events.py", line 753, in write_eof
    self._loop.call_soon(self._call_connection_lost, None)
  File "/usr/local/lib/python3.12/asyncio/base_events.py", line 799, in call_soon
    self._check_closed()
  File "/usr/local/lib/python3.12/asyncio/base_events.py", line 545, in _check_closed
    raise RuntimeError('Event loop is closed')
RuntimeError: Event loop is closed
[08/26/26 16:14:23] INFO     REPL enabled, using:                  server.py:322
                             /home/amirnabiyev/Conjecture_Prover/.              
                             lake/packages/repl/.lake/build/bin/re              
                             pl                                                 
                    INFO     REPL initialized: timeout=60s         server.py:325
[08/26/26 16:14:25] INFO     Shared async LSP client         client_utils.py:133
                             connected at                                       
                             /home/amirnabiyev/Conjecture_Pr                    
                             over                                               
[08/26/26 16:14:38] INFO     Session ending — cleaning up          server.py:360
                             per-session resources                              
Exception ignored in: <function BaseSubprocessTransport.__del__ at 0x765ca73c9120>
Traceback (most recent call last):
  File "/usr/local/lib/python3.12/asyncio/base_subprocess.py", line 126, in __del__
    self.close()
  File "/usr/local/lib/python3.12/asyncio/base_subprocess.py", line 104, in close
    proto.pipe.close()
  File "/usr/local/lib/python3.12/asyncio/unix_events.py", line 767, in close
    self.write_eof()
  File "/usr/local/lib/python3.12/asyncio/unix_events.py", line 753, in write_eof
    self._loop.call_soon(self._call_connection_lost, None)
  File "/usr/local/lib/python3.12/asyncio/base_events.py", line 799, in call_soon
    self._check_closed()
  File "/usr/local/lib/python3.12/asyncio/base_events.py", line 545, in _check_closed
    raise RuntimeError('Event loop is closed')
RuntimeError: Event loop is closed
[08/26/26 16:14:46] INFO     REPL enabled, using:                  server.py:322
                             /home/amirnabiyev/Conjecture_Prover/.              
                             lake/packages/repl/.lake/build/bin/re              
                             pl                                                 
                    INFO     REPL initialized: timeout=60s         server.py:325
[08/26/26 16:14:48] INFO     Shared async LSP client         client_utils.py:133
                             connected at                                       
                             /home/amirnabiyev/Conjecture_Pr                    
                             over                                               
[08/26/26 16:15:01] INFO     Session ending — cleaning up          server.py:360
                             per-session resources                              
Exception ignored in: <function BaseSubprocessTransport.__del__ at 0x756ea3409120>
Traceback (most recent call last):
  File "/usr/local/lib/python3.12/asyncio/base_subprocess.py", line 126, in __del__
    self.close()
  File "/usr/local/lib/python3.12/asyncio/base_subprocess.py", line 104, in close
    proto.pipe.close()
  File "/usr/local/lib/python3.12/asyncio/unix_events.py", line 767, in close
    self.write_eof()
  File "/usr/local/lib/python3.12/asyncio/unix_events.py", line 753, in write_eof
    self._loop.call_soon(self._call_connection_lost, None)
  File "/usr/local/lib/python3.12/asyncio/base_events.py", line 799, in call_soon
    self._check_closed()
  File "/usr/local/lib/python3.12/asyncio/base_events.py", line 545, in _check_closed
    raise RuntimeError('Event loop is closed')
RuntimeError: Event loop is closed
[08/26/26 16:15:12] INFO     REPL enabled, using:                  server.py:322
                             /home/amirnabiyev/Conjecture_Prover/.              
                             lake/packages/repl/.lake/build/bin/re              
                             pl                                                 
                    INFO     REPL initialized: timeout=60s         server.py:325
[08/26/26 16:15:14] INFO     Shared async LSP client         client_utils.py:133
                             connected at                                       
                             /home/amirnabiyev/Conjecture_Pr                    
                             over                                               
[08/26/26 16:15:27] INFO     Session ending — cleaning up          server.py:360
                             per-session resources                              
Exception ignored in: <function BaseSubprocessTransport.__del__ at 0x755507679120>
Traceback (most recent call last):
  File "/usr/local/lib/python3.12/asyncio/base_subprocess.py", line 126, in __del__
    self.close()
  File "/usr/local/lib/python3.12/asyncio/base_subprocess.py", line 104, in close
    proto.pipe.close()
  File "/usr/local/lib/python3.12/asyncio/unix_events.py", line 767, in close
    self.write_eof()
  File "/usr/local/lib/python3.12/asyncio/unix_events.py", line 753, in write_eof
    self._loop.call_soon(self._call_connection_lost, None)
  File "/usr/local/lib/python3.12/asyncio/base_events.py", line 799, in call_soon
    self._check_closed()
  File "/usr/local/lib/python3.12/asyncio/base_events.py", line 545, in _check_closed
    raise RuntimeError('Event loop is closed')
RuntimeError: Event loop is closed

   💬 PL-quot_annihilator_isIntegral AI says: ```lean
lemma quot_annihilator_isIntegral {R S M : Type} [CommRing R] [CommRing S] [AddCommGroup M]
    [Algebra R S] [Module S M] [Module R M] [IsScalarTower R S M] [Algebra.IsIntegral R S] :
    Algebra.IsIntegral (R ⧸ Ideal.comap (algebraMap R S) (Module.annihilator S M))
      (S ⧸ Module.annihilator S M) := by
  exact Algebra.IsIntegral.quotient (R := R) (A := S) (I := Module.annihilator S M)
```
   ✅ Lemma 'quot_annihilator_isIntegral' appears proved (turn 8)
   💬 PL-ringKrullDim_quot_annihilator_eq AI says: The dependencies are available in `ConjectureProver.lean`. Let me check their exact statements and test a proof attempt.
   🛠️  PL-ringKrullDim_quot_annihilator_eq AI made 1 tool call(s):
 → lean_run_code
   🛠️  PL-ringKrullDim_le_of_isIntegral AI made 1 tool call(s):
 → lean_run_code
   💬 PL-ringKrullDim_eq_of_isIntegral AI says: The proof compiles cleanly with 0 errors. The approach: `le_antisymm` combines the two dependency inequalities, which precisely yields the equality by antisymmetry of `≤` in `WithBot ℕ∞`.

1. Target: `ringKrullDim_eq_of_isIntegral`
2. Status: VERIFIED
3. Validated Lean code block:
   ```lean
   lemma ringKrullDim_eq_of_isIntegral {R S : Type} [CommRing R] [CommRing S] [Algebra R S]
       (h_inj : Function.Injective (algebraMap R S)) [Algebra.IsIntegral R S] :
       ringKrullDim R = ringKrullDi
      ... (1313 total chars)
   ✅ Lemma 'ringKrullDim_eq_of_isIntegral' appears proved (turn 4)
   🛠️  PL-ringKrullDim_le_of_isIntegral AI made 2 tool call(s):
 → lean_leansearch
 → lean_loogle
   💬 PL-ringKrullDim_quot_annihilator_eq AI says: The proof compiles cleanly. Let me verify it once more against the exact theorem declaration context (with the blueprint attribute) to make sure nothing interferes.
   🛠️  PL-ringKrullDim_quot_annihilator_eq AI made 1 tool call(s):
 → lean_run_code
   🛠️  PL-ringKrullDim_le_of_isIntegral AI made 1 tool call(s):
 → lean_run_code
   🛠️  PL-ringKrullDim_le_of_isIntegral AI made 2 tool call(s):
 → lean_leansearch
 → lean_loogle
   💬 PL-ringKrullDim_quot_annihilator_eq AI says: [TRIAL FEEDBACK]
Attempted: `letI` of `Algebra.IsIntegral (R ⧸ comap ...) (S ⧸ annihilator S M)` from `quot_annihilator_isIntegral`, then applied `ringKrullDim_eq_of_isIntegral` with `h_inj := quot_annihilator_injective`, rewrote via `Module.comap_annihilator`, and finished with `h.symm`.
Result: Compiled with zero errors/diagnostics on the first full attempt.
Next plan: DONE — proof verified.

1. Target: ringKrullDim_quot_annihilator_eq
2. Status: VERIFIED
3. Validated Lean code block:
```lean

      ... (2501 total chars)
   ✅ Lemma 'ringKrullDim_quot_annihilator_eq' appears proved (turn 6)
   🛠️  PL-ringKrullDim_ge_of_isIntegral AI made 1 tool call(s):
 → lean_run_code
   🛠️  PL-ringKrullDim_le_of_isIntegral AI made 1 tool call(s):
 → lean_run_code
   🛠️  PL-ringKrullDim_le_of_isIntegral AI made 2 tool call(s):
 → lean_run_code
 → lean_run_code
   🛠️  PL-ringKrullDim_le_of_isIntegral AI made 1 tool call(s):
 → lean_run_code
   🛠️  PL-ringKrullDim_ge_of_isIntegral AI made 2 tool call(s):
 → search_mathlib_docs_multi
 → lean_run_code
   🛠️  PL-ringKrullDim_le_of_isIntegral AI made 1 tool call(s):
 → lean_run_code
   🛠️  PL-ringKrullDim_le_of_isIntegral AI made 1 tool call(s):
 → search_mathlib_docs_multi
   🛠️  PL-ringKrullDim_le_of_isIntegral AI made 2 tool call(s):
 → lean_loogle
 → lean_loogle
   🛠️  PL-ringKrullDim_ge_of_isIntegral AI made 1 tool call(s):
 → lean_run_code
   🛠️  PL-ringKrullDim_le_of_isIntegral AI made 1 tool call(s):
 → lean_run_code
   🛠️  PL-ringKrullDim_le_of_isIntegral AI made 1 tool call(s):
 → lean_run_code
   💬 PL-ringKrullDim_le_of_isIntegral AI says: The proof compiles cleanly in the actual project context. Let me do one final verification with the exact lemma form:
   🛠️  PL-ringKrullDim_le_of_isIntegral AI made 1 tool call(s):
 → lean_run_code
   🛠️  PL-ringKrullDim_ge_of_isIntegral AI made 2 tool call(s):
 → lean_leansearch
 → lean_leansearch
   💬 PL-ringKrullDim_le_of_isIntegral AI says: [FINAL PROPOSAL]
status: VERIFIED
new_str:
```lean
lemma ringKrullDim_le_of_isIntegral {R S : Type} [CommRing R] [CommRing S] [Algebra R S]
    [Algebra.IsIntegral R S] : ringKrullDim S ≤ ringKrullDim R := by
  rw [ringKrullDim, ringKrullDim]
  exact Order.krullDim_le_of_strictMono (PrimeSpectrum.comap (algebraMap R S)) (by
    intro p q hpq
    rw [← PrimeSpectrum.asIdeal_lt_asIdeal]
    rw [PrimeSpectrum.comap_asIdeal, PrimeSpectrum.comap_asIdeal]
    exact Ideal.IsIntegral.comap_lt_comap (by 
      ... (1864 total chars)
   ⏰ Lemma 'ringKrullDim_le_of_isIntegral': turn limit (20) reached
   🛠️  PL-ringKrullDim_ge_of_isIntegral AI made 2 tool call(s):
 → search_mathlib_docs_multi
 → lean_run_code
   🛠️  PL-ringKrullDim_ge_of_isIntegral AI made 1 tool call(s):
 → lean_run_code
   🛠️  PL-ringKrullDim_ge_of_isIntegral AI made 1 tool call(s):
 → lean_run_code
   🛠️  PL-ringKrullDim_ge_of_isIntegral AI made 1 tool call(s):
 → lean_run_code
   🛠️  PL-ringKrullDim_ge_of_isIntegral AI made 1 tool call(s):
 → lean_run_code
   🛠️  PL-ringKrullDim_ge_of_isIntegral AI made 1 tool call(s):
 → lean_run_code
   🛠️  PL-ringKrullDim_ge_of_isIntegral AI made 1 tool call(s):
 → lean_run_code
   🛠️  PL-ringKrullDim_ge_of_isIntegral AI made 1 tool call(s):
 → lean_run_code
   🛠️  PL-ringKrullDim_ge_of_isIntegral AI made 1 tool call(s):
 → lean_run_code
   🛠️  PL-ringKrullDim_ge_of_isIntegral AI made 2 tool call(s):
 → search_mathlib_docs_multi
 → lean_run_code
   💬 PL-ringKrullDim_ge_of_isIntegral AI says: [FINAL PROPOSAL]
status: UNRESOLVED
new_str:
```lean
import Mathlib

lemma ringKrullDim_ge_of_isIntegral {R S : Type} [CommRing R] [CommRing S] [Algebra R S]
    (h_inj : Function.Injective (algebraMap R S)) [Algebra.IsIntegral R S] :
    ringKrullDim R ≤ ringKrullDim S := by
  -- Core: lift any finite prime chain of R to one of S with the same length.
  have lift_aux : ∀ p : LTSeries (PrimeSpectrum R),
      ∃ q : LTSeries (PrimeSpectrum S), q.length = p.length ∧
        ∀ i : Fin (p.length + 1
      ... (8267 total chars)
   ⏰ Lemma 'ringKrullDim_ge_of_isIntegral': turn limit (20) reached

======================================================================
AGGREGATOR: Applying proofs (round 1)
   Received 6 proposal(s)
======================================================================

   🛠️  AG AI made 1 tool call(s):
 → read_workspace
   💬 AG AI says: The file matches the expected structure. Now I'll process each proposal. Note: the prover snippets omit the `@[blueprint]` attribute blocks, but the instruction says `new_str` is "the same declaration with the placeholder body replaced by a real proof" — so I will keep the blueprint metadata intact and replace only the proof body, which also protects the `lake build :blueprintJson` dependency graph.

**Proposal 1: `quot_annihilator_isIntegral`**
   🛠️  AG AI made 1 tool call(s):
 → search_replace_workspace
   🛠️  AG AI made 1 tool call(s):
 → lean_diagnostic_messages
   💬 AG AI says: No errors — only `sorry` warnings for the remaining placeholders. **Proposal 2: `quot_annihilator_injective`** (extracting the declaration from the prover's validated code block):
   🛠️  AG AI made 1 tool call(s):
 → search_replace_workspace
   🛠️  AG AI made 1 tool call(s):
 → lean_diagnostic_messages
   💬 AG AI says: No errors. **Proposal 3: `ringKrullDim_eq_of_isIntegral`**:
   🛠️  AG AI made 1 tool call(s):
 → search_replace_workspace
   🛠️  AG AI made 1 tool call(s):
 → lean_diagnostic_messages
   💬 AG AI says: No errors. **Proposal 4: `ringKrullDim_quot_annihilator_eq`** (the main theorem):
   🛠️  AG AI made 1 tool call(s):
 → search_replace_workspace
   🛠️  AG AI made 1 tool call(s):
 → lean_diagnostic_messages
   💬 AG AI says: All four proposals have been applied and the file compiles cleanly. Final status:

- **`quot_annihilator_isIntegral`** — replaced with `exact Algebra.IsIntegral.quotient (R := R) (A := S) (I := Module.annihilator S M)` ✓
- **`quot_annihilator_injective`** — replaced with `exact Ideal.algebraMap_quotient_injective (A := S) (I := Module.annihilator S M)` ✓
- **`ringKrullDim_eq_of_isIntegral`** — replaced with `exact le_antisymm (ringKrullDim_ge_of_isIntegral ...) (ringKrullDim_le_of_isIntegral ...[08/26/26 16:15:51] INFO     REPL enabled, using:                  server.py:322
                             /home/amirnabiyev/Conjecture_Prover/.              
                             lake/packages/repl/.lake/build/bin/re              
                             pl                                                 
                    INFO     REPL initialized: timeout=60s         server.py:325
                    INFO     Session ending — cleaning up          server.py:360
                             per-session resources                              
[08/26/26 16:15:54] INFO     REPL enabled, using:                  server.py:322
                             /home/amirnabiyev/Conjecture_Prover/.              
                             lake/packages/repl/.lake/build/bin/re              
                             pl                                                 
                    INFO     REPL initialized: timeout=60s         server.py:325
                    INFO     Session ending — cleaning up          server.py:360
                             per-session resources                              
[08/26/26 16:17:28] INFO     REPL enabled, using:                  server.py:322
                             /home/amirnabiyev/Conjecture_Prover/.              
                             lake/packages/repl/.lake/build/bin/re              
                             pl                                                 
                    INFO     REPL initialized: timeout=60s         server.py:325
                    INFO     Session ending — cleaning up          server.py:360
                             per-session resources                              
[08/26/26 16:20:33] INFO     REPL enabled, using:                  server.py:322
                             /home/amirnabiyev/Conjecture_Prover/.              
                             lake/packages/repl/.lake/build/bin/re              
                             pl                                                 
                    INFO     REPL initialized: timeout=60s         server.py:325
                    INFO     Session ending — cleaning up          server.py:360
                             per-session resources                              
[08/26/26 16:23:57] INFO     REPL enabled, using:                  server.py:322
                             /home/amirnabiyev/Conjecture_Prover/.              
                             lake/packages/repl/.lake/build/bin/re              
                             pl                                                 
                    INFO     REPL initialized: timeout=60s         server.py:325
                    INFO     Session ending — cleaning up          server.py:360
                             per-session resources                              
[08/26/26 16:27:50] INFO     REPL enabled, using:                  server.py:322
                             /home/amirnabiyev/Conjecture_Prover/.              
                             lake/packages/repl/.lake/build/bin/re              
                             pl                                                 
                    INFO     REPL initialized: timeout=60s         server.py:325
                    INFO     Session ending — cleaning up          server.py:360
                             per-session resources                              
[08/26/26 16:29:22] INFO     REPL enabled, using:                  server.py:322
                             /home/amirnabiyev/Conjecture_Prover/.              
                             lake/packages/repl/.lake/build/bin/re              
                             pl                                                 
                    INFO     REPL initialized: timeout=60s         server.py:325
[08/26/26 16:29:28] INFO     Session ending — cleaning up          server.py:360
                             per-session resources                              

      ... (1242 total chars)
   ✅ Aggregator LLM finished after 10 turn(s)
   📊 Blueprint JSON: 6 lemmas, 0 proved
   🚦 Route: aggregator → blueprint_refiner (round 1)

======================================================================
🔧 BLUEPRINT REFINER: Revising blueprint based on prover feedback
   Unproved lemmas to address: quot_annihilator_injective, quot_annihilator_isIntegral, ringKrullDim_eq_of_isIntegral, ringKrullDim_ge_of_isIntegral, ringKrullDim_le_of_isIntegral, ringKrullDim_quot_annihilator_eq
     • quot_annihilator_isIntegral: [Turn 7] Thinking: The proof is complete and verified.
[Turn 8] PROVED...
     • quot_annihilator_injective: [Turn 5] PROVED...
     • ringKrullDim_le_of_isIntegral: [Turn 20] [FINAL PROPOSAL]
status: VERIFIED
new_str:
```lean
lemma ringKrullDim_le_of_isIntegral {R S : Type} [CommRing ...
     • ringKrullDim_ge_of_isIntegral: [Turn 20] [FINAL PROPOSAL]
status: UNRESOLVED
new_str:
```lean
import Mathlib

lemma ringKrullDim_ge_of_isIntegral {R S ...
     • ringKrullDim_eq_of_isIntegral: [Turn 4] PROVED...
     • ringKrullDim_quot_annihilator_eq: [Turn 6] [TRIAL FEEDBACK]
Attempted: `letI` of `Algebra.IsIntegral (R ⧸ comap ...) (S ⧸ annihilator S M)` from `quot_ann...
======================================================================

   🛠️  BR AI made 1 tool call(s):
 → read_workspace
   🚦 Routing: blueprint_refiner → tools_br
   🚦 Routing: tool_node → blueprint_refiner

======================================================================
🔧 BLUEPRINT REFINER: Revising blueprint based on prover feedback
   Unproved lemmas to address: quot_annihilator_injective, quot_annihilator_isIntegral, ringKrullDim_eq_of_isIntegral, ringKrullDim_ge_of_isIntegral, ringKrullDim_le_of_isIntegral, ringKrullDim_quot_annihilator_eq
     • quot_annihilator_isIntegral: [Turn 7] Thinking: The proof is complete and verified.
[Turn 8] PROVED...
     • quot_annihilator_injective: [Turn 5] PROVED...
     • ringKrullDim_le_of_isIntegral: [Turn 20] [FINAL PROPOSAL]
status: VERIFIED
new_str:
```lean
lemma ringKrullDim_le_of_isIntegral {R S : Type} [CommRing ...
     • ringKrullDim_ge_of_isIntegral: [Turn 20] [FINAL PROPOSAL]
status: UNRESOLVED
new_str:
```lean
import Mathlib

lemma ringKrullDim_ge_of_isIntegral {R S ...
     • ringKrullDim_eq_of_isIntegral: [Turn 4] PROVED...
     • ringKrullDim_quot_annihilator_eq: [Turn 6] [TRIAL FEEDBACK]
Attempted: `letI` of `Algebra.IsIntegral (R ⧸ comap ...) (S ⧸ annihilator S M)` from `quot_ann...
======================================================================

   🛠️  BR AI made 3 tool call(s):
 → analyze_mathlib_module
 → search_mathlib_docs_multi
 → lean_leansearch
   🚦 Routing: blueprint_refiner → tools_br
   🚦 Routing: tool_node → blueprint_refiner

======================================================================
🔧 BLUEPRINT REFINER: Revising blueprint based on prover feedback
   Unproved lemmas to address: quot_annihilator_injective, quot_annihilator_isIntegral, ringKrullDim_eq_of_isIntegral, ringKrullDim_ge_of_isIntegral, ringKrullDim_le_of_isIntegral, ringKrullDim_quot_annihilator_eq
     • quot_annihilator_isIntegral: [Turn 7] Thinking: The proof is complete and verified.
[Turn 8] PROVED...
     • quot_annihilator_injective: [Turn 5] PROVED...
     • ringKrullDim_le_of_isIntegral: [Turn 20] [FINAL PROPOSAL]
status: VERIFIED
new_str:
```lean
lemma ringKrullDim_le_of_isIntegral {R S : Type} [CommRing ...
     • ringKrullDim_ge_of_isIntegral: [Turn 20] [FINAL PROPOSAL]
status: UNRESOLVED
new_str:
```lean
import Mathlib

lemma ringKrullDim_ge_of_isIntegral {R S ...
     • ringKrullDim_eq_of_isIntegral: [Turn 4] PROVED...
     • ringKrullDim_quot_annihilator_eq: [Turn 6] [TRIAL FEEDBACK]
Attempted: `letI` of `Algebra.IsIntegral (R ⧸ comap ...) (S ⧸ annihilator S M)` from `quot_ann...
======================================================================

   🛠️  BR AI made 2 tool call(s):
 → analyze_mathlib_module
 → analyze_mathlib_module
   🚦 Routing: blueprint_refiner → tools_br
   🚦 Routing: tool_node → blueprint_refiner

======================================================================
🔧 BLUEPRINT REFINER: Revising blueprint based on prover feedback
   Unproved lemmas to address: quot_annihilator_injective, quot_annihilator_isIntegral, ringKrullDim_eq_of_isIntegral, ringKrullDim_ge_of_isIntegral, ringKrullDim_le_of_isIntegral, ringKrullDim_quot_annihilator_eq
     • quot_annihilator_isIntegral: [Turn 7] Thinking: The proof is complete and verified.
[Turn 8] PROVED...
     • quot_annihilator_injective: [Turn 5] PROVED...
     • ringKrullDim_le_of_isIntegral: [Turn 20] [FINAL PROPOSAL]
status: VERIFIED
new_str:
```lean
lemma ringKrullDim_le_of_isIntegral {R S : Type} [CommRing ...
     • ringKrullDim_ge_of_isIntegral: [Turn 20] [FINAL PROPOSAL]
status: UNRESOLVED
new_str:
```lean
import Mathlib

lemma ringKrullDim_ge_of_isIntegral {R S ...
     • ringKrullDim_eq_of_isIntegral: [Turn 4] PROVED...
     • ringKrullDim_quot_annihilator_eq: [Turn 6] [TRIAL FEEDBACK]
Attempted: `letI` of `Algebra.IsIntegral (R ⧸ comap ...) (S ⧸ annihilator S M)` from `quot_ann...
======================================================================

   🛠️  BR AI made 2 tool call(s):
 → analyze_mathlib_module
 → search_mathlib_docs_multi
   🚦 Routing: blueprint_refiner → tools_br
   🚦 Routing: tool_node → blueprint_refiner

======================================================================
🔧 BLUEPRINT REFINER: Revising blueprint based on prover feedback
   Unproved lemmas to address: quot_annihilator_injective, quot_annihilator_isIntegral, ringKrullDim_eq_of_isIntegral, ringKrullDim_ge_of_isIntegral, ringKrullDim_le_of_isIntegral, ringKrullDim_quot_annihilator_eq
     • quot_annihilator_isIntegral: [Turn 7] Thinking: The proof is complete and verified.
[Turn 8] PROVED...
     • quot_annihilator_injective: [Turn 5] PROVED...
     • ringKrullDim_le_of_isIntegral: [Turn 20] [FINAL PROPOSAL]
status: VERIFIED
new_str:
```lean
lemma ringKrullDim_le_of_isIntegral {R S : Type} [CommRing ...
     • ringKrullDim_ge_of_isIntegral: [Turn 20] [FINAL PROPOSAL]
status: UNRESOLVED
new_str:
```lean
import Mathlib

lemma ringKrullDim_ge_of_isIntegral {R S ...
     • ringKrullDim_eq_of_isIntegral: [Turn 4] PROVED...
     • ringKrullDim_quot_annihilator_eq: [Turn 6] [TRIAL FEEDBACK]
Attempted: `letI` of `Algebra.IsIntegral (R ⧸ comap ...) (S ⧸ annihilator S M)` from `quot_ann...
======================================================================

   💬 BR AI says: The failing node is `ringKrullDim_ge_of_isIntegral` (PROOF_TOO_HARD — the prover got stuck on `Fin`/`RelSeries.snoc` index bookkeeping for the lifted chain's comap condition). Let me verify the exact Mathlib API for `RelSeries.snoc` and test that my planned decomposition statements elaborate.
   🛠️  BR AI made 1 tool call(s):
 → lean_run_code
   🚦 Routing: blueprint_refiner → tools_br
   🚦 Routing: tool_node → blueprint_refiner

======================================================================
🔧 BLUEPRINT REFINER: Revising blueprint based on prover feedback
   Unproved lemmas to address: quot_annihilator_injective, quot_annihilator_isIntegral, ringKrullDim_eq_of_isIntegral, ringKrullDim_ge_of_isIntegral, ringKrullDim_le_of_isIntegral, ringKrullDim_quot_annihilator_eq
     • quot_annihilator_isIntegral: [Turn 7] Thinking: The proof is complete and verified.
[Turn 8] PROVED...
     • quot_annihilator_injective: [Turn 5] PROVED...
     • ringKrullDim_le_of_isIntegral: [Turn 20] [FINAL PROPOSAL]
status: VERIFIED
new_str:
```lean
lemma ringKrullDim_le_of_isIntegral {R S : Type} [CommRing ...
     • ringKrullDim_ge_of_isIntegral: [Turn 20] [FINAL PROPOSAL]
status: UNRESOLVED
new_str:
```lean
import Mathlib

lemma ringKrullDim_ge_of_isIntegral {R S ...
     • ringKrullDim_eq_of_isIntegral: [Turn 4] PROVED...
     • ringKrullDim_quot_annihilator_eq: [Turn 6] [TRIAL FEEDBACK]
Attempted: `letI` of `Algebra.IsIntegral (R ⧸ comap ...) (S ⧸ annihilator S M)` from `quot_ann...[08/26/26 16:29:30] INFO     REPL enabled, using:                  server.py:322
                             /home/amirnabiyev/Conjecture_Prover/.              
                             lake/packages/repl/.lake/build/bin/re              
                             pl                                                 
                    INFO     REPL initialized: timeout=60s         server.py:325
                    INFO     Session ending — cleaning up          server.py:360
                             per-session resources                              
[08/26/26 16:31:07] INFO     REPL enabled, using:                  server.py:322
                             /home/amirnabiyev/Conjecture_Prover/.              
                             lake/packages/repl/.lake/build/bin/re              
                             pl                                                 
                    INFO     REPL initialized: timeout=60s         server.py:325
[08/26/26 16:31:13] INFO     Session ending — cleaning up          server.py:360
                             per-session resources                              
[08/26/26 16:31:15] INFO     REPL enabled, using:                  server.py:322
                             /home/amirnabiyev/Conjecture_Prover/.              
                             lake/packages/repl/.lake/build/bin/re              
                             pl                                                 
                    INFO     REPL initialized: timeout=60s         server.py:325
                    INFO     Session ending — cleaning up          server.py:360
                             per-session resources                              
[08/26/26 16:32:06] INFO     REPL enabled, using:                  server.py:322
                             /home/amirnabiyev/Conjecture_Prover/.              
                             lake/packages/repl/.lake/build/bin/re              
                             pl                                                 
                    INFO     REPL initialized: timeout=60s         server.py:325
                    INFO     Session ending — cleaning up          server.py:360
                             per-session resources                              
[08/26/26 16:32:10] INFO     REPL enabled, using:                  server.py:322
                             /home/amirnabiyev/Conjecture_Prover/.              
                             lake/packages/repl/.lake/build/bin/re              
                             pl                                                 
                    INFO     REPL initialized: timeout=60s         server.py:325
[08/26/26 16:32:12] INFO     Shared async LSP client         client_utils.py:133
                             connected at                                       
                             /home/amirnabiyev/Conjecture_Pr                    
                             over                                               
[08/26/26 16:32:24] INFO     Session ending — cleaning up          server.py:360
                             per-session resources                              
Exception ignored in: <function BaseSubprocessTransport.__del__ at 0x7b7960b2d120>
Traceback (most recent call last):
  File "/usr/local/lib/python3.12/asyncio/base_subprocess.py", line 126, in __del__
    self.close()
  File "/usr/local/lib/python3.12/asyncio/base_subprocess.py", line 104, in close
    proto.pipe.close()
  File "/usr/local/lib/python3.12/asyncio/unix_events.py", line 767, in close
    self.write_eof()
  File "/usr/local/lib/python3.12/asyncio/unix_events.py", line 753, in write_eof
    self._loop.call_soon(self._call_connection_lost, None)
  File "/usr/local/lib/python3.12/asyncio/base_events.py", line 799, in call_soon
    self._check_closed()
  File "/usr/local/lib/python3.12/asyncio/base_events.py", line 545, in _check_closed
    raise RuntimeError('Event loop is closed')
RuntimeError: Event loop is closed
[08/26/26 16:32:26] INFO     REPL enabled, using:                  server.py:322
                             /home/amirnabiyev/Conjecture_Prover/.              
                             lake/packages/repl/.lake/build/bin/re              
                             pl                                                 
                    INFO     REPL initialized: timeout=60s         server.py:325
                    INFO     Session ending — cleaning up          server.py:360
                             per-session resources                              
[08/26/26 16:32:48] INFO     REPL enabled, using:                  server.py:322
                             /home/amirnabiyev/Conjecture_Prover/.              
                             lake/packages/repl/.lake/build/bin/re              
                             pl                                                 
                    INFO     REPL initialized: timeout=60s         server.py:325
                    INFO     Session ending — cleaning up          server.py:360
                             per-session resources                              
[08/26/26 16:32:51] INFO     REPL enabled, using:                  server.py:322
                             /home/amirnabiyev/Conjecture_Prover/.              
                             lake/packages/repl/.lake/build/bin/re              
                             pl                                                 
                    INFO     REPL initialized: timeout=60s         server.py:325
                    INFO     Session ending — cleaning up          server.py:360
                             per-session resources                              

======================================================================

   💬 BR AI says: The Mathlib API confirms `RelSeries.snoc_castSucc` (with `i : Fin (s.length + 1)`) and `RelSeries.last_snoc` exist — exactly the bookkeeping needed. But two statement issues must be fixed: `by omega` can't see `(q.snoc Q hlt).length = q.length + 1` (needs it as an explicit hypothesis), and the chain-lift's comap condition needs the length equality as a binder (`∃ hqlen`) for its index cast to typecheck. Let me verify the corrected statements elaborate.
   🛠️  BR AI made 1 tool call(s):
 → lean_run_code
   🚦 Routing: blueprint_refiner → tools_br
   🚦 Routing: tool_node → blueprint_refiner

======================================================================
🔧 BLUEPRINT REFINER: Revising blueprint based on prover feedback
   Unproved lemmas to address: quot_annihilator_injective, quot_annihilator_isIntegral, ringKrullDim_eq_of_isIntegral, ringKrullDim_ge_of_isIntegral, ringKrullDim_le_of_isIntegral, ringKrullDim_quot_annihilator_eq
     • quot_annihilator_isIntegral: [Turn 7] Thinking: The proof is complete and verified.
[Turn 8] PROVED...
     • quot_annihilator_injective: [Turn 5] PROVED...
     • ringKrullDim_le_of_isIntegral: [Turn 20] [FINAL PROPOSAL]
status: VERIFIED
new_str:
```lean
lemma ringKrullDim_le_of_isIntegral {R S : Type} [CommRing ...
     • ringKrullDim_ge_of_isIntegral: [Turn 20] [FINAL PROPOSAL]
status: UNRESOLVED
new_str:
```lean
import Mathlib

lemma ringKrullDim_ge_of_isIntegral {R S ...
     • ringKrullDim_eq_of_isIntegral: [Turn 4] PROVED...
     • ringKrullDim_quot_annihilator_eq: [Turn 6] [TRIAL FEEDBACK]
Attempted: `letI` of `Algebra.IsIntegral (R ⧸ comap ...) (S ⧸ annihilator S M)` from `quot_ann...
======================================================================

   💬 BR AI says: Both corrected statements elaborate (only `sorry` warnings; the `Preorder` errors were only in my throwaway sanity examples, which used bare `[LT α]` — `PrimeSpectrum` is a `Preorder`). Now I'll make the structural edits: add the two helper nodes and rewire `ringKrullDim_ge_of_isIntegral`.
   🛠️  BR AI made 1 tool call(s):
 → search_replace_workspace
   🚦 Routing: blueprint_refiner → tools_br
   🚦 Routing: tool_node → blueprint_refiner

======================================================================
🔧 BLUEPRINT REFINER: Revising blueprint based on prover feedback
   Unproved lemmas to address: quot_annihilator_injective, quot_annihilator_isIntegral, ringKrullDim_eq_of_isIntegral, ringKrullDim_ge_of_isIntegral, ringKrullDim_le_of_isIntegral, ringKrullDim_quot_annihilator_eq
     • quot_annihilator_isIntegral: [Turn 7] Thinking: The proof is complete and verified.
[Turn 8] PROVED...
     • quot_annihilator_injective: [Turn 5] PROVED...
     • ringKrullDim_le_of_isIntegral: [Turn 20] [FINAL PROPOSAL]
status: VERIFIED
new_str:
```lean
lemma ringKrullDim_le_of_isIntegral {R S : Type} [CommRing ...
     • ringKrullDim_ge_of_isIntegral: [Turn 20] [FINAL PROPOSAL]
status: UNRESOLVED
new_str:
```lean
import Mathlib

lemma ringKrullDim_ge_of_isIntegral {R S ...
     • ringKrullDim_eq_of_isIntegral: [Turn 4] PROVED...
     • ringKrullDim_quot_annihilator_eq: [Turn 6] [TRIAL FEEDBACK]
Attempted: `letI` of `Algebra.IsIntegral (R ⧸ comap ...) (S ⧸ annihilator S M)` from `quot_ann...
======================================================================

   💬 BR AI says: Now let me validate the workspace compiles (expecting only `sorry_using` warnings):
   🛠️  BR AI made 1 tool call(s):
 → lean_diagnostic_messages
   🚦 Routing: blueprint_refiner → tools_br
   🚦 Routing: tool_node → blueprint_refiner

======================================================================
🔧 BLUEPRINT REFINER: Revising blueprint based on prover feedback
   Unproved lemmas to address: quot_annihilator_injective, quot_annihilator_isIntegral, ringKrullDim_eq_of_isIntegral, ringKrullDim_ge_of_isIntegral, ringKrullDim_le_of_isIntegral, ringKrullDim_quot_annihilator_eq
     • quot_annihilator_isIntegral: [Turn 7] Thinking: The proof is complete and verified.
[Turn 8] PROVED...
     • quot_annihilator_injective: [Turn 5] PROVED...
     • ringKrullDim_le_of_isIntegral: [Turn 20] [FINAL PROPOSAL]
status: VERIFIED
new_str:
```lean
lemma ringKrullDim_le_of_isIntegral {R S : Type} [CommRing ...
     • ringKrullDim_ge_of_isIntegral: [Turn 20] [FINAL PROPOSAL]
status: UNRESOLVED
new_str:
```lean
import Mathlib

lemma ringKrullDim_ge_of_isIntegral {R S ...
     • ringKrullDim_eq_of_isIntegral: [Turn 4] PROVED...
     • ringKrullDim_quot_annihilator_eq: [Turn 6] [TRIAL FEEDBACK]
Attempted: `letI` of `Algebra.IsIntegral (R ⧸ comap ...) (S ⧸ annihilator S M)` from `quot_ann...
======================================================================

   💬 BR AI says: Only the four expected `sorry_using` warnings — no real errors. Now let me regenerate the blueprint dependency graph:
   🛠️  BR AI made 1 tool call(s):
 → build_blueprint_json
   🚦 Routing: blueprint_refiner → tools_br
   🚦 Routing: tool_node → blueprint_refiner

======================================================================
🔧 BLUEPRINT REFINER: Revising blueprint based on prover feedback
   Unproved lemmas to address: quot_annihilator_injective, quot_annihilator_isIntegral, ringKrullDim_eq_of_isIntegral, ringKrullDim_ge_of_isIntegral, ringKrullDim_le_of_isIntegral, ringKrullDim_quot_annihilator_eq
     • quot_annihilator_isIntegral: [Turn 7] Thinking: The proof is complete and verified.
[Turn 8] PROVED...
     • quot_annihilator_injective: [Turn 5] PROVED...
     • ringKrullDim_le_of_isIntegral: [Turn 20] [FINAL PROPOSAL]
status: VERIFIED
new_str:
```lean
lemma ringKrullDim_le_of_isIntegral {R S : Type} [CommRing ...
     • ringKrullDim_ge_of_isIntegral: [Turn 20] [FINAL PROPOSAL]
status: UNRESOLVED
new_str:
```lean
import Mathlib

lemma ringKrullDim_ge_of_isIntegral {R S ...
     • ringKrullDim_eq_of_isIntegral: [Turn 4] PROVED...
     • ringKrullDim_quot_annihilator_eq: [Turn 6] [TRIAL FEEDBACK]
Attempted: `letI` of `Algebra.IsIntegral (R ⧸ comap ...) (S ⧸ annihilator S M)` from `quot_ann...
======================================================================

   💬 BR AI says: Let me do a final review of the revised file to confirm the structure:
   🛠️  BR AI made 1 tool call(s):
 → read_workspace
   🚦 Routing: blueprint_refiner → tools_br
   🚦 Routing: tool_node → blueprint_refiner

======================================================================
🔧 BLUEPRINT REFINER: Revising blueprint based on prover feedback
   Unproved lemmas to address: quot_annihilator_injective, quot_annihilator_isIntegral, ringKrullDim_eq_of_isIntegral, ringKrullDim_ge_of_isIntegral, ringKrullDim_le_of_isIntegral, ringKrullDim_quot_annihilator_eq
     • quot_annihilator_isIntegral: [Turn 7] Thinking: The proof is complete and verified.
[Turn 8] PROVED...
     • quot_annihilator_injective: [Turn 5] PROVED...
     • ringKrullDim_le_of_isIntegral: [Turn 20] [FINAL PROPOSAL]
status: VERIFIED
new_str:
```lean
lemma ringKrullDim_le_of_isIntegral {R S : Type} [CommRing ...
     • ringKrullDim_ge_of_isIntegral: [Turn 20] [FINAL PROPOSAL]
status: UNRESOLVED
new_str:
```lean
import Mathlib

lemma ringKrullDim_ge_of_isIntegral {R S ...
     • ringKrullDim_eq_of_isIntegral: [Turn 4] PROVED...
     • ringKrullDim_quot_annihilator_eq: [Turn 6] [TRIAL FEEDBACK]
Attempted: `letI` of `Algebra.IsIntegral (R ⧸ comap ...) (S ⧸ annihilator S M)` from `quot_ann...
======================================================================

   💬 BR AI says: The revised blueprint is complete and validated. Here's a summary of what changed:

## Summary

**Diagnosis:** The only genuinely open node was `ringKrullDim_ge_of_isIntegral` (PROOF_TOO_HARD). The prover had verified every mathematical step of its chain-lifting proof — base case via lying-over, the going-up successor step, and the final `iSup_le`/`le_iSup` inequality — but was stuck on the purely mechanical `Fin`/`RelSeries.snoc` index bookkeeping for the comap condition of the snoc'd chain (th[08/26/26 16:33:02] INFO     Disabled tool 'lean_build' via        server.py:115
                             LEAN_MCP_DISABLED_TOOLS                            
                    INFO     Disabled tool 'lean_completions' via  server.py:115
                             LEAN_MCP_DISABLED_TOOLS                            
                    INFO     Disabled tool 'lean_declaration_file' server.py:115
                             via LEAN_MCP_DISABLED_TOOLS                        
                    INFO     Disabled tool                         server.py:115
                             'lean_diagnostic_messages' via                     
                             LEAN_MCP_DISABLED_TOOLS                            
                    INFO     Disabled tool 'lean_file_outline' via server.py:115
                             LEAN_MCP_DISABLED_TOOLS                            
                    INFO     Disabled tool                         server.py:115
                             'lean_get_widget_source' via                       
                             LEAN_MCP_DISABLED_TOOLS                            
                    INFO     Disabled tool 'lean_get_widgets' via  server.py:115
                             LEAN_MCP_DISABLED_TOOLS                            
                    INFO     Disabled tool 'lean_goal' via         server.py:115
                             LEAN_MCP_DISABLED_TOOLS                            
                    INFO     Disabled tool 'lean_hover_info' via   server.py:115
                             LEAN_MCP_DISABLED_TOOLS                            
                    INFO     Disabled tool 'lean_references' via   server.py:115
                             LEAN_MCP_DISABLED_TOOLS                            
                    INFO     Disabled tool 'lean_term_goal' via    server.py:115
                             LEAN_MCP_DISABLED_TOOLS                            
                    INFO     REPL enabled, using:                  server.py:322
                             /home/amirnabiyev/Conjecture_Prover/.              
                             lake/packages/repl/.lake/build/bin/re              
                             pl                                                 
                    INFO     REPL initialized: timeout=60s         server.py:325
                    INFO     Session ending — cleaning up          server.py:360
                             per-session resources                              
[08/26/26 16:33:02] INFO     Disabled tool 'lean_build' via        server.py:115
                             LEAN_MCP_DISABLED_TOOLS                            
                    INFO     Disabled tool 'lean_completions' via  server.py:115
                             LEAN_MCP_DISABLED_TOOLS                            
                    INFO     Disabled tool 'lean_declaration_file' server.py:115
                             via LEAN_MCP_DISABLED_TOOLS                        
[08/26/26 16:33:02] INFO     Disabled tool 'lean_build' via        server.py:115
                             LEAN_MCP_DISABLED_TOOLS                            
                    INFO     Disabled tool                         server.py:115
                             'lean_diagnostic_messages' via                     
                             LEAN_MCP_DISABLED_TOOLS                            
                    INFO     Disabled tool 'lean_file_outline' via server.py:115
                             LEAN_MCP_DISABLED_TOOLS                            
                    INFO     Disabled tool 'lean_completions' via  server.py:115
                             LEAN_MCP_DISABLED_TOOLS                            
                    INFO     Disabled tool                         server.py:115
                             'lean_get_widget_source' via                       
                             LEAN_MCP_DISABLED_TOOLS                            
                    INFO     Disabled tool 'lean_declaration_file' server.py:115
                             via LEAN_MCP_DISABLED_TOOLS                        
                    INFO     Disabled tool                         server.py:115
                             'lean_diagnostic_messages' via                     
                             LEAN_MCP_DISABLED_TOOLS                            
                    INFO     Disabled tool 'lean_get_widgets' via  server.py:115
                             LEAN_MCP_DISABLED_TOOLS                            
                    INFO     Disabled tool 'lean_file_outline' via server.py:115
                             LEAN_MCP_DISABLED_TOOLS                            
                    INFO     Disabled tool 'lean_goal' via         server.py:115
                             LEAN_MCP_DISABLED_TOOLS                            
                    INFO     Disabled tool                         server.py:115
                             'lean_get_widget_source' via                       
                             LEAN_MCP_DISABLED_TOOLS                            
                    INFO     Disabled tool 'lean_hover_info' via   server.py:115
                             LEAN_MCP_DISABLED_TOOLS                            
                    INFO     Disabled tool 'lean_get_widgets' via  server.py:115
                             LEAN_MCP_DISABLED_TOOLS                            
                    INFO     Disabled tool 'lean_references' via   server.py:115
                             LEAN_MCP_DISABLED_TOOLS                            
                    INFO     Disabled tool 'lean_term_goal' via    server.py:115
                             LEAN_MCP_DISABLED_TOOLS                            
                    INFO     Disabled tool 'lean_goal' via         server.py:115
                             LEAN_MCP_DISABLED_TOOLS                            
                    INFO     Disabled tool 'lean_hover_info' via   server.py:115
                             LEAN_MCP_DISABLED_TOOLS                            
                    INFO     Disabled tool 'lean_references' via   server.py:115
                             LEAN_MCP_DISABLED_TOOLS                            
                    INFO     Disabled tool 'lean_term_goal' via    server.py:115
                             LEAN_MCP_DISABLED_TOOLS                            
                    INFO     REPL enabled, using:                  server.py:322
                             /home/amirnabiyev/Conjecture_Prover/.              
                             lake/packages/repl/.lake/build/bin/re              
                             pl                                                 
                    INFO     REPL initialized: timeout=60s         server.py:325
                    INFO     REPL enabled, using:                  server.py:322
                             /home/amirnabiyev/Conjecture_Prover/.              
                             lake/packages/repl/.lake/build/bin/re              
                             pl                                                 
                    INFO     REPL initialized: timeout=60s         server.py:325
                    INFO     Session ending — cleaning up          server.py:360
                             per-session resources                              
[08/26/26 16:33:02] INFO     Disabled tool 'lean_build' via        server.py:115
                             LEAN_MCP_DISABLED_TOOLS                            
                    INFO     Session ending — cleaning up          server.py:360
                             per-session resources                              
                    INFO     Disabled tool 'lean_completions' via  server.py:115
                             LEAN_MCP_DISABLED_TOOLS                            
                    INFO     Disabled tool 'lean_declaration_file' server.py:115
                             via LEAN_MCP_DISABLED_TOOLS                        
                    INFO     Disabled tool                         server.py:115
                             'lean_diagnostic_messages' via                     
                             LEAN_MCP_DISABLED_TOOLS                            
                    INFO     Disabled tool 'lean_file_outline' via server.py:115
                             LEAN_MCP_DISABLED_TOOLS                            
                    INFO     Disabled tool                         server.py:115
                             'lean_get_widget_source' via                       
                             LEAN_MCP_DISABLED_TOOLS                            
                    INFO     Disabled tool 'lean_get_widgets' via  server.py:115
                             LEAN_MCP_DISABLED_TOOLS                            
                    INFO     Disabled tool 'lean_goal' via         server.py:115
                             LEAN_MCP_DISABLED_TOOLS                            
                    INFO     Disabled tool 'lean_hover_info' via   server.py:115
                             LEAN_MCP_DISABLED_TOOLS                            
                    INFO     Disabled tool 'lean_references' via   server.py:115
                             LEAN_MCP_DISABLED_TOOLS                            
                    INFO     Disabled tool 'lean_term_goal' via    server.py:115
                             LEAN_MCP_DISABLED_TOOLS                            
                    INFO     REPL enabled, using:                  server.py:322
                             /home/amirnabiyev/Conjecture_Prover/.              
                             lake/packages/repl/.lake/build/bin/re              
                             pl                                                 
                    INFO     REPL initialized: timeout=60s         server.py:325
                    INFO     Session ending — cleaning up          server.py:360
                             per-session resources                              
[08/26/26 16:33:05] INFO     Disabled tool 'lean_build' via        server.py:115
                             LEAN_MCP_DISABLED_TOOLS                            
                    INFO     Disabled tool 'lean_completions' via  server.py:115
                             LEAN_MCP_DISABLED_TOOLS                            
                    INFO     Disabled tool 'lean_declaration_file' server.py:115
                             via LEAN_MCP_DISABLED_TOOLS                        
                    INFO     Disabled tool                         server.py:115
                             'lean_diagnostic_messages' via                     
                             LEAN_MCP_DISABLED_TOOLS                            
                    INFO     Disabled tool 'lean_file_outline' via server.py:115
                             LEAN_MCP_DISABLED_TOOLS                            
                    INFO     Disabled tool                         server.py:115
                             'lean_get_widget_source' via                       
                             LEAN_MCP_DISABLED_TOOLS                            
                    INFO     Disabled tool 'lean_get_widgets' via  server.py:115
                             LEAN_MCP_DISABLED_TOOLS                            
                    INFO     Disabled tool 'lean_goal' via         server.py:115
                             LEAN_MCP_DISABLED_TOOLS                            
                    INFO     Disabled tool 'lean_hover_info' via   server.py:115
                             LEAN_MCP_DISABLED_TOOLS                            
                    INFO     Disabled tool 'lean_references' via   server.py:115
                             LEAN_MCP_DISABLED_TOOLS                            
                    INFO     Disabled tool 'lean_term_goal' via    server.py:115
                             LEAN_MCP_DISABLED_TOOLS                            
                    INFO     REPL enabled, using:                  server.py:322
                             /home/amirnabiyev/Conjecture_Prover/.              
                             lake/packages/repl/.lake/build/bin/re              
                             pl                                                 
                    INFO     REPL initialized: timeout=60s         server.py:325
[08/26/26 16:33:06] INFO     Disabled tool 'lean_build' via        server.py:115
                             LEAN_MCP_DISABLED_TOOLS                            
                    INFO     Disabled tool 'lean_completions' via  server.py:115
                             LEAN_MCP_DISABLED_TOOLS                            
                    INFO     Disabled tool 'lean_declaration_file' server.py:115
                             via LEAN_MCP_DISABLED_TOOLS                        
                    INFO     Disabled tool                         server.py:115
                             'lean_diagnostic_messages' via                     
                             LEAN_MCP_DISABLED_TOOLS                            
                    INFO     Disabled tool 'lean_file_outline' via server.py:115
                             LEAN_MCP_DISABLED_TOOLS                            
                    INFO     Disabled tool                         server.py:115
                             'lean_get_widget_source' via                       
                             LEAN_MCP_DISABLED_TOOLS                            
                    INFO     Disabled tool 'lean_get_widgets' via  server.py:115
                             LEAN_MCP_DISABLED_TOOLS                            
                    INFO     Disabled tool 'lean_goal' via         server.py:115
                             LEAN_MCP_DISABLED_TOOLS                            
                    INFO     Disabled tool 'lean_hover_info' via   server.py:115
                             LEAN_MCP_DISABLED_TOOLS                            
                    INFO     Disabled tool 'lean_references' via   server.py:115
                             LEAN_MCP_DISABLED_TOOLS                            
                    INFO     Disabled tool 'lean_term_goal' via    server.py:115
                             LEAN_MCP_DISABLED_TOOLS                            
                    INFO     REPL enabled, using:                  server.py:322
                             /home/amirnabiyev/Conjecture_Prover/.              
                             lake/packages/repl/.lake/build/bin/re              
                             pl                                                 
                    INFO     REPL initialized: timeout=60s         server.py:325
                    INFO     Session ending — cleaning up          server.py:360
                             per-session resources                              
[08/26/26 16:33:07] INFO     Session ending — cleaning up          server.py:360
                             per-session resources                              
[08/26/26 16:33:10] INFO     Disabled tool 'lean_build' via        server.py:115
                             LEAN_MCP_DISABLED_TOOLS                            
                    INFO     Disabled tool 'lean_completions' via  server.py:115
                             LEAN_MCP_DISABLED_TOOLS                            
                    INFO     Disabled tool 'lean_declaration_file' server.py:115
                             via LEAN_MCP_DISABLED_TOOLS                        
                    INFO     Disabled tool                         server.py:115
                             'lean_diagnostic_messages' via                     
                             LEAN_MCP_DISABLED_TOOLS                            
                    INFO     Disabled tool 'lean_file_outline' via server.py:115
                             LEAN_MCP_DISABLED_TOOLS                            
                    INFO     Disabled tool                         server.py:115
                             'lean_get_widget_source' via                       
                             LEAN_MCP_DISABLED_TOOLS                            
                    INFO     Disabled tool 'lean_get_widgets' via  server.py:115
                             LEAN_MCP_DISABLED_TOOLS                            
                    INFO     Disabled tool 'lean_goal' via         server.py:115
                             LEAN_MCP_DISABLED_TOOLS                            
                    INFO     Disabled tool 'lean_hover_info' via   server.py:115
                             LEAN_MCP_DISABLED_TOOLS                            
                    INFO     Disabled tool 'lean_references' via   server.py:115
                             LEAN_MCP_DISABLED_TOOLS                            
                    INFO     Disabled tool 'lean_term_goal' via    server.py:115
                             LEAN_MCP_DISABLED_TOOLS                            
                    INFO     REPL enabled, using:                  server.py:322
                             /home/amirnabiyev/Conjecture_Prover/.              
                             lake/packages/repl/.lake/build/bin/re              
                             pl                                                 
                    INFO     REPL initialized: timeout=60s         server.py:325
                    INFO     Session ending — cleaning up          server.py:360
                             per-session resources                              
[08/26/26 16:33:10] INFO     Disabled tool 'lean_build' via        server.py:115
                             LEAN_MCP_DISABLED_TOOLS                            
                    INFO     Disabled tool 'lean_completions' via  server.py:115
                             LEAN_MCP_DISABLED_TOOLS                            
                    INFO     Disabled tool 'lean_declaration_file' server.py:115
                             via LEAN_MCP_DISABLED_TOOLS                        
                    INFO     Disabled tool                         server.py:115
                             'lean_diagnostic_messages' via                     
                             LEAN_MCP_DISABLED_TOOLS                            
                    INFO     Disabled tool 'lean_file_outline' via server.py:115
                             LEAN_MCP_DISABLED_TOOLS                            
                    INFO     Disabled tool                         server.py:115
                             'lean_get_widget_source' via                       
                             LEAN_MCP_DISABLED_TOOLS                            
                    INFO     Disabled tool 'lean_get_widgets' via  server.py:115
                             LEAN_MCP_DISABLED_TOOLS                            
                    INFO     Disabled tool 'lean_goal' via         server.py:115
                             LEAN_MCP_DISABLED_TOOLS                            
                    INFO     Disabled tool 'lean_hover_info' via   server.py:115
                             LEAN_MCP_DISABLED_TOOLS                            
                    INFO     Disabled tool 'lean_references' via   server.py:115
                             LEAN_MCP_DISABLED_TOOLS                            
                    INFO     Disabled tool 'lean_term_goal' via    server.py:115
                             LEAN_MCP_DISABLED_TOOLS                            
                    INFO     REPL enabled, using:                  server.py:322
                             /home/amirnabiyev/Conjecture_Prover/.              
                             lake/packages/repl/.lake/build/bin/re              
                             pl                                                 
                    INFO     REPL initialized: timeout=60s         server.py:325
                    INFO     Session ending — cleaning up          server.py:360
                             per-session resources                              
[08/26/26 16:33:12] INFO     Disabled tool 'lean_build' via        server.py:115
                             LEAN_MCP_DISABLED_TOOLS                            
                    INFO     Disabled tool 'lean_completions' via  server.py:115
                             LEAN_MCP_DISABLED_TOOLS                            
                    INFO     Disabled tool 'lean_declaration_file' server.py:115
                             via LEAN_MCP_DISABLED_TOOLS                        
                    INFO     Disabled tool                         server.py:115
                             'lean_diagnostic_messages' via                     
                             LEAN_MCP_DISABLED_TOOLS                            
                    INFO     Disabled tool 'lean_file_outline' via server.py:115
                             LEAN_MCP_DISABLED_TOOLS                            
                    INFO     Disabled tool                         server.py:115
                             'lean_get_widget_source' via                       
                             LEAN_MCP_DISABLED_TOOLS                            
                    INFO     Disabled tool 'lean_get_widgets' via  server.py:115
                             LEAN_MCP_DISABLED_TOOLS                            
                    INFO     Disabled tool 'lean_goal' via         server.py:115
                             LEAN_MCP_DISABLED_TOOLS                            
                    INFO     Disabled tool 'lean_hover_info' via   server.py:115
                             LEAN_MCP_DISABLED_TOOLS                            
                    INFO     Disabled tool 'lean_references' via   server.py:115
                             LEAN_MCP_DISABLED_TOOLS                            
                    INFO     Disabled tool 'lean_term_goal' via    server.py:115
                             LEAN_MCP_DISABLED_TOOLS                            
                    INFO     REPL enabled, using:                  server.py:322
                             /home/amirnabiyev/Conjecture_Prover/.              
                             lake/packages/repl/.lake/build/bin/re              
                             pl                                                 
                    INFO     REPL initialized: timeout=60s         server.py:325
[08/26/26 16:33:12] INFO     Disabled tool 'lean_build' via        server.py:115
                             LEAN_MCP_DISABLED_TOOLS                            
                    INFO     Disabled tool 'lean_completions' via  server.py:115
                             LEAN_MCP_DISABLED_TOOLS                            
                    INFO     Disabled tool 'lean_declaration_file' server.py:115
                             via LEAN_MCP_DISABLED_TOOLS                        
                    INFO     Disabled tool                         server.py:115
                             'lean_diagnostic_messages' via                     
                             LEAN_MCP_DISABLED_TOOLS                            
                    INFO     Disabled tool 'lean_file_outline' via server.py:115
                             LEAN_MCP_DISABLED_TOOLS                            
                    INFO     Disabled tool                         server.py:115
                             'lean_get_widget_source' via                       
                             LEAN_MCP_DISABLED_TOOLS                            
                    INFO     Disabled tool 'lean_get_widgets' via  server.py:115
                             LEAN_MCP_DISABLED_TOOLS                            
                    INFO     Disabled tool 'lean_goal' via         server.py:115
                             LEAN_MCP_DISABLED_TOOLS                            
                    INFO     Disabled tool 'lean_hover_info' via   server.py:115
                             LEAN_MCP_DISABLED_TOOLS                            
                    INFO     Disabled tool 'lean_references' via   server.py:115
                             LEAN_MCP_DISABLED_TOOLS                            
                    INFO     Disabled tool 'lean_term_goal' via    server.py:115
                             LEAN_MCP_DISABLED_TOOLS                            
                    INFO     REPL enabled, using:                  server.py:322
                             /home/amirnabiyev/Conjecture_Prover/.              
                             lake/packages/repl/.lake/build/bin/re              
                             pl                                                 
                    INFO     REPL initialized: timeout=60s         server.py:325
                    INFO     Session ending — cleaning up          server.py:360
                             per-session resources                              
[08/26/26 16:33:13] INFO     Session ending — cleaning up          server.py:360
                             per-session resources                              
[08/26/26 16:33:16] INFO     Disabled tool 'lean_build' via        server.py:115
                             LEAN_MCP_DISABLED_TOOLS                            
                    INFO     Disabled tool 'lean_completions' via  server.py:115
                             LEAN_MCP_DISABLED_TOOLS                            
                    INFO     Disabled tool 'lean_declaration_file' server.py:115
                             via LEAN_MCP_DISABLED_TOOLS                        
                    INFO     Disabled tool                         server.py:115
                             'lean_diagnostic_messages' via                     
                             LEAN_MCP_DISABLED_TOOLS                            
                    INFO     Disabled tool 'lean_file_outline' via server.py:115
                             LEAN_MCP_DISABLED_TOOLS                            
                    INFO     Disabled tool                         server.py:115
                             'lean_get_widget_source' via                       
                             LEAN_MCP_DISABLED_TOOLS                            
                    INFO     Disabled tool 'lean_get_widgets' via  server.py:115
                             LEAN_MCP_DISABLED_TOOLS                            
                    INFO     Disabled tool 'lean_goal' via         server.py:115
                             LEAN_MCP_DISABLED_TOOLS                            
                    INFO     Disabled tool 'lean_hover_info' via   server.py:115
                             LEAN_MCP_DISABLED_TOOLS                            
                    INFO     Disabled tool 'lean_references' via   server.py:115
                             LEAN_MCP_DISABLED_TOOLS                            
                    INFO     Disabled tool 'lean_term_goal' via    server.py:115
                             LEAN_MCP_DISABLED_TOOLS                            
                    INFO     REPL enabled, using:                  server.py:322
                             /home/amirnabiyev/Conjecture_Prover/.              
                             lake/packages/repl/.lake/build/bin/re              
                             pl                                                 
                    INFO     REPL initialized: timeout=60s         server.py:325
                    INFO     Session ending — cleaning up          server.py:360
                             per-session resources                              
[08/26/26 16:33:18] INFO     Disabled tool 'lean_build' via        server.py:115
                             LEAN_MCP_DISABLED_TOOLS                            
                    INFO     Disabled tool 'lean_completions' via  server.py:115
                             LEAN_MCP_DISABLED_TOOLS                            
                    INFO     Disabled tool 'lean_declaration_file' server.py:115
                             via LEAN_MCP_DISABLED_TOOLS                        
                    INFO     Disabled tool                         server.py:115
                             'lean_diagnostic_messages' via                     
                             LEAN_MCP_DISABLED_TOOLS                            
                    INFO     Disabled tool 'lean_file_outline' via server.py:115
                             LEAN_MCP_DISABLED_TOOLS                            
                    INFO     Disabled tool                         server.py:115
                             'lean_get_widget_source' via                       
                             LEAN_MCP_DISABLED_TOOLS                            
                    INFO     Disabled tool 'lean_get_widgets' via  server.py:115
                             LEAN_MCP_DISABLED_TOOLS                            
                    INFO     Disabled tool 'lean_goal' via         server.py:115
                             LEAN_MCP_DISABLED_TOOLS                            
                    INFO     Disabled tool 'lean_hover_info' via   server.py:115
                             LEAN_MCP_DISABLED_TOOLS                            
                    INFO     Disabled tool 'lean_references' via   server.py:115
                             LEAN_MCP_DISABLED_TOOLS                            
                    INFO     Disabled tool 'lean_term_goal' via    server.py:115
                             LEAN_MCP_DISABLED_TOOLS                            
                    INFO     REPL enabled, using:                  server.py:322
                             /home/amirnabiyev/Conjecture_Prover/.              
                             lake/packages/repl/.lake/build/bin/re              
                             pl                                                 
                    INFO     REPL initialized: timeout=60s         server.py:325
[08/26/26 16:33:18] INFO     Disabled tool 'lean_build' via        server.py:115
                             LEAN_MCP_DISABLED_TOOLS                            
                    INFO     Disabled tool 'lean_completions' via  server.py:115
                             LEAN_MCP_DISABLED_TOOLS                            
                    INFO     Disabled tool 'lean_declaration_file' server.py:115
                             via LEAN_MCP_DISABLED_TOOLS                        
                    INFO     Disabled tool                         server.py:115
                             'lean_diagnostic_messages' via                     
                             LEAN_MCP_DISABLED_TOOLS                            
                    INFO     Disabled tool 'lean_file_outline' via server.py:115
                             LEAN_MCP_DISABLED_TOOLS                            
                    INFO     Disabled tool                         server.py:115
                             'lean_get_widget_source' via                       
                             LEAN_MCP_DISABLED_TOOLS                            
                    INFO     Disabled tool 'lean_get_widgets' via  server.py:115
                             LEAN_MCP_DISABLED_TOOLS                            
                    INFO     Disabled tool 'lean_goal' via         server.py:115
                             LEAN_MCP_DISABLED_TOOLS                            
                    INFO     Disabled tool 'lean_hover_info' via   server.py:115
                             LEAN_MCP_DISABLED_TOOLS                            
                    INFO     Disabled tool 'lean_references' via   server.py:115
                             LEAN_MCP_DISABLED_TOOLS                            
                    INFO     Disabled tool 'lean_term_goal' via    server.py:115
                             LEAN_MCP_DISABLED_TOOLS                            
                    INFO     REPL enabled, using:                  server.py:322
                             /home/amirnabiyev/Conjecture_Prover/.              
                             lake/packages/repl/.lake/build/bin/re              
                             pl                                                 
                    INFO     REPL initialized: timeout=60s         server.py:325
                    INFO     Session ending — cleaning up          server.py:360
                             per-session resources                              
[08/26/26 16:33:21] INFO     Session ending — cleaning up          server.py:360
                             per-session resources                              
[08/26/26 16:33:22] INFO     Disabled tool 'lean_build' via        server.py:115
                             LEAN_MCP_DISABLED_TOOLS                            
                    INFO     Disabled tool 'lean_completions' via  server.py:115
                             LEAN_MCP_DISABLED_TOOLS                            
                    INFO     Disabled tool 'lean_declaration_file' server.py:115
                             via LEAN_MCP_DISABLED_TOOLS                        
                    INFO     Disabled tool                         server.py:115
                             'lean_diagnostic_messages' via                     
                             LEAN_MCP_DISABLED_TOOLS                            
                    INFO     Disabled tool 'lean_file_outline' via server.py:115
                             LEAN_MCP_DISABLED_TOOLS                            
                    INFO     Disabled tool                         server.py:115
                             'lean_get_widget_source' via                       
                             LEAN_MCP_DISABLED_TOOLS                            
                    INFO     Disabled tool 'lean_get_widgets' via  server.py:115
                             LEAN_MCP_DISABLED_TOOLS                            
                    INFO     Disabled tool 'lean_goal' via         server.py:115
                             LEAN_MCP_DISABLED_TOOLS                            
                    INFO     Disabled tool 'lean_hover_info' via   server.py:115
                             LEAN_MCP_DISABLED_TOOLS                            
                    INFO     Disabled tool 'lean_references' via   server.py:115
                             LEAN_MCP_DISABLED_TOOLS                            
                    INFO     Disabled tool 'lean_term_goal' via    server.py:115
                             LEAN_MCP_DISABLED_TOOLS                            
                    INFO     REPL enabled, using:                  server.py:322
                             /home/amirnabiyev/Conjecture_Prover/.              
                             lake/packages/repl/.lake/build/bin/re              
                             pl                                                 
                    INFO     REPL initialized: timeout=60s         server.py:325
[08/26/26 16:33:25] INFO     Session ending — cleaning up          server.py:360
                             per-session resources                              
[08/26/26 16:33:25] INFO     Disabled tool 'lean_build' via        server.py:115
                             LEAN_MCP_DISABLED_TOOLS                            
                    INFO     Disabled tool 'lean_completions' via  server.py:115
                             LEAN_MCP_DISABLED_TOOLS                            
                    INFO     Disabled tool 'lean_declaration_file' server.py:115
                             via LEAN_MCP_DISABLED_TOOLS                        
                    INFO     Disabled tool                         server.py:115
                             'lean_diagnostic_messages' via                     
                             LEAN_MCP_DISABLED_TOOLS                            
                    INFO     Disabled tool 'lean_file_outline' via server.py:115
                             LEAN_MCP_DISABLED_TOOLS                            
                    INFO     Disabled tool                         server.py:115
                             'lean_get_widget_source' via                       
                             LEAN_MCP_DISABLED_TOOLS                            
                    INFO     Disabled tool 'lean_get_widgets' via  server.py:115
                             LEAN_MCP_DISABLED_TOOLS                            
                    INFO     Disabled tool 'lean_goal' via         server.py:115
                             LEAN_MCP_DISABLED_TOOLS                            
                    INFO     Disabled tool 'lean_hover_info' via   server.py:115
                             LEAN_MCP_DISABLED_TOOLS                            
                    INFO     Disabled tool 'lean_references' via   server.py:115
                             LEAN_MCP_DISABLED_TOOLS                            
                    INFO     Disabled tool 'lean_term_goal' via    server.py:115
                             LEAN_MCP_DISABLED_TOOLS                            
                    INFO     REPL enabled, using:                  server.py:322
                             /home/amirnabiyev/Conjecture_Prover/.              
                             lake/packages/repl/.lake/build/bin/re              
                             pl                                                 
                    INFO     REPL initialized: timeout=60s         server.py:325
[08/26/26 16:33:27] INFO     Session ending — cleaning up          server.py:360
                             per-session resources                              
[08/26/26 16:33:29] INFO     Disabled tool 'lean_build' via        server.py:115
                             LEAN_MCP_DISABLED_TOOLS                            
                    INFO     Disabled tool 'lean_completions' via  server.py:115
                             LEAN_MCP_DISABLED_TOOLS                            
                    INFO     Disabled tool 'lean_declaration_file' server.py:115
                             via LEAN_MCP_DISABLED_TOOLS                        
                    INFO     Disabled tool                         server.py:115
                             'lean_diagnostic_messages' via                     
                             LEAN_MCP_DISABLED_TOOLS                            
                    INFO     Disabled tool 'lean_file_outline' via server.py:115
                             LEAN_MCP_DISABLED_TOOLS                            
                    INFO     Disabled tool                         server.py:115
                             'lean_get_widget_source' via                       
                             LEAN_MCP_DISABLED_TOOLS                            
                    INFO     Disabled tool 'lean_get_widgets' via  server.py:115
                             LEAN_MCP_DISABLED_TOOLS                            
                    INFO     Disabled tool 'lean_goal' via         server.py:115
                             LEAN_MCP_DISABLED_TOOLS                            
                    INFO     Disabled tool 'lean_hover_info' via   server.py:115
                             LEAN_MCP_DISABLED_TOOLS                            
                    INFO     Disabled tool 'lean_references' via   server.py:115
                             LEAN_MCP_DISABLED_TOOLS                            
                    INFO     Disabled tool 'lean_term_goal' via    server.py:115
                             LEAN_MCP_DISABLED_TOOLS                            
                    INFO     REPL enabled, using:                  server.py:322
                             /home/amirnabiyev/Conjecture_Prover/.              
                             lake/packages/repl/.lake/build/bin/re              
                             pl                                                 
                    INFO     REPL initialized: timeout=60s         server.py:325
[08/26/26 16:33:30] INFO     Session ending — cleaning up          server.py:360
                             per-session resources                              
[08/26/26 16:33:31] INFO     Disabled tool 'lean_build' via        server.py:115
                             LEAN_MCP_DISABLED_TOOLS                            
                    INFO     Disabled tool 'lean_completions' via  server.py:115
                             LEAN_MCP_DISABLED_TOOLS                            
                    INFO     Disabled tool 'lean_declaration_file' server.py:115
                             via LEAN_MCP_DISABLED_TOOLS                        
                    INFO     Disabled tool                         server.py:115
                             'lean_diagnostic_messages' via                     
                             LEAN_MCP_DISABLED_TOOLS                            
                    INFO     Disabled tool 'lean_file_outline' via server.py:115
                             LEAN_MCP_DISABLED_TOOLS                            
                    INFO     Disabled tool                         server.py:115
                             'lean_get_widget_source' via                       
                             LEAN_MCP_DISABLED_TOOLS                            
                    INFO     Disabled tool 'lean_get_widgets' via  server.py:115
                             LEAN_MCP_DISABLED_TOOLS                            
                    INFO     Disabled tool 'lean_goal' via         server.py:115
                             LEAN_MCP_DISABLED_TOOLS                            
                    INFO     Disabled tool 'lean_hover_info' via   server.py:115
                             LEAN_MCP_DISABLED_TOOLS                            
                    INFO     Disabled tool 'lean_references' via   server.py:115
                             LEAN_MCP_DISABLED_TOOLS                            
                    INFO     Disabled tool 'lean_term_goal' via    server.py:115
                             LEAN_MCP_DISABLED_TOOLS                            
                    INFO     REPL enabled, using:                  server.py:322
                             /home/amirnabiyev/Conjecture_Prover/.              
                             lake/packages/repl/.lake/build/bin/re              
                             pl                                                 
                    INFO     REPL initialized: timeout=60s         server.py:325
[08/26/26 16:33:33] INFO     Disabled tool 'lean_build' via        server.py:115
                             LEAN_MCP_DISABLED_TOOLS                            
                    INFO     Disabled tool 'lean_completions' via  server.py:115
                             LEAN_MCP_DISABLED_TOOLS                            
                    INFO     Disabled tool 'lean_declaration_file' server.py:115
                             via LEAN_MCP_DISABLED_TOOLS                        
                    INFO     Disabled tool                         server.py:115
                             'lean_diagnostic_messages' via                     
                             LEAN_MCP_DISABLED_TOOLS                            
                    INFO     Disabled tool 'lean_file_outline' via server.py:115
                             LEAN_MCP_DISABLED_TOOLS                            
                    INFO     Disabled tool                         server.py:115
                             'lean_get_widget_source' via                       
                             LEAN_MCP_DISABLED_TOOLS                            
                    INFO     Disabled tool 'lean_get_widgets' via  server.py:115
                             LEAN_MCP_DISABLED_TOOLS                            
                    INFO     Disabled tool 'lean_goal' via         server.py:115
                             LEAN_MCP_DISABLED_TOOLS                            
                    INFO     Disabled tool 'lean_hover_info' via   server.py:115
                             LEAN_MCP_DISABLED_TOOLS                            
                    INFO     Disabled tool 'lean_references' via   server.py:115
                             LEAN_MCP_DISABLED_TOOLS                            
                    INFO     Disabled tool 'lean_term_goal' via    server.py:115
                             LEAN_MCP_DISABLED_TOOLS                            
                    INFO     REPL enabled, using:                  server.py:322
                             /home/amirnabiyev/Conjecture_Prover/.              
                             lake/packages/repl/.lake/build/bin/re              
                             pl                                                 
                    INFO     REPL initialized: timeout=60s         server.py:325
[08/26/26 16:33:34] INFO     Session ending — cleaning up          server.py:360
                             per-session resources                              
[08/26/26 16:33:34] INFO     Disabled tool 'lean_build' via        server.py:115
                             LEAN_MCP_DISABLED_TOOLS                            
                    INFO     Disabled tool 'lean_completions' via  server.py:115
                             LEAN_MCP_DISABLED_TOOLS                            
                    INFO     Disabled tool 'lean_declaration_file' server.py:115
                             via LEAN_MCP_DISABLED_TOOLS                        
                    INFO     Disabled tool                         server.py:115
                             'lean_diagnostic_messages' via                     
                             LEAN_MCP_DISABLED_TOOLS                            
                    INFO     Disabled tool 'lean_file_outline' via server.py:115
                             LEAN_MCP_DISABLED_TOOLS                            
                    INFO     Disabled tool                         server.py:115
                             'lean_get_widget_source' via                       
                             LEAN_MCP_DISABLED_TOOLS                            
                    INFO     Disabled tool 'lean_get_widgets' via  server.py:115
                             LEAN_MCP_DISABLED_TOOLS                            
                    INFO     Disabled tool 'lean_goal' via         server.py:115
                             LEAN_MCP_DISABLED_TOOLS                            
                    INFO     Disabled tool 'lean_hover_info' via   server.py:115
                             LEAN_MCP_DISABLED_TOOLS                            
                    INFO     Disabled tool 'lean_references' via   server.py:115
                             LEAN_MCP_DISABLED_TOOLS                            
                    INFO     Disabled tool 'lean_term_goal' via    server.py:115
                             LEAN_MCP_DISABLED_TOOLS                            
                    INFO     REPL enabled, using:                  server.py:322
                             /home/amirnabiyev/Conjecture_Prover/.              
                             lake/packages/repl/.lake/build/bin/re              
                             pl                                                 
                    INFO     REPL initialized: timeout=60s         server.py:325
[08/26/26 16:33:35] INFO     Disabled tool 'lean_build' via        server.py:115
                             LEAN_MCP_DISABLED_TOOLS                            
                    INFO     Disabled tool 'lean_completions' via  server.py:115
                             LEAN_MCP_DISABLED_TOOLS                            
                    INFO     Disabled tool 'lean_declaration_file' server.py:115
                             via LEAN_MCP_DISABLED_TOOLS                        
                    INFO     Disabled tool                         server.py:115
                             'lean_diagnostic_messages' via                     
                             LEAN_MCP_DISABLED_TOOLS                            
                    INFO     Disabled tool 'lean_file_outline' via server.py:115
                             LEAN_MCP_DISABLED_TOOLS                            
                    INFO     Disabled tool                         server.py:115
                             'lean_get_widget_source' via                       
                             LEAN_MCP_DISABLED_TOOLS                            
                    INFO     Disabled tool 'lean_get_widgets' via  server.py:115
                             LEAN_MCP_DISABLED_TOOLS                            
                    INFO     Disabled tool 'lean_goal' via         server.py:115
                             LEAN_MCP_DISABLED_TOOLS                            
                    INFO     Disabled tool 'lean_hover_info' via   server.py:115
                             LEAN_MCP_DISABLED_TOOLS                            
                    INFO     Disabled tool 'lean_references' via   server.py:115
                             LEAN_MCP_DISABLED_TOOLS                            
                    INFO     Disabled tool 'lean_term_goal' via    server.py:115
                             LEAN_MCP_DISABLED_TOOLS                            
                    INFO     REPL enabled, using:                  server.py:322
                             /home/amirnabiyev/Conjecture_Prover/.              
                             lake/packages/repl/.lake/build/bin/re              
                             pl                                                 
                    INFO     REPL initialized: timeout=60s         server.py:325
[08/26/26 16:33:36] INFO     Session ending — cleaning up          server.py:360
                             per-session resources                              
[08/26/26 16:33:37] INFO     Session ending — cleaning up          server.py:360
                             per-session resources                              
[08/26/26 16:33:38] INFO     Session ending — cleaning up          server.py:360
                             per-session resources                              
[08/26/26 16:33:40] INFO     Disabled tool 'lean_build' via        server.py:115
                             LEAN_MCP_DISABLED_TOOLS                            
                    INFO     Disabled tool 'lean_completions' via  server.py:115
                             LEAN_MCP_DISABLED_TOOLS                            
                    INFO     Disabled tool 'lean_declaration_file' server.py:115
                             via LEAN_MCP_DISABLED_TOOLS                        
                    INFO     Disabled tool                         server.py:115
                             'lean_diagnostic_messages' via                     
                             LEAN_MCP_DISABLED_TOOLS                            
                    INFO     Disabled tool 'lean_file_outline' via server.py:115
                             LEAN_MCP_DISABLED_TOOLS                            
                    INFO     Disabled tool                         server.py:115
                             'lean_get_widget_source' via                       
                             LEAN_MCP_DISABLED_TOOLS                            
                    INFO     Disabled tool 'lean_get_widgets' via  server.py:115
                             LEAN_MCP_DISABLED_TOOLS                            
                    INFO     Disabled tool 'lean_goal' via         server.py:115
                             LEAN_MCP_DISABLED_TOOLS                            
                    INFO     Disabled tool 'lean_hover_info' via   server.py:115
                             LEAN_MCP_DISABLED_TOOLS                            
                    INFO     Disabled tool 'lean_references' via   server.py:115
                             LEAN_MCP_DISABLED_TOOLS                            
                    INFO     Disabled tool 'lean_term_goal' via    server.py:115
                             LEAN_MCP_DISABLED_TOOLS                            
                    INFO     REPL enabled, using:                  server.py:322
                             /home/amirnabiyev/Conjecture_Prover/.              
                             lake/packages/repl/.lake/build/bin/re              
                             pl                                                 
                    INFO     REPL initialized: timeout=60s         server.py:325
                    INFO     Session ending — cleaning up          server.py:360
                             per-session resources                              
[08/26/26 16:33:41] INFO     Disabled tool 'lean_build' via        server.py:115
                             LEAN_MCP_DISABLED_TOOLS                            
                    INFO     Disabled tool 'lean_completions' via  server.py:115
                             LEAN_MCP_DISABLED_TOOLS                            
                    INFO     Disabled tool 'lean_declaration_file' server.py:115
                             via LEAN_MCP_DISABLED_TOOLS                        
                    INFO     Disabled tool                         server.py:115
                             'lean_diagnostic_messages' via                     
                             LEAN_MCP_DISABLED_TOOLS                            
                    INFO     Disabled tool 'lean_file_outline' via server.py:115
                             LEAN_MCP_DISABLED_TOOLS                            
                    INFO     Disabled tool                         server.py:115
                             'lean_get_widget_source' via                       
                             LEAN_MCP_DISABLED_TOOLS                            
                    INFO     Disabled tool 'lean_get_widgets' via  server.py:115
                             LEAN_MCP_DISABLED_TOOLS                            
                    INFO     Disabled tool 'lean_goal' via         server.py:115
                             LEAN_MCP_DISABLED_TOOLS                            
                    INFO     Disabled tool 'lean_hover_info' via   server.py:115
                             LEAN_MCP_DISABLED_TOOLS                            
                    INFO     Disabled tool 'lean_references' via   server.py:115
                             LEAN_MCP_DISABLED_TOOLS                            
                    INFO     Disabled tool 'lean_term_goal' via    server.py:115
                             LEAN_MCP_DISABLED_TOOLS                            
                    INFO     REPL enabled, using:                  server.py:322
                             /home/amirnabiyev/Conjecture_Prover/.              
                             lake/packages/repl/.lake/build/bin/re              
                             pl                                                 
                    INFO     REPL initialized: timeout=60s         server.py:325
[08/26/26 16:33:42] INFO     Session ending — cleaning up          server.py:360
                             per-session resources                              
[08/26/26 16:33:44] INFO     Disabled tool 'lean_build' via        server.py:115
                             LEAN_MCP_DISABLED_TOOLS                            
                    INFO     Disabled tool 'lean_completions' via  server.py:115
                             LEAN_MCP_DISABLED_TOOLS                            
                    INFO     Disabled tool 'lean_declaration_file' server.py:115
                             via LEAN_MCP_DISABLED_TOOLS                        
                    INFO     Disabled tool                         server.py:115
                             'lean_diagnostic_messages' via                     
                             LEAN_MCP_DISABLED_TOOLS                            
                    INFO     Disabled tool 'lean_file_outline' via server.py:115
                             LEAN_MCP_DISABLED_TOOLS                            
                    INFO     Disabled tool                         server.py:115
                             'lean_get_widget_source' via                       
                             LEAN_MCP_DISABLED_TOOLS                            
                    INFO     Disabled tool 'lean_get_widgets' via  server.py:115
                             LEAN_MCP_DISABLED_TOOLS                            
                    INFO     Disabled tool 'lean_goal' via         server.py:115
                             LEAN_MCP_DISABLED_TOOLS                            
                    INFO     Disabled tool 'lean_hover_info' via   server.py:115
                             LEAN_MCP_DISABLED_TOOLS                            
                    INFO     Disabled tool 'lean_references' via   server.py:115
                             LEAN_MCP_DISABLED_TOOLS                            
                    INFO     Disabled tool 'lean_term_goal' via    server.py:115
                             LEAN_MCP_DISABLED_TOOLS                            
                    INFO     REPL enabled, using:                  server.py:322
                             /home/amirnabiyev/Conjecture_Prover/.              
                             lake/packages/repl/.lake/build/bin/re              
                             pl                                                 
                    INFO     REPL initialized: timeout=60s         server.py:325
[08/26/26 16:33:44] INFO     Disabled tool 'lean_build' via        server.py:115
                             LEAN_MCP_DISABLED_TOOLS                            
                    INFO     Disabled tool 'lean_completions' via  server.py:115
                             LEAN_MCP_DISABLED_TOOLS                            
                    INFO     Disabled tool 'lean_declaration_file' server.py:115
                             via LEAN_MCP_DISABLED_TOOLS                        
                    INFO     Disabled tool                         server.py:115
                             'lean_diagnostic_messages' via                     
                             LEAN_MCP_DISABLED_TOOLS                            
                    INFO     Disabled tool 'lean_file_outline' via server.py:115
                             LEAN_MCP_DISABLED_TOOLS                            
                    INFO     Disabled tool                         server.py:115
                             'lean_get_widget_source' via                       
                             LEAN_MCP_DISABLED_TOOLS                            
                    INFO     Disabled tool 'lean_get_widgets' via  server.py:115
                             LEAN_MCP_DISABLED_TOOLS                            
                    INFO     Disabled tool 'lean_goal' via         server.py:115
                             LEAN_MCP_DISABLED_TOOLS                            
                    INFO     Disabled tool 'lean_hover_info' via   server.py:115
                             LEAN_MCP_DISABLED_TOOLS                            
                    INFO     Disabled tool 'lean_references' via   server.py:115
                             LEAN_MCP_DISABLED_TOOLS                            
                    INFO     Disabled tool 'lean_term_goal' via    server.py:115
                             LEAN_MCP_DISABLED_TOOLS                            
                    INFO     REPL enabled, using:                  server.py:322
                             /home/amirnabiyev/Conjecture_Prover/.              
                             lake/packages/repl/.lake/build/bin/re              
                             pl                                                 
                    INFO     REPL initialized: timeout=60s         server.py:325
                    INFO     Session ending — cleaning up          server.py:360
                             per-session resources                              
[08/26/26 16:33:45] INFO     Disabled tool 'lean_build' via        server.py:115
                             LEAN_MCP_DISABLED_TOOLS                            
                    INFO     Disabled tool 'lean_completions' via  server.py:115
                             LEAN_MCP_DISABLED_TOOLS                            
                    INFO     Disabled tool 'lean_declaration_file' server.py:115
                             via LEAN_MCP_DISABLED_TOOLS                        
                    INFO     Disabled tool                         server.py:115
                             'lean_diagnostic_messages' via                     
                             LEAN_MCP_DISABLED_TOOLS                            
                    INFO     Disabled tool 'lean_file_outline' via server.py:115
                             LEAN_MCP_DISABLED_TOOLS                            
                    INFO     Disabled tool                         server.py:115
                             'lean_get_widget_source' via                       
                             LEAN_MCP_DISABLED_TOOLS                            
                    INFO     Disabled tool 'lean_get_widgets' via  server.py:115
                             LEAN_MCP_DISABLED_TOOLS                            
                    INFO     Disabled tool 'lean_goal' via         server.py:115
                             LEAN_MCP_DISABLED_TOOLS                            
                    INFO     Disabled tool 'lean_hover_info' via   server.py:115
                             LEAN_MCP_DISABLED_TOOLS                            
                    INFO     Disabled tool 'lean_references' via   server.py:115
                             LEAN_MCP_DISABLED_TOOLS                            
                    INFO     Disabled tool 'lean_term_goal' via    server.py:115
                             LEAN_MCP_DISABLED_TOOLS                            
                    INFO     REPL enabled, using:                  server.py:322
                             /home/amirnabiyev/Conjecture_Prover/.              
                             lake/packages/repl/.lake/build/bin/re              
                             pl                                                 
                    INFO     REPL initialized: timeout=60s         server.py:325
                    INFO     Session ending — cleaning up          server.py:360
                             per-session resources                              
[08/26/26 16:33:46] INFO     Session ending — cleaning up          server.py:360
                             per-session resources                              
[08/26/26 16:33:50] INFO     Disabled tool 'lean_build' via        server.py:115
                             LEAN_MCP_DISABLED_TOOLS                            
                    INFO     Disabled tool 'lean_completions' via  server.py:115
                             LEAN_MCP_DISABLED_TOOLS                            
                    INFO     Disabled tool 'lean_declaration_file' server.py:115
                             via LEAN_MCP_DISABLED_TOOLS                        
                    INFO     Disabled tool                         server.py:115
                             'lean_diagnostic_messages' via                     
                             LEAN_MCP_DISABLED_TOOLS                            
                    INFO     Disabled tool 'lean_file_outline' via server.py:115
                             LEAN_MCP_DISABLED_TOOLS                            
                    INFO     Disabled tool                         server.py:115
                             'lean_get_widget_source' via                       
                             LEAN_MCP_DISABLED_TOOLS                            
                    INFO     Disabled tool 'lean_get_widgets' via  server.py:115
                             LEAN_MCP_DISABLED_TOOLS                            
                    INFO     Disabled tool 'lean_goal' via         server.py:115
                             LEAN_MCP_DISABLED_TOOLS                            
                    INFO     Disabled tool 'lean_hover_info' via   server.py:115
                             LEAN_MCP_DISABLED_TOOLS                            
                    INFO     Disabled tool 'lean_references' via   server.py:115
                             LEAN_MCP_DISABLED_TOOLS                            
                    INFO     Disabled tool 'lean_term_goal' via    server.py:115
                             LEAN_MCP_DISABLED_TOOLS                            
                    INFO     REPL enabled, using:                  server.py:322
                             /home/amirnabiyev/Conjecture_Prover/.              
                             lake/packages/repl/.lake/build/bin/re              
                             pl                                                 
                    INFO     REPL initialized: timeout=60s         server.py:325
[08/26/26 16:33:52] INFO     Session ending — cleaning up          server.py:360
                             per-session resources                              
[08/26/26 16:33:53] INFO     Disabled tool 'lean_build' via        server.py:115
                             LEAN_MCP_DISABLED_TOOLS                            
                    INFO     Disabled tool 'lean_completions' via  server.py:115
                             LEAN_MCP_DISABLED_TOOLS                            
                    INFO     Disabled tool 'lean_declaration_file' server.py:115
                             via LEAN_MCP_DISABLED_TOOLS                        
                    INFO     Disabled tool                         server.py:115
                             'lean_diagnostic_messages' via                     
                             LEAN_MCP_DISABLED_TOOLS                            
                    INFO     Disabled tool 'lean_file_outline' via server.py:115
                             LEAN_MCP_DISABLED_TOOLS                            
                    INFO     Disabled tool                         server.py:115
                             'lean_get_widget_source' via                       
                             LEAN_MCP_DISABLED_TOOLS                            
                    INFO     Disabled tool 'lean_get_widgets' via  server.py:115
                             LEAN_MCP_DISABLED_TOOLS                            
                    INFO     Disabled tool 'lean_goal' via         server.py:115
                             LEAN_MCP_DISABLED_TOOLS                            
                    INFO     Disabled tool 'lean_hover_info' via   server.py:115
                             LEAN_MCP_DISABLED_TOOLS                            
                    INFO     Disabled tool 'lean_references' via   server.py:115
                             LEAN_MCP_DISABLED_TOOLS                            
                    INFO     Disabled tool 'lean_term_goal' via    server.py:115
                             LEAN_MCP_DISABLED_TOOLS                            
                    INFO     REPL enabled, using:                  server.py:322
                             /home/amirnabiyev/Conjecture_Prover/.              
                             lake/packages/repl/.lake/build/bin/re              
                             pl                                                 
                    INFO     REPL initialized: timeout=60s         server.py:325
[08/26/26 16:33:54] INFO     Disabled tool 'lean_build' via        server.py:115
                             LEAN_MCP_DISABLED_TOOLS                            
                    INFO     Disabled tool 'lean_completions' via  server.py:115
                             LEAN_MCP_DISABLED_TOOLS                            
                    INFO     Disabled tool 'lean_declaration_file' server.py:115
                             via LEAN_MCP_DISABLED_TOOLS                        
                    INFO     Disabled tool                         server.py:115
                             'lean_diagnostic_messages' via                     
                             LEAN_MCP_DISABLED_TOOLS                            
                    INFO     Disabled tool 'lean_file_outline' via server.py:115
                             LEAN_MCP_DISABLED_TOOLS                            
                    INFO     Disabled tool                         server.py:115
                             'lean_get_widget_source' via                       
                             LEAN_MCP_DISABLED_TOOLS                            
                    INFO     Disabled tool 'lean_get_widgets' via  server.py:115
                             LEAN_MCP_DISABLED_TOOLS                            
                    INFO     Disabled tool 'lean_goal' via         server.py:115
                             LEAN_MCP_DISABLED_TOOLS                            
                    INFO     Disabled tool 'lean_hover_info' via   server.py:115
                             LEAN_MCP_DISABLED_TOOLS                            
                    INFO     Disabled tool 'lean_references' via   server.py:115
                             LEAN_MCP_DISABLED_TOOLS                            
                    INFO     Disabled tool 'lean_term_goal' via    server.py:115
                             LEAN_MCP_DISABLED_TOOLS                            
                    INFO     REPL enabled, using:                  server.py:322
                             /home/amirnabiyev/Conjecture_Prover/.              
                             lake/packages/repl/.lake/build/bin/re              
                             pl                                                 
                    INFO     REPL initialized: timeout=60s         server.py:325
                    INFO     Session ending — cleaning up          server.py:360
                             per-session resources                              
[08/26/26 16:33:55] INFO     Session ending — cleaning up          server.py:360
                             per-session resources                              
[08/26/26 16:33:56] INFO     Disabled tool 'lean_build' via        server.py:115
                             LEAN_MCP_DISABLED_TOOLS                            
                    INFO     Disabled tool 'lean_completions' via  server.py:115
                             LEAN_MCP_DISABLED_TOOLS                            
                    INFO     Disabled tool 'lean_declaration_file' server.py:115
                             via LEAN_MCP_DISABLED_TOOLS                        
                    INFO     Disabled tool                         server.py:115
                             'lean_diagnostic_messages' via                     
                             LEAN_MCP_DISABLED_TOOLS                            
                    INFO     Disabled tool 'lean_file_outline' via server.py:115
                             LEAN_MCP_DISABLED_TOOLS                            
                    INFO     Disabled tool                         server.py:115
                             'lean_get_widget_source' via                       
                             LEAN_MCP_DISABLED_TOOLS                            
                    INFO     Disabled tool 'lean_get_widgets' via  server.py:115
                             LEAN_MCP_DISABLED_TOOLS                            
                    INFO     Disabled tool 'lean_goal' via         server.py:115
                             LEAN_MCP_DISABLED_TOOLS                            
                    INFO     Disabled tool 'lean_hover_info' via   server.py:115
                             LEAN_MCP_DISABLED_TOOLS                            
                    INFO     Disabled tool 'lean_references' via   server.py:115
                             LEAN_MCP_DISABLED_TOOLS                            
                    INFO     Disabled tool 'lean_term_goal' via    server.py:115
                             LEAN_MCP_DISABLED_TOOLS                            
                    INFO     REPL enabled, using:                  server.py:322
                             /home/amirnabiyev/Conjecture_Prover/.              
                             lake/packages/repl/.lake/build/bin/re              
                             pl                                                 
                    INFO     REPL initialized: timeout=60s         server.py:325
[08/26/26 16:33:56] INFO     Disabled tool 'lean_build' via        server.py:115
                             LEAN_MCP_DISABLED_TOOLS                            
                    INFO     Disabled tool 'lean_completions' via  server.py:115
                             LEAN_MCP_DISABLED_TOOLS                            
                    INFO     Disabled tool 'lean_declaration_file' server.py:115
                             via LEAN_MCP_DISABLED_TOOLS                        
                    INFO     Disabled tool                         server.py:115
                             'lean_diagnostic_messages' via                     
                             LEAN_MCP_DISABLED_TOOLS                            
                    INFO     Disabled tool 'lean_file_outline' via server.py:115
                             LEAN_MCP_DISABLED_TOOLS                            
                    INFO     Disabled tool                         server.py:115
                             'lean_get_widget_source' via                       
                             LEAN_MCP_DISABLED_TOOLS                            
                    INFO     Disabled tool 'lean_get_widgets' via  server.py:115
                             LEAN_MCP_DISABLED_TOOLS                            
                    INFO     Disabled tool 'lean_goal' via         server.py:115
                             LEAN_MCP_DISABLED_TOOLS                            
                    INFO     Disabled tool 'lean_hover_info' via   server.py:115
                             LEAN_MCP_DISABLED_TOOLS                            
                    INFO     Disabled tool 'lean_references' via   server.py:115
                             LEAN_MCP_DISABLED_TOOLS                            
                    INFO     Disabled tool 'lean_term_goal' via    server.py:115
                             LEAN_MCP_DISABLED_TOOLS                            
                    INFO     REPL enabled, using:                  server.py:322
                             /home/amirnabiyev/Conjecture_Prover/.              
                             lake/packages/repl/.lake/build/bin/re              
                             pl                                                 
                    INFO     REPL initialized: timeout=60s         server.py:325
                    INFO     Session ending — cleaning up          server.py:360
                             per-session resources                              
[08/26/26 16:33:57] INFO     Session ending — cleaning up          server.py:360
                             per-session resources                              
[08/26/26 16:34:00] INFO     Disabled tool 'lean_build' via        server.py:115
                             LEAN_MCP_DISABLED_TOOLS                            
                    INFO     Disabled tool 'lean_completions' via  server.py:115
                             LEAN_MCP_DISABLED_TOOLS                            
                    INFO     Disabled tool 'lean_declaration_file' server.py:115
                             via LEAN_MCP_DISABLED_TOOLS                        
                    INFO     Disabled tool                         server.py:115
                             'lean_diagnostic_messages' via                     
                             LEAN_MCP_DISABLED_TOOLS                            
                    INFO     Disabled tool 'lean_file_outline' via server.py:115
                             LEAN_MCP_DISABLED_TOOLS                            
                    INFO     Disabled tool                         server.py:115
                             'lean_get_widget_source' via                       
                             LEAN_MCP_DISABLED_TOOLS                            
                    INFO     Disabled tool 'lean_get_widgets' via  server.py:115
                             LEAN_MCP_DISABLED_TOOLS                            
                    INFO     Disabled tool 'lean_goal' via         server.py:115
                             LEAN_MCP_DISABLED_TOOLS                            
                    INFO     Disabled tool 'lean_hover_info' via   server.py:115
                             LEAN_MCP_DISABLED_TOOLS                            
                    INFO     Disabled tool 'lean_references' via   server.py:115
                             LEAN_MCP_DISABLED_TOOLS                            
                    INFO     Disabled tool 'lean_term_goal' via    server.py:115
                             LEAN_MCP_DISABLED_TOOLS                            
                    INFO     REPL enabled, using:                  server.py:322
                             /home/amirnabiyev/Conjecture_Prover/.              
                             lake/packages/repl/.lake/build/bin/re              
                             pl                                                 
                    INFO     REPL initialized: timeout=60s         server.py:325
[08/26/26 16:34:01] INFO     Disabled tool 'lean_build' via        server.py:115
                             LEAN_MCP_DISABLED_TOOLS                            
                    INFO     Disabled tool 'lean_completions' via  server.py:115
                             LEAN_MCP_DISABLED_TOOLS                            
                    INFO     Disabled tool 'lean_declaration_file' server.py:115
                             via LEAN_MCP_DISABLED_TOOLS                        
                    INFO     Disabled tool                         server.py:115
                             'lean_diagnostic_messages' via                     
                             LEAN_MCP_DISABLED_TOOLS                            
                    INFO     Disabled tool 'lean_file_outline' via server.py:115
                             LEAN_MCP_DISABLED_TOOLS                            
                    INFO     Disabled tool                         server.py:115
                             'lean_get_widget_source' via                       
                             LEAN_MCP_DISABLED_TOOLS                            
                    INFO     Disabled tool 'lean_get_widgets' via  server.py:115
                             LEAN_MCP_DISABLED_TOOLS                            
                    INFO     Disabled tool 'lean_goal' via         server.py:115
                             LEAN_MCP_DISABLED_TOOLS                            
                    INFO     Disabled tool 'lean_hover_info' via   server.py:115
                             LEAN_MCP_DISABLED_TOOLS                            
                    INFO     Disabled tool 'lean_references' via   server.py:115
                             LEAN_MCP_DISABLED_TOOLS                            
                    INFO     Disabled tool 'lean_term_goal' via    server.py:115
                             LEAN_MCP_DISABLED_TOOLS                            
                    INFO     REPL enabled, using:                  server.py:322
                             /home/amirnabiyev/Conjecture_Prover/.              
                             lake/packages/repl/.lake/build/bin/re              
                             pl                                                 
                    INFO     REPL initialized: timeout=60s         server.py:325
[08/26/26 16:34:04] INFO     Session ending — cleaning up          server.py:360
                             per-session resources                              
[08/26/26 16:34:05] INFO     Disabled tool 'lean_build' via        server.py:115
                             LEAN_MCP_DISABLED_TOOLS                            
                    INFO     Disabled tool 'lean_completions' via  server.py:115
                             LEAN_MCP_DISABLED_TOOLS                            
                    INFO     Disabled tool 'lean_declaration_file' server.py:115
                             via LEAN_MCP_DISABLED_TOOLS                        
                    INFO     Disabled tool                         server.py:115
                             'lean_diagnostic_messages' via                     
                             LEAN_MCP_DISABLED_TOOLS                            
                    INFO     Disabled tool 'lean_file_outline' via server.py:115
                             LEAN_MCP_DISABLED_TOOLS                            
                    INFO     Disabled tool                         server.py:115
                             'lean_get_widget_source' via                       
                             LEAN_MCP_DISABLED_TOOLS                            
                    INFO     Disabled tool 'lean_get_widgets' via  server.py:115
                             LEAN_MCP_DISABLED_TOOLS                            
                    INFO     Disabled tool 'lean_goal' via         server.py:115
                             LEAN_MCP_DISABLED_TOOLS                            
                    INFO     Disabled tool 'lean_hover_info' via   server.py:115
                             LEAN_MCP_DISABLED_TOOLS                            
                    INFO     Disabled tool 'lean_references' via   server.py:115
                             LEAN_MCP_DISABLED_TOOLS                            
                    INFO     Disabled tool 'lean_term_goal' via    server.py:115
                             LEAN_MCP_DISABLED_TOOLS                            
                    INFO     REPL enabled, using:                  server.py:322
                             /home/amirnabiyev/Conjecture_Prover/.              
                             lake/packages/repl/.lake/build/bin/re              
                             pl                                                 
                    INFO     REPL initialized: timeout=60s         server.py:325
[08/26/26 16:34:06] INFO     Session ending — cleaning up          server.py:360
                             per-session resources                              
[08/26/26 16:34:07] INFO     Session ending — cleaning up          server.py:360
                             per-session resources                              
[08/26/26 16:34:08] INFO     Disabled tool 'lean_build' via        server.py:115
                             LEAN_MCP_DISABLED_TOOLS                            
                    INFO     Disabled tool 'lean_completions' via  server.py:115
                             LEAN_MCP_DISABLED_TOOLS                            
                    INFO     Disabled tool 'lean_declaration_file' server.py:115
                             via LEAN_MCP_DISABLED_TOOLS                        
                    INFO     Disabled tool                         server.py:115
                             'lean_diagnostic_messages' via                     
                             LEAN_MCP_DISABLED_TOOLS                            
                    INFO     Disabled tool 'lean_file_outline' via server.py:115
                             LEAN_MCP_DISABLED_TOOLS                            
                    INFO     Disabled tool                         server.py:115
                             'lean_get_widget_source' via                       
                             LEAN_MCP_DISABLED_TOOLS                            
                    INFO     Disabled tool 'lean_get_widgets' via  server.py:115
                             LEAN_MCP_DISABLED_TOOLS                            
                    INFO     Disabled tool 'lean_goal' via         server.py:115
                             LEAN_MCP_DISABLED_TOOLS                            
                    INFO     Disabled tool 'lean_hover_info' via   server.py:115
                             LEAN_MCP_DISABLED_TOOLS                            
                    INFO     Disabled tool 'lean_references' via   server.py:115
                             LEAN_MCP_DISABLED_TOOLS                            
                    INFO     Disabled tool 'lean_term_goal' via    server.py:115
                             LEAN_MCP_DISABLED_TOOLS                            
                    INFO     REPL enabled, using:                  server.py:322
                             /home/amirnabiyev/Conjecture_Prover/.              
                             lake/packages/repl/.lake/build/bin/re              
                             pl                                                 
                    INFO     REPL initialized: timeout=60s         server.py:325
                    INFO     Session ending — cleaning up          server.py:360
                             per-session resources                              
[08/26/26 16:34:10] INFO     Disabled tool 'lean_build' via        server.py:115
                             LEAN_MCP_DISABLED_TOOLS                            
                    INFO     Disabled tool 'lean_completions' via  server.py:115
                             LEAN_MCP_DISABLED_TOOLS                            
                    INFO     Disabled tool 'lean_declaration_file' server.py:115
                             via LEAN_MCP_DISABLED_TOOLS                        
                    INFO     Disabled tool                         server.py:115
                             'lean_diagnostic_messages' via                     
                             LEAN_MCP_DISABLED_TOOLS                            
                    INFO     Disabled tool 'lean_file_outline' via server.py:115
                             LEAN_MCP_DISABLED_TOOLS                            
                    INFO     Disabled tool                         server.py:115
                             'lean_get_widget_source' via                       
                             LEAN_MCP_DISABLED_TOOLS                            
                    INFO     Disabled tool 'lean_get_widgets' via  server.py:115
                             LEAN_MCP_DISABLED_TOOLS                            
                    INFO     Disabled tool 'lean_goal' via         server.py:115
                             LEAN_MCP_DISABLED_TOOLS                            
                    INFO     Disabled tool 'lean_hover_info' via   server.py:115
                             LEAN_MCP_DISABLED_TOOLS                            
                    INFO     Disabled tool 'lean_references' via   server.py:115
                             LEAN_MCP_DISABLED_TOOLS                            
                    INFO     Disabled tool 'lean_term_goal' via    server.py:115
                             LEAN_MCP_DISABLED_TOOLS                            
                    INFO     REPL enabled, using:                  server.py:322
                             /home/amirnabiyev/Conjecture_Prover/.              
                             lake/packages/repl/.lake/build/bin/re              
                             pl                                                 
                    INFO     REPL initialized: timeout=60s         server.py:325
[08/26/26 16:34:11] INFO     Disabled tool 'lean_build' via        server.py:115
                             LEAN_MCP_DISABLED_TOOLS                            
                    INFO     Disabled tool 'lean_completions' via  server.py:115
                             LEAN_MCP_DISABLED_TOOLS                            
                    INFO     Disabled tool 'lean_declaration_file' server.py:115
                             via LEAN_MCP_DISABLED_TOOLS                        
                    INFO     Disabled tool                         server.py:115
                             'lean_diagnostic_messages' via                     
                             LEAN_MCP_DISABLED_TOOLS                            
                    INFO     Disabled tool 'lean_file_outline' via server.py:115
                             LEAN_MCP_DISABLED_TOOLS                            
                    INFO     Disabled tool                         server.py:115
                             'lean_get_widget_source' via                       
                             LEAN_MCP_DISABLED_TOOLS                            
                    INFO     Disabled tool 'lean_get_widgets' via  server.py:115
                             LEAN_MCP_DISABLED_TOOLS                            
                    INFO     Disabled tool 'lean_goal' via         server.py:115
                             LEAN_MCP_DISABLED_TOOLS                            
                    INFO     Disabled tool 'lean_hover_info' via   server.py:115
                             LEAN_MCP_DISABLED_TOOLS                            
                    INFO     Disabled tool 'lean_references' via   server.py:115
                             LEAN_MCP_DISABLED_TOOLS                            
                    INFO     Disabled tool 'lean_term_goal' via    server.py:115
                             LEAN_MCP_DISABLED_TOOLS                            
                    INFO     REPL enabled, using:                  server.py:322
                             /home/amirnabiyev/Conjecture_Prover/.              
                             lake/packages/repl/.lake/build/bin/re              
                             pl                                                 
                    INFO     REPL initialized: timeout=60s         server.py:325
                    INFO     Session ending — cleaning up          server.py:360
                             per-session resources                              
[08/26/26 16:34:13] INFO     Disabled tool 'lean_build' via        server.py:115
                             LEAN_MCP_DISABLED_TOOLS                            
                    INFO     Disabled tool 'lean_completions' via  server.py:115
                             LEAN_MCP_DISABLED_TOOLS                            
                    INFO     Disabled tool 'lean_declaration_file' server.py:115
                             via LEAN_MCP_DISABLED_TOOLS                        
                    INFO     Disabled tool                         server.py:115
                             'lean_diagnostic_messages' via                     
                             LEAN_MCP_DISABLED_TOOLS                            
                    INFO     Disabled tool 'lean_file_outline' via server.py:115
                             LEAN_MCP_DISABLED_TOOLS                            
                    INFO     Disabled tool                         server.py:115
                             'lean_get_widget_source' via                       
                             LEAN_MCP_DISABLED_TOOLS                            
                    INFO     Disabled tool 'lean_get_widgets' via  server.py:115
                             LEAN_MCP_DISABLED_TOOLS                            
                    INFO     Disabled tool 'lean_goal' via         server.py:115
                             LEAN_MCP_DISABLED_TOOLS                            
                    INFO     Disabled tool 'lean_hover_info' via   server.py:115
                             LEAN_MCP_DISABLED_TOOLS                            
                    INFO     Disabled tool 'lean_references' via   server.py:115
                             LEAN_MCP_DISABLED_TOOLS                            
                    INFO     Disabled tool 'lean_term_goal' via    server.py:115
                             LEAN_MCP_DISABLED_TOOLS                            
                    INFO     REPL enabled, using:                  server.py:322
                             /home/amirnabiyev/Conjecture_Prover/.              
                             lake/packages/repl/.lake/build/bin/re              
                             pl                                                 
                    INFO     REPL initialized: timeout=60s         server.py:325
[08/26/26 16:34:13] INFO     Session ending — cleaning up          server.py:360
                             per-session resources                              
                    INFO     Session ending — cleaning up          server.py:360
                             per-session resources                              
[08/26/26 16:34:17] INFO     Disabled tool 'lean_build' via        server.py:115
                             LEAN_MCP_DISABLED_TOOLS                            
                    INFO     Disabled tool 'lean_completions' via  server.py:115
                             LEAN_MCP_DISABLED_TOOLS                            
                    INFO     Disabled tool 'lean_declaration_file' server.py:115
                             via LEAN_MCP_DISABLED_TOOLS                        
                    INFO     Disabled tool                         server.py:115
                             'lean_diagnostic_messages' via                     
                             LEAN_MCP_DISABLED_TOOLS                            
                    INFO     Disabled tool 'lean_file_outline' via server.py:115
                             LEAN_MCP_DISABLED_TOOLS                            
                    INFO     Disabled tool                         server.py:115
                             'lean_get_widget_source' via                       
                             LEAN_MCP_DISABLED_TOOLS                            
                    INFO     Disabled tool 'lean_get_widgets' via  server.py:115
                             LEAN_MCP_DISABLED_TOOLS                            
                    INFO     Disabled tool 'lean_goal' via         server.py:115
                             LEAN_MCP_DISABLED_TOOLS                            
                    INFO     Disabled tool 'lean_hover_info' via   server.py:115
                             LEAN_MCP_DISABLED_TOOLS                            
                    INFO     Disabled tool 'lean_references' via   server.py:115
                             LEAN_MCP_DISABLED_TOOLS                            
                    INFO     Disabled tool 'lean_term_goal' via    server.py:115
                             LEAN_MCP_DISABLED_TOOLS                            
                    INFO     REPL enabled, using:                  server.py:322
                             /home/amirnabiyev/Conjecture_Prover/.              
                             lake/packages/repl/.lake/build/bin/re              
                             pl                                                 
                    INFO     REPL initialized: timeout=60s         server.py:325
[08/26/26 16:34:18] INFO     Disabled tool 'lean_build' via        server.py:115
                             LEAN_MCP_DISABLED_TOOLS                            
                    INFO     Disabled tool 'lean_completions' via  server.py:115
                             LEAN_MCP_DISABLED_TOOLS                            
                    INFO     Disabled tool 'lean_declaration_file' server.py:115
                             via LEAN_MCP_DISABLED_TOOLS                        
                    INFO     Disabled tool                         server.py:115
                             'lean_diagnostic_messages' via                     
                             LEAN_MCP_DISABLED_TOOLS                            
                    INFO     Disabled tool 'lean_file_outline' via server.py:115
                             LEAN_MCP_DISABLED_TOOLS                            
                    INFO     Disabled tool                         server.py:115
                             'lean_get_widget_source' via                       
                             LEAN_MCP_DISABLED_TOOLS                            
                    INFO     Disabled tool 'lean_get_widgets' via  server.py:115
                             LEAN_MCP_DISABLED_TOOLS                            
                    INFO     Disabled tool 'lean_goal' via         server.py:115
                             LEAN_MCP_DISABLED_TOOLS                            
                    INFO     Disabled tool 'lean_hover_info' via   server.py:115
                             LEAN_MCP_DISABLED_TOOLS                            
                    INFO     Disabled tool 'lean_references' via   server.py:115
                             LEAN_MCP_DISABLED_TOOLS                            
                    INFO     Disabled tool 'lean_term_goal' via    server.py:115
                             LEAN_MCP_DISABLED_TOOLS                            
                    INFO     REPL enabled, using:                  server.py:322
                             /home/amirnabiyev/Conjecture_Prover/.              
                             lake/packages/repl/.lake/build/bin/re              
                             pl                                                 
                    INFO     REPL initialized: timeout=60s         server.py:325
[08/26/26 16:34:20] INFO     Session ending — cleaning up          server.py:360
                             per-session resources                              
[08/26/26 16:34:24] INFO     Session ending — cleaning up          server.py:360
                             per-session resources                              
[08/26/26 16:34:25] INFO     Disabled tool 'lean_build' via        server.py:115
                             LEAN_MCP_DISABLED_TOOLS                            
                    INFO     Disabled tool 'lean_completions' via  server.py:115
                             LEAN_MCP_DISABLED_TOOLS                            
                    INFO     Disabled tool 'lean_declaration_file' server.py:115
                             via LEAN_MCP_DISABLED_TOOLS                        
                    INFO     Disabled tool                         server.py:115
                             'lean_diagnostic_messages' via                     
                             LEAN_MCP_DISABLED_TOOLS                            
                    INFO     Disabled tool 'lean_file_outline' via server.py:115
                             LEAN_MCP_DISABLED_TOOLS                            
                    INFO     Disabled tool                         server.py:115
                             'lean_get_widget_source' via                       
                             LEAN_MCP_DISABLED_TOOLS                            
                    INFO     Disabled tool 'lean_get_widgets' via  server.py:115
                             LEAN_MCP_DISABLED_TOOLS                            
                    INFO     Disabled tool 'lean_goal' via         server.py:115
                             LEAN_MCP_DISABLED_TOOLS                            
                    INFO     Disabled tool 'lean_hover_info' via   server.py:115
                             LEAN_MCP_DISABLED_TOOLS                            
                    INFO     Disabled tool 'lean_references' via   server.py:115
                             LEAN_MCP_DISABLED_TOOLS                            
                    INFO     Disabled tool 'lean_term_goal' via    server.py:115
                             LEAN_MCP_DISABLED_TOOLS                            
                    INFO     REPL enabled, using:                  server.py:322
                             /home/amirnabiyev/Conjecture_Prover/.              
                             lake/packages/repl/.lake/build/bin/re              
                             pl                                                 
                    INFO     REPL initialized: timeout=60s         server.py:325
[08/26/26 16:34:28] INFO     Session ending — cleaning up          server.py:360
                             per-session resources                              
[08/26/26 16:34:33] INFO     Disabled tool 'lean_build' via        server.py:115
                             LEAN_MCP_DISABLED_TOOLS                            
                    INFO     Disabled tool 'lean_completions' via  server.py:115
                             LEAN_MCP_DISABLED_TOOLS                            
                    INFO     Disabled tool 'lean_declaration_file' server.py:115
                             via LEAN_MCP_DISABLED_TOOLS                        
                    INFO     Disabled tool                         server.py:115
                             'lean_diagnostic_messages' via                     
                             LEAN_MCP_DISABLED_TOOLS                            
                    INFO     Disabled tool 'lean_file_outline' via server.py:115
                             LEAN_MCP_DISABLED_TOOLS                            
                    INFO     Disabled tool                         server.py:115
                             'lean_get_widget_source' via                       
                             LEAN_MCP_DISABLED_TOOLS                            
                    INFO     Disabled tool 'lean_get_widgets' via  server.py:115
                             LEAN_MCP_DISABLED_TOOLS                            
                    INFO     Disabled tool 'lean_goal' via         server.py:115
                             LEAN_MCP_DISABLED_TOOLS                            
                    INFO     Disabled tool 'lean_hover_info' via   server.py:115
                             LEAN_MCP_DISABLED_TOOLS                            
                    INFO     Disabled tool 'lean_references' via   server.py:115
                             LEAN_MCP_DISABLED_TOOLS                            
                    INFO     Disabled tool 'lean_term_goal' via    server.py:115
                             LEAN_MCP_DISABLED_TOOLS                            
                    INFO     REPL enabled, using:                  server.py:322
                             /home/amirnabiyev/Conjecture_Prover/.              
                             lake/packages/repl/.lake/build/bin/re              
                             pl                                                 
                    INFO     REPL initialized: timeout=60s         server.py:325
[08/26/26 16:34:33] INFO     Disabled tool 'lean_build' via        server.py:115
                             LEAN_MCP_DISABLED_TOOLS                            
                    INFO     Disabled tool 'lean_completions' via  server.py:115
                             LEAN_MCP_DISABLED_TOOLS                            
                    INFO     Disabled tool 'lean_declaration_file' server.py:115
                             via LEAN_MCP_DISABLED_TOOLS                        
                    INFO     Disabled tool                         server.py:115
                             'lean_diagnostic_messages' via                     
                             LEAN_MCP_DISABLED_TOOLS                            
                    INFO     Disabled tool 'lean_file_outline' via server.py:115
                             LEAN_MCP_DISABLED_TOOLS                            
                    INFO     Disabled tool                         server.py:115
                             'lean_get_widget_source' via                       
                             LEAN_MCP_DISABLED_TOOLS                            
                    INFO     Disabled tool 'lean_get_widgets' via  server.py:115
                             LEAN_MCP_DISABLED_TOOLS                            
                    INFO     Disabled tool 'lean_goal' via         server.py:115
                             LEAN_MCP_DISABLED_TOOLS                            
                    INFO     Disabled tool 'lean_hover_info' via   server.py:115
                             LEAN_MCP_DISABLED_TOOLS                            
                    INFO     Disabled tool 'lean_references' via   server.py:115
                             LEAN_MCP_DISABLED_TOOLS                            
                    INFO     Disabled tool 'lean_term_goal' via    server.py:115
                             LEAN_MCP_DISABLED_TOOLS                            
                    INFO     REPL enabled, using:                  server.py:322
                             /home/amirnabiyev/Conjecture_Prover/.              
                             lake/packages/repl/.lake/build/bin/re              
                             pl                                                 
                    INFO     REPL initialized: timeout=60s         server.py:325
[08/26/26 16:34:36] INFO     Session ending — cleaning up          server.py:360
                             per-session resources                              
[08/26/26 16:34:39] INFO     Session ending — cleaning up          server.py:360
                             per-session resources                              
[08/26/26 16:34:43] INFO     Disabled tool 'lean_build' via        server.py:115
                             LEAN_MCP_DISABLED_TOOLS                            
                    INFO     Disabled tool 'lean_completions' via  server.py:115
                             LEAN_MCP_DISABLED_TOOLS                            
                    INFO     Disabled tool 'lean_declaration_file' server.py:115
                             via LEAN_MCP_DISABLED_TOOLS                        
                    INFO     Disabled tool                         server.py:115
                             'lean_diagnostic_messages' via                     
                             LEAN_MCP_DISABLED_TOOLS                            
                    INFO     Disabled tool 'lean_file_outline' via server.py:115
                             LEAN_MCP_DISABLED_TOOLS                            
                    INFO     Disabled tool                         server.py:115
                             'lean_get_widget_source' via                       
                             LEAN_MCP_DISABLED_TOOLS                            
                    INFO     Disabled tool 'lean_get_widgets' via  server.py:115
                             LEAN_MCP_DISABLED_TOOLS                            
                    INFO     Disabled tool 'lean_goal' via         server.py:115
                             LEAN_MCP_DISABLED_TOOLS                            
                    INFO     Disabled tool 'lean_hover_info' via   server.py:115
                             LEAN_MCP_DISABLED_TOOLS                            
                    INFO     Disabled tool 'lean_references' via   server.py:115
                             LEAN_MCP_DISABLED_TOOLS                            
                    INFO     Disabled tool 'lean_term_goal' via    server.py:115
                             LEAN_MCP_DISABLED_TOOLS                            
                    INFO     REPL enabled, using:                  server.py:322
                             /home/amirnabiyev/Conjecture_Prover/.              
                             lake/packages/repl/.lake/build/bin/re              
                             pl                                                 
                    INFO     REPL initialized: timeout=60s         server.py:325
[08/26/26 16:34:44] INFO     Disabled tool 'lean_build' via        server.py:115
                             LEAN_MCP_DISABLED_TOOLS                            
                    INFO     Disabled tool 'lean_completions' via  server.py:115
                             LEAN_MCP_DISABLED_TOOLS                            
                    INFO     Disabled tool 'lean_declaration_file' server.py:115
                             via LEAN_MCP_DISABLED_TOOLS                        
                    INFO     Disabled tool                         server.py:115
                             'lean_diagnostic_messages' via                     
                             LEAN_MCP_DISABLED_TOOLS                            
                    INFO     Disabled tool 'lean_file_outline' via server.py:115
                             LEAN_MCP_DISABLED_TOOLS                            
                    INFO     Disabled tool                         server.py:115
                             'lean_get_widget_source' via                       
                             LEAN_MCP_DISABLED_TOOLS                            
                    INFO     Disabled tool 'lean_get_widgets' via  server.py:115
                             LEAN_MCP_DISABLED_TOOLS                            
                    INFO     Disabled tool 'lean_goal' via         server.py:115
                             LEAN_MCP_DISABLED_TOOLS                            
                    INFO     Disabled tool 'lean_hover_info' via   server.py:115
                             LEAN_MCP_DISABLED_TOOLS                            
                    INFO     Disabled tool 'lean_references' via   server.py:115
                             LEAN_MCP_DISABLED_TOOLS                            
                    INFO     Disabled tool 'lean_term_goal' via    server.py:115
                             LEAN_MCP_DISABLED_TOOLS                            
                    INFO     REPL enabled, using:                  server.py:322
                             /home/amirnabiyev/Conjecture_Prover/.              
                             lake/packages/repl/.lake/build/bin/re              
                             pl                                                 
                    INFO     REPL initialized: timeout=60s         server.py:325
[08/26/26 16:34:44] INFO     Session ending — cleaning up          server.py:360
                             per-session resources                              
[08/26/26 16:34:45] INFO     Disabled tool 'lean_build' via        server.py:115
                             LEAN_MCP_DISABLED_TOOLS                            
                    INFO     Disabled tool 'lean_completions' via  server.py:115
                             LEAN_MCP_DISABLED_TOOLS                            
                    INFO     Disabled tool 'lean_declaration_file' server.py:115
                             via LEAN_MCP_DISABLED_TOOLS                        
                    INFO     Disabled tool                         server.py:115
                             'lean_diagnostic_messages' via                     
                             LEAN_MCP_DISABLED_TOOLS                            
                    INFO     Disabled tool 'lean_file_outline' via server.py:115
                             LEAN_MCP_DISABLED_TOOLS                            
                    INFO     Disabled tool                         server.py:115
                             'lean_get_widget_source' via                       
                             LEAN_MCP_DISABLED_TOOLS                            
                    INFO     Disabled tool 'lean_get_widgets' via  server.py:115
                             LEAN_MCP_DISABLED_TOOLS                            
                    INFO     Disabled tool 'lean_goal' via         server.py:115
                             LEAN_MCP_DISABLED_TOOLS                            
                    INFO     Disabled tool 'lean_hover_info' via   server.py:115
                             LEAN_MCP_DISABLED_TOOLS                            
                    INFO     Disabled tool 'lean_references' via   server.py:115
                             LEAN_MCP_DISABLED_TOOLS                            
                    INFO     Disabled tool 'lean_term_goal' via    server.py:115
                             LEAN_MCP_DISABLED_TOOLS                            
                    INFO     REPL enabled, using:                  server.py:322
                             /home/amirnabiyev/Conjecture_Prover/.              
                             lake/packages/repl/.lake/build/bin/re              
                             pl                                                 
                    INFO     REPL initialized: timeout=60s         server.py:325
[08/26/26 16:34:46] INFO     Session ending — cleaning up          server.py:360
                             per-session resources                              
[08/26/26 16:34:46] INFO     Disabled tool 'lean_build' via        server.py:115
                             LEAN_MCP_DISABLED_TOOLS                            
                    INFO     Disabled tool 'lean_completions' via  server.py:115
                             LEAN_MCP_DISABLED_TOOLS                            
                    INFO     Disabled tool 'lean_declaration_file' server.py:115
                             via LEAN_MCP_DISABLED_TOOLS                        
                    INFO     Disabled tool                         server.py:115
                             'lean_diagnostic_messages' via                     
                             LEAN_MCP_DISABLED_TOOLS                            
                    INFO     Disabled tool 'lean_file_outline' via server.py:115
                             LEAN_MCP_DISABLED_TOOLS                            
                    INFO     Disabled tool                         server.py:115
                             'lean_get_widget_source' via                       
                             LEAN_MCP_DISABLED_TOOLS                            
                    INFO     Disabled tool 'lean_get_widgets' via  server.py:115
                             LEAN_MCP_DISABLED_TOOLS                            
                    INFO     Disabled tool 'lean_goal' via         server.py:115
                             LEAN_MCP_DISABLED_TOOLS                            
                    INFO     Disabled tool 'lean_hover_info' via   server.py:115
                             LEAN_MCP_DISABLED_TOOLS                            
                    INFO     Disabled tool 'lean_references' via   server.py:115
                             LEAN_MCP_DISABLED_TOOLS                            
                    INFO     Disabled tool 'lean_term_goal' via    server.py:115
                             LEAN_MCP_DISABLED_TOOLS                            
                    INFO     REPL enabled, using:                  server.py:322
                             /home/amirnabiyev/Conjecture_Prover/.              
                             lake/packages/repl/.lake/build/bin/re              
                             pl                                                 
                    INFO     REPL initialized: timeout=60s         server.py:325
[08/26/26 16:34:48] INFO     Disabled tool 'lean_build' via        server.py:115
                             LEAN_MCP_DISABLED_TOOLS                            
                    INFO     Disabled tool 'lean_completions' via  server.py:115
                             LEAN_MCP_DISABLED_TOOLS                            
                    INFO     Disabled tool 'lean_declaration_file' server.py:115
                             via LEAN_MCP_DISABLED_TOOLS                        
                    INFO     Disabled tool                         server.py:115
                             'lean_diagnostic_messages' via                     
                             LEAN_MCP_DISABLED_TOOLS                            
                    INFO     Disabled tool 'lean_file_outline' via server.py:115
                             LEAN_MCP_DISABLED_TOOLS                            
                    INFO     Disabled tool                         server.py:115
                             'lean_get_widget_source' via                       
                             LEAN_MCP_DISABLED_TOOLS                            
                    INFO     Disabled tool 'lean_get_widgets' via  server.py:115
                             LEAN_MCP_DISABLED_TOOLS                            
                    INFO     Disabled tool 'lean_goal' via         server.py:115
                             LEAN_MCP_DISABLED_TOOLS                            
                    INFO     Disabled tool 'lean_hover_info' via   server.py:115
                             LEAN_MCP_DISABLED_TOOLS                            
                    INFO     Disabled tool 'lean_references' via   server.py:115
                             LEAN_MCP_DISABLED_TOOLS                            
                    INFO     Disabled tool 'lean_term_goal' via    server.py:115
                             LEAN_MCP_DISABLED_TOOLS                            
                    INFO     REPL enabled, using:                  server.py:322
                             /home/amirnabiyev/Conjecture_Prover/.              
                             lake/packages/repl/.lake/build/bin/re              
                             pl                                                 
                    INFO     REPL initialized: timeout=60s         server.py:325
                    INFO     Session ending — cleaning up          server.py:360
                             per-session resources                              
[08/26/26 16:34:50] INFO     Session ending — cleaning up          server.py:360
                             per-session resources                              
[08/26/26 16:34:51] INFO     Session ending — cleaning up          server.py:360
                             per-session resources                              
[08/26/26 16:34:53] INFO     Disabled tool 'lean_build' via        server.py:115
                             LEAN_MCP_DISABLED_TOOLS                            
                    INFO     Disabled tool 'lean_completions' via  server.py:115
                             LEAN_MCP_DISABLED_TOOLS                            
                    INFO     Disabled tool 'lean_declaration_file' server.py:115
                             via LEAN_MCP_DISABLED_TOOLS                        
                    INFO     Disabled tool                         server.py:115
                             'lean_diagnostic_messages' via                     
                             LEAN_MCP_DISABLED_TOOLS                            
                    INFO     Disabled tool 'lean_file_outline' via server.py:115
                             LEAN_MCP_DISABLED_TOOLS                            
                    INFO     Disabled tool                         server.py:115
                             'lean_get_widget_source' via                       
                             LEAN_MCP_DISABLED_TOOLS                            
                    INFO     Disabled tool 'lean_get_widgets' via  server.py:115
                             LEAN_MCP_DISABLED_TOOLS                            
                    INFO     Disabled tool 'lean_goal' via         server.py:115
                             LEAN_MCP_DISABLED_TOOLS                            
                    INFO     Disabled tool 'lean_hover_info' via   server.py:115
                             LEAN_MCP_DISABLED_TOOLS                            
                    INFO     Disabled tool 'lean_references' via   server.py:115
                             LEAN_MCP_DISABLED_TOOLS                            
                    INFO     Disabled tool 'lean_term_goal' via    server.py:115
                             LEAN_MCP_DISABLED_TOOLS                            
                    INFO     REPL enabled, using:                  server.py:322
                             /home/amirnabiyev/Conjecture_Prover/.              
                             lake/packages/repl/.lake/build/bin/re              
                             pl                                                 
                    INFO     REPL initialized: timeout=60s         server.py:325
[08/26/26 16:34:55] INFO     Disabled tool 'lean_build' via        server.py:115
                             LEAN_MCP_DISABLED_TOOLS                            
                    INFO     Disabled tool 'lean_completions' via  server.py:115
                             LEAN_MCP_DISABLED_TOOLS                            
                    INFO     Disabled tool 'lean_declaration_file' server.py:115
                             via LEAN_MCP_DISABLED_TOOLS                        
                    INFO     Disabled tool                         server.py:115
                             'lean_diagnostic_messages' via                     
                             LEAN_MCP_DISABLED_TOOLS                            
                    INFO     Disabled tool 'lean_file_outline' via server.py:115
                             LEAN_MCP_DISABLED_TOOLS                            
                    INFO     Disabled tool                         server.py:115
                             'lean_get_widget_source' via                       
                             LEAN_MCP_DISABLED_TOOLS                            
                    INFO     Disabled tool 'lean_get_widgets' via  server.py:115
                             LEAN_MCP_DISABLED_TOOLS                            
                    INFO     Disabled tool 'lean_goal' via         server.py:115
                             LEAN_MCP_DISABLED_TOOLS                            
                    INFO     Disabled tool 'lean_hover_info' via   server.py:115
                             LEAN_MCP_DISABLED_TOOLS                            
                    INFO     Disabled tool 'lean_references' via   server.py:115
                             LEAN_MCP_DISABLED_TOOLS                            
                    INFO     Disabled tool 'lean_term_goal' via    server.py:115
                             LEAN_MCP_DISABLED_TOOLS                            
                    INFO     REPL enabled, using:                  server.py:322
                             /home/amirnabiyev/Conjecture_Prover/.              
                             lake/packages/repl/.lake/build/bin/re              
                             pl                                                 
                    INFO     REPL initialized: timeout=60s         server.py:325
[08/26/26 16:35:00] INFO     Session ending — cleaning up          server.py:360
                             per-session resources                              
[08/26/26 16:35:00] INFO     Disabled tool 'lean_build' via        server.py:115
                             LEAN_MCP_DISABLED_TOOLS                            
                    INFO     Disabled tool 'lean_completions' via  server.py:115
                             LEAN_MCP_DISABLED_TOOLS                            
                    INFO     Disabled tool 'lean_declaration_file' server.py:115
                             via LEAN_MCP_DISABLED_TOOLS                        
                    INFO     Disabled tool                         server.py:115
                             'lean_diagnostic_messages' via                     
                             LEAN_MCP_DISABLED_TOOLS                            
[08/26/26 16:35:00] INFO     Disabled tool 'lean_build' via        server.py:115
                             LEAN_MCP_DISABLED_TOOLS                            
                    INFO     Disabled tool 'lean_file_outline' via server.py:115
                             LEAN_MCP_DISABLED_TOOLS                            
                    INFO     Disabled tool 'lean_completions' via  server.py:115
                             LEAN_MCP_DISABLED_TOOLS                            
                    INFO     Disabled tool                         server.py:115
                             'lean_get_widget_source' via                       
                             LEAN_MCP_DISABLED_TOOLS                            
                    INFO     Disabled tool 'lean_declaration_file' server.py:115
                             via LEAN_MCP_DISABLED_TOOLS                        
                    INFO     Disabled tool                         server.py:115
                             'lean_diagnostic_messages' via                     
                             LEAN_MCP_DISABLED_TOOLS                            
                    INFO     Disabled tool 'lean_get_widgets' via  server.py:115
                             LEAN_MCP_DISABLED_TOOLS                            
                    INFO     Disabled tool 'lean_file_outline' via server.py:115
                             LEAN_MCP_DISABLED_TOOLS                            
                    INFO     Disabled tool 'lean_goal' via         server.py:115
                             LEAN_MCP_DISABLED_TOOLS                            
                    INFO     Disabled tool                         server.py:115
                             'lean_get_widget_source' via                       
                             LEAN_MCP_DISABLED_TOOLS                            
                    INFO     Disabled tool 'lean_hover_info' via   server.py:115
                             LEAN_MCP_DISABLED_TOOLS                            
                    INFO     Disabled tool 'lean_get_widgets' via  server.py:115
                             LEAN_MCP_DISABLED_TOOLS                            
                    INFO     Disabled tool 'lean_references' via   server.py:115
                             LEAN_MCP_DISABLED_TOOLS                            
                    INFO     Disabled tool 'lean_goal' via         server.py:115
                             LEAN_MCP_DISABLED_TOOLS                            
                    INFO     Disabled tool 'lean_hover_info' via   server.py:115
                             LEAN_MCP_DISABLED_TOOLS                            
                    INFO     Disabled tool 'lean_term_goal' via    server.py:115
                             LEAN_MCP_DISABLED_TOOLS                            
                    INFO     Disabled tool 'lean_references' via   server.py:115
                             LEAN_MCP_DISABLED_TOOLS                            
                    INFO     Disabled tool 'lean_term_goal' via    server.py:115
                             LEAN_MCP_DISABLED_TOOLS                            
                    INFO     REPL enabled, using:                  server.py:322
                             /home/amirnabiyev/Conjecture_Prover/.              
                             lake/packages/repl/.lake/build/bin/re              
                             pl                                                 
                    INFO     REPL enabled, using:                  server.py:322
                             /home/amirnabiyev/Conjecture_Prover/.              
                             lake/packages/repl/.lake/build/bin/re              
                             pl                                                 
                    INFO     REPL initialized: timeout=60s         server.py:325
                    INFO     REPL initialized: timeout=60s         server.py:325
[08/26/26 16:35:02] INFO     Session ending — cleaning up          server.py:360
                             per-session resources                              
[08/26/26 16:35:04] INFO     Session ending — cleaning up          server.py:360
                             per-session resources                              
[08/26/26 16:35:06] INFO     Disabled tool 'lean_build' via        server.py:115
                             LEAN_MCP_DISABLED_TOOLS                            
                    INFO     Disabled tool 'lean_completions' via  server.py:115
                             LEAN_MCP_DISABLED_TOOLS                            
                    INFO     Disabled tool 'lean_declaration_file' server.py:115
                             via LEAN_MCP_DISABLED_TOOLS                        
                    INFO     Disabled tool                         server.py:115
                             'lean_diagnostic_messages' via                     
                             LEAN_MCP_DISABLED_TOOLS                            
                    INFO     Disabled tool 'lean_file_outline' via server.py:115
                             LEAN_MCP_DISABLED_TOOLS                            
                    INFO     Disabled tool                         server.py:115
                             'lean_get_widget_source' via                       
                             LEAN_MCP_DISABLED_TOOLS                            
                    INFO     Disabled tool 'lean_get_widgets' via  server.py:115
                             LEAN_MCP_DISABLED_TOOLS                            
                    INFO     Disabled tool 'lean_goal' via         server.py:115
                             LEAN_MCP_DISABLED_TOOLS                            
                    INFO     Disabled tool 'lean_hover_info' via   server.py:115
                             LEAN_MCP_DISABLED_TOOLS                            
                    INFO     Disabled tool 'lean_references' via   server.py:115
                             LEAN_MCP_DISABLED_TOOLS                            
                    INFO     Disabled tool 'lean_term_goal' via    server.py:115
                             LEAN_MCP_DISABLED_TOOLS                            
                    INFO     REPL enabled, using:                  server.py:322
                             /home/amirnabiyev/Conjecture_Prover/.              
                             lake/packages/repl/.lake/build/bin/re              
                             pl                                                 
                    INFO     REPL initialized: timeout=60s         server.py:325
[08/26/26 16:35:07] INFO     Session ending — cleaning up          server.py:360
                             per-session resources                              
[08/26/26 16:35:07] INFO     Session ending — cleaning up          server.py:360
                             per-session resources                              
[08/26/26 16:35:08] INFO     Disabled tool 'lean_build' via        server.py:115
                             LEAN_MCP_DISABLED_TOOLS                            
                    INFO     Disabled tool 'lean_completions' via  server.py:115
                             LEAN_MCP_DISABLED_TOOLS                            
                    INFO     Disabled tool 'lean_declaration_file' server.py:115
                             via LEAN_MCP_DISABLED_TOOLS                        
                    INFO     Disabled tool                         server.py:115
                             'lean_diagnostic_messages' via                     
                             LEAN_MCP_DISABLED_TOOLS                            
                    INFO     Disabled tool 'lean_file_outline' via server.py:115
                             LEAN_MCP_DISABLED_TOOLS                            
                    INFO     Disabled tool                         server.py:115
                             'lean_get_widget_source' via                       
                             LEAN_MCP_DISABLED_TOOLS                            
                    INFO     Disabled tool 'lean_get_widgets' via  server.py:115
                             LEAN_MCP_DISABLED_TOOLS                            
                    INFO     Disabled tool 'lean_goal' via         server.py:115
                             LEAN_MCP_DISABLED_TOOLS                            
                    INFO     Disabled tool 'lean_hover_info' via   server.py:115
                             LEAN_MCP_DISABLED_TOOLS                            
                    INFO     Disabled tool 'lean_references' via   server.py:115
                             LEAN_MCP_DISABLED_TOOLS                            
                    INFO     Disabled tool 'lean_term_goal' via    server.py:115
                             LEAN_MCP_DISABLED_TOOLS                            
                    INFO     REPL enabled, using:                  server.py:322
                             /home/amirnabiyev/Conjecture_Prover/.              
                             lake/packages/repl/.lake/build/bin/re              
                             pl                                                 
                    INFO     REPL initialized: timeout=60s         server.py:325
[08/26/26 16:35:13] INFO     Disabled tool 'lean_build' via        server.py:115
                             LEAN_MCP_DISABLED_TOOLS                            
                    INFO     Disabled tool 'lean_completions' via  server.py:115
                             LEAN_MCP_DISABLED_TOOLS                            
                    INFO     Disabled tool 'lean_declaration_file' server.py:115
                             via LEAN_MCP_DISABLED_TOOLS                        
                    INFO     Disabled tool                         server.py:115
                             'lean_diagnostic_messages' via                     
                             LEAN_MCP_DISABLED_TOOLS                            
                    INFO     Disabled tool 'lean_file_outline' via server.py:115
                             LEAN_MCP_DISABLED_TOOLS                            
                    INFO     Disabled tool                         server.py:115
                             'lean_get_widget_source' via                       
                             LEAN_MCP_DISABLED_TOOLS                            
                    INFO     Disabled tool 'lean_get_widgets' via  server.py:115
                             LEAN_MCP_DISABLED_TOOLS                            
                    INFO     Disabled tool 'lean_goal' via         server.py:115
                             LEAN_MCP_DISABLED_TOOLS                            
                    INFO     Disabled tool 'lean_hover_info' via   server.py:115
                             LEAN_MCP_DISABLED_TOOLS                            
                    INFO     Disabled tool 'lean_references' via   server.py:115
                             LEAN_MCP_DISABLED_TOOLS                            
                    INFO     Disabled tool 'lean_term_goal' via    server.py:115
                             LEAN_MCP_DISABLED_TOOLS                            
                    INFO     REPL enabled, using:                  server.py:322
                             /home/amirnabiyev/Conjecture_Prover/.              
                             lake/packages/repl/.lake/build/bin/re              
                             pl                                                 
                    INFO     REPL initialized: timeout=60s         server.py:325
[08/26/26 16:35:14] INFO     Disabled tool 'lean_build' via        server.py:115
                             LEAN_MCP_DISABLED_TOOLS                            
                    INFO     Disabled tool 'lean_completions' via  server.py:115
                             LEAN_MCP_DISABLED_TOOLS                            
                    INFO     Disabled tool 'lean_declaration_file' server.py:115
                             via LEAN_MCP_DISABLED_TOOLS                        
                    INFO     Disabled tool                         server.py:115
                             'lean_diagnostic_messages' via                     
                             LEAN_MCP_DISABLED_TOOLS                            
                    INFO     Disabled tool 'lean_file_outline' via server.py:115
                             LEAN_MCP_DISABLED_TOOLS                            
                    INFO     Disabled tool                         server.py:115
                             'lean_get_widget_source' via                       
                             LEAN_MCP_DISABLED_TOOLS                            
                    INFO     Disabled tool 'lean_get_widgets' via  server.py:115
                             LEAN_MCP_DISABLED_TOOLS                            
                    INFO     Disabled tool 'lean_goal' via         server.py:115
                             LEAN_MCP_DISABLED_TOOLS                            
                    INFO     Disabled tool 'lean_hover_info' via   server.py:115
                             LEAN_MCP_DISABLED_TOOLS                            
                    INFO     Disabled tool 'lean_references' via   server.py:115
                             LEAN_MCP_DISABLED_TOOLS                            
                    INFO     Disabled tool 'lean_term_goal' via    server.py:115
                             LEAN_MCP_DISABLED_TOOLS                            
                    INFO     REPL enabled, using:                  server.py:322
                             /home/amirnabiyev/Conjecture_Prover/.              
                             lake/packages/repl/.lake/build/bin/re              
                             pl                                                 
                    INFO     REPL initialized: timeout=60s         server.py:325
[08/26/26 16:35:15] INFO     Session ending — cleaning up          server.py:360
                             per-session resources                              
[08/26/26 16:35:17] INFO     Session ending — cleaning up          server.py:360
                             per-session resources                              
[08/26/26 16:35:21] INFO     Session ending — cleaning up          server.py:360
                             per-session resources                              
[08/26/26 16:35:23] INFO     Disabled tool 'lean_build' via        server.py:115
                             LEAN_MCP_DISABLED_TOOLS                            
                    INFO     Disabled tool 'lean_completions' via  server.py:115
                             LEAN_MCP_DISABLED_TOOLS                            
                    INFO     Disabled tool 'lean_declaration_file' server.py:115
                             via LEAN_MCP_DISABLED_TOOLS                        
                    INFO     Disabled tool                         server.py:115
                             'lean_diagnostic_messages' via                     
                             LEAN_MCP_DISABLED_TOOLS                            
                    INFO     Disabled tool 'lean_file_outline' via server.py:115
                             LEAN_MCP_DISABLED_TOOLS                            
                    INFO     Disabled tool                         server.py:115
                             'lean_get_widget_source' via                       
                             LEAN_MCP_DISABLED_TOOLS                            
                    INFO     Disabled tool 'lean_get_widgets' via  server.py:115
                             LEAN_MCP_DISABLED_TOOLS                            
                    INFO     Disabled tool 'lean_goal' via         server.py:115
                             LEAN_MCP_DISABLED_TOOLS                            
                    INFO     Disabled tool 'lean_hover_info' via   server.py:115
                             LEAN_MCP_DISABLED_TOOLS                            
                    INFO     Disabled tool 'lean_references' via   server.py:115
                             LEAN_MCP_DISABLED_TOOLS                            
                    INFO     Disabled tool 'lean_term_goal' via    server.py:115
                             LEAN_MCP_DISABLED_TOOLS                            
                    INFO     REPL enabled, using:                  server.py:322
                             /home/amirnabiyev/Conjecture_Prover/.              
                             lake/packages/repl/.lake/build/bin/re              
                             pl                                                 
                    INFO     REPL initialized: timeout=60s         server.py:325

      ... (2631 total chars)
   🚦 Routing: blueprint_refiner → rebuild_blueprint

🔄 REBUILD BLUEPRINT: Refreshing blueprint state from JSON...
   📊 8 lemmas, 0 proved
   📊 Blueprint: 8 nodes, root='ringKrullDim_quot_annihilator_eq'
   🚦 Routing: rebuild_blueprint → theorem_proving
   ⏭️  Skipping 'quot_annihilator_isIntegral': declaration has no `sorry_using` placeholder
   ⏭️  Skipping 'quot_annihilator_injective': declaration has no `sorry_using` placeholder
   ⏭️  Skipping 'ringKrullDim_eq_of_isIntegral': declaration has no `sorry_using` placeholder
   ⏭️  Skipping 'ringKrullDim_quot_annihilator_eq': declaration has no `sorry_using` placeholder
   🚀 theorem_proving: dispatching 4 parallel agent(s) (skipped 4 without sorry_using)
      → ringKrullDim_le_of_isIntegral
      → ltseries_snoc_comap
      → exists_ltseries_comap_eq
      → ringKrullDim_ge_of_isIntegral

============================================================
🔍 PROVE LEMMA: ringKrullDim_le_of_isIntegral  (max 20 turns)
============================================================


============================================================
🔍 PROVE LEMMA: ltseries_snoc_comap  (max 20 turns)
============================================================


============================================================
🔍 PROVE LEMMA: exists_ltseries_comap_eq  (max 20 turns)
============================================================


============================================================
🔍 PROVE LEMMA: ringKrullDim_ge_of_isIntegral  (max 20 turns)
============================================================

   🔌 MCP client ready for lemma 'ringKrullDim_ge_of_isIntegral' (proof-only mode)
   🔌 MCP client ready for lemma 'ringKrullDim_le_of_isIntegral' (proof-only mode)
   🔌 MCP client ready for lemma 'exists_ltseries_comap_eq' (proof-only mode)
   🔌 MCP client ready for lemma 'ltseries_snoc_comap' (proof-only mode)
   🛠️  PL-ringKrullDim_ge_of_isIntegral AI made 2 tool call(s):
 → search_mathlib_docs
 → lean_leansearch
   🛠️  PL-ringKrullDim_le_of_isIntegral AI made 2 tool call(s):
 → search_mathlib_docs_multi
 → lean_loogle
   🛠️  PL-ringKrullDim_ge_of_isIntegral AI made 2 tool call(s):
 → lean_loogle
 → lean_loogle
   🛠️  PL-ringKrullDim_le_of_isIntegral AI made 2 tool call(s):
 → lean_loogle
 → lean_loogle
   🛠️  PL-ringKrullDim_ge_of_isIntegral AI made 2 tool call(s):
 → lean_loogle
 → lean_loogle
   🛠️  PL-ringKrullDim_le_of_isIntegral AI made 1 tool call(s):
 → search_mathlib_docs_multi
   🛠️  PL-ringKrullDim_le_of_isIntegral AI made 1 tool call(s):
 → lean_run_code
   🛠️  PL-ringKrullDim_ge_of_isIntegral AI made 1 tool call(s):
 → lean_run_code
   🛠️  PL-ringKrullDim_le_of_isIntegral AI made 1 tool call(s):
 → lean_run_code
   🛠️  PL-ringKrullDim_ge_of_isIntegral AI made 2 tool call(s):
 → lean_leansearch
 → search_mathlib_docs_multi
   🛠️  PL-exists_ltseries_comap_eq AI made 2 tool call(s):
 → lean_run_code
 → lean_local_search
   🛠️  PL-ringKrullDim_le_of_isIntegral AI made 2 tool call(s):
 → lean_leansearch
 → lean_loogle
   🛠️  PL-ringKrullDim_ge_of_isIntegral AI made 1 tool call(s):
 → lean_run_code
   🛠️  PL-ringKrullDim_ge_of_isIntegral AI made 2 tool call(s):
 → lean_leansearch
 → lean_loogle
   🛠️  PL-ringKrullDim_le_of_isIntegral AI made 1 tool call(s):
 → lean_run_code
   🛠️  PL-exists_ltseries_comap_eq AI made 2 tool call(s):
 → search_mathlib_docs
 → lean_loogle
   🛠️  PL-ringKrullDim_le_of_isIntegral AI made 1 tool call(s):
 → lean_run_code
   🛠️  PL-ringKrullDim_ge_of_isIntegral AI made 2 tool call(s):
 → search_mathlib_docs
 → lean_leansearch
   🛠️  PL-exists_ltseries_comap_eq AI made 2 tool call(s):
 → lean_loogle
 → lean_leansearch
   🛠️  PL-ringKrullDim_le_of_isIntegral AI made 2 tool call(s):
 → search_mathlib_docs
 → lean_loogle
   🛠️  PL-ringKrullDim_ge_of_isIntegral AI made 1 tool call(s):
 → lean_run_code
   🛠️  PL-ringKrullDim_le_of_isIntegral AI made 1 tool call(s):
 → lean_run_code
   🛠️  PL-exists_ltseries_comap_eq AI made 2 tool call(s):
 → lean_leansearch
 → lean_loogle
   🛠️  PL-ringKrullDim_le_of_isIntegral AI made 1 tool call(s):
 → lean_run_code
   🛠️  PL-ringKrullDim_ge_of_isIntegral AI made 2 tool call(s):
 → lean_local_search
 → lean_local_search
   🛠️  PL-ringKrullDim_ge_of_isIntegral AI made 1 tool call(s):
 → lean_run_code
   🛠️  PL-ringKrullDim_le_of_isIntegral AI made 1 tool call(s):
 → lean_run_code
   🛠️  PL-ringKrullDim_le_of_isIntegral AI made 1 tool call(s):
 → lean_run_code
   🛠️  PL-ringKrullDim_le_of_isIntegral AI made 1 tool call(s):
 → lean_run_code
   🛠️  PL-ringKrullDim_ge_of_isIntegral AI made 1 tool call(s):
 → lean_run_code
   🛠️  PL-exists_ltseries_comap_eq AI made 3 tool call(s):
 → lean_loogle
 → lean_loogle
 → lean_loogle
   🛠️  PL-ringKrullDim_ge_of_isIntegral AI made 1 tool call(s):
 → lean_run_code
   🛠️  PL-ringKrullDim_le_of_isIntegral AI made 1 tool call(s):
 → lean_run_code
   🛠️  PL-exists_ltseries_comap_eq AI made 1 tool call(s):
 → lean_run_code
   🛠️  PL-ltseries_snoc_comap AI made 1 tool call(s):
 → lean_run_code
   🛠️  PL-ringKrullDim_le_of_isIntegral AI made 1 tool call(s):
 → lean_run_code
   🛠️  PL-ringKrullDim_ge_of_isIntegral AI made 1 tool call(s):
 → lean_run_code
   🛠️  PL-exists_ltseries_comap_eq AI made 2 tool call(s):
 → search_mathlib_docs
 → lean_loogle
   💬 PL-ltseries_snoc_comap AI says: `Fin.lastCases` is a proper dependent recursor here, so `refine Fin.lastCases ?last ?cast j` should work directly. Let me first check whether the statement itself elaborates (the `by omega` in `hQ` needs `q.length + 1 < p.length`, which `hqlen : q.length + 1 ≤ p.length` may not provide).
   🛠️  PL-ltseries_snoc_comap AI made 1 tool call(s):
 → lean_run_code
   💬 PL-ringKrullDim_le_of_isIntegral AI says: The proof compiles. Let me verify it works with just the imports the file likely already has (without the extra `Order.KrullDimension` import, in case it's not transitively available):
   🛠️  PL-ringKrullDim_le_of_isIntegral AI made 1 tool call(s):
 → lean_run_code
   🛠️  PL-ringKrullDim_ge_of_isIntegral AI made 1 tool call(s):
 → lean_run_code
   💬 PL-ltseries_snoc_comap AI says: The statement elaborates — interesting. Let me check how `by omega` succeeds in `hQ`, since `hqlen` only gives `≤`.
   🛠️  PL-ltseries_snoc_comap AI made 1 tool call(s):
 → lean_run_code
   💬 PL-ringKrullDim_le_of_isIntegral AI says: The proof is complete and verified — it compiles cleanly with only the standard axioms (no `sorry`, no custom axioms).

1. Target: `ringKrullDim_le_of_isIntegral`
2. Status: VERIFIED
3. Validated Lean code block:
   ```lean
   @[blueprint
     (statement := /-- For an integral extension $R \to S$, $\dim S \le \dim R$, i.e.
       $\operatorname{ringKrullDim} S \le \operatorname{ringKrullDim} R$. -/)
     (proof := /-- Contract a prime chain of $S$ along `algebraMap R S`; strictness is preserved 
      ... (2473 total chars)
   💬 PL-ringKrullDim_ge_of_isIntegral AI says: The proof compiles cleanly. Let me finalize.

1. Target: `ringKrullDim_ge_of_isIntegral`
2. Status: VERIFIED

Validated Lean code block:
```lean
lemma ringKrullDim_ge_of_isIntegral {R S : Type} [CommRing R] [CommRing S] [Algebra R S]
    (h_inj : Function.Injective (algebraMap R S)) [Algebra.IsIntegral R S] :
    ringKrullDim R ≤ ringKrullDim S := by
  rw [ringKrullDim, ringKrullDim]
  apply iSup_le
  intro p
  rcases exists_ltseries_comap_eq h_inj p with ⟨q, hqlen, _⟩
  rw [← hqlen]
  exact le_
      ... (1402 total chars)
   ✅ Lemma 'ringKrullDim_ge_of_isIntegral' appears proved (turn 16)
   💬 PL-ringKrullDim_le_of_isIntegral AI says: The proof is complete and verified. Here's a summary of the work:

1. **Target:** `ringKrullDim_le_of_isIntegral`
2. **Status:** VERIFIED
3. **Validated Lean code block:**
```lean
@[blueprint
  (statement := /-- For an integral extension $R \to S$, $\dim S \le \dim R$, i.e.
    $\operatorname{ringKrullDim} S \le \operatorname{ringKrullDim} R$. -/)
  (proof := /-- Contract a prime chain of $S$ along `algebraMap R S`; strictness is preserved by `Ideal.IsIntegral.comap_lt_comap`, so the contracted [08/26/26 16:35:29] INFO     Session ending — cleaning up          server.py:360
                             per-session resources                              
[08/26/26 16:35:33] INFO     Disabled tool 'lean_build' via        server.py:115
                             LEAN_MCP_DISABLED_TOOLS                            
                    INFO     Disabled tool 'lean_completions' via  server.py:115
                             LEAN_MCP_DISABLED_TOOLS                            
                    INFO     Disabled tool 'lean_declaration_file' server.py:115
                             via LEAN_MCP_DISABLED_TOOLS                        
                    INFO     Disabled tool                         server.py:115
                             'lean_diagnostic_messages' via                     
                             LEAN_MCP_DISABLED_TOOLS                            
                    INFO     Disabled tool 'lean_file_outline' via server.py:115
                             LEAN_MCP_DISABLED_TOOLS                            
                    INFO     Disabled tool                         server.py:115
                             'lean_get_widget_source' via                       
                             LEAN_MCP_DISABLED_TOOLS                            
                    INFO     Disabled tool 'lean_get_widgets' via  server.py:115
                             LEAN_MCP_DISABLED_TOOLS                            
                    INFO     Disabled tool 'lean_goal' via         server.py:115
                             LEAN_MCP_DISABLED_TOOLS                            
                    INFO     Disabled tool 'lean_hover_info' via   server.py:115
                             LEAN_MCP_DISABLED_TOOLS                            
                    INFO     Disabled tool 'lean_references' via   server.py:115
                             LEAN_MCP_DISABLED_TOOLS                            
                    INFO     Disabled tool 'lean_term_goal' via    server.py:115
                             LEAN_MCP_DISABLED_TOOLS                            
                    INFO     REPL enabled, using:                  server.py:322
                             /home/amirnabiyev/Conjecture_Prover/.              
                             lake/packages/repl/.lake/build/bin/re              
                             pl                                                 
                    INFO     REPL initialized: timeout=60s         server.py:325
[08/26/26 16:35:40] INFO     Session ending — cleaning up          server.py:360
                             per-session resources                              
[08/26/26 16:35:41] INFO     Disabled tool 'lean_build' via        server.py:115
                             LEAN_MCP_DISABLED_TOOLS                            
                    INFO     Disabled tool 'lean_completions' via  server.py:115
                             LEAN_MCP_DISABLED_TOOLS                            
                    INFO     Disabled tool 'lean_declaration_file' server.py:115
                             via LEAN_MCP_DISABLED_TOOLS                        
                    INFO     Disabled tool                         server.py:115
                             'lean_diagnostic_messages' via                     
                             LEAN_MCP_DISABLED_TOOLS                            
                    INFO     Disabled tool 'lean_file_outline' via server.py:115
                             LEAN_MCP_DISABLED_TOOLS                            
                    INFO     Disabled tool                         server.py:115
                             'lean_get_widget_source' via                       
                             LEAN_MCP_DISABLED_TOOLS                            
                    INFO     Disabled tool 'lean_get_widgets' via  server.py:115
                             LEAN_MCP_DISABLED_TOOLS                            
                    INFO     Disabled tool 'lean_goal' via         server.py:115
                             LEAN_MCP_DISABLED_TOOLS                            
                    INFO     Disabled tool 'lean_hover_info' via   server.py:115
                             LEAN_MCP_DISABLED_TOOLS                            
                    INFO     Disabled tool 'lean_references' via   server.py:115
                             LEAN_MCP_DISABLED_TOOLS                            
                    INFO     Disabled tool 'lean_term_goal' via    server.py:115
                             LEAN_MCP_DISABLED_TOOLS                            
                    INFO     REPL enabled, using:                  server.py:322
                             /home/amirnabiyev/Conjecture_Prover/.              
                             lake/packages/repl/.lake/build/bin/re              
                             pl                                                 
                    INFO     REPL initialized: timeout=60s         server.py:325
[08/26/26 16:35:47] INFO     Session ending — cleaning up          server.py:360
                             per-session resources                              
[08/26/26 16:36:02] INFO     Disabled tool 'lean_build' via        server.py:115
                             LEAN_MCP_DISABLED_TOOLS                            
                    INFO     Disabled tool 'lean_completions' via  server.py:115
                             LEAN_MCP_DISABLED_TOOLS                            
                    INFO     Disabled tool 'lean_declaration_file' server.py:115
                             via LEAN_MCP_DISABLED_TOOLS                        
                    INFO     Disabled tool                         server.py:115
                             'lean_diagnostic_messages' via                     
                             LEAN_MCP_DISABLED_TOOLS                            
                    INFO     Disabled tool 'lean_file_outline' via server.py:115
                             LEAN_MCP_DISABLED_TOOLS                            
                    INFO     Disabled tool                         server.py:115
                             'lean_get_widget_source' via                       
                             LEAN_MCP_DISABLED_TOOLS                            
                    INFO     Disabled tool 'lean_get_widgets' via  server.py:115
                             LEAN_MCP_DISABLED_TOOLS                            
                    INFO     Disabled tool 'lean_goal' via         server.py:115
                             LEAN_MCP_DISABLED_TOOLS                            
                    INFO     Disabled tool 'lean_hover_info' via   server.py:115
                             LEAN_MCP_DISABLED_TOOLS                            
                    INFO     Disabled tool 'lean_references' via   server.py:115
                             LEAN_MCP_DISABLED_TOOLS                            
                    INFO     Disabled tool 'lean_term_goal' via    server.py:115
                             LEAN_MCP_DISABLED_TOOLS                            
                    INFO     REPL enabled, using:                  server.py:322
                             /home/amirnabiyev/Conjecture_Prover/.              
                             lake/packages/repl/.lake/build/bin/re              
                             pl                                                 
                    INFO     REPL initialized: timeout=60s         server.py:325
[08/26/26 16:36:07] INFO     Disabled tool 'lean_build' via        server.py:115
                             LEAN_MCP_DISABLED_TOOLS                            
                    INFO     Disabled tool 'lean_completions' via  server.py:115
                             LEAN_MCP_DISABLED_TOOLS                            
                    INFO     Disabled tool 'lean_declaration_file' server.py:115
                             via LEAN_MCP_DISABLED_TOOLS                        
                    INFO     Disabled tool                         server.py:115
                             'lean_diagnostic_messages' via                     
                             LEAN_MCP_DISABLED_TOOLS                            
                    INFO     Disabled tool 'lean_file_outline' via server.py:115
                             LEAN_MCP_DISABLED_TOOLS                            
                    INFO     Disabled tool                         server.py:115
                             'lean_get_widget_source' via                       
                             LEAN_MCP_DISABLED_TOOLS                            
                    INFO     Disabled tool 'lean_get_widgets' via  server.py:115
                             LEAN_MCP_DISABLED_TOOLS                            
                    INFO     Disabled tool 'lean_goal' via         server.py:115
                             LEAN_MCP_DISABLED_TOOLS                            
                    INFO     Disabled tool 'lean_hover_info' via   server.py:115
                             LEAN_MCP_DISABLED_TOOLS                            
                    INFO     Disabled tool 'lean_references' via   server.py:115
                             LEAN_MCP_DISABLED_TOOLS                            
                    INFO     Disabled tool 'lean_term_goal' via    server.py:115
                             LEAN_MCP_DISABLED_TOOLS                            
                    INFO     REPL enabled, using:                  server.py:322
                             /home/amirnabiyev/Conjecture_Prover/.              
                             lake/packages/repl/.lake/build/bin/re              
                             pl                                                 
                    INFO     REPL initialized: timeout=60s         server.py:325
[08/26/26 16:36:08] INFO     Session ending — cleaning up          server.py:360
                             per-session resources                              
[08/26/26 16:36:14] INFO     Session ending — cleaning up          server.py:360
                             per-session resources                              
[08/26/26 16:36:16] INFO     Disabled tool 'lean_build' via        server.py:115
                             LEAN_MCP_DISABLED_TOOLS                            
                    INFO     Disabled tool 'lean_completions' via  server.py:115
                             LEAN_MCP_DISABLED_TOOLS                            
                    INFO     Disabled tool 'lean_declaration_file' server.py:115
                             via LEAN_MCP_DISABLED_TOOLS                        
                    INFO     Disabled tool                         server.py:115
                             'lean_diagnostic_messages' via                     
                             LEAN_MCP_DISABLED_TOOLS                            
                    INFO     Disabled tool 'lean_file_outline' via server.py:115
                             LEAN_MCP_DISABLED_TOOLS                            
                    INFO     Disabled tool                         server.py:115
                             'lean_get_widget_source' via                       
                             LEAN_MCP_DISABLED_TOOLS                            
                    INFO     Disabled tool 'lean_get_widgets' via  server.py:115
                             LEAN_MCP_DISABLED_TOOLS                            
                    INFO     Disabled tool 'lean_goal' via         server.py:115
                             LEAN_MCP_DISABLED_TOOLS                            
                    INFO     Disabled tool 'lean_hover_info' via   server.py:115
                             LEAN_MCP_DISABLED_TOOLS                            
                    INFO     Disabled tool 'lean_references' via   server.py:115
                             LEAN_MCP_DISABLED_TOOLS                            
                    INFO     Disabled tool 'lean_term_goal' via    server.py:115
                             LEAN_MCP_DISABLED_TOOLS                            
                    INFO     REPL enabled, using:                  server.py:322
                             /home/amirnabiyev/Conjecture_Prover/.              
                             lake/packages/repl/.lake/build/bin/re              
                             pl                                                 
                    INFO     REPL initialized: timeout=60s         server.py:325
[08/26/26 16:36:22] INFO     Session ending — cleaning up          server.py:360
                             per-session resources                              
[08/26/26 16:38:03] INFO     Disabled tool 'lean_build' via        server.py:115
                             LEAN_MCP_DISABLED_TOOLS                            
                    INFO     Disabled tool 'lean_completions' via  server.py:115
                             LEAN_MCP_DISABLED_TOOLS                            
                    INFO     Disabled tool 'lean_declaration_file' server.py:115
                             via LEAN_MCP_DISABLED_TOOLS                        
                    INFO     Disabled tool                         server.py:115
                             'lean_diagnostic_messages' via                     
                             LEAN_MCP_DISABLED_TOOLS                            
                    INFO     Disabled tool 'lean_file_outline' via server.py:115
                             LEAN_MCP_DISABLED_TOOLS                            
                    INFO     Disabled tool                         server.py:115
                             'lean_get_widget_source' via                       
                             LEAN_MCP_DISABLED_TOOLS                            
                    INFO     Disabled tool 'lean_get_widgets' via  server.py:115
                             LEAN_MCP_DISABLED_TOOLS                            
                    INFO     Disabled tool 'lean_goal' via         server.py:115
                             LEAN_MCP_DISABLED_TOOLS                            
                    INFO     Disabled tool 'lean_hover_info' via   server.py:115
                             LEAN_MCP_DISABLED_TOOLS                            
                    INFO     Disabled tool 'lean_references' via   server.py:115
                             LEAN_MCP_DISABLED_TOOLS                            
                    INFO     Disabled tool 'lean_term_goal' via    server.py:115
                             LEAN_MCP_DISABLED_TOOLS                            
                    INFO     REPL enabled, using:                  server.py:322
                             /home/amirnabiyev/Conjecture_Prover/.              
                             lake/packages/repl/.lake/build/bin/re              
                             pl                                                 
                    INFO     REPL initialized: timeout=60s         server.py:325
[08/26/26 16:38:09] INFO     Session ending — cleaning up          server.py:360
                             per-session resources                              
[08/26/26 16:38:41] INFO     Disabled tool 'lean_build' via        server.py:115
                             LEAN_MCP_DISABLED_TOOLS                            
                    INFO     Disabled tool 'lean_completions' via  server.py:115
                             LEAN_MCP_DISABLED_TOOLS                            
                    INFO     Disabled tool 'lean_declaration_file' server.py:115
                             via LEAN_MCP_DISABLED_TOOLS                        
                    INFO     Disabled tool                         server.py:115
                             'lean_diagnostic_messages' via                     
                             LEAN_MCP_DISABLED_TOOLS                            
                    INFO     Disabled tool 'lean_file_outline' via server.py:115
                             LEAN_MCP_DISABLED_TOOLS                            
                    INFO     Disabled tool                         server.py:115
                             'lean_get_widget_source' via                       
                             LEAN_MCP_DISABLED_TOOLS                            
                    INFO     Disabled tool 'lean_get_widgets' via  server.py:115
                             LEAN_MCP_DISABLED_TOOLS                            
                    INFO     Disabled tool 'lean_goal' via         server.py:115
                             LEAN_MCP_DISABLED_TOOLS                            
                    INFO     Disabled tool 'lean_hover_info' via   server.py:115
                             LEAN_MCP_DISABLED_TOOLS                            
                    INFO     Disabled tool 'lean_references' via   server.py:115
                             LEAN_MCP_DISABLED_TOOLS                            
                    INFO     Disabled tool 'lean_term_goal' via    server.py:115
                             LEAN_MCP_DISABLED_TOOLS                            
                    INFO     REPL enabled, using:                  server.py:322
                             /home/amirnabiyev/Conjecture_Prover/.              
                             lake/packages/repl/.lake/build/bin/re              
                             pl                                                 
                    INFO     REPL initialized: timeout=60s         server.py:325
[08/26/26 16:38:47] INFO     Disabled tool 'lean_build' via        server.py:115
                             LEAN_MCP_DISABLED_TOOLS                            
                    INFO     Disabled tool 'lean_completions' via  server.py:115
                             LEAN_MCP_DISABLED_TOOLS                            
                    INFO     Disabled tool 'lean_declaration_file' server.py:115
                             via LEAN_MCP_DISABLED_TOOLS                        
                    INFO     Disabled tool                         server.py:115
                             'lean_diagnostic_messages' via                     
                             LEAN_MCP_DISABLED_TOOLS                            
                    INFO     Disabled tool 'lean_file_outline' via server.py:115
                             LEAN_MCP_DISABLED_TOOLS                            
                    INFO     Disabled tool                         server.py:115
                             'lean_get_widget_source' via                       
                             LEAN_MCP_DISABLED_TOOLS                            
                    INFO     Disabled tool 'lean_get_widgets' via  server.py:115
                             LEAN_MCP_DISABLED_TOOLS                            
                    INFO     Disabled tool 'lean_goal' via         server.py:115
                             LEAN_MCP_DISABLED_TOOLS                            
                    INFO     Disabled tool 'lean_hover_info' via   server.py:115
                             LEAN_MCP_DISABLED_TOOLS                            
                    INFO     Disabled tool 'lean_references' via   server.py:115
                             LEAN_MCP_DISABLED_TOOLS                            
                    INFO     Disabled tool 'lean_term_goal' via    server.py:115
                             LEAN_MCP_DISABLED_TOOLS                            
                    INFO     REPL enabled, using:                  server.py:322
                             /home/amirnabiyev/Conjecture_Prover/.              
                             lake/packages/repl/.lake/build/bin/re              
                             pl                                                 
                    INFO     REPL initialized: timeout=60s         server.py:325
[08/26/26 16:38:48] INFO     Session ending — cleaning up          server.py:360
                             per-session resources                              
[08/26/26 16:38:53] INFO     Session ending — cleaning up          server.py:360
                             per-session resources                              
[08/26/26 16:38:56] INFO     Disabled tool 'lean_build' via        server.py:115
                             LEAN_MCP_DISABLED_TOOLS                            
                    INFO     Disabled tool 'lean_completions' via  server.py:115
                             LEAN_MCP_DISABLED_TOOLS                            
                    INFO     Disabled tool 'lean_declaration_file' server.py:115
                             via LEAN_MCP_DISABLED_TOOLS                        
                    INFO     Disabled tool                         server.py:115
                             'lean_diagnostic_messages' via                     
                             LEAN_MCP_DISABLED_TOOLS                            
                    INFO     Disabled tool 'lean_file_outline' via server.py:115
                             LEAN_MCP_DISABLED_TOOLS                            
                    INFO     Disabled tool                         server.py:115
                             'lean_get_widget_source' via                       
                             LEAN_MCP_DISABLED_TOOLS                            
                    INFO     Disabled tool 'lean_get_widgets' via  server.py:115
                             LEAN_MCP_DISABLED_TOOLS                            
                    INFO     Disabled tool 'lean_goal' via         server.py:115
                             LEAN_MCP_DISABLED_TOOLS                            
                    INFO     Disabled tool 'lean_hover_info' via   server.py:115
                             LEAN_MCP_DISABLED_TOOLS                            
                    INFO     Disabled tool 'lean_references' via   server.py:115
                             LEAN_MCP_DISABLED_TOOLS                            
                    INFO     Disabled tool 'lean_term_goal' via    server.py:115
                             LEAN_MCP_DISABLED_TOOLS                            
                    INFO     REPL enabled, using:                  server.py:322
                             /home/amirnabiyev/Conjecture_Prover/.              
                             lake/packages/repl/.lake/build/bin/re              
                             pl                                                 
                    INFO     REPL initialized: timeout=60s         server.py:325
[08/26/26 16:39:02] INFO     Session ending — cleaning up          server.py:360
                             per-session resources                              
[08/26/26 16:39:24] INFO     Disabled tool 'lean_build' via        server.py:115
                             LEAN_MCP_DISABLED_TOOLS                            
                    INFO     Disabled tool 'lean_completions' via  server.py:115
                             LEAN_MCP_DISABLED_TOOLS                            
                    INFO     Disabled tool 'lean_declaration_file' server.py:115
                             via LEAN_MCP_DISABLED_TOOLS                        
                    INFO     Disabled tool                         server.py:115
                             'lean_diagnostic_messages' via                     
                             LEAN_MCP_DISABLED_TOOLS                            
                    INFO     Disabled tool 'lean_file_outline' via server.py:115
                             LEAN_MCP_DISABLED_TOOLS                            
                    INFO     Disabled tool                         server.py:115
                             'lean_get_widget_source' via                       
                             LEAN_MCP_DISABLED_TOOLS                            
                    INFO     Disabled tool 'lean_get_widgets' via  server.py:115
                             LEAN_MCP_DISABLED_TOOLS                            
                    INFO     Disabled tool 'lean_goal' via         server.py:115
                             LEAN_MCP_DISABLED_TOOLS                            
                    INFO     Disabled tool 'lean_hover_info' via   server.py:115
                             LEAN_MCP_DISABLED_TOOLS                            
                    INFO     Disabled tool 'lean_references' via   server.py:115
                             LEAN_MCP_DISABLED_TOOLS                            
                    INFO     Disabled tool 'lean_term_goal' via    server.py:115
                             LEAN_MCP_DISABLED_TOOLS                            
                    INFO     REPL enabled, using:                  server.py:322
                             /home/amirnabiyev/Conjecture_Prover/.              
                             lake/packages/repl/.lake/build/bin/re              
                             pl                                                 
                    INFO     REPL initialized: timeout=60s         server.py:325
[08/26/26 16:39:30] INFO     Session ending — cleaning up          server.py:360
                             per-session resources                              
[08/26/26 16:40:15] INFO     Disabled tool 'lean_build' via        server.py:115
                             LEAN_MCP_DISABLED_TOOLS                            
                    INFO     Disabled tool 'lean_completions' via  server.py:115
                             LEAN_MCP_DISABLED_TOOLS                            
                    INFO     Disabled tool 'lean_declaration_file' server.py:115
                             via LEAN_MCP_DISABLED_TOOLS                        
                    INFO     Disabled tool                         server.py:115
                             'lean_diagnostic_messages' via                     
                             LEAN_MCP_DISABLED_TOOLS                            
                    INFO     Disabled tool 'lean_file_outline' via server.py:115
                             LEAN_MCP_DISABLED_TOOLS                            
                    INFO     Disabled tool                         server.py:115
                             'lean_get_widget_source' via                       
                             LEAN_MCP_DISABLED_TOOLS                            
                    INFO     Disabled tool 'lean_get_widgets' via  server.py:115
                             LEAN_MCP_DISABLED_TOOLS                            
                    INFO     Disabled tool 'lean_goal' via         server.py:115
                             LEAN_MCP_DISABLED_TOOLS                            
                    INFO     Disabled tool 'lean_hover_info' via   server.py:115
                             LEAN_MCP_DISABLED_TOOLS                            
                    INFO     Disabled tool 'lean_references' via   server.py:115
                             LEAN_MCP_DISABLED_TOOLS                            
                    INFO     Disabled tool 'lean_term_goal' via    server.py:115
                             LEAN_MCP_DISABLED_TOOLS                            
                    INFO     REPL enabled, using:                  server.py:322
                             /home/amirnabiyev/Conjecture_Prover/.              
                             lake/packages/repl/.lake/build/bin/re              
                             pl                                                 
                    INFO     REPL initialized: timeout=60s         server.py:325
[08/26/26 16:40:21] INFO     Session ending — cleaning up          server.py:360
                             per-session resources                              
[08/26/26 16:40:37] INFO     Disabled tool 'lean_build' via        server.py:115
                             LEAN_MCP_DISABLED_TOOLS                            
                    INFO     Disabled tool 'lean_completions' via  server.py:115
                             LEAN_MCP_DISABLED_TOOLS                            
                    INFO     Disabled tool 'lean_declaration_file' server.py:115
                             via LEAN_MCP_DISABLED_TOOLS                        
                    INFO     Disabled tool                         server.py:115
                             'lean_diagnostic_messages' via                     
                             LEAN_MCP_DISABLED_TOOLS                            
                    INFO     Disabled tool 'lean_file_outline' via server.py:115
                             LEAN_MCP_DISABLED_TOOLS                            
                    INFO     Disabled tool                         server.py:115
                             'lean_get_widget_source' via                       
                             LEAN_MCP_DISABLED_TOOLS                            
                    INFO     Disabled tool 'lean_get_widgets' via  server.py:115
                             LEAN_MCP_DISABLED_TOOLS                            
                    INFO     Disabled tool 'lean_goal' via         server.py:115
                             LEAN_MCP_DISABLED_TOOLS                            
                    INFO     Disabled tool 'lean_hover_info' via   server.py:115
                             LEAN_MCP_DISABLED_TOOLS                            
                    INFO     Disabled tool 'lean_references' via   server.py:115
                             LEAN_MCP_DISABLED_TOOLS                            
                    INFO     Disabled tool 'lean_term_goal' via    server.py:115
                             LEAN_MCP_DISABLED_TOOLS                            
                    INFO     REPL enabled, using:                  server.py:322
                             /home/amirnabiyev/Conjecture_Prover/.              
                             lake/packages/repl/.lake/build/bin/re              
                             pl                                                 
                    INFO     REPL initialized: timeout=60s         server.py:325
[08/26/26 16:40:43] INFO     Session ending — cleaning up          server.py:360
                             per-session resources                              
[08/26/26 16:40:59] INFO     Disabled tool 'lean_build' via        server.py:115
                             LEAN_MCP_DISABLED_TOOLS                            
                    INFO     Disabled tool 'lean_completions' via  server.py:115
                             LEAN_MCP_DISABLED_TOOLS                            
                    INFO     Disabled tool 'lean_declaration_file' server.py:115
                             via LEAN_MCP_DISABLED_TOOLS                        
                    INFO     Disabled tool                         server.py:115
                             'lean_diagnostic_messages' via                     
                             LEAN_MCP_DISABLED_TOOLS                            
                    INFO     Disabled tool 'lean_file_outline' via server.py:115
                             LEAN_MCP_DISABLED_TOOLS                            
                    INFO     Disabled tool                         server.py:115
                             'lean_get_widget_source' via                       
                             LEAN_MCP_DISABLED_TOOLS                            
                    INFO     Disabled tool 'lean_get_widgets' via  server.py:115
                             LEAN_MCP_DISABLED_TOOLS                            
                    INFO     Disabled tool 'lean_goal' via         server.py:115
                             LEAN_MCP_DISABLED_TOOLS                            
                    INFO     Disabled tool 'lean_hover_info' via   server.py:115
                             LEAN_MCP_DISABLED_TOOLS                            
                    INFO     Disabled tool 'lean_references' via   server.py:115
                             LEAN_MCP_DISABLED_TOOLS                            
                    INFO     Disabled tool 'lean_term_goal' via    server.py:115
                             LEAN_MCP_DISABLED_TOOLS                            
                    INFO     REPL enabled, using:                  server.py:322
                             /home/amirnabiyev/Conjecture_Prover/.              
                             lake/packages/repl/.lake/build/bin/re              
                             pl                                                 
                    INFO     REPL initialized: timeout=60s         server.py:325
[08/26/26 16:41:07] INFO     Session ending — cleaning up          server.py:360
                             per-session resources                              
[08/26/26 16:41:35] INFO     Disabled tool 'lean_build' via        server.py:115
                             LEAN_MCP_DISABLED_TOOLS                            
                    INFO     Disabled tool 'lean_completions' via  server.py:115
                             LEAN_MCP_DISABLED_TOOLS                            
                    INFO     Disabled tool 'lean_declaration_file' server.py:115
                             via LEAN_MCP_DISABLED_TOOLS                        
                    INFO     Disabled tool                         server.py:115
                             'lean_diagnostic_messages' via                     
                             LEAN_MCP_DISABLED_TOOLS                            
                    INFO     Disabled tool 'lean_file_outline' via server.py:115
                             LEAN_MCP_DISABLED_TOOLS                            
                    INFO     Disabled tool                         server.py:115
                             'lean_get_widget_source' via                       
                             LEAN_MCP_DISABLED_TOOLS                            
                    INFO     Disabled tool 'lean_get_widgets' via  server.py:115
                             LEAN_MCP_DISABLED_TOOLS                            
                    INFO     Disabled tool 'lean_goal' via         server.py:115
                             LEAN_MCP_DISABLED_TOOLS                            
                    INFO     Disabled tool 'lean_hover_info' via   server.py:115
                             LEAN_MCP_DISABLED_TOOLS                            
                    INFO     Disabled tool 'lean_references' via   server.py:115
                             LEAN_MCP_DISABLED_TOOLS                            
                    INFO     Disabled tool 'lean_term_goal' via    server.py:115
                             LEAN_MCP_DISABLED_TOOLS                            
                    INFO     REPL enabled, using:                  server.py:322
                             /home/amirnabiyev/Conjecture_Prover/.              
                             lake/packages/repl/.lake/build/bin/re              
                             pl                                                 
                    INFO     REPL initialized: timeout=60s         server.py:325
[08/26/26 16:41:41] INFO     Session ending — cleaning up          server.py:360
                             per-session resources                              
[08/26/26 16:41:52] INFO     Disabled tool 'lean_build' via        server.py:115
                             LEAN_MCP_DISABLED_TOOLS                            
                    INFO     Disabled tool 'lean_completions' via  server.py:115
                             LEAN_MCP_DISABLED_TOOLS                            
                    INFO     Disabled tool 'lean_declaration_file' server.py:115
                             via LEAN_MCP_DISABLED_TOOLS                        
                    INFO     Disabled tool                         server.py:115
                             'lean_diagnostic_messages' via                     
                             LEAN_MCP_DISABLED_TOOLS                            
                    INFO     Disabled tool 'lean_file_outline' via server.py:115
                             LEAN_MCP_DISABLED_TOOLS                            
                    INFO     Disabled tool                         server.py:115
                             'lean_get_widget_source' via                       
                             LEAN_MCP_DISABLED_TOOLS                            
                    INFO     Disabled tool 'lean_get_widgets' via  server.py:115
                             LEAN_MCP_DISABLED_TOOLS                            
                    INFO     Disabled tool 'lean_goal' via         server.py:115
                             LEAN_MCP_DISABLED_TOOLS                            
                    INFO     Disabled tool 'lean_hover_info' via   server.py:115
                             LEAN_MCP_DISABLED_TOOLS                            
                    INFO     Disabled tool 'lean_references' via   server.py:115
                             LEAN_MCP_DISABLED_TOOLS                            
                    INFO     Disabled tool 'lean_term_goal' via    server.py:115
                             LEAN_MCP_DISABLED_TOOLS                            
                    INFO     REPL enabled, using:                  server.py:322
                             /home/amirnabiyev/Conjecture_Prover/.              
                             lake/packages/repl/.lake/build/bin/re              
                             pl                                                 
                    INFO     REPL initialized: timeout=60s         server.py:325
[08/26/26 16:41:59] INFO     Session ending — cleaning up          server.py:360
                             per-session resources                              
[08/26/26 16:42:12] INFO     Disabled tool 'lean_build' via        server.py:115
                             LEAN_MCP_DISABLED_TOOLS                            
                    INFO     Disabled tool 'lean_completions' via  server.py:115
                             LEAN_MCP_DISABLED_TOOLS                            
                    INFO     Disabled tool 'lean_declaration_file' server.py:115
                             via LEAN_MCP_DISABLED_TOOLS                        
                    INFO     Disabled tool                         server.py:115
                             'lean_diagnostic_messages' via                     
                             LEAN_MCP_DISABLED_TOOLS                            
                    INFO     Disabled tool 'lean_file_outline' via server.py:115
                             LEAN_MCP_DISABLED_TOOLS                            
                    INFO     Disabled tool                         server.py:115
                             'lean_get_widget_source' via                       
                             LEAN_MCP_DISABLED_TOOLS                            
                    INFO     Disabled tool 'lean_get_widgets' via  server.py:115
                             LEAN_MCP_DISABLED_TOOLS                            
                    INFO     Disabled tool 'lean_goal' via         server.py:115
                             LEAN_MCP_DISABLED_TOOLS                            
                    INFO     Disabled tool 'lean_hover_info' via   server.py:115
                             LEAN_MCP_DISABLED_TOOLS                            
                    INFO     Disabled tool 'lean_references' via   server.py:115
                             LEAN_MCP_DISABLED_TOOLS                            
                    INFO     Disabled tool 'lean_term_goal' via    server.py:115
                             LEAN_MCP_DISABLED_TOOLS                            
                    INFO     REPL enabled, using:                  server.py:322
                             /home/amirnabiyev/Conjecture_Prover/.              
                             lake/packages/repl/.lake/build/bin/re              
                             pl                                                 
                    INFO     REPL initialized: timeout=60s         server.py:325
[08/26/26 16:42:18] INFO     Session ending — cleaning up          server.py:360
                             per-session resources                              
[08/26/26 16:42:24] INFO     Disabled tool 'lean_build' via        server.py:115
                             LEAN_MCP_DISABLED_TOOLS                            
                    INFO     Disabled tool 'lean_completions' via  server.py:115
                             LEAN_MCP_DISABLED_TOOLS                            
                    INFO     Disabled tool 'lean_declaration_file' server.py:115
                             via LEAN_MCP_DISABLED_TOOLS                        
                    INFO     Disabled tool                         server.py:115
                             'lean_diagnostic_messages' via                     
                             LEAN_MCP_DISABLED_TOOLS                            
                    INFO     Disabled tool 'lean_file_outline' via server.py:115
                             LEAN_MCP_DISABLED_TOOLS                            
                    INFO     Disabled tool                         server.py:115
                             'lean_get_widget_source' via                       
                             LEAN_MCP_DISABLED_TOOLS                            
                    INFO     Disabled tool 'lean_get_widgets' via  server.py:115
                             LEAN_MCP_DISABLED_TOOLS                            
                    INFO     Disabled tool 'lean_goal' via         server.py:115
                             LEAN_MCP_DISABLED_TOOLS                            
                    INFO     Disabled tool 'lean_hover_info' via   server.py:115
                             LEAN_MCP_DISABLED_TOOLS                            
                    INFO     Disabled tool 'lean_references' via   server.py:115
                             LEAN_MCP_DISABLED_TOOLS                            
                    INFO     Disabled tool 'lean_term_goal' via    server.py:115
                             LEAN_MCP_DISABLED_TOOLS                            
                    INFO     REPL enabled, using:                  server.py:322
                             /home/amirnabiyev/Conjecture_Prover/.              
                             lake/packages/repl/.lake/build/bin/re              
                             pl                                                 
                    INFO     REPL initialized: timeout=60s         server.py:325
[08/26/26 16:42:30] INFO     Session ending — cleaning up          server.py:360
                             per-session resources                              
[08/26/26 16:43:13] INFO     Disabled tool 'lean_build' via        server.py:115
                             LEAN_MCP_DISABLED_TOOLS                            
                    INFO     Disabled tool 'lean_completions' via  server.py:115
                             LEAN_MCP_DISABLED_TOOLS                            
                    INFO     Disabled tool 'lean_declaration_file' server.py:115
                             via LEAN_MCP_DISABLED_TOOLS                        
                    INFO     Disabled tool                         server.py:115
                             'lean_diagnostic_messages' via                     
                             LEAN_MCP_DISABLED_TOOLS                            
                    INFO     Disabled tool 'lean_file_outline' via server.py:115
                             LEAN_MCP_DISABLED_TOOLS                            
                    INFO     Disabled tool                         server.py:115
                             'lean_get_widget_source' via                       
                             LEAN_MCP_DISABLED_TOOLS                            
                    INFO     Disabled tool 'lean_get_widgets' via  server.py:115
                             LEAN_MCP_DISABLED_TOOLS                            
                    INFO     Disabled tool 'lean_goal' via         server.py:115
                             LEAN_MCP_DISABLED_TOOLS                            
                    INFO     Disabled tool 'lean_hover_info' via   server.py:115
                             LEAN_MCP_DISABLED_TOOLS                            
                    INFO     Disabled tool 'lean_references' via   server.py:115
                             LEAN_MCP_DISABLED_TOOLS                            
                    INFO     Disabled tool 'lean_term_goal' via    server.py:115
                             LEAN_MCP_DISABLED_TOOLS                            
                    INFO     REPL enabled, using:                  server.py:322
                             /home/amirnabiyev/Conjecture_Prover/.              
                             lake/packages/repl/.lake/build/bin/re              
                             pl                                                 
                    INFO     REPL initialized: timeout=60s         server.py:325
[08/26/26 16:43:19] INFO     Session ending — cleaning up          server.py:360
                             per-session resources                              
[08/26/26 16:43:44] INFO     Disabled tool 'lean_build' via        server.py:115
                             LEAN_MCP_DISABLED_TOOLS                            
                    INFO     Disabled tool 'lean_completions' via  server.py:115
                             LEAN_MCP_DISABLED_TOOLS                            
                    INFO     Disabled tool 'lean_declaration_file' server.py:115
                             via LEAN_MCP_DISABLED_TOOLS                        
                    INFO     Disabled tool                         server.py:115
                             'lean_diagnostic_messages' via                     
                             LEAN_MCP_DISABLED_TOOLS                            
                    INFO     Disabled tool 'lean_file_outline' via server.py:115
                             LEAN_MCP_DISABLED_TOOLS                            
                    INFO     Disabled tool                         server.py:115
                             'lean_get_widget_source' via                       
                             LEAN_MCP_DISABLED_TOOLS                            
                    INFO     Disabled tool 'lean_get_widgets' via  server.py:115
                             LEAN_MCP_DISABLED_TOOLS                            
                    INFO     Disabled tool 'lean_goal' via         server.py:115
                             LEAN_MCP_DISABLED_TOOLS                            
                    INFO     Disabled tool 'lean_hover_info' via   server.py:115
                             LEAN_MCP_DISABLED_TOOLS                            
                    INFO     Disabled tool 'lean_references' via   server.py:115
                             LEAN_MCP_DISABLED_TOOLS                            
                    INFO     Disabled tool 'lean_term_goal' via    server.py:115
                             LEAN_MCP_DISABLED_TOOLS                            
                    INFO     REPL enabled, using:                  server.py:322
                             /home/amirnabiyev/Conjecture_Prover/.              
                             lake/packages/repl/.lake/build/bin/re              
                             pl                                                 
                    INFO     REPL initialized: timeout=60s         server.py:325
[08/26/26 16:43:47] INFO     Disabled tool 'lean_build' via        server.py:115
                             LEAN_MCP_DISABLED_TOOLS                            
                    INFO     Disabled tool 'lean_completions' via  server.py:115
                             LEAN_MCP_DISABLED_TOOLS                            
                    INFO     Disabled tool 'lean_declaration_file' server.py:115
                             via LEAN_MCP_DISABLED_TOOLS                        
                    INFO     Disabled tool                         server.py:115
                             'lean_diagnostic_messages' via                     
                             LEAN_MCP_DISABLED_TOOLS                            
                    INFO     Disabled tool 'lean_file_outline' via server.py:115
                             LEAN_MCP_DISABLED_TOOLS                            
                    INFO     Disabled tool                         server.py:115
                             'lean_get_widget_source' via                       
                             LEAN_MCP_DISABLED_TOOLS                            
                    INFO     Disabled tool 'lean_get_widgets' via  server.py:115
                             LEAN_MCP_DISABLED_TOOLS                            
                    INFO     Disabled tool 'lean_goal' via         server.py:115
                             LEAN_MCP_DISABLED_TOOLS                            
                    INFO     Disabled tool 'lean_hover_info' via   server.py:115
                             LEAN_MCP_DISABLED_TOOLS                            
                    INFO     Disabled tool 'lean_references' via   server.py:115
                             LEAN_MCP_DISABLED_TOOLS                            
                    INFO     Disabled tool 'lean_term_goal' via    server.py:115
                             LEAN_MCP_DISABLED_TOOLS                            
                    INFO     REPL enabled, using:                  server.py:322
                             /home/amirnabiyev/Conjecture_Prover/.              
                             lake/packages/repl/.lake/build/bin/re              
                             pl                                                 
                    INFO     REPL initialized: timeout=60s         server.py:325
[08/26/26 16:43:51] INFO     Session ending — cleaning up          server.py:360
                             per-session resources                              
[08/26/26 16:43:53] INFO     Session ending — cleaning up          server.py:360
                             per-session resources                              
[08/26/26 16:44:08] INFO     Disabled tool 'lean_build' via        server.py:115
                             LEAN_MCP_DISABLED_TOOLS                            
                    INFO     Disabled tool 'lean_completions' via  server.py:115
                             LEAN_MCP_DISABLED_TOOLS                            
                    INFO     Disabled tool 'lean_declaration_file' server.py:115
                             via LEAN_MCP_DISABLED_TOOLS                        
                    INFO     Disabled tool                         server.py:115
                             'lean_diagnostic_messages' via                     
                             LEAN_MCP_DISABLED_TOOLS                            
                    INFO     Disabled tool 'lean_file_outline' via server.py:115
                             LEAN_MCP_DISABLED_TOOLS                            
                    INFO     Disabled tool                         server.py:115
                             'lean_get_widget_source' via                       
                             LEAN_MCP_DISABLED_TOOLS                            
                    INFO     Disabled tool 'lean_get_widgets' via  server.py:115
                             LEAN_MCP_DISABLED_TOOLS                            
                    INFO     Disabled tool 'lean_goal' via         server.py:115
                             LEAN_MCP_DISABLED_TOOLS                            
                    INFO     Disabled tool 'lean_hover_info' via   server.py:115
                             LEAN_MCP_DISABLED_TOOLS                            
                    INFO     Disabled tool 'lean_references' via   server.py:115
                             LEAN_MCP_DISABLED_TOOLS                            
                    INFO     Disabled tool 'lean_term_goal' via    server.py:115
                             LEAN_MCP_DISABLED_TOOLS                            
                    INFO     REPL enabled, using:                  server.py:322
                             /home/amirnabiyev/Conjecture_Prover/.              
                             lake/packages/repl/.lake/build/bin/re              
                             pl                                                 
                    INFO     REPL initialized: timeout=60s         server.py:325
[08/26/26 16:44:14] INFO     Session ending — cleaning up          server.py:360
                             per-session resources                              
[08/26/26 16:44:23] INFO     Disabled tool 'lean_build' via        server.py:115
                             LEAN_MCP_DISABLED_TOOLS                            
                    INFO     Disabled tool 'lean_completions' via  server.py:115
                             LEAN_MCP_DISABLED_TOOLS                            
                    INFO     Disabled tool 'lean_declaration_file' server.py:115
                             via LEAN_MCP_DISABLED_TOOLS                        
                    INFO     Disabled tool                         server.py:115
                             'lean_diagnostic_messages' via                     
                             LEAN_MCP_DISABLED_TOOLS                            
                    INFO     Disabled tool 'lean_file_outline' via server.py:115
                             LEAN_MCP_DISABLED_TOOLS                            
                    INFO     Disabled tool                         server.py:115
                             'lean_get_widget_source' via                       
                             LEAN_MCP_DISABLED_TOOLS                            
                    INFO     Disabled tool 'lean_get_widgets' via  server.py:115
                             LEAN_MCP_DISABLED_TOOLS                            
                    INFO     Disabled tool 'lean_goal' via         server.py:115
                             LEAN_MCP_DISABLED_TOOLS                            
                    INFO     Disabled tool 'lean_hover_info' via   server.py:115
                             LEAN_MCP_DISABLED_TOOLS                            
                    INFO     Disabled tool 'lean_references' via   server.py:115
                             LEAN_MCP_DISABLED_TOOLS                            
                    INFO     Disabled tool 'lean_term_goal' via    server.py:115
                             LEAN_MCP_DISABLED_TOOLS                            
                    INFO     REPL enabled, using:                  server.py:322
                             /home/amirnabiyev/Conjecture_Prover/.              
                             lake/packages/repl/.lake/build/bin/re              
                             pl                                                 
                    INFO     REPL initialized: timeout=60s         server.py:325
[08/26/26 16:44:29] INFO     Session ending — cleaning up          server.py:360
                             per-session resources                              
[08/26/26 16:45:23] INFO     Disabled tool 'lean_build' via        server.py:115
                             LEAN_MCP_DISABLED_TOOLS                            
                    INFO     Disabled tool 'lean_completions' via  server.py:115
                             LEAN_MCP_DISABLED_TOOLS                            
                    INFO     Disabled tool 'lean_declaration_file' server.py:115
                             via LEAN_MCP_DISABLED_TOOLS                        
                    INFO     Disabled tool                         server.py:115
                             'lean_diagnostic_messages' via                     
                             LEAN_MCP_DISABLED_TOOLS                            
                    INFO     Disabled tool 'lean_file_outline' via server.py:115
                             LEAN_MCP_DISABLED_TOOLS                            
                    INFO     Disabled tool                         server.py:115
                             'lean_get_widget_source' via                       
                             LEAN_MCP_DISABLED_TOOLS                            
                    INFO     Disabled tool 'lean_get_widgets' via  server.py:115
                             LEAN_MCP_DISABLED_TOOLS                            
                    INFO     Disabled tool 'lean_goal' via         server.py:115
                             LEAN_MCP_DISABLED_TOOLS                            
                    INFO     Disabled tool 'lean_hover_info' via   server.py:115
                             LEAN_MCP_DISABLED_TOOLS                            
                    INFO     Disabled tool 'lean_references' via   server.py:115
                             LEAN_MCP_DISABLED_TOOLS                            
                    INFO     Disabled tool 'lean_term_goal' via    server.py:115
                             LEAN_MCP_DISABLED_TOOLS                            
                    INFO     REPL enabled, using:                  server.py:322
                             /home/amirnabiyev/Conjecture_Prover/.              
                             lake/packages/repl/.lake/build/bin/re              
                             pl                                                 
                    INFO     REPL initialized: timeout=60s         server.py:325
[08/26/26 16:45:30] INFO     Session ending — cleaning up          server.py:360
                             per-session resources                              
[08/26/26 16:46:41] INFO     Disabled tool 'lean_build' via        server.py:115
                             LEAN_MCP_DISABLED_TOOLS                            
                    INFO     Disabled tool 'lean_completions' via  server.py:115
                             LEAN_MCP_DISABLED_TOOLS                            
                    INFO     Disabled tool 'lean_declaration_file' server.py:115
                             via LEAN_MCP_DISABLED_TOOLS                        
                    INFO     Disabled tool                         server.py:115
                             'lean_diagnostic_messages' via                     
                             LEAN_MCP_DISABLED_TOOLS                            
                    INFO     Disabled tool 'lean_file_outline' via server.py:115
                             LEAN_MCP_DISABLED_TOOLS                            
                    INFO     Disabled tool                         server.py:115
                             'lean_get_widget_source' via                       
                             LEAN_MCP_DISABLED_TOOLS                            
                    INFO     Disabled tool 'lean_get_widgets' via  server.py:115
                             LEAN_MCP_DISABLED_TOOLS                            
                    INFO     Disabled tool 'lean_goal' via         server.py:115
                             LEAN_MCP_DISABLED_TOOLS                            
                    INFO     Disabled tool 'lean_hover_info' via   server.py:115
                             LEAN_MCP_DISABLED_TOOLS                            
                    INFO     Disabled tool 'lean_references' via   server.py:115
                             LEAN_MCP_DISABLED_TOOLS                            
                    INFO     Disabled tool 'lean_term_goal' via    server.py:115
                             LEAN_MCP_DISABLED_TOOLS                            
                    INFO     REPL enabled, using:                  server.py:322
                             /home/amirnabiyev/Conjecture_Prover/.              
                             lake/packages/repl/.lake/build/bin/re              
                             pl                                                 
                    INFO     REPL initialized: timeout=60s         server.py:325
[08/26/26 16:46:47] INFO     Session ending — cleaning up          server.py:360
                             per-session resources                              
[08/26/26 16:47:21] INFO     Disabled tool 'lean_build' via        server.py:115
                             LEAN_MCP_DISABLED_TOOLS                            
                    INFO     Disabled tool 'lean_completions' via  server.py:115
                             LEAN_MCP_DISABLED_TOOLS                            
                    INFO     Disabled tool 'lean_declaration_file' server.py:115
                             via LEAN_MCP_DISABLED_TOOLS                        
                    INFO     Disabled tool                         server.py:115
                             'lean_diagnostic_messages' via                     
                             LEAN_MCP_DISABLED_TOOLS                            
                    INFO     Disabled tool 'lean_file_outline' via server.py:115
                             LEAN_MCP_DISABLED_TOOLS                            
                    INFO     Disabled tool                         server.py:115
                             'lean_get_widget_source' via                       
                             LEAN_MCP_DISABLED_TOOLS                            
                    INFO     Disabled tool 'lean_get_widgets' via  server.py:115
                             LEAN_MCP_DISABLED_TOOLS                            
                    INFO     Disabled tool 'lean_goal' via         server.py:115
                             LEAN_MCP_DISABLED_TOOLS                            
                    INFO     Disabled tool 'lean_hover_info' via   server.py:115
                             LEAN_MCP_DISABLED_TOOLS                            
                    INFO     Disabled tool 'lean_references' via   server.py:115
                             LEAN_MCP_DISABLED_TOOLS                            
                    INFO     Disabled tool 'lean_term_goal' via    server.py:115
                             LEAN_MCP_DISABLED_TOOLS                            
                    INFO     REPL enabled, using:                  server.py:322
                             /home/amirnabiyev/Conjecture_Prover/.              
                             lake/packages/repl/.lake/build/bin/re              
                             pl                                                 
                    INFO     REPL initialized: timeout=60s         server.py:325
[08/26/26 16:47:29] INFO     Session ending — cleaning up          server.py:360
                             per-session resources                              
[08/26/26 16:48:11] INFO     Disabled tool 'lean_build' via        server.py:115
                             LEAN_MCP_DISABLED_TOOLS                            
                    INFO     Disabled tool 'lean_completions' via  server.py:115
                             LEAN_MCP_DISABLED_TOOLS                            
                    INFO     Disabled tool 'lean_declaration_file' server.py:115
                             via LEAN_MCP_DISABLED_TOOLS                        
                    INFO     Disabled tool                         server.py:115
                             'lean_diagnostic_messages' via                     
                             LEAN_MCP_DISABLED_TOOLS                            
                    INFO     Disabled tool 'lean_file_outline' via server.py:115
                             LEAN_MCP_DISABLED_TOOLS                            
                    INFO     Disabled tool                         server.py:115
                             'lean_get_widget_source' via                       
                             LEAN_MCP_DISABLED_TOOLS                            
                    INFO     Disabled tool 'lean_get_widgets' via  server.py:115
                             LEAN_MCP_DISABLED_TOOLS                            
                    INFO     Disabled tool 'lean_goal' via         server.py:115
                             LEAN_MCP_DISABLED_TOOLS                            
                    INFO     Disabled tool 'lean_hover_info' via   server.py:115
                             LEAN_MCP_DISABLED_TOOLS                            
                    INFO     Disabled tool 'lean_references' via   server.py:115
                             LEAN_MCP_DISABLED_TOOLS                            
                    INFO     Disabled tool 'lean_term_goal' via    server.py:115
                             LEAN_MCP_DISABLED_TOOLS                            
                    INFO     REPL enabled, using:                  server.py:322
                             /home/amirnabiyev/Conjecture_Prover/.              
                             lake/packages/repl/.lake/build/bin/re              
                             pl                                                 
                    INFO     REPL initialized: timeout=60s         server.py:325
[08/26/26 16:48:19] INFO     Session ending — cleaning up          server.py:360
                             per-session resources                              
[08/26/26 16:48:43] INFO     Disabled tool 'lean_build' via        server.py:115
                             LEAN_MCP_DISABLED_TOOLS                            
                    INFO     Disabled tool 'lean_completions' via  server.py:115
                             LEAN_MCP_DISABLED_TOOLS                            
                    INFO     Disabled tool 'lean_declaration_file' server.py:115
                             via LEAN_MCP_DISABLED_TOOLS                        
                    INFO     Disabled tool                         server.py:115
                             'lean_diagnostic_messages' via                     
                             LEAN_MCP_DISABLED_TOOLS                            
                    INFO     Disabled tool 'lean_file_outline' via server.py:115
                             LEAN_MCP_DISABLED_TOOLS                            
                    INFO     Disabled tool                         server.py:115
                             'lean_get_widget_source' via                       
                             LEAN_MCP_DISABLED_TOOLS                            
                    INFO     Disabled tool 'lean_get_widgets' via  server.py:115
                             LEAN_MCP_DISABLED_TOOLS                            
                    INFO     Disabled tool 'lean_goal' via         server.py:115
                             LEAN_MCP_DISABLED_TOOLS                            
                    INFO     Disabled tool 'lean_hover_info' via   server.py:115
                             LEAN_MCP_DISABLED_TOOLS                            
                    INFO     Disabled tool 'lean_references' via   server.py:115
                             LEAN_MCP_DISABLED_TOOLS                            
                    INFO     Disabled tool 'lean_term_goal' via    server.py:115
                             LEAN_MCP_DISABLED_TOOLS                            
                    INFO     REPL enabled, using:                  server.py:322
                             /home/amirnabiyev/Conjecture_Prover/.              
                             lake/packages/repl/.lake/build/bin/re              
                             pl                                                 
                    INFO     REPL initialized: timeout=60s         server.py:325
[08/26/26 16:48:51] INFO     Session ending — cleaning up          server.py:360
                             per-session resources                              
[08/26/26 16:49:10] INFO     Disabled tool 'lean_build' via        server.py:115
                             LEAN_MCP_DISABLED_TOOLS                            
                    INFO     Disabled tool 'lean_completions' via  server.py:115
                             LEAN_MCP_DISABLED_TOOLS                            
                    INFO     Disabled tool 'lean_declaration_file' server.py:115
                             via LEAN_MCP_DISABLED_TOOLS                        
                    INFO     Disabled tool                         server.py:115
                             'lean_diagnostic_messages' via                     
                             LEAN_MCP_DISABLED_TOOLS                            
                    INFO     Disabled tool 'lean_file_outline' via server.py:115
                             LEAN_MCP_DISABLED_TOOLS                            
                    INFO     Disabled tool                         server.py:115
                             'lean_get_widget_source' via                       
                             LEAN_MCP_DISABLED_TOOLS                            
                    INFO     Disabled tool 'lean_get_widgets' via  server.py:115
                             LEAN_MCP_DISABLED_TOOLS                            
                    INFO     Disabled tool 'lean_goal' via         server.py:115
                             LEAN_MCP_DISABLED_TOOLS                            
                    INFO     Disabled tool 'lean_hover_info' via   server.py:115
                             LEAN_MCP_DISABLED_TOOLS                            
                    INFO     Disabled tool 'lean_references' via   server.py:115
                             LEAN_MCP_DISABLED_TOOLS                            
                    INFO     Disabled tool 'lean_term_goal' via    server.py:115
                             LEAN_MCP_DISABLED_TOOLS                            
                    INFO     REPL enabled, using:                  server.py:322
                             /home/amirnabiyev/Conjecture_Prover/.              
                             lake/packages/repl/.lake/build/bin/re              
                             pl                                                 
                    INFO     REPL initialized: timeout=60s         server.py:325
[08/26/26 16:49:18] INFO     Session ending — cleaning up          server.py:360
                             per-session resources                              
[08/26/26 16:49:36] INFO     REPL enabled, using:                  server.py:322
                             /home/amirnabiyev/Conjecture_Prover/.              
                             lake/packages/repl/.lake/build/bin/re              
                             pl                                                 
                    INFO     REPL initialized: timeout=60s         server.py:325
                    INFO     Session ending — cleaning up          server.py:360
                             per-session resources                              
[08/26/26 16:49:57] INFO     REPL enabled, using:                  server.py:322
                             /home/amirnabiyev/Conjecture_Prover/.              
                             lake/packages/repl/.lake/build/bin/re              
                             pl                                                 
                    INFO     REPL initialized: timeout=60s         server.py:325
[08/26/26 16:49:58] INFO     Shared async LSP client         client_utils.py:133
                             connected at                                       
                             /home/amirnabiyev/Conjecture_Pr                    
                             over                                               
[08/26/26 16:50:11] INFO     Session ending — cleaning up          server.py:360
                             per-session resources                              
Exception ignored in: <function BaseSubprocessTransport.__del__ at 0x7b49e2fdd120>
Traceback (most recent call last):
  File "/usr/local/lib/python3.12/asyncio/base_subprocess.py", line 126, in __del__
    self.close()
  File "/usr/local/lib/python3.12/asyncio/base_subprocess.py", line 104, in close
    proto.pipe.close()
  File "/usr/local/lib/python3.12/asyncio/unix_events.py", line 767, in close
    self.write_eof()
  File "/usr/local/lib/python3.12/asyncio/unix_events.py", line 753, in write_eof
    self._loop.call_soon(self._call_connection_lost, None)
  File "/usr/local/lib/python3.12/asyncio/base_events.py", line 799, in call_soon
    self._check_closed()
  File "/usr/local/lib/python3.12/asyncio/base_events.py", line 545, in _check_closed
    raise RuntimeError('Event loop is closed')
RuntimeError: Event loop is closed

      ... (2219 total chars)
   🛠️  PL-exists_ltseries_comap_eq AI made 1 tool call(s):
 → lean_run_code
   💬 PL-ringKrullDim_le_of_isIntegral AI says: [FINAL PROPOSAL]
status: VERIFIED
new_str:
```lean
@[blueprint
  (statement := /-- For an integral extension $R \to S$, $\dim S \le \dim R$, i.e.
    $\operatorname{ringKrullDim} S \le \operatorname{ringKrullDim} R$. -/)
  (proof := /-- Contract a prime chain of $S$ along `algebraMap R S`; strictness is preserved by `Ideal.IsIntegral.comap_lt_comap`, so the contracted chain is a prime chain of $R$ of the same length. -/)
  (proofUses := [Ideal.IsIntegral.comap_lt_comap])
  (title := /-- Integral
      ... (1907 total chars)
   ⏰ Lemma 'ringKrullDim_le_of_isIntegral': turn limit (20) reached
   🛠️  PL-ltseries_snoc_comap AI made 1 tool call(s):
 → lean_run_code
   💬 PL-ltseries_snoc_comap AI says: `omega` can't prove strictness directly, yet the lemma statement elaborated. Let me investigate this discrepancy with a minimal test.
   🛠️  PL-ltseries_snoc_comap AI made 1 tool call(s):
 → lean_run_code
   🛠️  PL-exists_ltseries_comap_eq AI made 1 tool call(s):
 → lean_run_code
   🛠️  PL-ltseries_snoc_comap AI made 1 tool call(s):
 → lean_run_code
   💬 PL-ltseries_snoc_comap AI says: The `by omega` in `hQ` succeeds because the index is `Fin (p.length + 1)`, needing `q.length + 1 < p.length + 1` — provable from `hqlen`. Now let me check a key subtlety: whether two different proofs inside `Fin` indices are definitionally equal (affects whether `exact hQ` works after rewriting).
   🛠️  PL-ltseries_snoc_comap AI made 1 tool call(s):
 → lean_run_code
   🛠️  PL-exists_ltseries_comap_eq AI made 1 tool call(s):
 → lean_run_code
   💬 PL-ltseries_snoc_comap AI says: Proof irrelevance is definitional (`rfl` works). Now let me test the full proof:
   🛠️  PL-ltseries_snoc_comap AI made 1 tool call(s):
 → lean_run_code
   🛠️  PL-exists_ltseries_comap_eq AI made 1 tool call(s):
 → lean_run_code
   💬 PL-ltseries_snoc_comap AI says: The `rw [hqsnoc]` fails on the dependent binder. The error suggests using `simp` instead, which handles dependent rewrites. Let me test:
   🛠️  PL-ltseries_snoc_comap AI made 1 tool call(s):
 → lean_run_code
   💬 PL-ltseries_snoc_comap AI says: `simp [hqsnoc]` didn't rewrite the binder (warning: unused), so the cases have `i : Fin ((q.snoc Q hlt).length)`. Let me check whether `(q.snoc Q hlt).length` is definitionally `q.length + 1`, and test the rewrites in isolation:
   🛠️  PL-ltseries_snoc_comap AI made 1 tool call(s):
 → lean_run_code
   💬 PL-ltseries_snoc_comap AI says: The first example (`rfl`) succeeded but `rw` fails — transparency issue. Let me inspect the definitions of `RelSeries.snoc` and `RelSeries.last`:
   🛠️  PL-ltseries_snoc_comap AI made 1 tool call(s):
 → lean_run_code
   🛠️  PL-exists_ltseries_comap_eq AI made 1 tool call(s):
 → lean_run_code
   💬 PL-ltseries_snoc_comap AI says: `RelSeries.snoc` is defined via `append`/`singleton` (semireducible), so `rw` fails at implicit transparency but `rfl`/`simp` work. Let me try `change` to fix the binder type, then use `simp` for the rewrites:
   🛠️  PL-ltseries_snoc_comap AI made 1 tool call(s):
 → lean_run_code
   💬 PL-ltseries_snoc_comap AI says: The `change` + `Fin.lastCases` structure works, and the last case closed via `simp`. The castSucc rewrite didn't fire. Let me test it in isolation with the correctly-typed index:
   🛠️  PL-ltseries_snoc_comap AI made 1 tool call(s):
 → lean_run_code
   💬 PL-ltseries_snoc_comap AI says: The theorem can be applied directly with full instantiation instead of rewriting. Let me test:
   🛠️  PL-ltseries_snoc_comap AI made 1 tool call(s):
 → lean_run_code
   💬 PL-ltseries_snoc_comap AI says: The direct `exact RelSeries.snoc_castSucc q Q hlt i` works. Now the full proof:
   🛠️  PL-ltseries_snoc_comap AI made 1 tool call(s):
 → lean_run_code
   💬 PL-ltseries_snoc_comap AI says: `rw` keeps failing due to implicit transparency. Let me try a `calc`-based approach for the castSucc case, using `congr` + `exact` instead of `rw`:
   🛠️  PL-ltseries_snoc_comap AI made 1 tool call(s):
 → lean_run_code
   🛠️  PL-exists_ltseries_comap_eq AI made 1 tool call(s):
 → lean_run_code
   💬 PL-ltseries_snoc_comap AI says: Two fixes needed: use `congrArg` instead of `congr` (which over-splits), and `rfl` for the last step. Let me test:
   🛠️  PL-ltseries_snoc_comap AI made 1 tool call(s):
 → lean_run_code
   💬 PL-ltseries_snoc_comap AI says: The proof compiles. Let me clean up the unused simp argument and verify the final version:
   🛠️  PL-ltseries_snoc_comap AI made 1 tool call(s):
 → lean_run_code
   💬 PL-ltseries_snoc_comap AI says: The proof compiles cleanly with zero diagnostics. Let me do a final verification that the theorem is well-formed without any `sorry`:
   🛠️  PL-ltseries_snoc_comap AI made 1 tool call(s):
 → lean_run_code
   💬 PL-ltseries_snoc_comap AI says: [FINAL PROPOSAL]
status: VERIFIED
new_str:
```lean
lemma ltseries_snoc_comap {R S : Type} [CommRing R] [CommRing S] [Algebra R S]
    (p : LTSeries (PrimeSpectrum R)) (q : LTSeries (PrimeSpectrum S))
    (hqlen : q.length + 1 ≤ p.length) (Q : PrimeSpectrum S) (hlt : q.last < Q)
    (hqsnoc : (q.snoc Q hlt).length = q.length + 1)
    (hq : ∀ i : Fin (q.length + 1),
      Ideal.comap (algebraMap R S) (q i).asIdeal = (p ⟨i.val, by omega⟩).asIdeal)
    (hQ : Ideal.comap (algebraMap R S) Q.asIdeal = 
      ... (3288 total chars)
   ⏰ Lemma 'ltseries_snoc_comap': turn limit (20) reached
   🛠️  PL-exists_ltseries_comap_eq AI made 1 tool call(s):
 → lean_run_code
   🛠️  PL-exists_ltseries_comap_eq AI made 1 tool call(s):
 → lean_run_code
   🛠️  PL-exists_ltseries_comap_eq AI made 1 tool call(s):
 → lean_run_code
   🛠️  PL-exists_ltseries_comap_eq AI made 1 tool call(s):
 → lean_run_code
   🛠️  PL-exists_ltseries_comap_eq AI made 1 tool call(s):
 → lean_run_code
   💬 PL-exists_ltseries_comap_eq AI says: The proof compiles cleanly as an `example`. Let me verify it works as the actual lemma declaration with the blueprint attribute (using a fresh name to avoid clashing with the imported sorry version):
   🛠️  PL-exists_ltseries_comap_eq AI made 1 tool call(s):
 → lean_run_code
   💬 PL-exists_ltseries_comap_eq AI says: [FINAL PROPOSAL]
status: VERIFIED
new_str:
```lean
@[blueprint
  (statement := /-- For an injective integral extension $R \to S$, every finite prime chain of $R$ lifts to a prime chain of $S$ of the same length whose contractions along `algebraMap R S` are the given primes of $R$. -/)
  (proof := /-- Induct on the chain with `Fin.induction`, carrying as motive: for index $i$ a chain $q$ of length $i.val$ with $\operatorname{comap} (q_j) = P_j$ for all $j \le i$.  Base case: `Ideal.exists_ideal_o
      ... (7176 total chars)
   ⏰ Lemma 'exists_ltseries_comap_eq': turn limit (20) reached

======================================================================
AGGREGATOR: Applying proofs (round 2)
   Received 4 proposal(s)
======================================================================

   💬 AG AI says: I'll validate the proposal first. The `new_str` contains prose wrapper text plus a code block; I'll strip the wrapper and extract the actual Lean declaration. Note the extracted declaration omits the `@[blueprint ...]` attribute header from `old_str` — I'll preserve that header (it's required for the blueprint build) and apply the new proof body, which is exactly the intended edit.
   🛠️  AG AI made 1 tool call(s):
 → search_replace_workspace
   💬 AG AI says: Replacement applied. Now validating the file compiles:
   🛠️  AG AI made 1 tool call(s):
 → lean_diagnostic_messages
   💬 AG AI says: The proposal has been applied successfully.

**Summary:**
- **Lemma `ringKrullDim_ge_of_isIntegral`** — Applied. The `new_str` contained prose wrapper text and a code fence; I stripped the wrapper and applied the extracted proof body, preserving the `@[blueprint ...]` attribute header from the original declaration (required for the blueprint build).
- **Validation** — `lean_diagnostic_messages` reports success with no errors. The only remaining warnings are `sorry` in other, unrelated declaratio[08/26/26 16:50:32] INFO     REPL enabled, using:                  server.py:322
                             /home/amirnabiyev/Conjecture_Prover/.              
                             lake/packages/repl/.lake/build/bin/re              
                             pl                                                 
                    INFO     REPL initialized: timeout=60s         server.py:325
                    INFO     Session ending — cleaning up          server.py:360
                             per-session resources                              
[08/26/26 16:50:39] INFO     Disabled tool 'lean_build' via        server.py:115
                             LEAN_MCP_DISABLED_TOOLS                            
                    INFO     Disabled tool 'lean_completions' via  server.py:115
                             LEAN_MCP_DISABLED_TOOLS                            
                    INFO     Disabled tool 'lean_declaration_file' server.py:115
                             via LEAN_MCP_DISABLED_TOOLS                        
                    INFO     Disabled tool                         server.py:115
                             'lean_diagnostic_messages' via                     
                             LEAN_MCP_DISABLED_TOOLS                            
                    INFO     Disabled tool 'lean_file_outline' via server.py:115
                             LEAN_MCP_DISABLED_TOOLS                            
                    INFO     Disabled tool                         server.py:115
                             'lean_get_widget_source' via                       
                             LEAN_MCP_DISABLED_TOOLS                            
                    INFO     Disabled tool 'lean_get_widgets' via  server.py:115
                             LEAN_MCP_DISABLED_TOOLS                            
                    INFO     Disabled tool 'lean_goal' via         server.py:115
                             LEAN_MCP_DISABLED_TOOLS                            
                    INFO     Disabled tool 'lean_hover_info' via   server.py:115
                             LEAN_MCP_DISABLED_TOOLS                            
                    INFO     Disabled tool 'lean_references' via   server.py:115
                             LEAN_MCP_DISABLED_TOOLS                            
                    INFO     Disabled tool 'lean_term_goal' via    server.py:115
                             LEAN_MCP_DISABLED_TOOLS                            
                    INFO     REPL enabled, using:                  server.py:322
                             /home/amirnabiyev/Conjecture_Prover/.              
                             lake/packages/repl/.lake/build/bin/re              
                             pl                                                 
                    INFO     REPL initialized: timeout=60s         server.py:325
                    INFO     Session ending — cleaning up          server.py:360
                             per-session resources                              
[08/26/26 16:50:40] INFO     Disabled tool 'lean_build' via        server.py:115
                             LEAN_MCP_DISABLED_TOOLS                            
[08/26/26 16:50:40] INFO     Disabled tool 'lean_build' via        server.py:115
                             LEAN_MCP_DISABLED_TOOLS                            
                    INFO     Disabled tool 'lean_completions' via  server.py:115
                             LEAN_MCP_DISABLED_TOOLS                            
                    INFO     Disabled tool 'lean_declaration_file' server.py:115
                             via LEAN_MCP_DISABLED_TOOLS                        
                    INFO     Disabled tool 'lean_completions' via  server.py:115
                             LEAN_MCP_DISABLED_TOOLS                            
                    INFO     Disabled tool                         server.py:115
                             'lean_diagnostic_messages' via                     
                             LEAN_MCP_DISABLED_TOOLS                            
                    INFO     Disabled tool 'lean_declaration_file' server.py:115
                             via LEAN_MCP_DISABLED_TOOLS                        
                    INFO     Disabled tool 'lean_file_outline' via server.py:115
                             LEAN_MCP_DISABLED_TOOLS                            
                    INFO     Disabled tool                         server.py:115
                             'lean_diagnostic_messages' via                     
                             LEAN_MCP_DISABLED_TOOLS                            
                    INFO     Disabled tool                         server.py:115
                             'lean_get_widget_source' via                       
                             LEAN_MCP_DISABLED_TOOLS                            
                    INFO     Disabled tool 'lean_file_outline' via server.py:115
                             LEAN_MCP_DISABLED_TOOLS                            
                    INFO     Disabled tool 'lean_get_widgets' via  server.py:115
                             LEAN_MCP_DISABLED_TOOLS                            
                    INFO     Disabled tool 'lean_goal' via         server.py:115
                             LEAN_MCP_DISABLED_TOOLS                            
                    INFO     Disabled tool                         server.py:115
                             'lean_get_widget_source' via                       
                             LEAN_MCP_DISABLED_TOOLS                            
                    INFO     Disabled tool 'lean_hover_info' via   server.py:115
                             LEAN_MCP_DISABLED_TOOLS                            
                    INFO     Disabled tool 'lean_get_widgets' via  server.py:115
                             LEAN_MCP_DISABLED_TOOLS                            
                    INFO     Disabled tool 'lean_references' via   server.py:115
                             LEAN_MCP_DISABLED_TOOLS                            
                    INFO     Disabled tool 'lean_goal' via         server.py:115
                             LEAN_MCP_DISABLED_TOOLS                            
                    INFO     Disabled tool 'lean_term_goal' via    server.py:115
                             LEAN_MCP_DISABLED_TOOLS                            
                    INFO     Disabled tool 'lean_hover_info' via   server.py:115
                             LEAN_MCP_DISABLED_TOOLS                            
                    INFO     Disabled tool 'lean_references' via   server.py:115
                             LEAN_MCP_DISABLED_TOOLS                            
                    INFO     Disabled tool 'lean_term_goal' via    server.py:115
                             LEAN_MCP_DISABLED_TOOLS                            
                    INFO     REPL enabled, using:                  server.py:322
                             /home/amirnabiyev/Conjecture_Prover/.              
                             lake/packages/repl/.lake/build/bin/re              
                             pl                                                 
                    INFO     REPL initialized: timeout=60s         server.py:325
                    INFO     REPL enabled, using:                  server.py:322
                             /home/amirnabiyev/Conjecture_Prover/.              
                             lake/packages/repl/.lake/build/bin/re              
                             pl                                                 
                    INFO     REPL initialized: timeout=60s         server.py:325
                    INFO     Session ending — cleaning up          server.py:360
                             per-session resources                              
                    INFO     Session ending — cleaning up          server.py:360
                             per-session resources                              
[08/26/26 16:50:43] INFO     Disabled tool 'lean_build' via        server.py:115
                             LEAN_MCP_DISABLED_TOOLS                            
                    INFO     Disabled tool 'lean_completions' via  server.py:115
                             LEAN_MCP_DISABLED_TOOLS                            
                    INFO     Disabled tool 'lean_declaration_file' server.py:115
                             via LEAN_MCP_DISABLED_TOOLS                        
                    INFO     Disabled tool                         server.py:115
                             'lean_diagnostic_messages' via                     
                             LEAN_MCP_DISABLED_TOOLS                            
                    INFO     Disabled tool 'lean_file_outline' via server.py:115
                             LEAN_MCP_DISABLED_TOOLS                            
                    INFO     Disabled tool                         server.py:115
                             'lean_get_widget_source' via                       
                             LEAN_MCP_DISABLED_TOOLS                            
                    INFO     Disabled tool 'lean_get_widgets' via  server.py:115
                             LEAN_MCP_DISABLED_TOOLS                            
                    INFO     Disabled tool 'lean_goal' via         server.py:115
                             LEAN_MCP_DISABLED_TOOLS                            
                    INFO     Disabled tool 'lean_hover_info' via   server.py:115
                             LEAN_MCP_DISABLED_TOOLS                            
                    INFO     Disabled tool 'lean_references' via   server.py:115
                             LEAN_MCP_DISABLED_TOOLS                            
                    INFO     Disabled tool 'lean_term_goal' via    server.py:115
                             LEAN_MCP_DISABLED_TOOLS                            
                    INFO     REPL enabled, using:                  server.py:322
                             /home/amirnabiyev/Conjecture_Prover/.              
                             lake/packages/repl/.lake/build/bin/re              
                             pl                                                 
                    INFO     REPL initialized: timeout=60s         server.py:325
[08/26/26 16:50:44] INFO     Disabled tool 'lean_build' via        server.py:115
                             LEAN_MCP_DISABLED_TOOLS                            
                    INFO     Disabled tool 'lean_completions' via  server.py:115
                             LEAN_MCP_DISABLED_TOOLS                            
                    INFO     Disabled tool 'lean_declaration_file' server.py:115
                             via LEAN_MCP_DISABLED_TOOLS                        
                    INFO     Disabled tool                         server.py:115
                             'lean_diagnostic_messages' via                     
                             LEAN_MCP_DISABLED_TOOLS                            
                    INFO     Disabled tool 'lean_file_outline' via server.py:115
                             LEAN_MCP_DISABLED_TOOLS                            
                    INFO     Disabled tool                         server.py:115
                             'lean_get_widget_source' via                       
                             LEAN_MCP_DISABLED_TOOLS                            
                    INFO     Disabled tool 'lean_get_widgets' via  server.py:115
                             LEAN_MCP_DISABLED_TOOLS                            
                    INFO     Disabled tool 'lean_goal' via         server.py:115
                             LEAN_MCP_DISABLED_TOOLS                            
                    INFO     Disabled tool 'lean_hover_info' via   server.py:115
                             LEAN_MCP_DISABLED_TOOLS                            
                    INFO     Disabled tool 'lean_references' via   server.py:115
                             LEAN_MCP_DISABLED_TOOLS                            
                    INFO     Disabled tool 'lean_term_goal' via    server.py:115
                             LEAN_MCP_DISABLED_TOOLS                            
                    INFO     REPL enabled, using:                  server.py:322
                             /home/amirnabiyev/Conjecture_Prover/.              
                             lake/packages/repl/.lake/build/bin/re              
                             pl                                                 
                    INFO     REPL initialized: timeout=60s         server.py:325
[08/26/26 16:50:45] INFO     Session ending — cleaning up          server.py:360
                             per-session resources                              
[08/26/26 16:50:48] INFO     Disabled tool 'lean_build' via        server.py:115
                             LEAN_MCP_DISABLED_TOOLS                            
                    INFO     Disabled tool 'lean_completions' via  server.py:115
                             LEAN_MCP_DISABLED_TOOLS                            
                    INFO     Disabled tool 'lean_declaration_file' server.py:115
                             via LEAN_MCP_DISABLED_TOOLS                        
                    INFO     Disabled tool                         server.py:115
                             'lean_diagnostic_messages' via                     
                             LEAN_MCP_DISABLED_TOOLS                            
                    INFO     Disabled tool 'lean_file_outline' via server.py:115
                             LEAN_MCP_DISABLED_TOOLS                            
                    INFO     Disabled tool                         server.py:115
                             'lean_get_widget_source' via                       
                             LEAN_MCP_DISABLED_TOOLS                            
                    INFO     Disabled tool 'lean_get_widgets' via  server.py:115
                             LEAN_MCP_DISABLED_TOOLS                            
                    INFO     Disabled tool 'lean_goal' via         server.py:115
                             LEAN_MCP_DISABLED_TOOLS                            
                    INFO     Disabled tool 'lean_hover_info' via   server.py:115
                             LEAN_MCP_DISABLED_TOOLS                            
                    INFO     Disabled tool 'lean_references' via   server.py:115
                             LEAN_MCP_DISABLED_TOOLS                            
                    INFO     Disabled tool 'lean_term_goal' via    server.py:115
                             LEAN_MCP_DISABLED_TOOLS                            
                    INFO     REPL enabled, using:                  server.py:322
                             /home/amirnabiyev/Conjecture_Prover/.              
                             lake/packages/repl/.lake/build/bin/re              
                             pl                                                 
                    INFO     REPL initialized: timeout=60s         server.py:325
[08/26/26 16:50:49] INFO     Session ending — cleaning up          server.py:360
                             per-session resources                              
[08/26/26 16:50:50] INFO     Session ending — cleaning up          server.py:360
                             per-session resources                              
[08/26/26 16:50:50] INFO     Disabled tool 'lean_build' via        server.py:115
                             LEAN_MCP_DISABLED_TOOLS                            
                    INFO     Disabled tool 'lean_completions' via  server.py:115
                             LEAN_MCP_DISABLED_TOOLS                            
                    INFO     Disabled tool 'lean_declaration_file' server.py:115
                             via LEAN_MCP_DISABLED_TOOLS                        
                    INFO     Disabled tool                         server.py:115
                             'lean_diagnostic_messages' via                     
                             LEAN_MCP_DISABLED_TOOLS                            
                    INFO     Disabled tool 'lean_file_outline' via server.py:115
                             LEAN_MCP_DISABLED_TOOLS                            
                    INFO     Disabled tool                         server.py:115
                             'lean_get_widget_source' via                       
                             LEAN_MCP_DISABLED_TOOLS                            
                    INFO     Disabled tool 'lean_get_widgets' via  server.py:115
                             LEAN_MCP_DISABLED_TOOLS                            
                    INFO     Disabled tool 'lean_goal' via         server.py:115
                             LEAN_MCP_DISABLED_TOOLS                            
                    INFO     Disabled tool 'lean_hover_info' via   server.py:115
                             LEAN_MCP_DISABLED_TOOLS                            
                    INFO     Disabled tool 'lean_references' via   server.py:115
                             LEAN_MCP_DISABLED_TOOLS                            
                    INFO     Disabled tool 'lean_term_goal' via    server.py:115
                             LEAN_MCP_DISABLED_TOOLS                            
                    INFO     REPL enabled, using:                  server.py:322
                             /home/amirnabiyev/Conjecture_Prover/.              
                             lake/packages/repl/.lake/build/bin/re              
                             pl                                                 
                    INFO     REPL initialized: timeout=60s         server.py:325
                    INFO     Session ending — cleaning up          server.py:360
                             per-session resources                              
[08/26/26 16:50:51] INFO     Disabled tool 'lean_build' via        server.py:115
                             LEAN_MCP_DISABLED_TOOLS                            
                    INFO     Disabled tool 'lean_completions' via  server.py:115
                             LEAN_MCP_DISABLED_TOOLS                            
                    INFO     Disabled tool 'lean_declaration_file' server.py:115
                             via LEAN_MCP_DISABLED_TOOLS                        
                    INFO     Disabled tool                         server.py:115
                             'lean_diagnostic_messages' via                     
                             LEAN_MCP_DISABLED_TOOLS                            
                    INFO     Disabled tool 'lean_file_outline' via server.py:115
                             LEAN_MCP_DISABLED_TOOLS                            
                    INFO     Disabled tool                         server.py:115
                             'lean_get_widget_source' via                       
                             LEAN_MCP_DISABLED_TOOLS                            
                    INFO     Disabled tool 'lean_get_widgets' via  server.py:115
                             LEAN_MCP_DISABLED_TOOLS                            
                    INFO     Disabled tool 'lean_goal' via         server.py:115
                             LEAN_MCP_DISABLED_TOOLS                            
                    INFO     Disabled tool 'lean_hover_info' via   server.py:115
                             LEAN_MCP_DISABLED_TOOLS                            
                    INFO     Disabled tool 'lean_references' via   server.py:115
                             LEAN_MCP_DISABLED_TOOLS                            
                    INFO     Disabled tool 'lean_term_goal' via    server.py:115
                             LEAN_MCP_DISABLED_TOOLS                            
                    INFO     REPL enabled, using:                  server.py:322
                             /home/amirnabiyev/Conjecture_Prover/.              
                             lake/packages/repl/.lake/build/bin/re              
                             pl                                                 
                    INFO     REPL initialized: timeout=60s         server.py:325
[08/26/26 16:50:52] INFO     Session ending — cleaning up          server.py:360
                             per-session resources                              
[08/26/26 16:50:55] INFO     Disabled tool 'lean_build' via        server.py:115
                             LEAN_MCP_DISABLED_TOOLS                            
                    INFO     Disabled tool 'lean_completions' via  server.py:115
                             LEAN_MCP_DISABLED_TOOLS                            
                    INFO     Disabled tool 'lean_declaration_file' server.py:115
                             via LEAN_MCP_DISABLED_TOOLS                        
                    INFO     Disabled tool                         server.py:115
                             'lean_diagnostic_messages' via                     
                             LEAN_MCP_DISABLED_TOOLS                            
                    INFO     Disabled tool 'lean_file_outline' via server.py:115
                             LEAN_MCP_DISABLED_TOOLS                            
                    INFO     Disabled tool                         server.py:115
                             'lean_get_widget_source' via                       
                             LEAN_MCP_DISABLED_TOOLS                            
                    INFO     Disabled tool 'lean_get_widgets' via  server.py:115
                             LEAN_MCP_DISABLED_TOOLS                            
                    INFO     Disabled tool 'lean_goal' via         server.py:115
                             LEAN_MCP_DISABLED_TOOLS                            
                    INFO     Disabled tool 'lean_hover_info' via   server.py:115
                             LEAN_MCP_DISABLED_TOOLS                            
                    INFO     Disabled tool 'lean_references' via   server.py:115
                             LEAN_MCP_DISABLED_TOOLS                            
                    INFO     Disabled tool 'lean_term_goal' via    server.py:115
                             LEAN_MCP_DISABLED_TOOLS                            
                    INFO     REPL enabled, using:                  server.py:322
                             /home/amirnabiyev/Conjecture_Prover/.              
                             lake/packages/repl/.lake/build/bin/re              
                             pl                                                 
                    INFO     REPL initialized: timeout=60s         server.py:325
                    INFO     Session ending — cleaning up          server.py:360
                             per-session resources                              
[08/26/26 16:50:55] INFO     Disabled tool 'lean_build' via        server.py:115
                             LEAN_MCP_DISABLED_TOOLS                            
                    INFO     Disabled tool 'lean_completions' via  server.py:115
                             LEAN_MCP_DISABLED_TOOLS                            
                    INFO     Disabled tool 'lean_declaration_file' server.py:115
                             via LEAN_MCP_DISABLED_TOOLS                        
                    INFO     Disabled tool                         server.py:115
                             'lean_diagnostic_messages' via                     
                             LEAN_MCP_DISABLED_TOOLS                            
                    INFO     Disabled tool 'lean_file_outline' via server.py:115
                             LEAN_MCP_DISABLED_TOOLS                            
                    INFO     Disabled tool                         server.py:115
                             'lean_get_widget_source' via                       
                             LEAN_MCP_DISABLED_TOOLS                            
                    INFO     Disabled tool 'lean_get_widgets' via  server.py:115
                             LEAN_MCP_DISABLED_TOOLS                            
                    INFO     Disabled tool 'lean_goal' via         server.py:115
                             LEAN_MCP_DISABLED_TOOLS                            
                    INFO     Disabled tool 'lean_hover_info' via   server.py:115
                             LEAN_MCP_DISABLED_TOOLS                            
                    INFO     Disabled tool 'lean_references' via   server.py:115
                             LEAN_MCP_DISABLED_TOOLS                            
                    INFO     Disabled tool 'lean_term_goal' via    server.py:115
                             LEAN_MCP_DISABLED_TOOLS                            
                    INFO     REPL enabled, using:                  server.py:322
                             /home/amirnabiyev/Conjecture_Prover/.              
                             lake/packages/repl/.lake/build/bin/re              
                             pl                                                 
                    INFO     REPL initialized: timeout=60s         server.py:325
[08/26/26 16:50:56] INFO     Session ending — cleaning up          server.py:360
                             per-session resources                              
[08/26/26 16:50:57] INFO     Disabled tool 'lean_build' via        server.py:115
                             LEAN_MCP_DISABLED_TOOLS                            
                    INFO     Disabled tool 'lean_completions' via  server.py:115
                             LEAN_MCP_DISABLED_TOOLS                            
                    INFO     Disabled tool 'lean_declaration_file' server.py:115
                             via LEAN_MCP_DISABLED_TOOLS                        
                    INFO     Disabled tool                         server.py:115
                             'lean_diagnostic_messages' via                     
                             LEAN_MCP_DISABLED_TOOLS                            
                    INFO     Disabled tool 'lean_file_outline' via server.py:115
                             LEAN_MCP_DISABLED_TOOLS                            
                    INFO     Disabled tool                         server.py:115
                             'lean_get_widget_source' via                       
                             LEAN_MCP_DISABLED_TOOLS                            
                    INFO     Disabled tool 'lean_get_widgets' via  server.py:115
                             LEAN_MCP_DISABLED_TOOLS                            
                    INFO     Disabled tool 'lean_goal' via         server.py:115
                             LEAN_MCP_DISABLED_TOOLS                            
                    INFO     Disabled tool 'lean_hover_info' via   server.py:115
                             LEAN_MCP_DISABLED_TOOLS                            
                    INFO     Disabled tool 'lean_references' via   server.py:115
                             LEAN_MCP_DISABLED_TOOLS                            
                    INFO     Disabled tool 'lean_term_goal' via    server.py:115
                             LEAN_MCP_DISABLED_TOOLS                            
                    INFO     REPL enabled, using:                  server.py:322
                             /home/amirnabiyev/Conjecture_Prover/.              
                             lake/packages/repl/.lake/build/bin/re              
                             pl                                                 
                    INFO     REPL initialized: timeout=60s         server.py:325
                    INFO     Session ending — cleaning up          server.py:360
                             per-session resources                              
[08/26/26 16:50:57] INFO     Disabled tool 'lean_build' via        server.py:115
                             LEAN_MCP_DISABLED_TOOLS                            
                    INFO     Disabled tool 'lean_completions' via  server.py:115
                             LEAN_MCP_DISABLED_TOOLS                            
                    INFO     Disabled tool 'lean_declaration_file' server.py:115
                             via LEAN_MCP_DISABLED_TOOLS                        
                    INFO     Disabled tool                         server.py:115
                             'lean_diagnostic_messages' via                     
                             LEAN_MCP_DISABLED_TOOLS                            
                    INFO     Disabled tool 'lean_file_outline' via server.py:115
                             LEAN_MCP_DISABLED_TOOLS                            
                    INFO     Disabled tool                         server.py:115
                             'lean_get_widget_source' via                       
                             LEAN_MCP_DISABLED_TOOLS                            
                    INFO     Disabled tool 'lean_get_widgets' via  server.py:115
                             LEAN_MCP_DISABLED_TOOLS                            
                    INFO     Disabled tool 'lean_goal' via         server.py:115
                             LEAN_MCP_DISABLED_TOOLS                            
                    INFO     Disabled tool 'lean_hover_info' via   server.py:115
                             LEAN_MCP_DISABLED_TOOLS                            
                    INFO     Disabled tool 'lean_references' via   server.py:115
                             LEAN_MCP_DISABLED_TOOLS                            
                    INFO     Disabled tool 'lean_term_goal' via    server.py:115
                             LEAN_MCP_DISABLED_TOOLS                            
                    INFO     REPL enabled, using:                  server.py:322
                             /home/amirnabiyev/Conjecture_Prover/.              
                             lake/packages/repl/.lake/build/bin/re              
                             pl                                                 
                    INFO     REPL initialized: timeout=60s         server.py:325
[08/26/26 16:50:58] INFO     Session ending — cleaning up          server.py:360
                             per-session resources                              
[08/26/26 16:50:59] INFO     Disabled tool 'lean_build' via        server.py:115
                             LEAN_MCP_DISABLED_TOOLS                            
                    INFO     Disabled tool 'lean_completions' via  server.py:115
                             LEAN_MCP_DISABLED_TOOLS                            
                    INFO     Disabled tool 'lean_declaration_file' server.py:115
                             via LEAN_MCP_DISABLED_TOOLS                        
                    INFO     Disabled tool                         server.py:115
                             'lean_diagnostic_messages' via                     
                             LEAN_MCP_DISABLED_TOOLS                            
                    INFO     Disabled tool 'lean_file_outline' via server.py:115
                             LEAN_MCP_DISABLED_TOOLS                            
                    INFO     Disabled tool                         server.py:115
                             'lean_get_widget_source' via                       
                             LEAN_MCP_DISABLED_TOOLS                            
                    INFO     Disabled tool 'lean_get_widgets' via  server.py:115
                             LEAN_MCP_DISABLED_TOOLS                            
                    INFO     Disabled tool 'lean_goal' via         server.py:115
                             LEAN_MCP_DISABLED_TOOLS                            
                    INFO     Disabled tool 'lean_hover_info' via   server.py:115
                             LEAN_MCP_DISABLED_TOOLS                            
                    INFO     Disabled tool 'lean_references' via   server.py:115
                             LEAN_MCP_DISABLED_TOOLS                            
                    INFO     Disabled tool 'lean_term_goal' via    server.py:115
                             LEAN_MCP_DISABLED_TOOLS                            
                    INFO     REPL enabled, using:                  server.py:322
                             /home/amirnabiyev/Conjecture_Prover/.              
                             lake/packages/repl/.lake/build/bin/re              
                             pl                                                 
                    INFO     REPL initialized: timeout=60s         server.py:325
                    INFO     Session ending — cleaning up          server.py:360
                             per-session resources                              
[08/26/26 16:51:02] INFO     Disabled tool 'lean_build' via        server.py:115
                             LEAN_MCP_DISABLED_TOOLS                            
                    INFO     Disabled tool 'lean_completions' via  server.py:115
                             LEAN_MCP_DISABLED_TOOLS                            
                    INFO     Disabled tool 'lean_declaration_file' server.py:115
                             via LEAN_MCP_DISABLED_TOOLS                        
                    INFO     Disabled tool                         server.py:115
                             'lean_diagnostic_messages' via                     
                             LEAN_MCP_DISABLED_TOOLS                            
                    INFO     Disabled tool 'lean_file_outline' via server.py:115
                             LEAN_MCP_DISABLED_TOOLS                            
                    INFO     Disabled tool                         server.py:115
                             'lean_get_widget_source' via                       
                             LEAN_MCP_DISABLED_TOOLS                            
                    INFO     Disabled tool 'lean_get_widgets' via  server.py:115
                             LEAN_MCP_DISABLED_TOOLS                            
                    INFO     Disabled tool 'lean_goal' via         server.py:115
                             LEAN_MCP_DISABLED_TOOLS                            
                    INFO     Disabled tool 'lean_hover_info' via   server.py:115
                             LEAN_MCP_DISABLED_TOOLS                            
                    INFO     Disabled tool 'lean_references' via   server.py:115
                             LEAN_MCP_DISABLED_TOOLS                            
                    INFO     Disabled tool 'lean_term_goal' via    server.py:115
                             LEAN_MCP_DISABLED_TOOLS                            
                    INFO     REPL enabled, using:                  server.py:322
                             /home/amirnabiyev/Conjecture_Prover/.              
                             lake/packages/repl/.lake/build/bin/re              
                             pl                                                 
                    INFO     REPL initialized: timeout=60s         server.py:325
[08/26/26 16:51:03] INFO     Disabled tool 'lean_build' via        server.py:115
                             LEAN_MCP_DISABLED_TOOLS                            
                    INFO     Disabled tool 'lean_completions' via  server.py:115
                             LEAN_MCP_DISABLED_TOOLS                            
                    INFO     Disabled tool 'lean_declaration_file' server.py:115
                             via LEAN_MCP_DISABLED_TOOLS                        
                    INFO     Disabled tool                         server.py:115
                             'lean_diagnostic_messages' via                     
                             LEAN_MCP_DISABLED_TOOLS                            
                    INFO     Disabled tool 'lean_file_outline' via server.py:115
                             LEAN_MCP_DISABLED_TOOLS                            
                    INFO     Disabled tool                         server.py:115
                             'lean_get_widget_source' via                       
                             LEAN_MCP_DISABLED_TOOLS                            
                    INFO     Disabled tool 'lean_get_widgets' via  server.py:115
                             LEAN_MCP_DISABLED_TOOLS                            
                    INFO     Disabled tool 'lean_goal' via         server.py:115
                             LEAN_MCP_DISABLED_TOOLS                            
                    INFO     Disabled tool 'lean_hover_info' via   server.py:115
                             LEAN_MCP_DISABLED_TOOLS                            
                    INFO     Disabled tool 'lean_references' via   server.py:115
                             LEAN_MCP_DISABLED_TOOLS                            
                    INFO     Disabled tool 'lean_term_goal' via    server.py:115
                             LEAN_MCP_DISABLED_TOOLS                            
                    INFO     REPL enabled, using:                  server.py:322
                             /home/amirnabiyev/Conjecture_Prover/.              
                             lake/packages/repl/.lake/build/bin/re              
                             pl                                                 
                    INFO     REPL initialized: timeout=60s         server.py:325
[08/26/26 16:51:06] INFO     Session ending — cleaning up          server.py:360
                             per-session resources                              
[08/26/26 16:51:08] INFO     Session ending — cleaning up          server.py:360
                             per-session resources                              
[08/26/26 16:51:16] INFO     Disabled tool 'lean_build' via        server.py:115
                             LEAN_MCP_DISABLED_TOOLS                            
                    INFO     Disabled tool 'lean_completions' via  server.py:115
                             LEAN_MCP_DISABLED_TOOLS                            
                    INFO     Disabled tool 'lean_declaration_file' server.py:115
                             via LEAN_MCP_DISABLED_TOOLS                        
                    INFO     Disabled tool                         server.py:115
                             'lean_diagnostic_messages' via                     
                             LEAN_MCP_DISABLED_TOOLS                            
                    INFO     Disabled tool 'lean_file_outline' via server.py:115
                             LEAN_MCP_DISABLED_TOOLS                            
                    INFO     Disabled tool                         server.py:115
                             'lean_get_widget_source' via                       
                             LEAN_MCP_DISABLED_TOOLS                            
                    INFO     Disabled tool 'lean_get_widgets' via  server.py:115
                             LEAN_MCP_DISABLED_TOOLS                            
                    INFO     Disabled tool 'lean_goal' via         server.py:115
                             LEAN_MCP_DISABLED_TOOLS                            
                    INFO     Disabled tool 'lean_hover_info' via   server.py:115
                             LEAN_MCP_DISABLED_TOOLS                            
                    INFO     Disabled tool 'lean_references' via   server.py:115
                             LEAN_MCP_DISABLED_TOOLS                            
                    INFO     Disabled tool 'lean_term_goal' via    server.py:115
                             LEAN_MCP_DISABLED_TOOLS                            
                    INFO     REPL enabled, using:                  server.py:322
                             /home/amirnabiyev/Conjecture_Prover/.              
                             lake/packages/repl/.lake/build/bin/re              
                             pl                                                 
                    INFO     REPL initialized: timeout=60s         server.py:325
                    INFO     Session ending — cleaning up          server.py:360
                             per-session resources                              
[08/26/26 16:51:17] INFO     Disabled tool 'lean_build' via        server.py:115
                             LEAN_MCP_DISABLED_TOOLS                            
                    INFO     Disabled tool 'lean_completions' via  server.py:115
                             LEAN_MCP_DISABLED_TOOLS                            
                    INFO     Disabled tool 'lean_declaration_file' server.py:115
                             via LEAN_MCP_DISABLED_TOOLS                        
                    INFO     Disabled tool                         server.py:115
                             'lean_diagnostic_messages' via                     
                             LEAN_MCP_DISABLED_TOOLS                            
                    INFO     Disabled tool 'lean_file_outline' via server.py:115
                             LEAN_MCP_DISABLED_TOOLS                            
                    INFO     Disabled tool                         server.py:115
                             'lean_get_widget_source' via                       
                             LEAN_MCP_DISABLED_TOOLS                            
                    INFO     Disabled tool 'lean_get_widgets' via  server.py:115
                             LEAN_MCP_DISABLED_TOOLS                            
                    INFO     Disabled tool 'lean_goal' via         server.py:115
                             LEAN_MCP_DISABLED_TOOLS                            
                    INFO     Disabled tool 'lean_hover_info' via   server.py:115
                             LEAN_MCP_DISABLED_TOOLS                            
                    INFO     Disabled tool 'lean_references' via   server.py:115
                             LEAN_MCP_DISABLED_TOOLS                            
                    INFO     Disabled tool 'lean_term_goal' via    server.py:115
                             LEAN_MCP_DISABLED_TOOLS                            
                    INFO     REPL enabled, using:                  server.py:322
                             /home/amirnabiyev/Conjecture_Prover/.              
                             lake/packages/repl/.lake/build/bin/re              
                             pl                                                 
                    INFO     REPL initialized: timeout=60s         server.py:325
[08/26/26 16:51:18] INFO     Session ending — cleaning up          server.py:360
                             per-session resources                              
[08/26/26 16:51:19] INFO     Disabled tool 'lean_build' via        server.py:115
                             LEAN_MCP_DISABLED_TOOLS                            
                    INFO     Disabled tool 'lean_completions' via  server.py:115
                             LEAN_MCP_DISABLED_TOOLS                            
                    INFO     Disabled tool 'lean_declaration_file' server.py:115
                             via LEAN_MCP_DISABLED_TOOLS                        
                    INFO     Disabled tool                         server.py:115
                             'lean_diagnostic_messages' via                     
                             LEAN_MCP_DISABLED_TOOLS                            
                    INFO     Disabled tool 'lean_file_outline' via server.py:115
                             LEAN_MCP_DISABLED_TOOLS                            
                    INFO     Disabled tool                         server.py:115
                             'lean_get_widget_source' via                       
                             LEAN_MCP_DISABLED_TOOLS                            
                    INFO     Disabled tool 'lean_get_widgets' via  server.py:115
                             LEAN_MCP_DISABLED_TOOLS                            
                    INFO     Disabled tool 'lean_goal' via         server.py:115
                             LEAN_MCP_DISABLED_TOOLS                            
                    INFO     Disabled tool 'lean_hover_info' via   server.py:115
                             LEAN_MCP_DISABLED_TOOLS                            
                    INFO     Disabled tool 'lean_references' via   server.py:115
                             LEAN_MCP_DISABLED_TOOLS                            
                    INFO     Disabled tool 'lean_term_goal' via    server.py:115
                             LEAN_MCP_DISABLED_TOOLS                            
                    INFO     REPL enabled, using:                  server.py:322
                             /home/amirnabiyev/Conjecture_Prover/.              
                             lake/packages/repl/.lake/build/bin/re              
                             pl                                                 
                    INFO     REPL initialized: timeout=60s         server.py:325
[08/26/26 16:51:20] INFO     Session ending — cleaning up          server.py:360
                             per-session resources                              
[08/26/26 16:51:22] INFO     Disabled tool 'lean_build' via        server.py:115
                             LEAN_MCP_DISABLED_TOOLS                            
                    INFO     Disabled tool 'lean_completions' via  server.py:115
                             LEAN_MCP_DISABLED_TOOLS                            
                    INFO     Disabled tool 'lean_declaration_file' server.py:115
                             via LEAN_MCP_DISABLED_TOOLS                        
                    INFO     Disabled tool                         server.py:115
                             'lean_diagnostic_messages' via                     
                             LEAN_MCP_DISABLED_TOOLS                            
                    INFO     Disabled tool 'lean_file_outline' via server.py:115
                             LEAN_MCP_DISABLED_TOOLS                            
                    INFO     Disabled tool                         server.py:115
                             'lean_get_widget_source' via                       
                             LEAN_MCP_DISABLED_TOOLS                            
                    INFO     Disabled tool 'lean_get_widgets' via  server.py:115
                             LEAN_MCP_DISABLED_TOOLS                            
                    INFO     Disabled tool 'lean_goal' via         server.py:115
                             LEAN_MCP_DISABLED_TOOLS                            
                    INFO     Disabled tool 'lean_hover_info' via   server.py:115
                             LEAN_MCP_DISABLED_TOOLS                            
                    INFO     Disabled tool 'lean_references' via   server.py:115
                             LEAN_MCP_DISABLED_TOOLS                            
                    INFO     Disabled tool 'lean_term_goal' via    server.py:115
                             LEAN_MCP_DISABLED_TOOLS                            
                    INFO     REPL enabled, using:                  server.py:322
                             /home/amirnabiyev/Conjecture_Prover/.              
                             lake/packages/repl/.lake/build/bin/re              
                             pl                                                 
                    INFO     REPL initialized: timeout=60s         server.py:325
                    INFO     Session ending — cleaning up          server.py:360
                             per-session resources                              
[08/26/26 16:51:23] INFO     Disabled tool 'lean_build' via        server.py:115
                             LEAN_MCP_DISABLED_TOOLS                            
                    INFO     Disabled tool 'lean_completions' via  server.py:115
                             LEAN_MCP_DISABLED_TOOLS                            
                    INFO     Disabled tool 'lean_declaration_file' server.py:115
                             via LEAN_MCP_DISABLED_TOOLS                        
                    INFO     Disabled tool                         server.py:115
                             'lean_diagnostic_messages' via                     
                             LEAN_MCP_DISABLED_TOOLS                            
                    INFO     Disabled tool 'lean_file_outline' via server.py:115
                             LEAN_MCP_DISABLED_TOOLS                            
                    INFO     Disabled tool                         server.py:115
                             'lean_get_widget_source' via                       
                             LEAN_MCP_DISABLED_TOOLS                            
                    INFO     Disabled tool 'lean_get_widgets' via  server.py:115
                             LEAN_MCP_DISABLED_TOOLS                            
                    INFO     Disabled tool 'lean_goal' via         server.py:115
                             LEAN_MCP_DISABLED_TOOLS                            
                    INFO     Disabled tool 'lean_hover_info' via   server.py:115
                             LEAN_MCP_DISABLED_TOOLS                            
                    INFO     Disabled tool 'lean_references' via   server.py:115
                             LEAN_MCP_DISABLED_TOOLS                            
                    INFO     Disabled tool 'lean_term_goal' via    server.py:115
                             LEAN_MCP_DISABLED_TOOLS                            
                    INFO     REPL enabled, using:                  server.py:322
                             /home/amirnabiyev/Conjecture_Prover/.              
                             lake/packages/repl/.lake/build/bin/re              
                             pl                                                 
                    INFO     REPL initialized: timeout=60s         server.py:325
[08/26/26 16:51:24] INFO     Disabled tool 'lean_build' via        server.py:115
                             LEAN_MCP_DISABLED_TOOLS                            
                    INFO     Disabled tool 'lean_completions' via  server.py:115
                             LEAN_MCP_DISABLED_TOOLS                            
                    INFO     Disabled tool 'lean_declaration_file' server.py:115
                             via LEAN_MCP_DISABLED_TOOLS                        
                    INFO     Disabled tool                         server.py:115
                             'lean_diagnostic_messages' via                     
                             LEAN_MCP_DISABLED_TOOLS                            
                    INFO     Disabled tool 'lean_file_outline' via server.py:115
                             LEAN_MCP_DISABLED_TOOLS                            
                    INFO     Disabled tool                         server.py:115
                             'lean_get_widget_source' via                       
                             LEAN_MCP_DISABLED_TOOLS                            
                    INFO     Disabled tool 'lean_get_widgets' via  server.py:115
                             LEAN_MCP_DISABLED_TOOLS                            
                    INFO     Disabled tool 'lean_goal' via         server.py:115
                             LEAN_MCP_DISABLED_TOOLS                            
                    INFO     Disabled tool 'lean_hover_info' via   server.py:115
                             LEAN_MCP_DISABLED_TOOLS                            
                    INFO     Disabled tool 'lean_references' via   server.py:115
                             LEAN_MCP_DISABLED_TOOLS                            
                    INFO     Disabled tool 'lean_term_goal' via    server.py:115
                             LEAN_MCP_DISABLED_TOOLS                            
                    INFO     REPL enabled, using:                  server.py:322
                             /home/amirnabiyev/Conjecture_Prover/.              
                             lake/packages/repl/.lake/build/bin/re              
                             pl                                                 
                    INFO     REPL initialized: timeout=60s         server.py:325
                    INFO     Session ending — cleaning up          server.py:360
                             per-session resources                              
[08/26/26 16:51:26] INFO     Session ending — cleaning up          server.py:360
                             per-session resources                              
[08/26/26 16:51:29] INFO     Disabled tool 'lean_build' via        server.py:115
                             LEAN_MCP_DISABLED_TOOLS                            
                    INFO     Disabled tool 'lean_completions' via  server.py:115
                             LEAN_MCP_DISABLED_TOOLS                            
                    INFO     Disabled tool 'lean_declaration_file' server.py:115
                             via LEAN_MCP_DISABLED_TOOLS                        
                    INFO     Disabled tool                         server.py:115
                             'lean_diagnostic_messages' via                     
                             LEAN_MCP_DISABLED_TOOLS                            
                    INFO     Disabled tool 'lean_file_outline' via server.py:115
                             LEAN_MCP_DISABLED_TOOLS                            
                    INFO     Disabled tool                         server.py:115
                             'lean_get_widget_source' via                       
                             LEAN_MCP_DISABLED_TOOLS                            
                    INFO     Disabled tool 'lean_get_widgets' via  server.py:115
                             LEAN_MCP_DISABLED_TOOLS                            
                    INFO     Disabled tool 'lean_goal' via         server.py:115
                             LEAN_MCP_DISABLED_TOOLS                            
                    INFO     Disabled tool 'lean_hover_info' via   server.py:115
                             LEAN_MCP_DISABLED_TOOLS                            
                    INFO     Disabled tool 'lean_references' via   server.py:115
                             LEAN_MCP_DISABLED_TOOLS                            
                    INFO     Disabled tool 'lean_term_goal' via    server.py:115
                             LEAN_MCP_DISABLED_TOOLS                            
                    INFO     REPL enabled, using:                  server.py:322
                             /home/amirnabiyev/Conjecture_Prover/.              
                             lake/packages/repl/.lake/build/bin/re              
                             pl                                                 
                    INFO     REPL initialized: timeout=60s         server.py:325
[08/26/26 16:51:30] INFO     Disabled tool 'lean_build' via        server.py:115
                             LEAN_MCP_DISABLED_TOOLS                            
                    INFO     Disabled tool 'lean_completions' via  server.py:115
                             LEAN_MCP_DISABLED_TOOLS                            
                    INFO     Disabled tool 'lean_declaration_file' server.py:115
                             via LEAN_MCP_DISABLED_TOOLS                        
                    INFO     Disabled tool                         server.py:115
                             'lean_diagnostic_messages' via                     
                             LEAN_MCP_DISABLED_TOOLS                            
                    INFO     Disabled tool 'lean_file_outline' via server.py:115
                             LEAN_MCP_DISABLED_TOOLS                            
                    INFO     Disabled tool                         server.py:115
                             'lean_get_widget_source' via                       
                             LEAN_MCP_DISABLED_TOOLS                            
                    INFO     Disabled tool 'lean_get_widgets' via  server.py:115
                             LEAN_MCP_DISABLED_TOOLS                            
                    INFO     Disabled tool 'lean_goal' via         server.py:115
                             LEAN_MCP_DISABLED_TOOLS                            
                    INFO     Disabled tool 'lean_hover_info' via   server.py:115
                             LEAN_MCP_DISABLED_TOOLS                            
                    INFO     Disabled tool 'lean_references' via   server.py:115
                             LEAN_MCP_DISABLED_TOOLS                            
                    INFO     Disabled tool 'lean_term_goal' via    server.py:115
                             LEAN_MCP_DISABLED_TOOLS                            
                    INFO     REPL enabled, using:                  server.py:322
                             /home/amirnabiyev/Conjecture_Prover/.              
                             lake/packages/repl/.lake/build/bin/re              
                             pl                                                 
                    INFO     REPL initialized: timeout=60s         server.py:325
[08/26/26 16:51:30] INFO     Session ending — cleaning up          server.py:360
                             per-session resources                              
[08/26/26 16:51:33] INFO     Session ending — cleaning up          server.py:360
                             per-session resources                              
[08/26/26 16:51:39] INFO     Disabled tool 'lean_build' via        server.py:115
                             LEAN_MCP_DISABLED_TOOLS                            
                    INFO     Disabled tool 'lean_completions' via  server.py:115
                             LEAN_MCP_DISABLED_TOOLS                            
                    INFO     Disabled tool 'lean_declaration_file' server.py:115
                             via LEAN_MCP_DISABLED_TOOLS                        
                    INFO     Disabled tool                         server.py:115
                             'lean_diagnostic_messages' via                     
                             LEAN_MCP_DISABLED_TOOLS                            
                    INFO     Disabled tool 'lean_file_outline' via server.py:115
                             LEAN_MCP_DISABLED_TOOLS                            
                    INFO     Disabled tool                         server.py:115
                             'lean_get_widget_source' via                       
                             LEAN_MCP_DISABLED_TOOLS                            
                    INFO     Disabled tool 'lean_get_widgets' via  server.py:115
                             LEAN_MCP_DISABLED_TOOLS                            
                    INFO     Disabled tool 'lean_goal' via         server.py:115
                             LEAN_MCP_DISABLED_TOOLS                            
                    INFO     Disabled tool 'lean_hover_info' via   server.py:115
                             LEAN_MCP_DISABLED_TOOLS                            
                    INFO     Disabled tool 'lean_references' via   server.py:115
                             LEAN_MCP_DISABLED_TOOLS                            
                    INFO     Disabled tool 'lean_term_goal' via    server.py:115
                             LEAN_MCP_DISABLED_TOOLS                            
                    INFO     REPL enabled, using:                  server.py:322
                             /home/amirnabiyev/Conjecture_Prover/.              
                             lake/packages/repl/.lake/build/bin/re              
                             pl                                                 
                    INFO     REPL initialized: timeout=60s         server.py:325
[08/26/26 16:51:41] INFO     Disabled tool 'lean_build' via        server.py:115
                             LEAN_MCP_DISABLED_TOOLS                            
                    INFO     Disabled tool 'lean_completions' via  server.py:115
                             LEAN_MCP_DISABLED_TOOLS                            
                    INFO     Disabled tool 'lean_declaration_file' server.py:115
                             via LEAN_MCP_DISABLED_TOOLS                        
                    INFO     Disabled tool                         server.py:115
                             'lean_diagnostic_messages' via                     
                             LEAN_MCP_DISABLED_TOOLS                            
                    INFO     Disabled tool 'lean_file_outline' via server.py:115
                             LEAN_MCP_DISABLED_TOOLS                            
                    INFO     Disabled tool                         server.py:115
                             'lean_get_widget_source' via                       
                             LEAN_MCP_DISABLED_TOOLS                            
                    INFO     Disabled tool 'lean_get_widgets' via  server.py:115
                             LEAN_MCP_DISABLED_TOOLS                            
                    INFO     Disabled tool 'lean_goal' via         server.py:115
                             LEAN_MCP_DISABLED_TOOLS                            
                    INFO     Disabled tool 'lean_hover_info' via   server.py:115
                             LEAN_MCP_DISABLED_TOOLS                            
                    INFO     Disabled tool 'lean_references' via   server.py:115
                             LEAN_MCP_DISABLED_TOOLS                            
                    INFO     Disabled tool 'lean_term_goal' via    server.py:115
                             LEAN_MCP_DISABLED_TOOLS                            
                    INFO     REPL enabled, using:                  server.py:322
                             /home/amirnabiyev/Conjecture_Prover/.              
                             lake/packages/repl/.lake/build/bin/re              
                             pl                                                 
                    INFO     REPL initialized: timeout=60s         server.py:325
[08/26/26 16:51:42] INFO     Session ending — cleaning up          server.py:360
                             per-session resources                              
[08/26/26 16:51:43] INFO     Session ending — cleaning up          server.py:360
                             per-session resources                              
[08/26/26 16:51:49] INFO     Disabled tool 'lean_build' via        server.py:115
                             LEAN_MCP_DISABLED_TOOLS                            
                    INFO     Disabled tool 'lean_completions' via  server.py:115
                             LEAN_MCP_DISABLED_TOOLS                            
                    INFO     Disabled tool 'lean_declaration_file' server.py:115
                             via LEAN_MCP_DISABLED_TOOLS                        
                    INFO     Disabled tool                         server.py:115
                             'lean_diagnostic_messages' via                     
                             LEAN_MCP_DISABLED_TOOLS                            
                    INFO     Disabled tool 'lean_file_outline' via server.py:115
                             LEAN_MCP_DISABLED_TOOLS                            
                    INFO     Disabled tool                         server.py:115
                             'lean_get_widget_source' via                       
                             LEAN_MCP_DISABLED_TOOLS                            
                    INFO     Disabled tool 'lean_get_widgets' via  server.py:115
                             LEAN_MCP_DISABLED_TOOLS                            
                    INFO     Disabled tool 'lean_goal' via         server.py:115
                             LEAN_MCP_DISABLED_TOOLS                            
                    INFO     Disabled tool 'lean_hover_info' via   server.py:115
                             LEAN_MCP_DISABLED_TOOLS                            
                    INFO     Disabled tool 'lean_references' via   server.py:115
                             LEAN_MCP_DISABLED_TOOLS                            
                    INFO     Disabled tool 'lean_term_goal' via    server.py:115
                             LEAN_MCP_DISABLED_TOOLS                            
                    INFO     REPL enabled, using:                  server.py:322
                             /home/amirnabiyev/Conjecture_Prover/.              
                             lake/packages/repl/.lake/build/bin/re              
                             pl                                                 
                    INFO     REPL initialized: timeout=60s         server.py:325
[08/26/26 16:51:50] INFO     Session ending — cleaning up          server.py:360
                             per-session resources                              
[08/26/26 16:51:50] INFO     Disabled tool 'lean_build' via        server.py:115
                             LEAN_MCP_DISABLED_TOOLS                            
                    INFO     Disabled tool 'lean_completions' via  server.py:115
                             LEAN_MCP_DISABLED_TOOLS                            
                    INFO     Disabled tool 'lean_declaration_file' server.py:115
                             via LEAN_MCP_DISABLED_TOOLS                        
                    INFO     Disabled tool                         server.py:115
                             'lean_diagnostic_messages' via                     
                             LEAN_MCP_DISABLED_TOOLS                            
                    INFO     Disabled tool 'lean_file_outline' via server.py:115
                             LEAN_MCP_DISABLED_TOOLS                            
                    INFO     Disabled tool                         server.py:115
                             'lean_get_widget_source' via                       
                             LEAN_MCP_DISABLED_TOOLS                            
                    INFO     Disabled tool 'lean_get_widgets' via  server.py:115
                             LEAN_MCP_DISABLED_TOOLS                            
                    INFO     Disabled tool 'lean_goal' via         server.py:115
                             LEAN_MCP_DISABLED_TOOLS                            
                    INFO     Disabled tool 'lean_hover_info' via   server.py:115
                             LEAN_MCP_DISABLED_TOOLS                            
                    INFO     Disabled tool 'lean_references' via   server.py:115
                             LEAN_MCP_DISABLED_TOOLS                            
                    INFO     Disabled tool 'lean_term_goal' via    server.py:115
                             LEAN_MCP_DISABLED_TOOLS                            
                    INFO     REPL enabled, using:                  server.py:322
                             /home/amirnabiyev/Conjecture_Prover/.              
                             lake/packages/repl/.lake/build/bin/re              
                             pl                                                 
                    INFO     REPL initialized: timeout=60s         server.py:325
[08/26/26 16:51:53] INFO     Session ending — cleaning up          server.py:360
                             per-session resources                              
[08/26/26 16:51:57] INFO     Disabled tool 'lean_build' via        server.py:115
                             LEAN_MCP_DISABLED_TOOLS                            
                    INFO     Disabled tool 'lean_completions' via  server.py:115
                             LEAN_MCP_DISABLED_TOOLS                            
                    INFO     Disabled tool 'lean_declaration_file' server.py:115
                             via LEAN_MCP_DISABLED_TOOLS                        
                    INFO     Disabled tool                         server.py:115
                             'lean_diagnostic_messages' via                     
                             LEAN_MCP_DISABLED_TOOLS                            
                    INFO     Disabled tool 'lean_file_outline' via server.py:115
                             LEAN_MCP_DISABLED_TOOLS                            
                    INFO     Disabled tool                         server.py:115
                             'lean_get_widget_source' via                       
                             LEAN_MCP_DISABLED_TOOLS                            
                    INFO     Disabled tool 'lean_get_widgets' via  server.py:115
                             LEAN_MCP_DISABLED_TOOLS                            
                    INFO     Disabled tool 'lean_goal' via         server.py:115
                             LEAN_MCP_DISABLED_TOOLS                            
                    INFO     Disabled tool 'lean_hover_info' via   server.py:115
                             LEAN_MCP_DISABLED_TOOLS                            
                    INFO     Disabled tool 'lean_references' via   server.py:115
                             LEAN_MCP_DISABLED_TOOLS                            
                    INFO     Disabled tool 'lean_term_goal' via    server.py:115
                             LEAN_MCP_DISABLED_TOOLS                            
                    INFO     REPL enabled, using:                  server.py:322
                             /home/amirnabiyev/Conjecture_Prover/.              
                             lake/packages/repl/.lake/build/bin/re              
                             pl                                                 
                    INFO     REPL initialized: timeout=60s         server.py:325
[08/26/26 16:51:57] INFO     Disabled tool 'lean_build' via        server.py:115
                             LEAN_MCP_DISABLED_TOOLS                            
                    INFO     Disabled tool 'lean_completions' via  server.py:115
                             LEAN_MCP_DISABLED_TOOLS                            
                    INFO     Disabled tool 'lean_declaration_file' server.py:115
                             via LEAN_MCP_DISABLED_TOOLS                        
                    INFO     Disabled tool                         server.py:115
                             'lean_diagnostic_messages' via                     
                             LEAN_MCP_DISABLED_TOOLS                            
                    INFO     Disabled tool 'lean_file_outline' via server.py:115
                             LEAN_MCP_DISABLED_TOOLS                            
                    INFO     Disabled tool                         server.py:115
                             'lean_get_widget_source' via                       
                             LEAN_MCP_DISABLED_TOOLS                            
                    INFO     Disabled tool 'lean_get_widgets' via  server.py:115
                             LEAN_MCP_DISABLED_TOOLS                            
                    INFO     Disabled tool 'lean_goal' via         server.py:115
                             LEAN_MCP_DISABLED_TOOLS                            
                    INFO     Disabled tool 'lean_hover_info' via   server.py:115
                             LEAN_MCP_DISABLED_TOOLS                            
                    INFO     Disabled tool 'lean_references' via   server.py:115
                             LEAN_MCP_DISABLED_TOOLS                            
                    INFO     Disabled tool 'lean_term_goal' via    server.py:115
                             LEAN_MCP_DISABLED_TOOLS                            
                    INFO     REPL enabled, using:                  server.py:322
                             /home/amirnabiyev/Conjecture_Prover/.              
                             lake/packages/repl/.lake/build/bin/re              
                             pl                                                 
                    INFO     REPL initialized: timeout=60s         server.py:325
[08/26/26 16:51:59] INFO     Session ending — cleaning up          server.py:360
                             per-session resources                              
[08/26/26 16:52:01] INFO     Disabled tool 'lean_build' via        server.py:115
                             LEAN_MCP_DISABLED_TOOLS                            
                    INFO     Disabled tool 'lean_completions' via  server.py:115
                             LEAN_MCP_DISABLED_TOOLS                            
                    INFO     Disabled tool 'lean_declaration_file' server.py:115
                             via LEAN_MCP_DISABLED_TOOLS                        
                    INFO     Disabled tool                         server.py:115
                             'lean_diagnostic_messages' via                     
                             LEAN_MCP_DISABLED_TOOLS                            
                    INFO     Disabled tool 'lean_file_outline' via server.py:115
                             LEAN_MCP_DISABLED_TOOLS                            
                    INFO     Disabled tool                         server.py:115
                             'lean_get_widget_source' via                       
                             LEAN_MCP_DISABLED_TOOLS                            
                    INFO     Disabled tool 'lean_get_widgets' via  server.py:115
                             LEAN_MCP_DISABLED_TOOLS                            
                    INFO     Disabled tool 'lean_goal' via         server.py:115
                             LEAN_MCP_DISABLED_TOOLS                            
                    INFO     Disabled tool 'lean_hover_info' via   server.py:115
                             LEAN_MCP_DISABLED_TOOLS                            
                    INFO     Disabled tool 'lean_references' via   server.py:115
                             LEAN_MCP_DISABLED_TOOLS                            
                    INFO     Disabled tool 'lean_term_goal' via    server.py:115
                             LEAN_MCP_DISABLED_TOOLS                            
                    INFO     REPL enabled, using:                  server.py:322
                             /home/amirnabiyev/Conjecture_Prover/.              
                             lake/packages/repl/.lake/build/bin/re              
                             pl                                                 
[08/26/26 16:52:02] INFO     REPL initialized: timeout=60s         server.py:325
[08/26/26 16:52:04] INFO     Session ending — cleaning up          server.py:360
                             per-session resources                              
[08/26/26 16:52:05] INFO     Disabled tool 'lean_build' via        server.py:115
                             LEAN_MCP_DISABLED_TOOLS                            
                    INFO     Disabled tool 'lean_completions' via  server.py:115
                             LEAN_MCP_DISABLED_TOOLS                            
                    INFO     Disabled tool 'lean_declaration_file' server.py:115
                             via LEAN_MCP_DISABLED_TOOLS                        
                    INFO     Disabled tool                         server.py:115
                             'lean_diagnostic_messages' via                     
                             LEAN_MCP_DISABLED_TOOLS                            
                    INFO     Disabled tool 'lean_file_outline' via server.py:115
                             LEAN_MCP_DISABLED_TOOLS                            
                    INFO     Disabled tool                         server.py:115
                             'lean_get_widget_source' via                       
                             LEAN_MCP_DISABLED_TOOLS                            
                    INFO     Disabled tool 'lean_get_widgets' via  server.py:115
                             LEAN_MCP_DISABLED_TOOLS                            
                    INFO     Disabled tool 'lean_goal' via         server.py:115
                             LEAN_MCP_DISABLED_TOOLS                            
                    INFO     Disabled tool 'lean_hover_info' via   server.py:115
                             LEAN_MCP_DISABLED_TOOLS                            
                    INFO     Disabled tool 'lean_references' via   server.py:115
                             LEAN_MCP_DISABLED_TOOLS                            
                    INFO     Disabled tool 'lean_term_goal' via    server.py:115
                             LEAN_MCP_DISABLED_TOOLS                            
                    INFO     REPL enabled, using:                  server.py:322
                             /home/amirnabiyev/Conjecture_Prover/.              
                             lake/packages/repl/.lake/build/bin/re              
                             pl                                                 
                    INFO     REPL initialized: timeout=60s         server.py:325
[08/26/26 16:52:05] INFO     Session ending — cleaning up          server.py:360
                             per-session resources                              
[08/26/26 16:52:06] INFO     Disabled tool 'lean_build' via        server.py:115
                             LEAN_MCP_DISABLED_TOOLS                            
                    INFO     Disabled tool 'lean_completions' via  server.py:115
                             LEAN_MCP_DISABLED_TOOLS                            
                    INFO     Disabled tool 'lean_declaration_file' server.py:115
                             via LEAN_MCP_DISABLED_TOOLS                        
                    INFO     Disabled tool                         server.py:115
                             'lean_diagnostic_messages' via                     
                             LEAN_MCP_DISABLED_TOOLS                            
                    INFO     Disabled tool 'lean_file_outline' via server.py:115
                             LEAN_MCP_DISABLED_TOOLS                            
                    INFO     Disabled tool                         server.py:115
                             'lean_get_widget_source' via                       
                             LEAN_MCP_DISABLED_TOOLS                            
                    INFO     Disabled tool 'lean_get_widgets' via  server.py:115
                             LEAN_MCP_DISABLED_TOOLS                            
                    INFO     Disabled tool 'lean_goal' via         server.py:115
                             LEAN_MCP_DISABLED_TOOLS                            
                    INFO     Disabled tool 'lean_hover_info' via   server.py:115
                             LEAN_MCP_DISABLED_TOOLS                            
                    INFO     Disabled tool 'lean_references' via   server.py:115
                             LEAN_MCP_DISABLED_TOOLS                            
                    INFO     Disabled tool 'lean_term_goal' via    server.py:115
                             LEAN_MCP_DISABLED_TOOLS                            
                    INFO     REPL enabled, using:                  server.py:322
                             /home/amirnabiyev/Conjecture_Prover/.              
                             lake/packages/repl/.lake/build/bin/re              
                             pl                                                 
                    INFO     REPL initialized: timeout=60s         server.py:325
[08/26/26 16:52:06] INFO     Session ending — cleaning up          server.py:360
                             per-session resources                              
[08/26/26 16:52:10] INFO     Disabled tool 'lean_build' via        server.py:115
                             LEAN_MCP_DISABLED_TOOLS                            
                    INFO     Disabled tool 'lean_completions' via  server.py:115
                             LEAN_MCP_DISABLED_TOOLS                            
                    INFO     Disabled tool 'lean_declaration_file' server.py:115
                             via LEAN_MCP_DISABLED_TOOLS                        
                    INFO     Disabled tool                         server.py:115
                             'lean_diagnostic_messages' via                     
                             LEAN_MCP_DISABLED_TOOLS                            
                    INFO     Disabled tool 'lean_file_outline' via server.py:115
                             LEAN_MCP_DISABLED_TOOLS                            
                    INFO     Disabled tool                         server.py:115
                             'lean_get_widget_source' via                       
                             LEAN_MCP_DISABLED_TOOLS                            
                    INFO     Disabled tool 'lean_get_widgets' via  server.py:115
                             LEAN_MCP_DISABLED_TOOLS                            
                    INFO     Disabled tool 'lean_goal' via         server.py:115
                             LEAN_MCP_DISABLED_TOOLS                            
                    INFO     Disabled tool 'lean_hover_info' via   server.py:115
                             LEAN_MCP_DISABLED_TOOLS                            
                    INFO     Disabled tool 'lean_references' via   server.py:115
                             LEAN_MCP_DISABLED_TOOLS                            
                    INFO     Disabled tool 'lean_term_goal' via    server.py:115
                             LEAN_MCP_DISABLED_TOOLS                            
                    INFO     REPL enabled, using:                  server.py:322
                             /home/amirnabiyev/Conjecture_Prover/.              
                             lake/packages/repl/.lake/build/bin/re              
                             pl                                                 
                    INFO     REPL initialized: timeout=60s         server.py:325
[08/26/26 16:52:11] INFO     Disabled tool 'lean_build' via        server.py:115
                             LEAN_MCP_DISABLED_TOOLS                            
                    INFO     Disabled tool 'lean_completions' via  server.py:115
                             LEAN_MCP_DISABLED_TOOLS                            
                    INFO     Disabled tool 'lean_declaration_file' server.py:115
                             via LEAN_MCP_DISABLED_TOOLS                        
                    INFO     Disabled tool                         server.py:115
                             'lean_diagnostic_messages' via                     
                             LEAN_MCP_DISABLED_TOOLS                            
                    INFO     Disabled tool 'lean_file_outline' via server.py:115
                             LEAN_MCP_DISABLED_TOOLS                            
                    INFO     Disabled tool                         server.py:115
                             'lean_get_widget_source' via                       
                             LEAN_MCP_DISABLED_TOOLS                            
                    INFO     Disabled tool 'lean_get_widgets' via  server.py:115
                             LEAN_MCP_DISABLED_TOOLS                            
                    INFO     Disabled tool 'lean_goal' via         server.py:115
                             LEAN_MCP_DISABLED_TOOLS                            
                    INFO     Disabled tool 'lean_hover_info' via   server.py:115
                             LEAN_MCP_DISABLED_TOOLS                            
                    INFO     Disabled tool 'lean_references' via   server.py:115
                             LEAN_MCP_DISABLED_TOOLS                            
                    INFO     Disabled tool 'lean_term_goal' via    server.py:115
                             LEAN_MCP_DISABLED_TOOLS                            
                    INFO     REPL enabled, using:                  server.py:322
                             /home/amirnabiyev/Conjecture_Prover/.              
                             lake/packages/repl/.lake/build/bin/re              
                             pl                                                 
                    INFO     REPL initialized: timeout=60s         server.py:325
[08/26/26 16:52:13] INFO     Session ending — cleaning up          server.py:360
                             per-session resources                              
[08/26/26 16:52:13] INFO     Session ending — cleaning up          server.py:360
                             per-session resources                              
[08/26/26 16:52:14] INFO     Session ending — cleaning up          server.py:360
                             per-session resources                              
[08/26/26 16:52:15] INFO     Disabled tool 'lean_build' via        server.py:115
                             LEAN_MCP_DISABLED_TOOLS                            
                    INFO     Disabled tool 'lean_completions' via  server.py:115
                             LEAN_MCP_DISABLED_TOOLS                            
                    INFO     Disabled tool 'lean_declaration_file' server.py:115
                             via LEAN_MCP_DISABLED_TOOLS                        
                    INFO     Disabled tool                         server.py:115
                             'lean_diagnostic_messages' via                     
                             LEAN_MCP_DISABLED_TOOLS                            
                    INFO     Disabled tool 'lean_file_outline' via server.py:115
                             LEAN_MCP_DISABLED_TOOLS                            
                    INFO     Disabled tool                         server.py:115
                             'lean_get_widget_source' via                       
                             LEAN_MCP_DISABLED_TOOLS                            
                    INFO     Disabled tool 'lean_get_widgets' via  server.py:115
                             LEAN_MCP_DISABLED_TOOLS                            
                    INFO     Disabled tool 'lean_goal' via         server.py:115
                             LEAN_MCP_DISABLED_TOOLS                            
                    INFO     Disabled tool 'lean_hover_info' via   server.py:115
                             LEAN_MCP_DISABLED_TOOLS                            
                    INFO     Disabled tool 'lean_references' via   server.py:115
                             LEAN_MCP_DISABLED_TOOLS                            
                    INFO     Disabled tool 'lean_term_goal' via    server.py:115
                             LEAN_MCP_DISABLED_TOOLS                            
                    INFO     REPL enabled, using:                  server.py:322
                             /home/amirnabiyev/Conjecture_Prover/.              
                             lake/packages/repl/.lake/build/bin/re              
                             pl                                                 
                    INFO     REPL initialized: timeout=60s         server.py:325
[08/26/26 16:52:17] INFO     Session ending — cleaning up          server.py:360
                             per-session resources                              
[08/26/26 16:52:18] INFO     Disabled tool 'lean_build' via        server.py:115
                             LEAN_MCP_DISABLED_TOOLS                            
                    INFO     Disabled tool 'lean_completions' via  server.py:115
                             LEAN_MCP_DISABLED_TOOLS                            
                    INFO     Disabled tool 'lean_declaration_file' server.py:115
                             via LEAN_MCP_DISABLED_TOOLS                        
                    INFO     Disabled tool                         server.py:115
                             'lean_diagnostic_messages' via                     
                             LEAN_MCP_DISABLED_TOOLS                            
                    INFO     Disabled tool 'lean_file_outline' via server.py:115
                             LEAN_MCP_DISABLED_TOOLS                            
                    INFO     Disabled tool                         server.py:115
                             'lean_get_widget_source' via                       
                             LEAN_MCP_DISABLED_TOOLS                            
                    INFO     Disabled tool 'lean_get_widgets' via  server.py:115
                             LEAN_MCP_DISABLED_TOOLS                            
                    INFO     Disabled tool 'lean_goal' via         server.py:115
                             LEAN_MCP_DISABLED_TOOLS                            
                    INFO     Disabled tool 'lean_hover_info' via   server.py:115
                             LEAN_MCP_DISABLED_TOOLS                            
                    INFO     Disabled tool 'lean_references' via   server.py:115
                             LEAN_MCP_DISABLED_TOOLS                            
                    INFO     Disabled tool 'lean_term_goal' via    server.py:115
                             LEAN_MCP_DISABLED_TOOLS                            
                    INFO     REPL enabled, using:                  server.py:322
                             /home/amirnabiyev/Conjecture_Prover/.              
                             lake/packages/repl/.lake/build/bin/re              
                             pl                                                 
                    INFO     REPL initialized: timeout=60s         server.py:325
[08/26/26 16:52:21] INFO     Session ending — cleaning up          server.py:360
                             per-session resources                              
[08/26/26 16:52:22] INFO     Disabled tool 'lean_build' via        server.py:115
                             LEAN_MCP_DISABLED_TOOLS                            
                    INFO     Disabled tool 'lean_completions' via  server.py:115
                             LEAN_MCP_DISABLED_TOOLS                            
                    INFO     Disabled tool 'lean_declaration_file' server.py:115
                             via LEAN_MCP_DISABLED_TOOLS                        
                    INFO     Disabled tool                         server.py:115
                             'lean_diagnostic_messages' via                     
                             LEAN_MCP_DISABLED_TOOLS                            
                    INFO     Disabled tool 'lean_file_outline' via server.py:115
                             LEAN_MCP_DISABLED_TOOLS                            
                    INFO     Disabled tool                         server.py:115
                             'lean_get_widget_source' via                       
                             LEAN_MCP_DISABLED_TOOLS                            
                    INFO     Disabled tool 'lean_get_widgets' via  server.py:115
                             LEAN_MCP_DISABLED_TOOLS                            
                    INFO     Disabled tool 'lean_goal' via         server.py:115
                             LEAN_MCP_DISABLED_TOOLS                            
                    INFO     Disabled tool 'lean_hover_info' via   server.py:115
                             LEAN_MCP_DISABLED_TOOLS                            
                    INFO     Disabled tool 'lean_references' via   server.py:115
                             LEAN_MCP_DISABLED_TOOLS                            
                    INFO     Disabled tool 'lean_term_goal' via    server.py:115
                             LEAN_MCP_DISABLED_TOOLS                            
                    INFO     REPL enabled, using:                  server.py:322
                             /home/amirnabiyev/Conjecture_Prover/.              
                             lake/packages/repl/.lake/build/bin/re              
                             pl                                                 
                    INFO     REPL initialized: timeout=60s         server.py:325
[08/26/26 16:52:25] INFO     Session ending — cleaning up          server.py:360
                             per-session resources                              
[08/26/26 16:52:25] INFO     Disabled tool 'lean_build' via        server.py:115
                             LEAN_MCP_DISABLED_TOOLS                            
                    INFO     Disabled tool 'lean_completions' via  server.py:115
                             LEAN_MCP_DISABLED_TOOLS                            
                    INFO     Disabled tool 'lean_declaration_file' server.py:115
                             via LEAN_MCP_DISABLED_TOOLS                        
                    INFO     Disabled tool                         server.py:115
                             'lean_diagnostic_messages' via                     
                             LEAN_MCP_DISABLED_TOOLS                            
                    INFO     Disabled tool 'lean_file_outline' via server.py:115
                             LEAN_MCP_DISABLED_TOOLS                            
                    INFO     Disabled tool                         server.py:115
                             'lean_get_widget_source' via                       
                             LEAN_MCP_DISABLED_TOOLS                            
                    INFO     Disabled tool 'lean_get_widgets' via  server.py:115
                             LEAN_MCP_DISABLED_TOOLS                            
                    INFO     Disabled tool 'lean_goal' via         server.py:115
                             LEAN_MCP_DISABLED_TOOLS                            
                    INFO     Disabled tool 'lean_hover_info' via   server.py:115
                             LEAN_MCP_DISABLED_TOOLS                            
                    INFO     Disabled tool 'lean_references' via   server.py:115
                             LEAN_MCP_DISABLED_TOOLS                            
                    INFO     Disabled tool 'lean_term_goal' via    server.py:115
                             LEAN_MCP_DISABLED_TOOLS                            
                    INFO     REPL enabled, using:                  server.py:322
                             /home/amirnabiyev/Conjecture_Prover/.              
                             lake/packages/repl/.lake/build/bin/re              
                             pl                                                 
                    INFO     REPL initialized: timeout=60s         server.py:325
[08/26/26 16:52:28] INFO     Session ending — cleaning up          server.py:360
                             per-session resources                              
[08/26/26 16:52:33] INFO     Disabled tool 'lean_build' via        server.py:115
                             LEAN_MCP_DISABLED_TOOLS                            
                    INFO     Disabled tool 'lean_completions' via  server.py:115
                             LEAN_MCP_DISABLED_TOOLS                            
                    INFO     Disabled tool 'lean_declaration_file' server.py:115
                             via LEAN_MCP_DISABLED_TOOLS                        
                    INFO     Disabled tool                         server.py:115
                             'lean_diagnostic_messages' via                     
                             LEAN_MCP_DISABLED_TOOLS                            
                    INFO     Disabled tool 'lean_file_outline' via server.py:115
                             LEAN_MCP_DISABLED_TOOLS                            
                    INFO     Disabled tool                         server.py:115
                             'lean_get_widget_source' via                       
                             LEAN_MCP_DISABLED_TOOLS                            
                    INFO     Disabled tool 'lean_get_widgets' via  server.py:115
                             LEAN_MCP_DISABLED_TOOLS                            
                    INFO     Disabled tool 'lean_goal' via         server.py:115
                             LEAN_MCP_DISABLED_TOOLS                            
                    INFO     Disabled tool 'lean_hover_info' via   server.py:115
                             LEAN_MCP_DISABLED_TOOLS                            
                    INFO     Disabled tool 'lean_references' via   server.py:115
                             LEAN_MCP_DISABLED_TOOLS                            
                    INFO     Disabled tool 'lean_term_goal' via    server.py:115
                             LEAN_MCP_DISABLED_TOOLS                            
                    INFO     REPL enabled, using:                  server.py:322
                             /home/amirnabiyev/Conjecture_Prover/.              
                             lake/packages/repl/.lake/build/bin/re              
                             pl                                                 
                    INFO     REPL initialized: timeout=60s         server.py:325
[08/26/26 16:52:35] INFO     Session ending — cleaning up          server.py:360
                             per-session resources                              
[08/26/26 16:52:39] INFO     Disabled tool 'lean_build' via        server.py:115
                             LEAN_MCP_DISABLED_TOOLS                            
                    INFO     Disabled tool 'lean_completions' via  server.py:115
                             LEAN_MCP_DISABLED_TOOLS                            
                    INFO     Disabled tool 'lean_declaration_file' server.py:115
                             via LEAN_MCP_DISABLED_TOOLS                        
                    INFO     Disabled tool                         server.py:115
                             'lean_diagnostic_messages' via                     
                             LEAN_MCP_DISABLED_TOOLS                            
                    INFO     Disabled tool 'lean_file_outline' via server.py:115
                             LEAN_MCP_DISABLED_TOOLS                            
                    INFO     Disabled tool                         server.py:115
                             'lean_get_widget_source' via                       
                             LEAN_MCP_DISABLED_TOOLS                            
                    INFO     Disabled tool 'lean_get_widgets' via  server.py:115
                             LEAN_MCP_DISABLED_TOOLS                            
                    INFO     Disabled tool 'lean_goal' via         server.py:115
                             LEAN_MCP_DISABLED_TOOLS                            
                    INFO     Disabled tool 'lean_hover_info' via   server.py:115
                             LEAN_MCP_DISABLED_TOOLS                            
                    INFO     Disabled tool 'lean_references' via   server.py:115
                             LEAN_MCP_DISABLED_TOOLS                            
                    INFO     Disabled tool 'lean_term_goal' via    server.py:115
                             LEAN_MCP_DISABLED_TOOLS                            
                    INFO     REPL enabled, using:                  server.py:322
                             /home/amirnabiyev/Conjecture_Prover/.              
                             lake/packages/repl/.lake/build/bin/re              
                             pl                                                 
                    INFO     REPL initialized: timeout=60s         server.py:325
                    INFO     Session ending — cleaning up          server.py:360
                             per-session resources                              
[08/26/26 16:52:40] INFO     Disabled tool 'lean_build' via        server.py:115
                             LEAN_MCP_DISABLED_TOOLS                            
                    INFO     Disabled tool 'lean_completions' via  server.py:115
                             LEAN_MCP_DISABLED_TOOLS                            
                    INFO     Disabled tool 'lean_declaration_file' server.py:115
                             via LEAN_MCP_DISABLED_TOOLS                        
                    INFO     Disabled tool                         server.py:115
                             'lean_diagnostic_messages' via                     
                             LEAN_MCP_DISABLED_TOOLS                            
                    INFO     Disabled tool 'lean_file_outline' via server.py:115
                             LEAN_MCP_DISABLED_TOOLS                            
                    INFO     Disabled tool                         server.py:115
                             'lean_get_widget_source' via                       
                             LEAN_MCP_DISABLED_TOOLS                            
                    INFO     Disabled tool 'lean_get_widgets' via  server.py:115
                             LEAN_MCP_DISABLED_TOOLS                            
                    INFO     Disabled tool 'lean_goal' via         server.py:115
                             LEAN_MCP_DISABLED_TOOLS                            
                    INFO     Disabled tool 'lean_hover_info' via   server.py:115
                             LEAN_MCP_DISABLED_TOOLS                            
                    INFO     Disabled tool 'lean_references' via   server.py:115
                             LEAN_MCP_DISABLED_TOOLS                            
                    INFO     Disabled tool 'lean_term_goal' via    server.py:115
                             LEAN_MCP_DISABLED_TOOLS                            
                    INFO     REPL enabled, using:                  server.py:322
                             /home/amirnabiyev/Conjecture_Prover/.              
                             lake/packages/repl/.lake/build/bin/re              
                             pl                                                 
                    INFO     REPL initialized: timeout=60s         server.py:325
[08/26/26 16:52:41] INFO     Disabled tool 'lean_build' via        server.py:115
                             LEAN_MCP_DISABLED_TOOLS                            
                    INFO     Disabled tool 'lean_completions' via  server.py:115
                             LEAN_MCP_DISABLED_TOOLS                            
                    INFO     Disabled tool 'lean_declaration_file' server.py:115
                             via LEAN_MCP_DISABLED_TOOLS                        
                    INFO     Disabled tool                         server.py:115
                             'lean_diagnostic_messages' via                     
                             LEAN_MCP_DISABLED_TOOLS                            
                    INFO     Disabled tool 'lean_file_outline' via server.py:115
                             LEAN_MCP_DISABLED_TOOLS                            
                    INFO     Disabled tool                         server.py:115
                             'lean_get_widget_source' via                       
                             LEAN_MCP_DISABLED_TOOLS                            
                    INFO     Disabled tool 'lean_get_widgets' via  server.py:115
                             LEAN_MCP_DISABLED_TOOLS                            
                    INFO     Disabled tool 'lean_goal' via         server.py:115
                             LEAN_MCP_DISABLED_TOOLS                            
                    INFO     Disabled tool 'lean_hover_info' via   server.py:115
                             LEAN_MCP_DISABLED_TOOLS                            
                    INFO     Disabled tool 'lean_references' via   server.py:115
                             LEAN_MCP_DISABLED_TOOLS                            
                    INFO     Disabled tool 'lean_term_goal' via    server.py:115
                             LEAN_MCP_DISABLED_TOOLS                            
                    INFO     REPL enabled, using:                  server.py:322
                             /home/amirnabiyev/Conjecture_Prover/.              
                             lake/packages/repl/.lake/build/bin/re              
                             pl                                                 
                    INFO     REPL initialized: timeout=60s         server.py:325
[08/26/26 16:52:43] INFO     Session ending — cleaning up          server.py:360
                             per-session resources                              
[08/26/26 16:52:44] INFO     Session ending — cleaning up          server.py:360
                             per-session resources                              
[08/26/26 16:52:51] INFO     Disabled tool 'lean_build' via        server.py:115
                             LEAN_MCP_DISABLED_TOOLS                            
                    INFO     Disabled tool 'lean_completions' via  server.py:115
                             LEAN_MCP_DISABLED_TOOLS                            
                    INFO     Disabled tool 'lean_declaration_file' server.py:115
                             via LEAN_MCP_DISABLED_TOOLS                        
                    INFO     Disabled tool                         server.py:115
                             'lean_diagnostic_messages' via                     
                             LEAN_MCP_DISABLED_TOOLS                            
                    INFO     Disabled tool 'lean_file_outline' via server.py:115
                             LEAN_MCP_DISABLED_TOOLS                            
                    INFO     Disabled tool                         server.py:115
                             'lean_get_widget_source' via                       
                             LEAN_MCP_DISABLED_TOOLS                            
                    INFO     Disabled tool 'lean_get_widgets' via  server.py:115
                             LEAN_MCP_DISABLED_TOOLS                            
                    INFO     Disabled tool 'lean_goal' via         server.py:115
                             LEAN_MCP_DISABLED_TOOLS                            
                    INFO     Disabled tool 'lean_hover_info' via   server.py:115
                             LEAN_MCP_DISABLED_TOOLS                            
                    INFO     Disabled tool 'lean_references' via   server.py:115
                             LEAN_MCP_DISABLED_TOOLS                            
                    INFO     Disabled tool 'lean_term_goal' via    server.py:115
                             LEAN_MCP_DISABLED_TOOLS                            
                    INFO     REPL enabled, using:                  server.py:322
                             /home/amirnabiyev/Conjecture_Prover/.              
                             lake/packages/repl/.lake/build/bin/re              
                             pl                                                 
                    INFO     REPL initialized: timeout=60s         server.py:325
[08/26/26 16:52:54] INFO     Session ending — cleaning up          server.py:360
                             per-session resources                              
[08/26/26 16:53:17] INFO     Disabled tool 'lean_build' via        server.py:115
                             LEAN_MCP_DISABLED_TOOLS                            
                    INFO     Disabled tool 'lean_completions' via  server.py:115
                             LEAN_MCP_DISABLED_TOOLS                            
                    INFO     Disabled tool 'lean_declaration_file' server.py:115
                             via LEAN_MCP_DISABLED_TOOLS                        
                    INFO     Disabled tool                         server.py:115
                             'lean_diagnostic_messages' via                     
                             LEAN_MCP_DISABLED_TOOLS                            
                    INFO     Disabled tool 'lean_file_outline' via server.py:115
                             LEAN_MCP_DISABLED_TOOLS                            
                    INFO     Disabled tool                         server.py:115
                             'lean_get_widget_source' via                       
                             LEAN_MCP_DISABLED_TOOLS                            
                    INFO     Disabled tool 'lean_get_widgets' via  server.py:115
                             LEAN_MCP_DISABLED_TOOLS                            
                    INFO     Disabled tool 'lean_goal' via         server.py:115
                             LEAN_MCP_DISABLED_TOOLS                            
                    INFO     Disabled tool 'lean_hover_info' via   server.py:115
                             LEAN_MCP_DISABLED_TOOLS                            
                    INFO     Disabled tool 'lean_references' via   server.py:115
                             LEAN_MCP_DISABLED_TOOLS                            
                    INFO     Disabled tool 'lean_term_goal' via    server.py:115
                             LEAN_MCP_DISABLED_TOOLS                            
                    INFO     REPL enabled, using:                  server.py:322
                             /home/amirnabiyev/Conjecture_Prover/.              
                             lake/packages/repl/.lake/build/bin/re              
                             pl                                                 
                    INFO     REPL initialized: timeout=60s         server.py:325
[08/26/26 16:53:20] INFO     Session ending — cleaning up          server.py:360
                             per-session resources                              
[08/26/26 16:53:32] INFO     Disabled tool 'lean_build' via        server.py:115
                             LEAN_MCP_DISABLED_TOOLS                            
                    INFO     Disabled tool 'lean_completions' via  server.py:115
                             LEAN_MCP_DISABLED_TOOLS                            
                    INFO     Disabled tool 'lean_declaration_file' server.py:115
                             via LEAN_MCP_DISABLED_TOOLS                        
                    INFO     Disabled tool                         server.py:115
                             'lean_diagnostic_messages' via                     
                             LEAN_MCP_DISABLED_TOOLS                            
                    INFO     Disabled tool 'lean_file_outline' via server.py:115
                             LEAN_MCP_DISABLED_TOOLS                            
                    INFO     Disabled tool                         server.py:115
                             'lean_get_widget_source' via                       
                             LEAN_MCP_DISABLED_TOOLS                            
                    INFO     Disabled tool 'lean_get_widgets' via  server.py:115
                             LEAN_MCP_DISABLED_TOOLS                            
                    INFO     Disabled tool 'lean_goal' via         server.py:115
                             LEAN_MCP_DISABLED_TOOLS                            
                    INFO     Disabled tool 'lean_hover_info' via   server.py:115
                             LEAN_MCP_DISABLED_TOOLS                            
                    INFO     Disabled tool 'lean_references' via   server.py:115
                             LEAN_MCP_DISABLED_TOOLS                            
                    INFO     Disabled tool 'lean_term_goal' via    server.py:115
                             LEAN_MCP_DISABLED_TOOLS                            
                    INFO     REPL enabled, using:                  server.py:322
                             /home/amirnabiyev/Conjecture_Prover/.              
                             lake/packages/repl/.lake/build/bin/re              
                             pl                                                 
                    INFO     REPL initialized: timeout=60s         server.py:325
[08/26/26 16:53:38] INFO     Session ending — cleaning up          server.py:360
                             per-session resources                              
[08/26/26 16:53:41] INFO     Disabled tool 'lean_build' via        server.py:115
                             LEAN_MCP_DISABLED_TOOLS                            
                    INFO     Disabled tool 'lean_completions' via  server.py:115
                             LEAN_MCP_DISABLED_TOOLS                            
                    INFO     Disabled tool 'lean_declaration_file' server.py:115
                             via LEAN_MCP_DISABLED_TOOLS                        
                    INFO     Disabled tool                         server.py:115
                             'lean_diagnostic_messages' via                     
                             LEAN_MCP_DISABLED_TOOLS                            
                    INFO     Disabled tool 'lean_file_outline' via server.py:115
                             LEAN_MCP_DISABLED_TOOLS                            
                    INFO     Disabled tool                         server.py:115
                             'lean_get_widget_source' via                       
                             LEAN_MCP_DISABLED_TOOLS                            
                    INFO     Disabled tool 'lean_get_widgets' via  server.py:115
                             LEAN_MCP_DISABLED_TOOLS                            
                    INFO     Disabled tool 'lean_goal' via         server.py:115
                             LEAN_MCP_DISABLED_TOOLS                            
                    INFO     Disabled tool 'lean_hover_info' via   server.py:115
                             LEAN_MCP_DISABLED_TOOLS                            
                    INFO     Disabled tool 'lean_references' via   server.py:115
                             LEAN_MCP_DISABLED_TOOLS                            
                    INFO     Disabled tool 'lean_term_goal' via    server.py:115
                             LEAN_MCP_DISABLED_TOOLS                            
                    INFO     REPL enabled, using:                  server.py:322
                             /home/amirnabiyev/Conjecture_Prover/.              
                             lake/packages/repl/.lake/build/bin/re              
                             pl                                                 
                    INFO     REPL initialized: timeout=60s         server.py:325
[08/26/26 16:53:44] INFO     Session ending — cleaning up          server.py:360
                             per-session resources                              
[08/26/26 16:53:49] INFO     Disabled tool 'lean_build' via        server.py:115
                             LEAN_MCP_DISABLED_TOOLS                            
                    INFO     Disabled tool 'lean_completions' via  server.py:115
                             LEAN_MCP_DISABLED_TOOLS                            
                    INFO     Disabled tool 'lean_declaration_file' server.py:115
                             via LEAN_MCP_DISABLED_TOOLS                        
                    INFO     Disabled tool                         server.py:115
                             'lean_diagnostic_messages' via                     
                             LEAN_MCP_DISABLED_TOOLS                            
                    INFO     Disabled tool 'lean_file_outline' via server.py:115
                             LEAN_MCP_DISABLED_TOOLS                            
                    INFO     Disabled tool                         server.py:115
                             'lean_get_widget_source' via                       
                             LEAN_MCP_DISABLED_TOOLS                            
                    INFO     Disabled tool 'lean_get_widgets' via  server.py:115
                             LEAN_MCP_DISABLED_TOOLS                            
                    INFO     Disabled tool 'lean_goal' via         server.py:115
                             LEAN_MCP_DISABLED_TOOLS                            
                    INFO     Disabled tool 'lean_hover_info' via   server.py:115
                             LEAN_MCP_DISABLED_TOOLS                            
                    INFO     Disabled tool 'lean_references' via   server.py:115
                             LEAN_MCP_DISABLED_TOOLS                            
                    INFO     Disabled tool 'lean_term_goal' via    server.py:115
                             LEAN_MCP_DISABLED_TOOLS                            
                    INFO     REPL enabled, using:                  server.py:322
                             /home/amirnabiyev/Conjecture_Prover/.              
                             lake/packages/repl/.lake/build/bin/re              
                             pl                                                 
                    INFO     REPL initialized: timeout=60s         server.py:325
[08/26/26 16:53:55] INFO     Disabled tool 'lean_build' via        server.py:115
                             LEAN_MCP_DISABLED_TOOLS                            
                    INFO     Disabled tool 'lean_completions' via  server.py:115
                             LEAN_MCP_DISABLED_TOOLS                            
                    INFO     Disabled tool 'lean_declaration_file' server.py:115
                             via LEAN_MCP_DISABLED_TOOLS                        
                    INFO     Disabled tool                         server.py:115
                             'lean_diagnostic_messages' via                     
                             LEAN_MCP_DISABLED_TOOLS                            
                    INFO     Disabled tool 'lean_file_outline' via server.py:115
                             LEAN_MCP_DISABLED_TOOLS                            
                    INFO     Disabled tool                         server.py:115
                             'lean_get_widget_source' via                       
                             LEAN_MCP_DISABLED_TOOLS                            
                    INFO     Disabled tool 'lean_get_widgets' via  server.py:115
                             LEAN_MCP_DISABLED_TOOLS                            
                    INFO     Disabled tool 'lean_goal' via         server.py:115
                             LEAN_MCP_DISABLED_TOOLS                            
                    INFO     Disabled tool 'lean_hover_info' via   server.py:115
                             LEAN_MCP_DISABLED_TOOLS                            
                    INFO     Disabled tool 'lean_references' via   server.py:115
                             LEAN_MCP_DISABLED_TOOLS                            
                    INFO     Disabled tool 'lean_term_goal' via    server.py:115
                             LEAN_MCP_DISABLED_TOOLS                            
                    INFO     REPL enabled, using:                  server.py:322
                             /home/amirnabiyev/Conjecture_Prover/.              
                             lake/packages/repl/.lake/build/bin/re              
                             pl                                                 
                    INFO     REPL initialized: timeout=60s         server.py:325
[08/26/26 16:53:56] INFO     Session ending — cleaning up          server.py:360
                             per-session resources                              
[08/26/26 16:53:58] INFO     Session ending — cleaning up          server.py:360
                             per-session resources                              

      ... (618 total chars)
   ✅ Aggregator LLM finished after 3 turn(s)
   📊 Blueprint JSON: 8 lemmas, 0 proved
   🚦 Route: aggregator → blueprint_refiner (round 2)

======================================================================
🔧 BLUEPRINT REFINER: Revising blueprint based on prover feedback
   Unproved lemmas to address: exists_ltseries_comap_eq, ltseries_snoc_comap, quot_annihilator_injective, quot_annihilator_isIntegral, ringKrullDim_eq_of_isIntegral, ringKrullDim_ge_of_isIntegral, ringKrullDim_le_of_isIntegral, ringKrullDim_quot_annihilator_eq
     • ringKrullDim_le_of_isIntegral: [Turn 20] [FINAL PROPOSAL]
status: VERIFIED
new_str:
```lean
@[blueprint
  (statement := /-- For an integral extension $...
     • ltseries_snoc_comap: [Turn 20] [FINAL PROPOSAL]
status: VERIFIED
new_str:
```lean
lemma ltseries_snoc_comap {R S : Type} [CommRing R] [CommRi...
     • exists_ltseries_comap_eq: [Turn 20] [FINAL PROPOSAL]
status: VERIFIED
new_str:
```lean
@[blueprint
  (statement := /-- For an injective integral e...
     • ringKrullDim_ge_of_isIntegral: [Turn 16] PROVED...
======================================================================

   💬 BR AI says: The revised blueprint is complete and validated. Here's a summary of what changed:

## Summary

**Diagnosis:** The only genuinely open node was `ringKrullDim_ge_of_isIntegral` (PROOF_TOO_HARD). The prover had verified every mathematical step of its chain-lifting proof — base case via lying-over, the going-up successor step, and the final `iSup_le`/`le_iSup` inequality — but was stuck on the purely mechanical `Fin`/`RelSeries.snoc` index bookkeeping for the comap condition of the snoc'd chain (th
      ... (2630 total chars)
   🚦 Routing: blueprint_refiner → rebuild_blueprint

🔄 REBUILD BLUEPRINT: Refreshing blueprint state from JSON...
   📊 8 lemmas, 0 proved
   📊 Blueprint: 8 nodes, root='ringKrullDim_quot_annihilator_eq'
   🚦 Routing: rebuild_blueprint → theorem_proving
   ⏭️  Skipping 'quot_annihilator_isIntegral': declaration has no `sorry_using` placeholder
   ⏭️  Skipping 'quot_annihilator_injective': declaration has no `sorry_using` placeholder
   ⏭️  Skipping 'ringKrullDim_ge_of_isIntegral': declaration has no `sorry_using` placeholder
   ⏭️  Skipping 'ringKrullDim_eq_of_isIntegral': declaration has no `sorry_using` placeholder
   ⏭️  Skipping 'ringKrullDim_quot_annihilator_eq': declaration has no `sorry_using` placeholder
   🚀 theorem_proving: dispatching 3 parallel agent(s) (skipped 5 without sorry_using)
      → ringKrullDim_le_of_isIntegral
      → ltseries_snoc_comap
      → exists_ltseries_comap_eq

============================================================
🔍 PROVE LEMMA: ringKrullDim_le_of_isIntegral  (max 20 turns)
============================================================


============================================================
🔍 PROVE LEMMA: ltseries_snoc_comap  (max 20 turns)
============================================================


============================================================
🔍 PROVE LEMMA: exists_ltseries_comap_eq  (max 20 turns)
============================================================

   🔌 MCP client ready for lemma 'ltseries_snoc_comap' (proof-only mode)
   🔌 MCP client ready for lemma 'exists_ltseries_comap_eq' (proof-only mode)
   🔌 MCP client ready for lemma 'ringKrullDim_le_of_isIntegral' (proof-only mode)
   🛠️  PL-exists_ltseries_comap_eq AI made 2 tool call(s):
 → lean_run_code
 → lean_local_search
   🛠️  PL-ringKrullDim_le_of_isIntegral AI made 2 tool call(s):
 → search_mathlib_docs
 → lean_loogle
   🛠️  PL-ringKrullDim_le_of_isIntegral AI made 3 tool call(s):
 → lean_loogle
 → lean_loogle
 → search_mathlib_docs_multi
   🛠️  PL-ringKrullDim_le_of_isIntegral AI made 3 tool call(s):
 → lean_loogle
 → lean_loogle
 → lean_loogle
   🛠️  PL-exists_ltseries_comap_eq AI made 2 tool call(s):
 → lean_local_search
 → lean_local_search
   🛠️  PL-exists_ltseries_comap_eq AI made 1 tool call(s):
 → lean_run_code
   🛠️  PL-ringKrullDim_le_of_isIntegral AI made 1 tool call(s):
 → lean_run_code
   🛠️  PL-exists_ltseries_comap_eq AI made 2 tool call(s):
 → lean_local_search
 → lean_local_search
   🛠️  PL-ltseries_snoc_comap AI made 3 tool call(s):
 → lean_run_code
 → lean_local_search
 → lean_local_search
   🛠️  PL-ringKrullDim_le_of_isIntegral AI made 1 tool call(s):
 → lean_run_code
   🛠️  PL-ltseries_snoc_comap AI made 2 tool call(s):
 → lean_run_code
 → search_mathlib_docs_multi
   🛠️  PL-ringKrullDim_le_of_isIntegral AI made 1 tool call(s):
 → lean_run_code
   🛠️  PL-ringKrullDim_le_of_isIntegral AI made 1 tool call(s):
 → lean_run_code
   🛠️  PL-ltseries_snoc_comap AI made 1 tool call(s):
 → lean_run_code
   🛠️  PL-ltseries_snoc_comap AI made 1 tool call(s):
 → lean_run_code
   🛠️  PL-ringKrullDim_le_of_isIntegral AI made 1 tool call(s):
 → lean_run_code
   🛠️  PL-ltseries_snoc_comap AI made 2 tool call(s):
 → lean_run_code
 → search_mathlib_docs
   🛠️  PL-exists_ltseries_comap_eq AI made 2 tool call(s):
 → lean_run_code
 → lean_run_code
   🛠️  PL-ringKrullDim_le_of_isIntegral AI made 1 tool call(s):
 → lean_run_code
   🛠️  PL-ltseries_snoc_comap AI made 2 tool call(s):
 → search_mathlib_docs
 → lean_run_code
   🛠️  PL-ringKrullDim_le_of_isIntegral AI made 1 tool call(s):
 → lean_run_code
   🛠️  PL-ltseries_snoc_comap AI made 2 tool call(s):
 → lean_run_code
 → lean_run_code
   🛠️  PL-ringKrullDim_le_of_isIntegral AI made 1 tool call(s):
 → lean_run_code
   🛠️  PL-ltseries_snoc_comap AI made 1 tool call(s):
 → lean_run_code
   🛠️  PL-ringKrullDim_le_of_isIntegral AI made 1 tool call(s):
 → lean_run_code
   🛠️  PL-ltseries_snoc_comap AI made 1 tool call(s):
 → lean_run_code
   💬 PL-ringKrullDim_le_of_isIntegral AI says: The proof compiles. Let me check whether Mathlib already has this lemma name or a variant, to keep naming/imports consistent.
   🛠️  PL-ringKrullDim_le_of_isIntegral AI made 2 tool call(s):
 → lean_leansearch
 → lean_run_code
   🛠️  PL-ltseries_snoc_comap AI made 1 tool call(s):
 → lean_run_code
   💬 PL-ringKrullDim_le_of_isIntegral AI says: The proof compiles cleanly with no custom axioms. Final verification of the exact replacement body:
   🛠️  PL-ringKrullDim_le_of_isIntegral AI made 1 tool call(s):
 → lean_run_code
   💬 PL-ringKrullDim_le_of_isIntegral AI says: ```
1. Target: ringKrullDim_le_of_isIntegral
2. Status: VERIFIED
3. Validated Lean code block:
   ```lean
   lemma ringKrullDim_le_of_isIntegral {R S : Type} [CommRing R] [CommRing S] [Algebra R S]
       [Algebra.IsIntegral R S] : ringKrullDim S ≤ ringKrullDim R := by
     simpa [ringKrullDim] using
       (Order.krullDim_le_of_strictMono (PrimeSpectrum.comap (algebraMap R S))
         (by
           intro p q hpq
           exact (PrimeSpectrum.asIdeal_lt_asIdeal _ _).2
             (Ideal.IsI
      ... (2029 total chars)
   ✅ Lemma 'ringKrullDim_le_of_isIntegral' appears proved (turn 15)
   💬 PL-ltseries_snoc_comap AI says: The statement elaborates with the right imports. Now let me build the proof using `Fin.lastCases`:
   🛠️  PL-ltseries_snoc_comap AI made 1 tool call(s):
 → lean_run_code
   🛠️  PL-exists_ltseries_comap_eq AI made 1 tool call(s):
 → lean_run_code
   💬 PL-ltseries_snoc_comap AI says: Two fixes needed: the alternative name is `cast` (not `castSucc`), and `rw [RelSeries.last_snoc]` needs the `.last` form. Let me adjust:
   🛠️  PL-ltseries_snoc_comap AI made 1 tool call(s):
 → lean_run_code
   🛠️  PL-exists_ltseries_comap_eq AI made 1 tool call(s):
 → lean_run_code
   💬 PL-ltseries_snoc_comap AI says: The `last` case works. The `cast` case needs `i`'s type rewritten via `hqsnoc` first so `rw` can match:
   🛠️  PL-ltseries_snoc_comap AI made 1 tool call(s):
 → lean_run_code
   🛠️  PL-exists_ltseries_comap_eq AI made 1 tool call(s):
 → lean_run_code[08/26/26 16:54:01] INFO     Disabled tool 'lean_build' via        server.py:115
                             LEAN_MCP_DISABLED_TOOLS                            
                    INFO     Disabled tool 'lean_completions' via  server.py:115
                             LEAN_MCP_DISABLED_TOOLS                            
                    INFO     Disabled tool 'lean_declaration_file' server.py:115
                             via LEAN_MCP_DISABLED_TOOLS                        
                    INFO     Disabled tool                         server.py:115
                             'lean_diagnostic_messages' via                     
                             LEAN_MCP_DISABLED_TOOLS                            
                    INFO     Disabled tool 'lean_file_outline' via server.py:115
                             LEAN_MCP_DISABLED_TOOLS                            
                    INFO     Disabled tool                         server.py:115
                             'lean_get_widget_source' via                       
                             LEAN_MCP_DISABLED_TOOLS                            
                    INFO     Disabled tool 'lean_get_widgets' via  server.py:115
                             LEAN_MCP_DISABLED_TOOLS                            
                    INFO     Disabled tool 'lean_goal' via         server.py:115
                             LEAN_MCP_DISABLED_TOOLS                            
                    INFO     Disabled tool 'lean_hover_info' via   server.py:115
                             LEAN_MCP_DISABLED_TOOLS                            
                    INFO     Disabled tool 'lean_references' via   server.py:115
                             LEAN_MCP_DISABLED_TOOLS                            
                    INFO     Disabled tool 'lean_term_goal' via    server.py:115
                             LEAN_MCP_DISABLED_TOOLS                            
                    INFO     REPL enabled, using:                  server.py:322
                             /home/amirnabiyev/Conjecture_Prover/.              
                             lake/packages/repl/.lake/build/bin/re              
                             pl                                                 
                    INFO     REPL initialized: timeout=60s         server.py:325
[08/26/26 16:54:07] INFO     Session ending — cleaning up          server.py:360
                             per-session resources                              
[08/26/26 16:54:14] INFO     Disabled tool 'lean_build' via        server.py:115
                             LEAN_MCP_DISABLED_TOOLS                            
                    INFO     Disabled tool 'lean_completions' via  server.py:115
                             LEAN_MCP_DISABLED_TOOLS                            
                    INFO     Disabled tool 'lean_declaration_file' server.py:115
                             via LEAN_MCP_DISABLED_TOOLS                        
                    INFO     Disabled tool                         server.py:115
                             'lean_diagnostic_messages' via                     
                             LEAN_MCP_DISABLED_TOOLS                            
                    INFO     Disabled tool 'lean_file_outline' via server.py:115
                             LEAN_MCP_DISABLED_TOOLS                            
                    INFO     Disabled tool                         server.py:115
                             'lean_get_widget_source' via                       
                             LEAN_MCP_DISABLED_TOOLS                            
                    INFO     Disabled tool 'lean_get_widgets' via  server.py:115
                             LEAN_MCP_DISABLED_TOOLS                            
                    INFO     Disabled tool 'lean_goal' via         server.py:115
                             LEAN_MCP_DISABLED_TOOLS                            
                    INFO     Disabled tool 'lean_hover_info' via   server.py:115
                             LEAN_MCP_DISABLED_TOOLS                            
                    INFO     Disabled tool 'lean_references' via   server.py:115
                             LEAN_MCP_DISABLED_TOOLS                            
                    INFO     Disabled tool 'lean_term_goal' via    server.py:115
                             LEAN_MCP_DISABLED_TOOLS                            
                    INFO     REPL enabled, using:                  server.py:322
                             /home/amirnabiyev/Conjecture_Prover/.              
                             lake/packages/repl/.lake/build/bin/re              
                             pl                                                 
                    INFO     REPL initialized: timeout=60s         server.py:325
[08/26/26 16:54:17] INFO     Disabled tool 'lean_build' via        server.py:115
                             LEAN_MCP_DISABLED_TOOLS                            
                    INFO     Disabled tool 'lean_completions' via  server.py:115
                             LEAN_MCP_DISABLED_TOOLS                            
                    INFO     Disabled tool 'lean_declaration_file' server.py:115
                             via LEAN_MCP_DISABLED_TOOLS                        
                    INFO     Disabled tool                         server.py:115
                             'lean_diagnostic_messages' via                     
                             LEAN_MCP_DISABLED_TOOLS                            
                    INFO     Disabled tool 'lean_file_outline' via server.py:115
                             LEAN_MCP_DISABLED_TOOLS                            
                    INFO     Disabled tool                         server.py:115
                             'lean_get_widget_source' via                       
                             LEAN_MCP_DISABLED_TOOLS                            
                    INFO     Disabled tool 'lean_get_widgets' via  server.py:115
                             LEAN_MCP_DISABLED_TOOLS                            
                    INFO     Disabled tool 'lean_goal' via         server.py:115
                             LEAN_MCP_DISABLED_TOOLS                            
                    INFO     Disabled tool 'lean_hover_info' via   server.py:115
                             LEAN_MCP_DISABLED_TOOLS                            
                    INFO     Disabled tool 'lean_references' via   server.py:115
                             LEAN_MCP_DISABLED_TOOLS                            
                    INFO     Disabled tool 'lean_term_goal' via    server.py:115
                             LEAN_MCP_DISABLED_TOOLS                            
                    INFO     REPL enabled, using:                  server.py:322
                             /home/amirnabiyev/Conjecture_Prover/.              
                             lake/packages/repl/.lake/build/bin/re              
                             pl                                                 
                    INFO     REPL initialized: timeout=60s         server.py:325
[08/26/26 16:54:17] INFO     Session ending — cleaning up          server.py:360
                             per-session resources                              
[08/26/26 16:54:23] INFO     Session ending — cleaning up          server.py:360
                             per-session resources                              
[08/26/26 16:54:39] INFO     Disabled tool 'lean_build' via        server.py:115
                             LEAN_MCP_DISABLED_TOOLS                            
                    INFO     Disabled tool 'lean_completions' via  server.py:115
                             LEAN_MCP_DISABLED_TOOLS                            
                    INFO     Disabled tool 'lean_declaration_file' server.py:115
                             via LEAN_MCP_DISABLED_TOOLS                        
                    INFO     Disabled tool                         server.py:115
                             'lean_diagnostic_messages' via                     
                             LEAN_MCP_DISABLED_TOOLS                            
                    INFO     Disabled tool 'lean_file_outline' via server.py:115
                             LEAN_MCP_DISABLED_TOOLS                            
                    INFO     Disabled tool                         server.py:115
                             'lean_get_widget_source' via                       
                             LEAN_MCP_DISABLED_TOOLS                            
                    INFO     Disabled tool 'lean_get_widgets' via  server.py:115
                             LEAN_MCP_DISABLED_TOOLS                            
                    INFO     Disabled tool 'lean_goal' via         server.py:115
                             LEAN_MCP_DISABLED_TOOLS                            
                    INFO     Disabled tool 'lean_hover_info' via   server.py:115
                             LEAN_MCP_DISABLED_TOOLS                            
                    INFO     Disabled tool 'lean_references' via   server.py:115
                             LEAN_MCP_DISABLED_TOOLS                            
                    INFO     Disabled tool 'lean_term_goal' via    server.py:115
                             LEAN_MCP_DISABLED_TOOLS                            
                    INFO     REPL enabled, using:                  server.py:322
                             /home/amirnabiyev/Conjecture_Prover/.              
                             lake/packages/repl/.lake/build/bin/re              
                             pl                                                 
                    INFO     REPL initialized: timeout=60s         server.py:325
[08/26/26 16:54:42] INFO     Session ending — cleaning up          server.py:360
                             per-session resources                              
[08/26/26 16:55:18] INFO     Disabled tool 'lean_build' via        server.py:115
                             LEAN_MCP_DISABLED_TOOLS                            
                    INFO     Disabled tool 'lean_completions' via  server.py:115
                             LEAN_MCP_DISABLED_TOOLS                            
                    INFO     Disabled tool 'lean_declaration_file' server.py:115
                             via LEAN_MCP_DISABLED_TOOLS                        
                    INFO     Disabled tool                         server.py:115
                             'lean_diagnostic_messages' via                     
                             LEAN_MCP_DISABLED_TOOLS                            
                    INFO     Disabled tool 'lean_file_outline' via server.py:115
                             LEAN_MCP_DISABLED_TOOLS                            
                    INFO     Disabled tool                         server.py:115
                             'lean_get_widget_source' via                       
                             LEAN_MCP_DISABLED_TOOLS                            
                    INFO     Disabled tool 'lean_get_widgets' via  server.py:115
                             LEAN_MCP_DISABLED_TOOLS                            
                    INFO     Disabled tool 'lean_goal' via         server.py:115
                             LEAN_MCP_DISABLED_TOOLS                            
                    INFO     Disabled tool 'lean_hover_info' via   server.py:115
                             LEAN_MCP_DISABLED_TOOLS                            
                    INFO     Disabled tool 'lean_references' via   server.py:115
                             LEAN_MCP_DISABLED_TOOLS                            
                    INFO     Disabled tool 'lean_term_goal' via    server.py:115
                             LEAN_MCP_DISABLED_TOOLS                            
                    INFO     REPL enabled, using:                  server.py:322
                             /home/amirnabiyev/Conjecture_Prover/.              
                             lake/packages/repl/.lake/build/bin/re              
                             pl                                                 
                    INFO     REPL initialized: timeout=60s         server.py:325
[08/26/26 16:55:21] INFO     Session ending — cleaning up          server.py:360
                             per-session resources                              
[08/26/26 16:55:44] INFO     Disabled tool 'lean_build' via        server.py:115
                             LEAN_MCP_DISABLED_TOOLS                            
                    INFO     Disabled tool 'lean_completions' via  server.py:115
                             LEAN_MCP_DISABLED_TOOLS                            
                    INFO     Disabled tool 'lean_declaration_file' server.py:115
                             via LEAN_MCP_DISABLED_TOOLS                        
                    INFO     Disabled tool                         server.py:115
                             'lean_diagnostic_messages' via                     
                             LEAN_MCP_DISABLED_TOOLS                            
                    INFO     Disabled tool 'lean_file_outline' via server.py:115
                             LEAN_MCP_DISABLED_TOOLS                            
                    INFO     Disabled tool                         server.py:115
                             'lean_get_widget_source' via                       
                             LEAN_MCP_DISABLED_TOOLS                            
                    INFO     Disabled tool 'lean_get_widgets' via  server.py:115
                             LEAN_MCP_DISABLED_TOOLS                            
                    INFO     Disabled tool 'lean_goal' via         server.py:115
                             LEAN_MCP_DISABLED_TOOLS                            
                    INFO     Disabled tool 'lean_hover_info' via   server.py:115
                             LEAN_MCP_DISABLED_TOOLS                            
                    INFO     Disabled tool 'lean_references' via   server.py:115
                             LEAN_MCP_DISABLED_TOOLS                            
                    INFO     Disabled tool 'lean_term_goal' via    server.py:115
                             LEAN_MCP_DISABLED_TOOLS                            
                    INFO     REPL enabled, using:                  server.py:322
                             /home/amirnabiyev/Conjecture_Prover/.              
                             lake/packages/repl/.lake/build/bin/re              
                             pl                                                 
                    INFO     REPL initialized: timeout=60s         server.py:325
[08/26/26 16:55:51] INFO     Session ending — cleaning up          server.py:360
                             per-session resources                              
[08/26/26 16:56:11] INFO     Disabled tool 'lean_build' via        server.py:115
                             LEAN_MCP_DISABLED_TOOLS                            
                    INFO     Disabled tool 'lean_completions' via  server.py:115
                             LEAN_MCP_DISABLED_TOOLS                            
                    INFO     Disabled tool 'lean_declaration_file' server.py:115
                             via LEAN_MCP_DISABLED_TOOLS                        
                    INFO     Disabled tool                         server.py:115
                             'lean_diagnostic_messages' via                     
                             LEAN_MCP_DISABLED_TOOLS                            
                    INFO     Disabled tool 'lean_file_outline' via server.py:115
                             LEAN_MCP_DISABLED_TOOLS                            
                    INFO     Disabled tool                         server.py:115
                             'lean_get_widget_source' via                       
                             LEAN_MCP_DISABLED_TOOLS                            
                    INFO     Disabled tool 'lean_get_widgets' via  server.py:115
                             LEAN_MCP_DISABLED_TOOLS                            
                    INFO     Disabled tool 'lean_goal' via         server.py:115
                             LEAN_MCP_DISABLED_TOOLS                            
                    INFO     Disabled tool 'lean_hover_info' via   server.py:115
                             LEAN_MCP_DISABLED_TOOLS                            
                    INFO     Disabled tool 'lean_references' via   server.py:115
                             LEAN_MCP_DISABLED_TOOLS                            
                    INFO     Disabled tool 'lean_term_goal' via    server.py:115
                             LEAN_MCP_DISABLED_TOOLS                            
                    INFO     REPL enabled, using:                  server.py:322
                             /home/amirnabiyev/Conjecture_Prover/.              
                             lake/packages/repl/.lake/build/bin/re              
                             pl                                                 
                    INFO     REPL initialized: timeout=60s         server.py:325
[08/26/26 16:56:14] INFO     Session ending — cleaning up          server.py:360
                             per-session resources                              
[08/26/26 16:56:30] INFO     Disabled tool 'lean_build' via        server.py:115
                             LEAN_MCP_DISABLED_TOOLS                            
                    INFO     Disabled tool 'lean_completions' via  server.py:115
                             LEAN_MCP_DISABLED_TOOLS                            
                    INFO     Disabled tool 'lean_declaration_file' server.py:115
                             via LEAN_MCP_DISABLED_TOOLS                        
                    INFO     Disabled tool                         server.py:115
                             'lean_diagnostic_messages' via                     
                             LEAN_MCP_DISABLED_TOOLS                            
                    INFO     Disabled tool 'lean_file_outline' via server.py:115
                             LEAN_MCP_DISABLED_TOOLS                            
                    INFO     Disabled tool                         server.py:115
                             'lean_get_widget_source' via                       
                             LEAN_MCP_DISABLED_TOOLS                            
                    INFO     Disabled tool 'lean_get_widgets' via  server.py:115
                             LEAN_MCP_DISABLED_TOOLS                            
                    INFO     Disabled tool 'lean_goal' via         server.py:115
                             LEAN_MCP_DISABLED_TOOLS                            
                    INFO     Disabled tool 'lean_hover_info' via   server.py:115
                             LEAN_MCP_DISABLED_TOOLS                            
                    INFO     Disabled tool 'lean_references' via   server.py:115
                             LEAN_MCP_DISABLED_TOOLS                            
                    INFO     Disabled tool 'lean_term_goal' via    server.py:115
                             LEAN_MCP_DISABLED_TOOLS                            
                    INFO     REPL enabled, using:                  server.py:322
                             /home/amirnabiyev/Conjecture_Prover/.              
                             lake/packages/repl/.lake/build/bin/re              
                             pl                                                 
                    INFO     REPL initialized: timeout=60s         server.py:325
[08/26/26 16:56:33] INFO     Session ending — cleaning up          server.py:360
                             per-session resources                              
[08/26/26 16:56:38] INFO     Disabled tool 'lean_build' via        server.py:115
                             LEAN_MCP_DISABLED_TOOLS                            
                    INFO     Disabled tool 'lean_completions' via  server.py:115
                             LEAN_MCP_DISABLED_TOOLS                            
                    INFO     Disabled tool 'lean_declaration_file' server.py:115
                             via LEAN_MCP_DISABLED_TOOLS                        
                    INFO     Disabled tool                         server.py:115
                             'lean_diagnostic_messages' via                     
                             LEAN_MCP_DISABLED_TOOLS                            
                    INFO     Disabled tool 'lean_file_outline' via server.py:115
                             LEAN_MCP_DISABLED_TOOLS                            
                    INFO     Disabled tool                         server.py:115
                             'lean_get_widget_source' via                       
                             LEAN_MCP_DISABLED_TOOLS                            
                    INFO     Disabled tool 'lean_get_widgets' via  server.py:115
                             LEAN_MCP_DISABLED_TOOLS                            
                    INFO     Disabled tool 'lean_goal' via         server.py:115
                             LEAN_MCP_DISABLED_TOOLS                            
                    INFO     Disabled tool 'lean_hover_info' via   server.py:115
                             LEAN_MCP_DISABLED_TOOLS                            
                    INFO     Disabled tool 'lean_references' via   server.py:115
                             LEAN_MCP_DISABLED_TOOLS                            
                    INFO     Disabled tool 'lean_term_goal' via    server.py:115
                             LEAN_MCP_DISABLED_TOOLS                            
                    INFO     REPL enabled, using:                  server.py:322
                             /home/amirnabiyev/Conjecture_Prover/.              
                             lake/packages/repl/.lake/build/bin/re              
                             pl                                                 
                    INFO     REPL initialized: timeout=60s         server.py:325
[08/26/26 16:56:45] INFO     Session ending — cleaning up          server.py:360
                             per-session resources                              
[08/26/26 16:57:21] INFO     Disabled tool 'lean_build' via        server.py:115
                             LEAN_MCP_DISABLED_TOOLS                            
                    INFO     Disabled tool 'lean_completions' via  server.py:115
                             LEAN_MCP_DISABLED_TOOLS                            
                    INFO     Disabled tool 'lean_declaration_file' server.py:115
                             via LEAN_MCP_DISABLED_TOOLS                        
                    INFO     Disabled tool                         server.py:115
                             'lean_diagnostic_messages' via                     
                             LEAN_MCP_DISABLED_TOOLS                            
                    INFO     Disabled tool 'lean_file_outline' via server.py:115
                             LEAN_MCP_DISABLED_TOOLS                            
                    INFO     Disabled tool                         server.py:115
                             'lean_get_widget_source' via                       
                             LEAN_MCP_DISABLED_TOOLS                            
                    INFO     Disabled tool 'lean_get_widgets' via  server.py:115
                             LEAN_MCP_DISABLED_TOOLS                            
                    INFO     Disabled tool 'lean_goal' via         server.py:115
                             LEAN_MCP_DISABLED_TOOLS                            
                    INFO     Disabled tool 'lean_hover_info' via   server.py:115
                             LEAN_MCP_DISABLED_TOOLS                            
                    INFO     Disabled tool 'lean_references' via   server.py:115
                             LEAN_MCP_DISABLED_TOOLS                            
                    INFO     Disabled tool 'lean_term_goal' via    server.py:115
                             LEAN_MCP_DISABLED_TOOLS                            
                    INFO     REPL enabled, using:                  server.py:322
                             /home/amirnabiyev/Conjecture_Prover/.              
                             lake/packages/repl/.lake/build/bin/re              
                             pl                                                 
                    INFO     REPL initialized: timeout=60s         server.py:325
[08/26/26 16:57:26] INFO     Disabled tool 'lean_build' via        server.py:115
                             LEAN_MCP_DISABLED_TOOLS                            
                    INFO     Disabled tool 'lean_completions' via  server.py:115
                             LEAN_MCP_DISABLED_TOOLS                            
                    INFO     Disabled tool 'lean_declaration_file' server.py:115
                             via LEAN_MCP_DISABLED_TOOLS                        
                    INFO     Disabled tool                         server.py:115
                             'lean_diagnostic_messages' via                     
                             LEAN_MCP_DISABLED_TOOLS                            
                    INFO     Disabled tool 'lean_file_outline' via server.py:115
                             LEAN_MCP_DISABLED_TOOLS                            
                    INFO     Disabled tool                         server.py:115
                             'lean_get_widget_source' via                       
                             LEAN_MCP_DISABLED_TOOLS                            
                    INFO     Disabled tool 'lean_get_widgets' via  server.py:115
                             LEAN_MCP_DISABLED_TOOLS                            
                    INFO     Disabled tool 'lean_goal' via         server.py:115
                             LEAN_MCP_DISABLED_TOOLS                            
                    INFO     Disabled tool 'lean_hover_info' via   server.py:115
                             LEAN_MCP_DISABLED_TOOLS                            
                    INFO     Disabled tool 'lean_references' via   server.py:115
                             LEAN_MCP_DISABLED_TOOLS                            
                    INFO     Disabled tool 'lean_term_goal' via    server.py:115
                             LEAN_MCP_DISABLED_TOOLS                            
                    INFO     REPL enabled, using:                  server.py:322
                             /home/amirnabiyev/Conjecture_Prover/.              
                             lake/packages/repl/.lake/build/bin/re              
                             pl                                                 
                    INFO     REPL initialized: timeout=60s         server.py:325
[08/26/26 16:57:28] INFO     Session ending — cleaning up          server.py:360
                             per-session resources                              
[08/26/26 16:57:29] INFO     Session ending — cleaning up          server.py:360
                             per-session resources                              
[08/26/26 16:57:49] INFO     Disabled tool 'lean_build' via        server.py:115
                             LEAN_MCP_DISABLED_TOOLS                            
                    INFO     Disabled tool 'lean_completions' via  server.py:115
                             LEAN_MCP_DISABLED_TOOLS                            
                    INFO     Disabled tool 'lean_declaration_file' server.py:115
                             via LEAN_MCP_DISABLED_TOOLS                        
                    INFO     Disabled tool                         server.py:115
                             'lean_diagnostic_messages' via                     
                             LEAN_MCP_DISABLED_TOOLS                            
                    INFO     Disabled tool 'lean_file_outline' via server.py:115
                             LEAN_MCP_DISABLED_TOOLS                            
                    INFO     Disabled tool                         server.py:115
                             'lean_get_widget_source' via                       
                             LEAN_MCP_DISABLED_TOOLS                            
                    INFO     Disabled tool 'lean_get_widgets' via  server.py:115
                             LEAN_MCP_DISABLED_TOOLS                            
                    INFO     Disabled tool 'lean_goal' via         server.py:115
                             LEAN_MCP_DISABLED_TOOLS                            
                    INFO     Disabled tool 'lean_hover_info' via   server.py:115
                             LEAN_MCP_DISABLED_TOOLS                            
                    INFO     Disabled tool 'lean_references' via   server.py:115
                             LEAN_MCP_DISABLED_TOOLS                            
                    INFO     Disabled tool 'lean_term_goal' via    server.py:115
                             LEAN_MCP_DISABLED_TOOLS                            
                    INFO     REPL enabled, using:                  server.py:322
                             /home/amirnabiyev/Conjecture_Prover/.              
                             lake/packages/repl/.lake/build/bin/re              
                             pl                                                 
                    INFO     REPL initialized: timeout=60s         server.py:325
[08/26/26 16:57:56] INFO     Session ending — cleaning up          server.py:360
                             per-session resources                              
[08/26/26 16:58:18] INFO     Disabled tool 'lean_build' via        server.py:115
                             LEAN_MCP_DISABLED_TOOLS                            
                    INFO     Disabled tool 'lean_completions' via  server.py:115
                             LEAN_MCP_DISABLED_TOOLS                            
                    INFO     Disabled tool 'lean_declaration_file' server.py:115
                             via LEAN_MCP_DISABLED_TOOLS                        
                    INFO     Disabled tool                         server.py:115
                             'lean_diagnostic_messages' via                     
                             LEAN_MCP_DISABLED_TOOLS                            
                    INFO     Disabled tool 'lean_file_outline' via server.py:115
                             LEAN_MCP_DISABLED_TOOLS                            
                    INFO     Disabled tool                         server.py:115
                             'lean_get_widget_source' via                       
                             LEAN_MCP_DISABLED_TOOLS                            
                    INFO     Disabled tool 'lean_get_widgets' via  server.py:115
                             LEAN_MCP_DISABLED_TOOLS                            
                    INFO     Disabled tool 'lean_goal' via         server.py:115
                             LEAN_MCP_DISABLED_TOOLS                            
                    INFO     Disabled tool 'lean_hover_info' via   server.py:115
                             LEAN_MCP_DISABLED_TOOLS                            
                    INFO     Disabled tool 'lean_references' via   server.py:115
                             LEAN_MCP_DISABLED_TOOLS                            
                    INFO     Disabled tool 'lean_term_goal' via    server.py:115
                             LEAN_MCP_DISABLED_TOOLS                            
                    INFO     REPL enabled, using:                  server.py:322
                             /home/amirnabiyev/Conjecture_Prover/.              
                             lake/packages/repl/.lake/build/bin/re              
                             pl                                                 
                    INFO     REPL initialized: timeout=60s         server.py:325
[08/26/26 16:58:25] INFO     Session ending — cleaning up          server.py:360
                             per-session resources                              
[08/26/26 16:58:43] INFO     Disabled tool 'lean_build' via        server.py:115
                             LEAN_MCP_DISABLED_TOOLS                            
                    INFO     Disabled tool 'lean_completions' via  server.py:115
                             LEAN_MCP_DISABLED_TOOLS                            
                    INFO     Disabled tool 'lean_declaration_file' server.py:115
                             via LEAN_MCP_DISABLED_TOOLS                        
                    INFO     Disabled tool                         server.py:115
                             'lean_diagnostic_messages' via                     
                             LEAN_MCP_DISABLED_TOOLS                            
                    INFO     Disabled tool 'lean_file_outline' via server.py:115
                             LEAN_MCP_DISABLED_TOOLS                            
                    INFO     Disabled tool                         server.py:115
                             'lean_get_widget_source' via                       
                             LEAN_MCP_DISABLED_TOOLS                            
                    INFO     Disabled tool 'lean_get_widgets' via  server.py:115
                             LEAN_MCP_DISABLED_TOOLS                            
                    INFO     Disabled tool 'lean_goal' via         server.py:115
                             LEAN_MCP_DISABLED_TOOLS                            
                    INFO     Disabled tool 'lean_hover_info' via   server.py:115
                             LEAN_MCP_DISABLED_TOOLS                            
                    INFO     Disabled tool 'lean_references' via   server.py:115
                             LEAN_MCP_DISABLED_TOOLS                            
                    INFO     Disabled tool 'lean_term_goal' via    server.py:115
                             LEAN_MCP_DISABLED_TOOLS                            
                    INFO     REPL enabled, using:                  server.py:322
                             /home/amirnabiyev/Conjecture_Prover/.              
                             lake/packages/repl/.lake/build/bin/re              
                             pl                                                 
                    INFO     REPL initialized: timeout=60s         server.py:325
[08/26/26 16:58:50] INFO     Session ending — cleaning up          server.py:360
                             per-session resources                              
[08/26/26 16:59:42] INFO     Disabled tool 'lean_build' via        server.py:115
                             LEAN_MCP_DISABLED_TOOLS                            
                    INFO     Disabled tool 'lean_completions' via  server.py:115
                             LEAN_MCP_DISABLED_TOOLS                            
                    INFO     Disabled tool 'lean_declaration_file' server.py:115
                             via LEAN_MCP_DISABLED_TOOLS                        
                    INFO     Disabled tool                         server.py:115
                             'lean_diagnostic_messages' via                     
                             LEAN_MCP_DISABLED_TOOLS                            
                    INFO     Disabled tool 'lean_file_outline' via server.py:115
                             LEAN_MCP_DISABLED_TOOLS                            
                    INFO     Disabled tool                         server.py:115
                             'lean_get_widget_source' via                       
                             LEAN_MCP_DISABLED_TOOLS                            
                    INFO     Disabled tool 'lean_get_widgets' via  server.py:115
                             LEAN_MCP_DISABLED_TOOLS                            
                    INFO     Disabled tool 'lean_goal' via         server.py:115
                             LEAN_MCP_DISABLED_TOOLS                            
                    INFO     Disabled tool 'lean_hover_info' via   server.py:115
                             LEAN_MCP_DISABLED_TOOLS                            
                    INFO     Disabled tool 'lean_references' via   server.py:115
                             LEAN_MCP_DISABLED_TOOLS                            
                    INFO     Disabled tool 'lean_term_goal' via    server.py:115
                             LEAN_MCP_DISABLED_TOOLS                            
                    INFO     REPL enabled, using:                  server.py:322
                             /home/amirnabiyev/Conjecture_Prover/.              
                             lake/packages/repl/.lake/build/bin/re              
                             pl                                                 
                    INFO     REPL initialized: timeout=60s         server.py:325
[08/26/26 16:59:48] INFO     Session ending — cleaning up          server.py:360
                             per-session resources                              
[08/26/26 17:00:05] INFO     Disabled tool 'lean_build' via        server.py:115
                             LEAN_MCP_DISABLED_TOOLS                            
                    INFO     Disabled tool 'lean_completions' via  server.py:115
                             LEAN_MCP_DISABLED_TOOLS                            
                    INFO     Disabled tool 'lean_declaration_file' server.py:115
                             via LEAN_MCP_DISABLED_TOOLS                        
                    INFO     Disabled tool                         server.py:115
                             'lean_diagnostic_messages' via                     
                             LEAN_MCP_DISABLED_TOOLS                            
                    INFO     Disabled tool 'lean_file_outline' via server.py:115
                             LEAN_MCP_DISABLED_TOOLS                            
                    INFO     Disabled tool                         server.py:115
                             'lean_get_widget_source' via                       
                             LEAN_MCP_DISABLED_TOOLS                            
                    INFO     Disabled tool 'lean_get_widgets' via  server.py:115
                             LEAN_MCP_DISABLED_TOOLS                            
                    INFO     Disabled tool 'lean_goal' via         server.py:115
                             LEAN_MCP_DISABLED_TOOLS                            
                    INFO     Disabled tool 'lean_hover_info' via   server.py:115
                             LEAN_MCP_DISABLED_TOOLS                            
                    INFO     Disabled tool 'lean_references' via   server.py:115
                             LEAN_MCP_DISABLED_TOOLS                            
                    INFO     Disabled tool 'lean_term_goal' via    server.py:115
                             LEAN_MCP_DISABLED_TOOLS                            
                    INFO     REPL enabled, using:                  server.py:322
                             /home/amirnabiyev/Conjecture_Prover/.              
                             lake/packages/repl/.lake/build/bin/re              
                             pl                                                 
                    INFO     REPL initialized: timeout=60s         server.py:325
[08/26/26 17:00:11] INFO     Session ending — cleaning up          server.py:360
                             per-session resources                              
[08/26/26 17:00:48] INFO     Disabled tool 'lean_build' via        server.py:115
                             LEAN_MCP_DISABLED_TOOLS                            
                    INFO     Disabled tool 'lean_completions' via  server.py:115
                             LEAN_MCP_DISABLED_TOOLS                            
                    INFO     Disabled tool 'lean_declaration_file' server.py:115
                             via LEAN_MCP_DISABLED_TOOLS                        
                    INFO     Disabled tool                         server.py:115
                             'lean_diagnostic_messages' via                     
                             LEAN_MCP_DISABLED_TOOLS                            
                    INFO     Disabled tool 'lean_file_outline' via server.py:115
                             LEAN_MCP_DISABLED_TOOLS                            
                    INFO     Disabled tool                         server.py:115
                             'lean_get_widget_source' via                       
                             LEAN_MCP_DISABLED_TOOLS                            
                    INFO     Disabled tool 'lean_get_widgets' via  server.py:115
                             LEAN_MCP_DISABLED_TOOLS                            
                    INFO     Disabled tool 'lean_goal' via         server.py:115
                             LEAN_MCP_DISABLED_TOOLS                            
                    INFO     Disabled tool 'lean_hover_info' via   server.py:115
                             LEAN_MCP_DISABLED_TOOLS                            
                    INFO     Disabled tool 'lean_references' via   server.py:115
                             LEAN_MCP_DISABLED_TOOLS                            
                    INFO     Disabled tool 'lean_term_goal' via    server.py:115
                             LEAN_MCP_DISABLED_TOOLS                            
                    INFO     REPL enabled, using:                  server.py:322
                             /home/amirnabiyev/Conjecture_Prover/.              
                             lake/packages/repl/.lake/build/bin/re              
                             pl                                                 
                    INFO     REPL initialized: timeout=60s         server.py:325
[08/26/26 17:00:54] INFO     Session ending — cleaning up          server.py:360
                             per-session resources                              
[08/26/26 17:01:20] INFO     Disabled tool 'lean_build' via        server.py:115
                             LEAN_MCP_DISABLED_TOOLS                            
                    INFO     Disabled tool 'lean_completions' via  server.py:115
                             LEAN_MCP_DISABLED_TOOLS                            
                    INFO     Disabled tool 'lean_declaration_file' server.py:115
                             via LEAN_MCP_DISABLED_TOOLS                        
                    INFO     Disabled tool                         server.py:115
                             'lean_diagnostic_messages' via                     
                             LEAN_MCP_DISABLED_TOOLS                            
                    INFO     Disabled tool 'lean_file_outline' via server.py:115
                             LEAN_MCP_DISABLED_TOOLS                            
                    INFO     Disabled tool                         server.py:115
                             'lean_get_widget_source' via                       
                             LEAN_MCP_DISABLED_TOOLS                            
                    INFO     Disabled tool 'lean_get_widgets' via  server.py:115
                             LEAN_MCP_DISABLED_TOOLS                            
                    INFO     Disabled tool 'lean_goal' via         server.py:115
                             LEAN_MCP_DISABLED_TOOLS                            
                    INFO     Disabled tool 'lean_hover_info' via   server.py:115
                             LEAN_MCP_DISABLED_TOOLS                            
                    INFO     Disabled tool 'lean_references' via   server.py:115
                             LEAN_MCP_DISABLED_TOOLS                            
                    INFO     Disabled tool 'lean_term_goal' via    server.py:115
                             LEAN_MCP_DISABLED_TOOLS                            
                    INFO     REPL enabled, using:                  server.py:322
                             /home/amirnabiyev/Conjecture_Prover/.              
                             lake/packages/repl/.lake/build/bin/re              
                             pl                                                 
                    INFO     REPL initialized: timeout=60s         server.py:325
[08/26/26 17:01:26] INFO     Session ending — cleaning up          server.py:360
                             per-session resources                              
[08/26/26 17:02:14] INFO     REPL enabled, using:                  server.py:322
                             /home/amirnabiyev/Conjecture_Prover/.              
                             lake/packages/repl/.lake/build/bin/re              
                             pl                                                 
                    INFO     REPL initialized: timeout=60s         server.py:325
                    INFO     Session ending — cleaning up          server.py:360
                             per-session resources                              
[08/26/26 17:02:42] INFO     REPL enabled, using:                  server.py:322
                             /home/amirnabiyev/Conjecture_Prover/.              
                             lake/packages/repl/.lake/build/bin/re              
                             pl                                                 
                    INFO     REPL initialized: timeout=60s         server.py:325
[08/26/26 17:02:44] INFO     Shared async LSP client         client_utils.py:133
                             connected at                                       
                             /home/amirnabiyev/Conjecture_Pr                    
                             over                                               
[08/26/26 17:02:57] INFO     Session ending — cleaning up          server.py:360
                             per-session resources                              
Exception ignored in: <function BaseSubprocessTransport.__del__ at 0x7034e04fd120>
Traceback (most recent call last):
  File "/usr/local/lib/python3.12/asyncio/base_subprocess.py", line 126, in __del__
    self.close()
  File "/usr/local/lib/python3.12/asyncio/base_subprocess.py", line 104, in close
    proto.pipe.close()
  File "/usr/local/lib/python3.12/asyncio/unix_events.py", line 767, in close
    self.write_eof()
  File "/usr/local/lib/python3.12/asyncio/unix_events.py", line 753, in write_eof
    self._loop.call_soon(self._call_connection_lost, None)
  File "/usr/local/lib/python3.12/asyncio/base_events.py", line 799, in call_soon
    self._check_closed()
  File "/usr/local/lib/python3.12/asyncio/base_events.py", line 545, in _check_closed
    raise RuntimeError('Event loop is closed')
RuntimeError: Event loop is closed
[08/26/26 17:03:21] INFO     REPL enabled, using:                  server.py:322
                             /home/amirnabiyev/Conjecture_Prover/.              
                             lake/packages/repl/.lake/build/bin/re              
                             pl                                                 
                    INFO     REPL initialized: timeout=60s         server.py:325
                    INFO     Session ending — cleaning up          server.py:360
                             per-session resources                              

   💬 PL-ltseries_snoc_comap AI says: The `rw at i` renamed but didn't propagate. Let me check whether `(q.snoc Q hlt).length` is definitionally `q.length + 1`, and inspect the structure of `RelSeries.snoc`:
   🛠️  PL-ltseries_snoc_comap AI made 1 tool call(s):
 → lean_run_code
   🛠️  PL-exists_ltseries_comap_eq AI made 1 tool call(s):
 → lean_run_code
   💬 PL-ltseries_snoc_comap AI says: `(q.snoc Q hlt).length` is rfl-equal to `q.length + 1`. Let me isolate why `rw [RelSeries.snoc_castSucc]` fails:
   🛠️  PL-ltseries_snoc_comap AI made 1 tool call(s):
 → lean_run_code
   💬 PL-ltseries_snoc_comap AI says: Now I understand the issue: `(q.snoc Q hlt).length` is only defeq to `q.length + 1` at full transparency, not the transparency `rw` matching uses. Let me try a `simpa`-based approach with an explicit index construction:
   🛠️  PL-ltseries_snoc_comap AI made 1 tool call(s):
 → lean_run_code
   💬 PL-exists_ltseries_comap_eq AI says: The helper `ltseries_snoc_comap` exists in the file with a clear signature. Now let me test my full proof plan:
   🛠️  PL-exists_ltseries_comap_eq AI made 1 tool call(s):
 → lean_run_code
   💬 PL-ltseries_snoc_comap AI says: The issue is type transparency. Cleaner approach: rewrite the goal's binder type with `hqsnoc` **before** `Fin.lastCases`, so the cast branch gets `i : Fin (q.length + 1)` directly:
   🛠️  PL-ltseries_snoc_comap AI made 1 tool call(s):
 → lean_run_code
   💬 PL-ltseries_snoc_comap AI says: `rw` on the `∀` goal fails due to dependent binder typing. Let me go back to `intro j` + `Fin.lastCases` and use a `calc` with an explicit index `i' : Fin (q.length + 1)` in the cast branch:
   🛠️  PL-ltseries_snoc_comap AI made 1 tool call(s):
 → lean_run_code
   💬 PL-exists_ltseries_comap_eq AI says: Good progress! Most of the proof works. Let me fix the 4 issues. First, let me check `RelSeries.singleton` and `Fin.castSucc` definitions:
   🛠️  PL-exists_ltseries_comap_eq AI made 1 tool call(s):
 → lean_run_code
   💬 PL-exists_ltseries_comap_eq AI says: Now let me fix the issues and test the revised proof:
   🛠️  PL-exists_ltseries_comap_eq AI made 1 tool call(s):
 → lean_run_code
   💬 PL-ltseries_snoc_comap AI says: Let me test the `have hsc` + `simpa` approach empirically:
   🛠️  PL-ltseries_snoc_comap AI made 1 tool call(s):
 → lean_run_code
   💬 PL-exists_ltseries_comap_eq AI says: The `rw` fails on dependent types. Let me use `simpa` + `convert` for `hqlast`:
   🛠️  PL-exists_ltseries_comap_eq AI made 1 tool call(s):
 → lean_run_code
   🛠️  PL-exists_ltseries_comap_eq AI made 1 tool call(s):
 → lean_run_code
   💬 PL-exists_ltseries_comap_eq AI says: The proof compiles cleanly. Let me verify there are no hidden axioms and do a final check with the exact theorem statement:
   🛠️  PL-exists_ltseries_comap_eq AI made 1 tool call(s):
 → lean_run_code
   💬 PL-ltseries_snoc_comap AI says: [FINAL PROPOSAL]
status: VERIFIED
new_str:
```lean
import Mathlib.RingTheory.Spectrum.Prime.Basic
import Mathlib.Order.RelSeries

lemma ltseries_snoc_comap {R S : Type} [CommRing R] [CommRing S] [Algebra R S]
    (p : LTSeries (PrimeSpectrum R)) (q : LTSeries (PrimeSpectrum S))
    (hqlen : q.length + 1 ≤ p.length) (Q : PrimeSpectrum S) (hlt : q.last < Q)
    (hqsnoc : (q.snoc Q hlt).length = q.length + 1)
    (hq : ∀ i : Fin (q.length + 1),
      Ideal.comap (algebraMap R S) (q i).asIdeal = (p 
      ... (4005 total chars)
   ⏰ Lemma 'ltseries_snoc_comap': turn limit (20) reached
   💬 PL-exists_ltseries_comap_eq AI says: The main proof is verified (the `sorryAx` comes from the still-unproved helper `ltseries_snoc_comap` in the current file — it's a listed dependency being handled separately). Since it's an adjacent `sorry` in the same file and my theorem's axioms depend on it, let me also try proving `ltseries_snoc_comap`:
   🛠️  PL-exists_ltseries_comap_eq AI made 1 tool call(s):
 → lean_run_code
   💬 PL-exists_ltseries_comap_eq AI says: Let me debug the helper proof step by step:
   🛠️  PL-exists_ltseries_comap_eq AI made 1 tool call(s):
 → lean_run_code
   💬 PL-exists_ltseries_comap_eq AI says: The `hlast` case closes trivially (the length is defeq). Let me test the full helper:
   🛠️  PL-exists_ltseries_comap_eq AI made 1 tool call(s):
 → lean_run_code
   🛠️  PL-exists_ltseries_comap_eq AI made 1 tool call(s):
 → lean_run_code
   💬 PL-exists_ltseries_comap_eq AI says: [FINAL PROPOSAL]
status: VERIFIED
new_str:
```lean
lemma exists_ltseries_comap_eq {R S : Type} [CommRing R] [CommRing S] [Algebra R S]
    [Algebra.IsIntegral R S] (h_inj : Function.Injective (algebraMap R S))
    (p : LTSeries (PrimeSpectrum R)) :
    ∃ q : LTSeries (PrimeSpectrum S),
      ∃ hqlen : q.length = p.length,
        ∀ i : Fin (q.length + 1),
          Ideal.comap (algebraMap R S) (q i).asIdeal = (p ⟨i.val, by omega⟩).asIdeal := by
  let motive : Fin (p.length + 1) → Prop := fun i =
      ... (6801 total chars)
   ⏰ Lemma 'exists_ltseries_comap_eq': turn limit (20) reached

======================================================================
AGGREGATOR: Applying proofs (round 3)
   Received 3 proposal(s)
======================================================================

   💬 AG AI says: I'll start by examining the workspace file to understand its current state, then apply the proposal.
   🛠️  AG AI made 1 tool call(s):
 → read_workspace
   💬 AG AI says: Now I understand the file. I'll apply the proposal for `ringKrullDim_le_of_isIntegral`, preserving the `@[blueprint ...]` attribute from the old declaration and inserting the verified proof body from the proposal's validated code block.
   🛠️  AG AI made 1 tool call(s):
 → search_replace_workspace
   💬 AG AI says: The replacement was applied. Now let me validate the file compiles.
   🛠️  AG AI made 1 tool call(s):
 → lean_diagnostic_messages
   💬 AG AI says: The file compiles successfully — no errors. The only diagnostics are two `declaration uses 'sorry'` warnings on lines 131 and 157, which belong to other pre-existing placeholder declarations (`ltseries_snoc_comap` and `exists_ltseries_comap_eq`) unrelated to my edit.

**Summary:**

✅ **`ringKrullDim_le_of_isIntegral` — APPLIED & VERIFIED**
- Replaced the `sorry_using [Ideal.IsIntegral.comap_lt_comap]` placeholder with the verified proof body:
  ```lean
  simpa [ringKrullDim] using
    (Order.kru
      ... (1192 total chars)
   ✅ Aggregator LLM finished after 4 turn(s)
   📊 Blueprint JSON: 8 lemmas, 0 proved
   🚦 Route: aggregator → blueprint_refiner (round 3)

======================================================================
🔧 BLUEPRINT REFINER: Revising blueprint based on prover feedback
   Unproved lemmas to address: exists_ltseries_comap_eq, ltseries_snoc_comap, quot_annihilator_injective, quot_annihilator_isIntegral, ringKrullDim_eq_of_isIntegral, ringKrullDim_ge_of_isIntegral, ringKrullDim_le_of_isIntegral, ringKrullDim_quot_annihilator_eq
     • ringKrullDim_le_of_isIntegral: [Turn 15] PROVED...
     • ltseries_snoc_comap: [Turn 20] [FINAL PROPOSAL]
status: VERIFIED
new_str:
```lean
import Mathlib.RingTheory.Spectrum.Prime.Basic
import Mathl...
     • exists_ltseries_comap_eq: [Turn 20] [FINAL PROPOSAL]
status: VERIFIED
new_str:
```lean
lemma exists_ltseries_comap_eq {R S : Type} [CommRing R] [C...
======================================================================

   💬 BR AI says: The revised blueprint is complete and validated. Here's a summary of what changed:

## Summary

**Diagnosis:** The only genuinely open node was `ringKrullDim_ge_of_isIntegral` (PROOF_TOO_HARD). The prover had verified every mathematical step of its chain-lifting proof — base case via lying-over, the going-up successor step, and the final `iSup_le`/`le_iSup` inequality — but was stuck on the purely mechanical `Fin`/`RelSeries.snoc` index bookkeeping for the comap condition of the snoc'd chain (th
      ... (2630 total chars)
   🚦 Routing: blueprint_refiner → rebuild_blueprint

🔄 REBUILD BLUEPRINT: Refreshing blueprint state from JSON...[08/26/26 17:03:28] INFO     Disabled tool 'lean_build' via        server.py:115
                             LEAN_MCP_DISABLED_TOOLS                            
                    INFO     Disabled tool 'lean_completions' via  server.py:115
                             LEAN_MCP_DISABLED_TOOLS                            
                    INFO     Disabled tool 'lean_declaration_file' server.py:115
                             via LEAN_MCP_DISABLED_TOOLS                        
[08/26/26 17:03:28] INFO     Disabled tool 'lean_build' via        server.py:115
                             LEAN_MCP_DISABLED_TOOLS                            
                    INFO     Disabled tool                         server.py:115
                             'lean_diagnostic_messages' via                     
                             LEAN_MCP_DISABLED_TOOLS                            
                    INFO     Disabled tool 'lean_completions' via  server.py:115
                             LEAN_MCP_DISABLED_TOOLS                            
                    INFO     Disabled tool 'lean_file_outline' via server.py:115
                             LEAN_MCP_DISABLED_TOOLS                            
                    INFO     Disabled tool 'lean_declaration_file' server.py:115
                             via LEAN_MCP_DISABLED_TOOLS                        
                    INFO     Disabled tool                         server.py:115
                             'lean_get_widget_source' via                       
                             LEAN_MCP_DISABLED_TOOLS                            
                    INFO     Disabled tool                         server.py:115
                             'lean_diagnostic_messages' via                     
                             LEAN_MCP_DISABLED_TOOLS                            
                    INFO     Disabled tool 'lean_get_widgets' via  server.py:115
                             LEAN_MCP_DISABLED_TOOLS                            
                    INFO     Disabled tool 'lean_file_outline' via server.py:115
                             LEAN_MCP_DISABLED_TOOLS                            
                    INFO     Disabled tool 'lean_goal' via         server.py:115
                             LEAN_MCP_DISABLED_TOOLS                            
                    INFO     Disabled tool                         server.py:115
                             'lean_get_widget_source' via                       
                             LEAN_MCP_DISABLED_TOOLS                            
                    INFO     Disabled tool 'lean_hover_info' via   server.py:115
                             LEAN_MCP_DISABLED_TOOLS                            
                    INFO     Disabled tool 'lean_get_widgets' via  server.py:115
                             LEAN_MCP_DISABLED_TOOLS                            
                    INFO     Disabled tool 'lean_references' via   server.py:115
                             LEAN_MCP_DISABLED_TOOLS                            
                    INFO     Disabled tool 'lean_goal' via         server.py:115
                             LEAN_MCP_DISABLED_TOOLS                            
                    INFO     Disabled tool 'lean_term_goal' via    server.py:115
                             LEAN_MCP_DISABLED_TOOLS                            
                    INFO     Disabled tool 'lean_hover_info' via   server.py:115
                             LEAN_MCP_DISABLED_TOOLS                            
                    INFO     Disabled tool 'lean_references' via   server.py:115
                             LEAN_MCP_DISABLED_TOOLS                            
                    INFO     Disabled tool 'lean_term_goal' via    server.py:115
                             LEAN_MCP_DISABLED_TOOLS                            
                    INFO     REPL enabled, using:                  server.py:322
                             /home/amirnabiyev/Conjecture_Prover/.              
                             lake/packages/repl/.lake/build/bin/re              
                             pl                                                 
                    INFO     REPL initialized: timeout=60s         server.py:325
                    INFO     REPL enabled, using:                  server.py:322
                             /home/amirnabiyev/Conjecture_Prover/.              
                             lake/packages/repl/.lake/build/bin/re              
                             pl                                                 
                    INFO     REPL initialized: timeout=60s         server.py:325
                    INFO     Session ending — cleaning up          server.py:360
                             per-session resources                              
                    INFO     Session ending — cleaning up          server.py:360
                             per-session resources                              
[08/26/26 17:03:57] INFO     Disabled tool 'lean_build' via        server.py:115
                             LEAN_MCP_DISABLED_TOOLS                            
                    INFO     Disabled tool 'lean_completions' via  server.py:115
                             LEAN_MCP_DISABLED_TOOLS                            
                    INFO     Disabled tool 'lean_declaration_file' server.py:115
                             via LEAN_MCP_DISABLED_TOOLS                        
                    INFO     Disabled tool                         server.py:115
                             'lean_diagnostic_messages' via                     
                             LEAN_MCP_DISABLED_TOOLS                            
                    INFO     Disabled tool 'lean_file_outline' via server.py:115
                             LEAN_MCP_DISABLED_TOOLS                            
                    INFO     Disabled tool                         server.py:115
                             'lean_get_widget_source' via                       
                             LEAN_MCP_DISABLED_TOOLS                            
                    INFO     Disabled tool 'lean_get_widgets' via  server.py:115
                             LEAN_MCP_DISABLED_TOOLS                            
                    INFO     Disabled tool 'lean_goal' via         server.py:115
                             LEAN_MCP_DISABLED_TOOLS                            
                    INFO     Disabled tool 'lean_hover_info' via   server.py:115
                             LEAN_MCP_DISABLED_TOOLS                            
                    INFO     Disabled tool 'lean_references' via   server.py:115
                             LEAN_MCP_DISABLED_TOOLS                            
                    INFO     Disabled tool 'lean_term_goal' via    server.py:115
                             LEAN_MCP_DISABLED_TOOLS                            
                    INFO     REPL enabled, using:                  server.py:322
                             /home/amirnabiyev/Conjecture_Prover/.              
                             lake/packages/repl/.lake/build/bin/re              
                             pl                                                 
                    INFO     REPL initialized: timeout=60s         server.py:325
                    INFO     Session ending — cleaning up          server.py:360
                             per-session resources                              
[08/26/26 17:03:59] INFO     Disabled tool 'lean_build' via        server.py:115
                             LEAN_MCP_DISABLED_TOOLS                            
                    INFO     Disabled tool 'lean_completions' via  server.py:115
                             LEAN_MCP_DISABLED_TOOLS                            
                    INFO     Disabled tool 'lean_declaration_file' server.py:115
                             via LEAN_MCP_DISABLED_TOOLS                        
                    INFO     Disabled tool                         server.py:115
                             'lean_diagnostic_messages' via                     
                             LEAN_MCP_DISABLED_TOOLS                            
                    INFO     Disabled tool 'lean_file_outline' via server.py:115
                             LEAN_MCP_DISABLED_TOOLS                            
                    INFO     Disabled tool                         server.py:115
                             'lean_get_widget_source' via                       
                             LEAN_MCP_DISABLED_TOOLS                            
                    INFO     Disabled tool 'lean_get_widgets' via  server.py:115
                             LEAN_MCP_DISABLED_TOOLS                            
                    INFO     Disabled tool 'lean_goal' via         server.py:115
                             LEAN_MCP_DISABLED_TOOLS                            
                    INFO     Disabled tool 'lean_hover_info' via   server.py:115
                             LEAN_MCP_DISABLED_TOOLS                            
                    INFO     Disabled tool 'lean_references' via   server.py:115
                             LEAN_MCP_DISABLED_TOOLS                            
                    INFO     Disabled tool 'lean_term_goal' via    server.py:115
                             LEAN_MCP_DISABLED_TOOLS                            
                    INFO     REPL enabled, using:                  server.py:322
                             /home/amirnabiyev/Conjecture_Prover/.              
                             lake/packages/repl/.lake/build/bin/re              
                             pl                                                 
                    INFO     REPL initialized: timeout=60s         server.py:325
                    INFO     Session ending — cleaning up          server.py:360
                             per-session resources                              
[08/26/26 17:04:00] INFO     Disabled tool 'lean_build' via        server.py:115
                             LEAN_MCP_DISABLED_TOOLS                            
                    INFO     Disabled tool 'lean_completions' via  server.py:115
                             LEAN_MCP_DISABLED_TOOLS                            
                    INFO     Disabled tool 'lean_declaration_file' server.py:115
                             via LEAN_MCP_DISABLED_TOOLS                        
                    INFO     Disabled tool                         server.py:115
                             'lean_diagnostic_messages' via                     
                             LEAN_MCP_DISABLED_TOOLS                            
                    INFO     Disabled tool 'lean_file_outline' via server.py:115
                             LEAN_MCP_DISABLED_TOOLS                            
                    INFO     Disabled tool                         server.py:115
                             'lean_get_widget_source' via                       
                             LEAN_MCP_DISABLED_TOOLS                            
                    INFO     Disabled tool 'lean_get_widgets' via  server.py:115
                             LEAN_MCP_DISABLED_TOOLS                            
                    INFO     Disabled tool 'lean_goal' via         server.py:115
                             LEAN_MCP_DISABLED_TOOLS                            
                    INFO     Disabled tool 'lean_hover_info' via   server.py:115
                             LEAN_MCP_DISABLED_TOOLS                            
                    INFO     Disabled tool 'lean_references' via   server.py:115
                             LEAN_MCP_DISABLED_TOOLS                            
                    INFO     Disabled tool 'lean_term_goal' via    server.py:115
                             LEAN_MCP_DISABLED_TOOLS                            
                    INFO     REPL enabled, using:                  server.py:322
                             /home/amirnabiyev/Conjecture_Prover/.              
                             lake/packages/repl/.lake/build/bin/re              
                             pl                                                 
                    INFO     REPL initialized: timeout=60s         server.py:325
[08/26/26 17:04:04] INFO     Disabled tool 'lean_build' via        server.py:115
                             LEAN_MCP_DISABLED_TOOLS                            
                    INFO     Disabled tool 'lean_completions' via  server.py:115
                             LEAN_MCP_DISABLED_TOOLS                            
                    INFO     Disabled tool 'lean_declaration_file' server.py:115
                             via LEAN_MCP_DISABLED_TOOLS                        
                    INFO     Disabled tool                         server.py:115
                             'lean_diagnostic_messages' via                     
                             LEAN_MCP_DISABLED_TOOLS                            
                    INFO     Disabled tool 'lean_file_outline' via server.py:115
                             LEAN_MCP_DISABLED_TOOLS                            
                    INFO     Disabled tool                         server.py:115
                             'lean_get_widget_source' via                       
                             LEAN_MCP_DISABLED_TOOLS                            
                    INFO     Disabled tool 'lean_get_widgets' via  server.py:115
                             LEAN_MCP_DISABLED_TOOLS                            
                    INFO     Disabled tool 'lean_goal' via         server.py:115
                             LEAN_MCP_DISABLED_TOOLS                            
                    INFO     Disabled tool 'lean_hover_info' via   server.py:115
                             LEAN_MCP_DISABLED_TOOLS                            
                    INFO     Disabled tool 'lean_references' via   server.py:115
                             LEAN_MCP_DISABLED_TOOLS                            
                    INFO     Disabled tool 'lean_term_goal' via    server.py:115
                             LEAN_MCP_DISABLED_TOOLS                            
                    INFO     REPL enabled, using:                  server.py:322
                             /home/amirnabiyev/Conjecture_Prover/.              
                             lake/packages/repl/.lake/build/bin/re              
                             pl                                                 
                    INFO     REPL initialized: timeout=60s         server.py:325
[08/26/26 17:04:06] INFO     Session ending — cleaning up          server.py:360
                             per-session resources                              
[08/26/26 17:04:07] INFO     Session ending — cleaning up          server.py:360
                             per-session resources                              
[08/26/26 17:04:11] INFO     Disabled tool 'lean_build' via        server.py:115
                             LEAN_MCP_DISABLED_TOOLS                            
                    INFO     Disabled tool 'lean_completions' via  server.py:115
                             LEAN_MCP_DISABLED_TOOLS                            
                    INFO     Disabled tool 'lean_declaration_file' server.py:115
                             via LEAN_MCP_DISABLED_TOOLS                        
                    INFO     Disabled tool                         server.py:115
                             'lean_diagnostic_messages' via                     
                             LEAN_MCP_DISABLED_TOOLS                            
                    INFO     Disabled tool 'lean_file_outline' via server.py:115
                             LEAN_MCP_DISABLED_TOOLS                            
                    INFO     Disabled tool                         server.py:115
                             'lean_get_widget_source' via                       
                             LEAN_MCP_DISABLED_TOOLS                            
                    INFO     Disabled tool 'lean_get_widgets' via  server.py:115
                             LEAN_MCP_DISABLED_TOOLS                            
                    INFO     Disabled tool 'lean_goal' via         server.py:115
                             LEAN_MCP_DISABLED_TOOLS                            
                    INFO     Disabled tool 'lean_hover_info' via   server.py:115
                             LEAN_MCP_DISABLED_TOOLS                            
                    INFO     Disabled tool 'lean_references' via   server.py:115
                             LEAN_MCP_DISABLED_TOOLS                            
                    INFO     Disabled tool 'lean_term_goal' via    server.py:115
                             LEAN_MCP_DISABLED_TOOLS                            
                    INFO     REPL enabled, using:                  server.py:322
                             /home/amirnabiyev/Conjecture_Prover/.              
                             lake/packages/repl/.lake/build/bin/re              
                             pl                                                 
                    INFO     REPL initialized: timeout=60s         server.py:325
[08/26/26 17:04:14] INFO     Disabled tool 'lean_build' via        server.py:115
                             LEAN_MCP_DISABLED_TOOLS                            
                    INFO     Disabled tool 'lean_completions' via  server.py:115
                             LEAN_MCP_DISABLED_TOOLS                            
                    INFO     Disabled tool 'lean_declaration_file' server.py:115
                             via LEAN_MCP_DISABLED_TOOLS                        
                    INFO     Disabled tool                         server.py:115
                             'lean_diagnostic_messages' via                     
                             LEAN_MCP_DISABLED_TOOLS                            
                    INFO     Disabled tool 'lean_file_outline' via server.py:115
                             LEAN_MCP_DISABLED_TOOLS                            
                    INFO     Disabled tool                         server.py:115
                             'lean_get_widget_source' via                       
                             LEAN_MCP_DISABLED_TOOLS                            
                    INFO     Disabled tool 'lean_get_widgets' via  server.py:115
                             LEAN_MCP_DISABLED_TOOLS                            
                    INFO     Disabled tool 'lean_goal' via         server.py:115
                             LEAN_MCP_DISABLED_TOOLS                            
                    INFO     Disabled tool 'lean_hover_info' via   server.py:115
                             LEAN_MCP_DISABLED_TOOLS                            
                    INFO     Disabled tool 'lean_references' via   server.py:115
                             LEAN_MCP_DISABLED_TOOLS                            
                    INFO     Disabled tool 'lean_term_goal' via    server.py:115
                             LEAN_MCP_DISABLED_TOOLS                            
                    INFO     REPL enabled, using:                  server.py:322
                             /home/amirnabiyev/Conjecture_Prover/.              
                             lake/packages/repl/.lake/build/bin/re              
                             pl                                                 
                    INFO     REPL initialized: timeout=60s         server.py:325
[08/26/26 17:04:17] INFO     Session ending — cleaning up          server.py:360
                             per-session resources                              
[08/26/26 17:04:17] INFO     Session ending — cleaning up          server.py:360
                             per-session resources                              
[08/26/26 17:04:22] INFO     Disabled tool 'lean_build' via        server.py:115
                             LEAN_MCP_DISABLED_TOOLS                            
                    INFO     Disabled tool 'lean_completions' via  server.py:115
                             LEAN_MCP_DISABLED_TOOLS                            
                    INFO     Disabled tool 'lean_declaration_file' server.py:115
                             via LEAN_MCP_DISABLED_TOOLS                        
                    INFO     Disabled tool                         server.py:115
                             'lean_diagnostic_messages' via                     
                             LEAN_MCP_DISABLED_TOOLS                            
                    INFO     Disabled tool 'lean_file_outline' via server.py:115
                             LEAN_MCP_DISABLED_TOOLS                            
                    INFO     Disabled tool                         server.py:115
                             'lean_get_widget_source' via                       
                             LEAN_MCP_DISABLED_TOOLS                            
                    INFO     Disabled tool 'lean_get_widgets' via  server.py:115
                             LEAN_MCP_DISABLED_TOOLS                            
                    INFO     Disabled tool 'lean_goal' via         server.py:115
                             LEAN_MCP_DISABLED_TOOLS                            
                    INFO     Disabled tool 'lean_hover_info' via   server.py:115
                             LEAN_MCP_DISABLED_TOOLS                            
                    INFO     Disabled tool 'lean_references' via   server.py:115
                             LEAN_MCP_DISABLED_TOOLS                            
                    INFO     Disabled tool 'lean_term_goal' via    server.py:115
                             LEAN_MCP_DISABLED_TOOLS                            
                    INFO     REPL enabled, using:                  server.py:322
                             /home/amirnabiyev/Conjecture_Prover/.              
                             lake/packages/repl/.lake/build/bin/re              
                             pl                                                 
                    INFO     REPL initialized: timeout=60s         server.py:325
[08/26/26 17:04:23] INFO     Disabled tool 'lean_build' via        server.py:115
                             LEAN_MCP_DISABLED_TOOLS                            
                    INFO     Disabled tool 'lean_completions' via  server.py:115
                             LEAN_MCP_DISABLED_TOOLS                            
                    INFO     Disabled tool 'lean_declaration_file' server.py:115
                             via LEAN_MCP_DISABLED_TOOLS                        
                    INFO     Disabled tool                         server.py:115
                             'lean_diagnostic_messages' via                     
                             LEAN_MCP_DISABLED_TOOLS                            
                    INFO     Disabled tool 'lean_file_outline' via server.py:115
                             LEAN_MCP_DISABLED_TOOLS                            
                    INFO     Disabled tool                         server.py:115
                             'lean_get_widget_source' via                       
                             LEAN_MCP_DISABLED_TOOLS                            
                    INFO     Disabled tool 'lean_get_widgets' via  server.py:115
                             LEAN_MCP_DISABLED_TOOLS                            
                    INFO     Disabled tool 'lean_goal' via         server.py:115
                             LEAN_MCP_DISABLED_TOOLS                            
                    INFO     Disabled tool 'lean_hover_info' via   server.py:115
                             LEAN_MCP_DISABLED_TOOLS                            
                    INFO     Disabled tool 'lean_references' via   server.py:115
                             LEAN_MCP_DISABLED_TOOLS                            
                    INFO     Disabled tool 'lean_term_goal' via    server.py:115
                             LEAN_MCP_DISABLED_TOOLS                            
                    INFO     REPL enabled, using:                  server.py:322
                             /home/amirnabiyev/Conjecture_Prover/.              
                             lake/packages/repl/.lake/build/bin/re              
                             pl                                                 
                    INFO     REPL initialized: timeout=60s         server.py:325
[08/26/26 17:04:28] INFO     Session ending — cleaning up          server.py:360
                             per-session resources                              
[08/26/26 17:04:29] INFO     Session ending — cleaning up          server.py:360
                             per-session resources                              
[08/26/26 17:05:23] INFO     Disabled tool 'lean_build' via        server.py:115
                             LEAN_MCP_DISABLED_TOOLS                            
                    INFO     Disabled tool 'lean_completions' via  server.py:115
                             LEAN_MCP_DISABLED_TOOLS                            
                    INFO     Disabled tool 'lean_declaration_file' server.py:115
                             via LEAN_MCP_DISABLED_TOOLS                        
                    INFO     Disabled tool                         server.py:115
                             'lean_diagnostic_messages' via                     
                             LEAN_MCP_DISABLED_TOOLS                            
                    INFO     Disabled tool 'lean_file_outline' via server.py:115
                             LEAN_MCP_DISABLED_TOOLS                            
                    INFO     Disabled tool                         server.py:115
                             'lean_get_widget_source' via                       
                             LEAN_MCP_DISABLED_TOOLS                            
                    INFO     Disabled tool 'lean_get_widgets' via  server.py:115
                             LEAN_MCP_DISABLED_TOOLS                            
                    INFO     Disabled tool 'lean_goal' via         server.py:115
                             LEAN_MCP_DISABLED_TOOLS                            
                    INFO     Disabled tool 'lean_hover_info' via   server.py:115
                             LEAN_MCP_DISABLED_TOOLS                            
                    INFO     Disabled tool 'lean_references' via   server.py:115
                             LEAN_MCP_DISABLED_TOOLS                            
                    INFO     Disabled tool 'lean_term_goal' via    server.py:115
                             LEAN_MCP_DISABLED_TOOLS                            
                    INFO     REPL enabled, using:                  server.py:322
                             /home/amirnabiyev/Conjecture_Prover/.              
                             lake/packages/repl/.lake/build/bin/re              
                             pl                                                 
                    INFO     REPL initialized: timeout=60s         server.py:325
[08/26/26 17:05:26] INFO     Session ending — cleaning up          server.py:360
                             per-session resources                              
[08/26/26 17:05:38] INFO     Disabled tool 'lean_build' via        server.py:115
                             LEAN_MCP_DISABLED_TOOLS                            
                    INFO     Disabled tool 'lean_completions' via  server.py:115
                             LEAN_MCP_DISABLED_TOOLS                            
                    INFO     Disabled tool 'lean_declaration_file' server.py:115
                             via LEAN_MCP_DISABLED_TOOLS                        
                    INFO     Disabled tool                         server.py:115
                             'lean_diagnostic_messages' via                     
                             LEAN_MCP_DISABLED_TOOLS                            
                    INFO     Disabled tool 'lean_file_outline' via server.py:115
                             LEAN_MCP_DISABLED_TOOLS                            
                    INFO     Disabled tool                         server.py:115
                             'lean_get_widget_source' via                       
                             LEAN_MCP_DISABLED_TOOLS                            
                    INFO     Disabled tool 'lean_get_widgets' via  server.py:115
                             LEAN_MCP_DISABLED_TOOLS                            
                    INFO     Disabled tool 'lean_goal' via         server.py:115
                             LEAN_MCP_DISABLED_TOOLS                            
                    INFO     Disabled tool 'lean_hover_info' via   server.py:115
                             LEAN_MCP_DISABLED_TOOLS                            
                    INFO     Disabled tool 'lean_references' via   server.py:115
                             LEAN_MCP_DISABLED_TOOLS                            
                    INFO     Disabled tool 'lean_term_goal' via    server.py:115
                             LEAN_MCP_DISABLED_TOOLS                            
                    INFO     REPL enabled, using:                  server.py:322
                             /home/amirnabiyev/Conjecture_Prover/.              
                             lake/packages/repl/.lake/build/bin/re              
                             pl                                                 
                    INFO     REPL initialized: timeout=60s         server.py:325
[08/26/26 17:05:41] INFO     Session ending — cleaning up          server.py:360
                             per-session resources                              
[08/26/26 17:05:48] INFO     Disabled tool 'lean_build' via        server.py:115
                             LEAN_MCP_DISABLED_TOOLS                            
                    INFO     Disabled tool 'lean_completions' via  server.py:115
                             LEAN_MCP_DISABLED_TOOLS                            
                    INFO     Disabled tool 'lean_declaration_file' server.py:115
                             via LEAN_MCP_DISABLED_TOOLS                        
                    INFO     Disabled tool                         server.py:115
                             'lean_diagnostic_messages' via                     
                             LEAN_MCP_DISABLED_TOOLS                            
                    INFO     Disabled tool 'lean_file_outline' via server.py:115
                             LEAN_MCP_DISABLED_TOOLS                            
                    INFO     Disabled tool                         server.py:115
                             'lean_get_widget_source' via                       
                             LEAN_MCP_DISABLED_TOOLS                            
                    INFO     Disabled tool 'lean_get_widgets' via  server.py:115
                             LEAN_MCP_DISABLED_TOOLS                            
                    INFO     Disabled tool 'lean_goal' via         server.py:115
                             LEAN_MCP_DISABLED_TOOLS                            
                    INFO     Disabled tool 'lean_hover_info' via   server.py:115
                             LEAN_MCP_DISABLED_TOOLS                            
                    INFO     Disabled tool 'lean_references' via   server.py:115
                             LEAN_MCP_DISABLED_TOOLS                            
                    INFO     Disabled tool 'lean_term_goal' via    server.py:115
                             LEAN_MCP_DISABLED_TOOLS                            
                    INFO     REPL enabled, using:                  server.py:322
                             /home/amirnabiyev/Conjecture_Prover/.              
                             lake/packages/repl/.lake/build/bin/re              
                             pl                                                 
                    INFO     REPL initialized: timeout=60s         server.py:325
[08/26/26 17:05:54] INFO     Session ending — cleaning up          server.py:360
                             per-session resources                              
[08/26/26 17:06:00] INFO     Disabled tool 'lean_build' via        server.py:115
                             LEAN_MCP_DISABLED_TOOLS                            
                    INFO     Disabled tool 'lean_completions' via  server.py:115
                             LEAN_MCP_DISABLED_TOOLS                            
                    INFO     Disabled tool 'lean_declaration_file' server.py:115
                             via LEAN_MCP_DISABLED_TOOLS                        
                    INFO     Disabled tool                         server.py:115
                             'lean_diagnostic_messages' via                     
                             LEAN_MCP_DISABLED_TOOLS                            
                    INFO     Disabled tool 'lean_file_outline' via server.py:115
                             LEAN_MCP_DISABLED_TOOLS                            
                    INFO     Disabled tool                         server.py:115
                             'lean_get_widget_source' via                       
                             LEAN_MCP_DISABLED_TOOLS                            
                    INFO     Disabled tool 'lean_get_widgets' via  server.py:115
                             LEAN_MCP_DISABLED_TOOLS                            
                    INFO     Disabled tool 'lean_goal' via         server.py:115
                             LEAN_MCP_DISABLED_TOOLS                            
                    INFO     Disabled tool 'lean_hover_info' via   server.py:115
                             LEAN_MCP_DISABLED_TOOLS                            
                    INFO     Disabled tool 'lean_references' via   server.py:115
                             LEAN_MCP_DISABLED_TOOLS                            
                    INFO     Disabled tool 'lean_term_goal' via    server.py:115
                             LEAN_MCP_DISABLED_TOOLS                            
                    INFO     REPL enabled, using:                  server.py:322
                             /home/amirnabiyev/Conjecture_Prover/.              
                             lake/packages/repl/.lake/build/bin/re              
                             pl                                                 
                    INFO     REPL initialized: timeout=60s         server.py:325
[08/26/26 17:06:06] INFO     Session ending — cleaning up          server.py:360
                             per-session resources                              
[08/26/26 17:06:51] INFO     Disabled tool 'lean_build' via        server.py:115
                             LEAN_MCP_DISABLED_TOOLS                            
                    INFO     Disabled tool 'lean_completions' via  server.py:115
                             LEAN_MCP_DISABLED_TOOLS                            
                    INFO     Disabled tool 'lean_declaration_file' server.py:115
                             via LEAN_MCP_DISABLED_TOOLS                        
                    INFO     Disabled tool                         server.py:115
                             'lean_diagnostic_messages' via                     
                             LEAN_MCP_DISABLED_TOOLS                            
                    INFO     Disabled tool 'lean_file_outline' via server.py:115
                             LEAN_MCP_DISABLED_TOOLS                            
                    INFO     Disabled tool                         server.py:115
                             'lean_get_widget_source' via                       
                             LEAN_MCP_DISABLED_TOOLS                            
                    INFO     Disabled tool 'lean_get_widgets' via  server.py:115
                             LEAN_MCP_DISABLED_TOOLS                            
                    INFO     Disabled tool 'lean_goal' via         server.py:115
                             LEAN_MCP_DISABLED_TOOLS                            
                    INFO     Disabled tool 'lean_hover_info' via   server.py:115
                             LEAN_MCP_DISABLED_TOOLS                            
                    INFO     Disabled tool 'lean_references' via   server.py:115
                             LEAN_MCP_DISABLED_TOOLS                            
                    INFO     Disabled tool 'lean_term_goal' via    server.py:115
                             LEAN_MCP_DISABLED_TOOLS                            
                    INFO     REPL enabled, using:                  server.py:322
                             /home/amirnabiyev/Conjecture_Prover/.              
                             lake/packages/repl/.lake/build/bin/re              
                             pl                                                 
                    INFO     REPL initialized: timeout=60s         server.py:325
[08/26/26 17:06:57] INFO     Session ending — cleaning up          server.py:360
                             per-session resources                              
[08/26/26 17:07:51] INFO     Disabled tool 'lean_build' via        server.py:115
                             LEAN_MCP_DISABLED_TOOLS                            
                    INFO     Disabled tool 'lean_completions' via  server.py:115
                             LEAN_MCP_DISABLED_TOOLS                            
                    INFO     Disabled tool 'lean_declaration_file' server.py:115
                             via LEAN_MCP_DISABLED_TOOLS                        
                    INFO     Disabled tool                         server.py:115
                             'lean_diagnostic_messages' via                     
                             LEAN_MCP_DISABLED_TOOLS                            
                    INFO     Disabled tool 'lean_file_outline' via server.py:115
                             LEAN_MCP_DISABLED_TOOLS                            
                    INFO     Disabled tool                         server.py:115
                             'lean_get_widget_source' via                       
                             LEAN_MCP_DISABLED_TOOLS                            
                    INFO     Disabled tool 'lean_get_widgets' via  server.py:115
                             LEAN_MCP_DISABLED_TOOLS                            
                    INFO     Disabled tool 'lean_goal' via         server.py:115
                             LEAN_MCP_DISABLED_TOOLS                            
                    INFO     Disabled tool 'lean_hover_info' via   server.py:115
                             LEAN_MCP_DISABLED_TOOLS                            
                    INFO     Disabled tool 'lean_references' via   server.py:115
                             LEAN_MCP_DISABLED_TOOLS                            
                    INFO     Disabled tool 'lean_term_goal' via    server.py:115
                             LEAN_MCP_DISABLED_TOOLS                            
                    INFO     REPL enabled, using:                  server.py:322
                             /home/amirnabiyev/Conjecture_Prover/.              
                             lake/packages/repl/.lake/build/bin/re              
                             pl                                                 
                    INFO     REPL initialized: timeout=60s         server.py:325
[08/26/26 17:07:53] INFO     Disabled tool 'lean_build' via        server.py:115
                             LEAN_MCP_DISABLED_TOOLS                            
                    INFO     Disabled tool 'lean_completions' via  server.py:115
                             LEAN_MCP_DISABLED_TOOLS                            
                    INFO     Disabled tool 'lean_declaration_file' server.py:115
                             via LEAN_MCP_DISABLED_TOOLS                        
                    INFO     Disabled tool                         server.py:115
                             'lean_diagnostic_messages' via                     
                             LEAN_MCP_DISABLED_TOOLS                            
                    INFO     Disabled tool 'lean_file_outline' via server.py:115
                             LEAN_MCP_DISABLED_TOOLS                            
                    INFO     Disabled tool                         server.py:115
                             'lean_get_widget_source' via                       
                             LEAN_MCP_DISABLED_TOOLS                            
                    INFO     Disabled tool 'lean_get_widgets' via  server.py:115
                             LEAN_MCP_DISABLED_TOOLS                            
                    INFO     Disabled tool 'lean_goal' via         server.py:115
                             LEAN_MCP_DISABLED_TOOLS                            
                    INFO     Disabled tool 'lean_hover_info' via   server.py:115
                             LEAN_MCP_DISABLED_TOOLS                            
                    INFO     Disabled tool 'lean_references' via   server.py:115
                             LEAN_MCP_DISABLED_TOOLS                            
                    INFO     Disabled tool 'lean_term_goal' via    server.py:115
                             LEAN_MCP_DISABLED_TOOLS                            
                    INFO     REPL enabled, using:                  server.py:322
                             /home/amirnabiyev/Conjecture_Prover/.              
                             lake/packages/repl/.lake/build/bin/re              
                             pl                                                 
                    INFO     REPL initialized: timeout=60s         server.py:325
[08/26/26 17:07:55] INFO     Session ending — cleaning up          server.py:360
                             per-session resources                              
[08/26/26 17:07:57] INFO     Session ending — cleaning up          server.py:360
                             per-session resources                              
[08/26/26 17:08:00] INFO     Disabled tool 'lean_build' via        server.py:115
                             LEAN_MCP_DISABLED_TOOLS                            
                    INFO     Disabled tool 'lean_completions' via  server.py:115
                             LEAN_MCP_DISABLED_TOOLS                            
                    INFO     Disabled tool 'lean_declaration_file' server.py:115
                             via LEAN_MCP_DISABLED_TOOLS                        
                    INFO     Disabled tool                         server.py:115
                             'lean_diagnostic_messages' via                     
                             LEAN_MCP_DISABLED_TOOLS                            
                    INFO     Disabled tool 'lean_file_outline' via server.py:115
                             LEAN_MCP_DISABLED_TOOLS                            
                    INFO     Disabled tool                         server.py:115
                             'lean_get_widget_source' via                       
                             LEAN_MCP_DISABLED_TOOLS                            
                    INFO     Disabled tool 'lean_get_widgets' via  server.py:115
                             LEAN_MCP_DISABLED_TOOLS                            
                    INFO     Disabled tool 'lean_goal' via         server.py:115
                             LEAN_MCP_DISABLED_TOOLS                            
                    INFO     Disabled tool 'lean_hover_info' via   server.py:115
                             LEAN_MCP_DISABLED_TOOLS                            
                    INFO     Disabled tool 'lean_references' via   server.py:115
                             LEAN_MCP_DISABLED_TOOLS                            
                    INFO     Disabled tool 'lean_term_goal' via    server.py:115
                             LEAN_MCP_DISABLED_TOOLS                            
                    INFO     REPL enabled, using:                  server.py:322
                             /home/amirnabiyev/Conjecture_Prover/.              
                             lake/packages/repl/.lake/build/bin/re              
                             pl                                                 
                    INFO     REPL initialized: timeout=60s         server.py:325
[08/26/26 17:08:03] INFO     Session ending — cleaning up          server.py:360
                             per-session resources                              
[08/26/26 17:08:14] INFO     Disabled tool 'lean_build' via        server.py:115
                             LEAN_MCP_DISABLED_TOOLS                            
                    INFO     Disabled tool 'lean_completions' via  server.py:115
                             LEAN_MCP_DISABLED_TOOLS                            
                    INFO     Disabled tool 'lean_declaration_file' server.py:115
                             via LEAN_MCP_DISABLED_TOOLS                        
                    INFO     Disabled tool                         server.py:115
                             'lean_diagnostic_messages' via                     
                             LEAN_MCP_DISABLED_TOOLS                            
                    INFO     Disabled tool 'lean_file_outline' via server.py:115
                             LEAN_MCP_DISABLED_TOOLS                            
                    INFO     Disabled tool                         server.py:115
                             'lean_get_widget_source' via                       
                             LEAN_MCP_DISABLED_TOOLS                            
                    INFO     Disabled tool 'lean_get_widgets' via  server.py:115
                             LEAN_MCP_DISABLED_TOOLS                            
                    INFO     Disabled tool 'lean_goal' via         server.py:115
                             LEAN_MCP_DISABLED_TOOLS                            
                    INFO     Disabled tool 'lean_hover_info' via   server.py:115
                             LEAN_MCP_DISABLED_TOOLS                            
                    INFO     Disabled tool 'lean_references' via   server.py:115
                             LEAN_MCP_DISABLED_TOOLS                            
                    INFO     Disabled tool 'lean_term_goal' via    server.py:115
                             LEAN_MCP_DISABLED_TOOLS                            
                    INFO     REPL enabled, using:                  server.py:322
                             /home/amirnabiyev/Conjecture_Prover/.              
                             lake/packages/repl/.lake/build/bin/re              
                             pl                                                 
                    INFO     REPL initialized: timeout=60s         server.py:325
                    INFO     Session ending — cleaning up          server.py:360
                             per-session resources                              
[08/26/26 17:08:16] INFO     Disabled tool 'lean_build' via        server.py:115
                             LEAN_MCP_DISABLED_TOOLS                            
                    INFO     Disabled tool 'lean_completions' via  server.py:115
                             LEAN_MCP_DISABLED_TOOLS                            
                    INFO     Disabled tool 'lean_declaration_file' server.py:115
                             via LEAN_MCP_DISABLED_TOOLS                        
                    INFO     Disabled tool                         server.py:115
                             'lean_diagnostic_messages' via                     
                             LEAN_MCP_DISABLED_TOOLS                            
                    INFO     Disabled tool 'lean_file_outline' via server.py:115
                             LEAN_MCP_DISABLED_TOOLS                            
                    INFO     Disabled tool                         server.py:115
                             'lean_get_widget_source' via                       
                             LEAN_MCP_DISABLED_TOOLS                            
                    INFO     Disabled tool 'lean_get_widgets' via  server.py:115
                             LEAN_MCP_DISABLED_TOOLS                            
                    INFO     Disabled tool 'lean_goal' via         server.py:115
                             LEAN_MCP_DISABLED_TOOLS                            
                    INFO     Disabled tool 'lean_hover_info' via   server.py:115
                             LEAN_MCP_DISABLED_TOOLS                            
                    INFO     Disabled tool 'lean_references' via   server.py:115
                             LEAN_MCP_DISABLED_TOOLS                            
                    INFO     Disabled tool 'lean_term_goal' via    server.py:115
                             LEAN_MCP_DISABLED_TOOLS                            
                    INFO     REPL enabled, using:                  server.py:322
                             /home/amirnabiyev/Conjecture_Prover/.              
                             lake/packages/repl/.lake/build/bin/re              
                             pl                                                 
                    INFO     REPL initialized: timeout=60s         server.py:325
                    INFO     Session ending — cleaning up          server.py:360
                             per-session resources                              
[08/26/26 17:09:00] INFO     Disabled tool 'lean_build' via        server.py:115
                             LEAN_MCP_DISABLED_TOOLS                            
                    INFO     Disabled tool 'lean_completions' via  server.py:115
                             LEAN_MCP_DISABLED_TOOLS                            
                    INFO     Disabled tool 'lean_declaration_file' server.py:115
                             via LEAN_MCP_DISABLED_TOOLS                        
                    INFO     Disabled tool                         server.py:115
                             'lean_diagnostic_messages' via                     
                             LEAN_MCP_DISABLED_TOOLS                            
                    INFO     Disabled tool 'lean_file_outline' via server.py:115
                             LEAN_MCP_DISABLED_TOOLS                            
                    INFO     Disabled tool                         server.py:115
                             'lean_get_widget_source' via                       
                             LEAN_MCP_DISABLED_TOOLS                            
                    INFO     Disabled tool 'lean_get_widgets' via  server.py:115
                             LEAN_MCP_DISABLED_TOOLS                            
                    INFO     Disabled tool 'lean_goal' via         server.py:115
                             LEAN_MCP_DISABLED_TOOLS                            
                    INFO     Disabled tool 'lean_hover_info' via   server.py:115
                             LEAN_MCP_DISABLED_TOOLS                            
                    INFO     Disabled tool 'lean_references' via   server.py:115
                             LEAN_MCP_DISABLED_TOOLS                            
                    INFO     Disabled tool 'lean_term_goal' via    server.py:115
                             LEAN_MCP_DISABLED_TOOLS                            
                    INFO     REPL enabled, using:                  server.py:322
                             /home/amirnabiyev/Conjecture_Prover/.              
                             lake/packages/repl/.lake/build/bin/re              
                             pl                                                 
                    INFO     REPL initialized: timeout=60s         server.py:325
[08/26/26 17:09:06] INFO     Session ending — cleaning up          server.py:360
                             per-session resources                              
[08/26/26 17:09:20] INFO     Disabled tool 'lean_build' via        server.py:115
                             LEAN_MCP_DISABLED_TOOLS                            
                    INFO     Disabled tool 'lean_completions' via  server.py:115
                             LEAN_MCP_DISABLED_TOOLS                            
                    INFO     Disabled tool 'lean_declaration_file' server.py:115
                             via LEAN_MCP_DISABLED_TOOLS                        
                    INFO     Disabled tool                         server.py:115
                             'lean_diagnostic_messages' via                     
                             LEAN_MCP_DISABLED_TOOLS                            
[08/26/26 17:09:21] INFO     Disabled tool 'lean_file_outline' via server.py:115
                             LEAN_MCP_DISABLED_TOOLS                            
                    INFO     Disabled tool                         server.py:115
                             'lean_get_widget_source' via                       
                             LEAN_MCP_DISABLED_TOOLS                            
                    INFO     Disabled tool 'lean_get_widgets' via  server.py:115
                             LEAN_MCP_DISABLED_TOOLS                            
                    INFO     Disabled tool 'lean_goal' via         server.py:115
                             LEAN_MCP_DISABLED_TOOLS                            
                    INFO     Disabled tool 'lean_hover_info' via   server.py:115
                             LEAN_MCP_DISABLED_TOOLS                            
                    INFO     Disabled tool 'lean_references' via   server.py:115
                             LEAN_MCP_DISABLED_TOOLS                            
                    INFO     Disabled tool 'lean_term_goal' via    server.py:115
                             LEAN_MCP_DISABLED_TOOLS                            
                    INFO     REPL enabled, using:                  server.py:322
                             /home/amirnabiyev/Conjecture_Prover/.              
                             lake/packages/repl/.lake/build/bin/re              
                             pl                                                 
                    INFO     REPL initialized: timeout=60s         server.py:325
[08/26/26 17:09:27] INFO     Session ending — cleaning up          server.py:360
                             per-session resources                              
[08/26/26 17:09:55] INFO     Disabled tool 'lean_build' via        server.py:115
                             LEAN_MCP_DISABLED_TOOLS                            
                    INFO     Disabled tool 'lean_completions' via  server.py:115
                             LEAN_MCP_DISABLED_TOOLS                            
                    INFO     Disabled tool 'lean_declaration_file' server.py:115
                             via LEAN_MCP_DISABLED_TOOLS                        
                    INFO     Disabled tool                         server.py:115
                             'lean_diagnostic_messages' via                     
                             LEAN_MCP_DISABLED_TOOLS                            
                    INFO     Disabled tool 'lean_file_outline' via server.py:115
                             LEAN_MCP_DISABLED_TOOLS                            
                    INFO     Disabled tool                         server.py:115
                             'lean_get_widget_source' via                       
                             LEAN_MCP_DISABLED_TOOLS                            
                    INFO     Disabled tool 'lean_get_widgets' via  server.py:115
                             LEAN_MCP_DISABLED_TOOLS                            
                    INFO     Disabled tool 'lean_goal' via         server.py:115
                             LEAN_MCP_DISABLED_TOOLS                            
                    INFO     Disabled tool 'lean_hover_info' via   server.py:115
                             LEAN_MCP_DISABLED_TOOLS                            
                    INFO     Disabled tool 'lean_references' via   server.py:115
                             LEAN_MCP_DISABLED_TOOLS                            
                    INFO     Disabled tool 'lean_term_goal' via    server.py:115
                             LEAN_MCP_DISABLED_TOOLS                            
                    INFO     REPL enabled, using:                  server.py:322
                             /home/amirnabiyev/Conjecture_Prover/.              
                             lake/packages/repl/.lake/build/bin/re              
                             pl                                                 
                    INFO     REPL initialized: timeout=60s         server.py:325
[08/26/26 17:10:01] INFO     Session ending — cleaning up          server.py:360
                             per-session resources                              
[08/26/26 17:10:04] INFO     Disabled tool 'lean_build' via        server.py:115
                             LEAN_MCP_DISABLED_TOOLS                            
                    INFO     Disabled tool 'lean_completions' via  server.py:115
                             LEAN_MCP_DISABLED_TOOLS                            
                    INFO     Disabled tool 'lean_declaration_file' server.py:115
                             via LEAN_MCP_DISABLED_TOOLS                        
                    INFO     Disabled tool                         server.py:115
                             'lean_diagnostic_messages' via                     
                             LEAN_MCP_DISABLED_TOOLS                            
                    INFO     Disabled tool 'lean_file_outline' via server.py:115
                             LEAN_MCP_DISABLED_TOOLS                            
                    INFO     Disabled tool                         server.py:115
                             'lean_get_widget_source' via                       
                             LEAN_MCP_DISABLED_TOOLS                            
                    INFO     Disabled tool 'lean_get_widgets' via  server.py:115
                             LEAN_MCP_DISABLED_TOOLS                            
                    INFO     Disabled tool 'lean_goal' via         server.py:115
                             LEAN_MCP_DISABLED_TOOLS                            
                    INFO     Disabled tool 'lean_hover_info' via   server.py:115
                             LEAN_MCP_DISABLED_TOOLS                            
                    INFO     Disabled tool 'lean_references' via   server.py:115
                             LEAN_MCP_DISABLED_TOOLS                            
                    INFO     Disabled tool 'lean_term_goal' via    server.py:115
                             LEAN_MCP_DISABLED_TOOLS                            
                    INFO     REPL enabled, using:                  server.py:322
                             /home/amirnabiyev/Conjecture_Prover/.              
                             lake/packages/repl/.lake/build/bin/re              
                             pl                                                 
                    INFO     REPL initialized: timeout=60s         server.py:325
[08/26/26 17:10:11] INFO     Session ending — cleaning up          server.py:360
                             per-session resources                              
[08/26/26 17:11:35] INFO     Disabled tool 'lean_build' via        server.py:115
                             LEAN_MCP_DISABLED_TOOLS                            
                    INFO     Disabled tool 'lean_completions' via  server.py:115
                             LEAN_MCP_DISABLED_TOOLS                            
                    INFO     Disabled tool 'lean_declaration_file' server.py:115
                             via LEAN_MCP_DISABLED_TOOLS                        
                    INFO     Disabled tool                         server.py:115
                             'lean_diagnostic_messages' via                     
                             LEAN_MCP_DISABLED_TOOLS                            
                    INFO     Disabled tool 'lean_file_outline' via server.py:115
                             LEAN_MCP_DISABLED_TOOLS                            
                    INFO     Disabled tool                         server.py:115
                             'lean_get_widget_source' via                       
                             LEAN_MCP_DISABLED_TOOLS                            
                    INFO     Disabled tool 'lean_get_widgets' via  server.py:115
                             LEAN_MCP_DISABLED_TOOLS                            
                    INFO     Disabled tool 'lean_goal' via         server.py:115
                             LEAN_MCP_DISABLED_TOOLS                            
                    INFO     Disabled tool 'lean_hover_info' via   server.py:115
                             LEAN_MCP_DISABLED_TOOLS                            
                    INFO     Disabled tool 'lean_references' via   server.py:115
                             LEAN_MCP_DISABLED_TOOLS                            
                    INFO     Disabled tool 'lean_term_goal' via    server.py:115
                             LEAN_MCP_DISABLED_TOOLS                            
                    INFO     REPL enabled, using:                  server.py:322
                             /home/amirnabiyev/Conjecture_Prover/.              
                             lake/packages/repl/.lake/build/bin/re              
                             pl                                                 
                    INFO     REPL initialized: timeout=60s         server.py:325
[08/26/26 17:11:41] INFO     Session ending — cleaning up          server.py:360
                             per-session resources                              
[08/26/26 17:11:44] INFO     Disabled tool 'lean_build' via        server.py:115
                             LEAN_MCP_DISABLED_TOOLS                            
                    INFO     Disabled tool 'lean_completions' via  server.py:115
                             LEAN_MCP_DISABLED_TOOLS                            
                    INFO     Disabled tool 'lean_declaration_file' server.py:115
                             via LEAN_MCP_DISABLED_TOOLS                        
                    INFO     Disabled tool                         server.py:115
                             'lean_diagnostic_messages' via                     
                             LEAN_MCP_DISABLED_TOOLS                            
                    INFO     Disabled tool 'lean_file_outline' via server.py:115
                             LEAN_MCP_DISABLED_TOOLS                            
                    INFO     Disabled tool                         server.py:115
                             'lean_get_widget_source' via                       
                             LEAN_MCP_DISABLED_TOOLS                            
                    INFO     Disabled tool 'lean_get_widgets' via  server.py:115
                             LEAN_MCP_DISABLED_TOOLS                            
                    INFO     Disabled tool 'lean_goal' via         server.py:115
                             LEAN_MCP_DISABLED_TOOLS                            
                    INFO     Disabled tool 'lean_hover_info' via   server.py:115
                             LEAN_MCP_DISABLED_TOOLS                            
                    INFO     Disabled tool 'lean_references' via   server.py:115
                             LEAN_MCP_DISABLED_TOOLS                            
                    INFO     Disabled tool 'lean_term_goal' via    server.py:115
                             LEAN_MCP_DISABLED_TOOLS                            
                    INFO     REPL enabled, using:                  server.py:322
                             /home/amirnabiyev/Conjecture_Prover/.              
                             lake/packages/repl/.lake/build/bin/re              
                             pl                                                 
                    INFO     REPL initialized: timeout=60s         server.py:325
[08/26/26 17:11:50] INFO     Session ending — cleaning up          server.py:360
                             per-session resources                              
[08/26/26 17:12:02] INFO     Disabled tool 'lean_build' via        server.py:115
                             LEAN_MCP_DISABLED_TOOLS                            
                    INFO     Disabled tool 'lean_completions' via  server.py:115
                             LEAN_MCP_DISABLED_TOOLS                            
                    INFO     Disabled tool 'lean_declaration_file' server.py:115
                             via LEAN_MCP_DISABLED_TOOLS                        
                    INFO     Disabled tool                         server.py:115
                             'lean_diagnostic_messages' via                     
                             LEAN_MCP_DISABLED_TOOLS                            
                    INFO     Disabled tool 'lean_file_outline' via server.py:115
                             LEAN_MCP_DISABLED_TOOLS                            
                    INFO     Disabled tool                         server.py:115
                             'lean_get_widget_source' via                       
                             LEAN_MCP_DISABLED_TOOLS                            
                    INFO     Disabled tool 'lean_get_widgets' via  server.py:115
                             LEAN_MCP_DISABLED_TOOLS                            
                    INFO     Disabled tool 'lean_goal' via         server.py:115
                             LEAN_MCP_DISABLED_TOOLS                            
                    INFO     Disabled tool 'lean_hover_info' via   server.py:115
                             LEAN_MCP_DISABLED_TOOLS                            
                    INFO     Disabled tool 'lean_references' via   server.py:115
                             LEAN_MCP_DISABLED_TOOLS                            
                    INFO     Disabled tool 'lean_term_goal' via    server.py:115
                             LEAN_MCP_DISABLED_TOOLS                            
                    INFO     REPL enabled, using:                  server.py:322
                             /home/amirnabiyev/Conjecture_Prover/.              
                             lake/packages/repl/.lake/build/bin/re              
                             pl                                                 
                    INFO     REPL initialized: timeout=60s         server.py:325
[08/26/26 17:12:08] INFO     Session ending — cleaning up          server.py:360
                             per-session resources                              
[08/26/26 17:12:40] INFO     Disabled tool 'lean_build' via        server.py:115
                             LEAN_MCP_DISABLED_TOOLS                            
                    INFO     Disabled tool 'lean_completions' via  server.py:115
                             LEAN_MCP_DISABLED_TOOLS                            
                    INFO     Disabled tool 'lean_declaration_file' server.py:115
                             via LEAN_MCP_DISABLED_TOOLS                        
                    INFO     Disabled tool                         server.py:115
                             'lean_diagnostic_messages' via                     
                             LEAN_MCP_DISABLED_TOOLS                            
                    INFO     Disabled tool 'lean_file_outline' via server.py:115
                             LEAN_MCP_DISABLED_TOOLS                            
                    INFO     Disabled tool                         server.py:115
                             'lean_get_widget_source' via                       
                             LEAN_MCP_DISABLED_TOOLS                            
                    INFO     Disabled tool 'lean_get_widgets' via  server.py:115
                             LEAN_MCP_DISABLED_TOOLS                            
                    INFO     Disabled tool 'lean_goal' via         server.py:115
                             LEAN_MCP_DISABLED_TOOLS                            
                    INFO     Disabled tool 'lean_hover_info' via   server.py:115
                             LEAN_MCP_DISABLED_TOOLS                            
                    INFO     Disabled tool 'lean_references' via   server.py:115
                             LEAN_MCP_DISABLED_TOOLS                            
                    INFO     Disabled tool 'lean_term_goal' via    server.py:115
                             LEAN_MCP_DISABLED_TOOLS                            
                    INFO     REPL enabled, using:                  server.py:322
                             /home/amirnabiyev/Conjecture_Prover/.              
                             lake/packages/repl/.lake/build/bin/re              
                             pl                                                 
                    INFO     REPL initialized: timeout=60s         server.py:325
[08/26/26 17:12:46] INFO     Session ending — cleaning up          server.py:360
                             per-session resources                              
[08/26/26 17:14:12] INFO     Disabled tool 'lean_build' via        server.py:115
                             LEAN_MCP_DISABLED_TOOLS                            
                    INFO     Disabled tool 'lean_completions' via  server.py:115
                             LEAN_MCP_DISABLED_TOOLS                            
                    INFO     Disabled tool 'lean_declaration_file' server.py:115
                             via LEAN_MCP_DISABLED_TOOLS                        
                    INFO     Disabled tool                         server.py:115
                             'lean_diagnostic_messages' via                     
                             LEAN_MCP_DISABLED_TOOLS                            
                    INFO     Disabled tool 'lean_file_outline' via server.py:115
                             LEAN_MCP_DISABLED_TOOLS                            
                    INFO     Disabled tool                         server.py:115
                             'lean_get_widget_source' via                       
                             LEAN_MCP_DISABLED_TOOLS                            
                    INFO     Disabled tool 'lean_get_widgets' via  server.py:115
                             LEAN_MCP_DISABLED_TOOLS                            
                    INFO     Disabled tool 'lean_goal' via         server.py:115
                             LEAN_MCP_DISABLED_TOOLS                            
                    INFO     Disabled tool 'lean_hover_info' via   server.py:115
                             LEAN_MCP_DISABLED_TOOLS                            
                    INFO     Disabled tool 'lean_references' via   server.py:115
                             LEAN_MCP_DISABLED_TOOLS                            
                    INFO     Disabled tool 'lean_term_goal' via    server.py:115
                             LEAN_MCP_DISABLED_TOOLS                            
                    INFO     REPL enabled, using:                  server.py:322
                             /home/amirnabiyev/Conjecture_Prover/.              
                             lake/packages/repl/.lake/build/bin/re              
                             pl                                                 
                    INFO     REPL initialized: timeout=60s         server.py:325
[08/26/26 17:14:18] INFO     Session ending — cleaning up          server.py:360
                             per-session resources                              
[08/26/26 17:14:39] INFO     Disabled tool 'lean_build' via        server.py:115
                             LEAN_MCP_DISABLED_TOOLS                            
                    INFO     Disabled tool 'lean_completions' via  server.py:115
                             LEAN_MCP_DISABLED_TOOLS                            
                    INFO     Disabled tool 'lean_declaration_file' server.py:115
                             via LEAN_MCP_DISABLED_TOOLS                        
                    INFO     Disabled tool                         server.py:115
                             'lean_diagnostic_messages' via                     
                             LEAN_MCP_DISABLED_TOOLS                            
                    INFO     Disabled tool 'lean_file_outline' via server.py:115
                             LEAN_MCP_DISABLED_TOOLS                            
                    INFO     Disabled tool                         server.py:115
                             'lean_get_widget_source' via                       
                             LEAN_MCP_DISABLED_TOOLS                            
                    INFO     Disabled tool 'lean_get_widgets' via  server.py:115
                             LEAN_MCP_DISABLED_TOOLS                            
                    INFO     Disabled tool 'lean_goal' via         server.py:115
                             LEAN_MCP_DISABLED_TOOLS                            
                    INFO     Disabled tool 'lean_hover_info' via   server.py:115
                             LEAN_MCP_DISABLED_TOOLS                            
                    INFO     Disabled tool 'lean_references' via   server.py:115
                             LEAN_MCP_DISABLED_TOOLS                            
                    INFO     Disabled tool 'lean_term_goal' via    server.py:115
                             LEAN_MCP_DISABLED_TOOLS                            
                    INFO     REPL enabled, using:                  server.py:322
                             /home/amirnabiyev/Conjecture_Prover/.              
                             lake/packages/repl/.lake/build/bin/re              
                             pl                                                 
                    INFO     REPL initialized: timeout=60s         server.py:325
[08/26/26 17:14:45] INFO     Session ending — cleaning up          server.py:360
                             per-session resources                              
[08/26/26 17:15:46] INFO     Disabled tool 'lean_build' via        server.py:115
                             LEAN_MCP_DISABLED_TOOLS                            
                    INFO     Disabled tool 'lean_completions' via  server.py:115
                             LEAN_MCP_DISABLED_TOOLS                            
                    INFO     Disabled tool 'lean_declaration_file' server.py:115
                             via LEAN_MCP_DISABLED_TOOLS                        
                    INFO     Disabled tool                         server.py:115
                             'lean_diagnostic_messages' via                     
                             LEAN_MCP_DISABLED_TOOLS                            
                    INFO     Disabled tool 'lean_file_outline' via server.py:115
                             LEAN_MCP_DISABLED_TOOLS                            
                    INFO     Disabled tool                         server.py:115
                             'lean_get_widget_source' via                       
                             LEAN_MCP_DISABLED_TOOLS                            
                    INFO     Disabled tool 'lean_get_widgets' via  server.py:115
                             LEAN_MCP_DISABLED_TOOLS                            
                    INFO     Disabled tool 'lean_goal' via         server.py:115
                             LEAN_MCP_DISABLED_TOOLS                            
                    INFO     Disabled tool 'lean_hover_info' via   server.py:115
                             LEAN_MCP_DISABLED_TOOLS                            
                    INFO     Disabled tool 'lean_references' via   server.py:115
                             LEAN_MCP_DISABLED_TOOLS                            
                    INFO     Disabled tool 'lean_term_goal' via    server.py:115
                             LEAN_MCP_DISABLED_TOOLS                            
                    INFO     REPL enabled, using:                  server.py:322
                             /home/amirnabiyev/Conjecture_Prover/.              
                             lake/packages/repl/.lake/build/bin/re              
                             pl                                                 
                    INFO     REPL initialized: timeout=60s         server.py:325
[08/26/26 17:15:53] INFO     Session ending — cleaning up          server.py:360
                             per-session resources                              
