[09/08/26 19:58:31] INFO     REPL enabled, using:                  server.py:322
                             /home/amirnabiyev/Conjecture_Prover/.              
                             lake/packages/repl/.lake/build/bin/re              
                             pl                                                 
                    INFO     REPL initialized: timeout=60s         server.py:325
                    INFO     Session ending — cleaning up          server.py:360
                             per-session resources                              
[09/08/26 19:58:33] INFO     REPL enabled, using:                  server.py:322
                             /home/amirnabiyev/Conjecture_Prover/.              
                             lake/packages/repl/.lake/build/bin/re              
                             pl                                                 
                    INFO     REPL initialized: timeout=60s         server.py:325
                    INFO     Session ending — cleaning up          server.py:360
                             per-session resources                              
[09/08/26 19:58:36] INFO     REPL enabled, using:                  server.py:322
                             /home/amirnabiyev/Conjecture_Prover/.              
                             lake/packages/repl/.lake/build/bin/re              
                             pl                                                 
                    INFO     REPL initialized: timeout=60s         server.py:325
                    INFO     Session ending — cleaning up          server.py:360
                             per-session resources                              
[09/08/26 20:00:25] INFO     REPL enabled, using:                  server.py:322
                             /home/amirnabiyev/Conjecture_Prover/.              
                             lake/packages/repl/.lake/build/bin/re              
                             pl                                                 
                    INFO     REPL initialized: timeout=60s         server.py:325
[09/08/26 20:00:31] INFO     Session ending — cleaning up          server.py:360
                             per-session resources                              
[09/08/26 20:00:33] INFO     REPL enabled, using:                  server.py:322
                             /home/amirnabiyev/Conjecture_Prover/.              
                             lake/packages/repl/.lake/build/bin/re              
                             pl                                                 
                    INFO     REPL initialized: timeout=60s         server.py:325
                    INFO     Session ending — cleaning up          server.py:360
                             per-session resources                              
[09/08/26 20:00:37] INFO     REPL enabled, using:                  server.py:322
                             /home/amirnabiyev/Conjecture_Prover/.              
                             lake/packages/repl/.lake/build/bin/re              
                             pl                                                 
                    INFO     REPL initialized: timeout=60s         server.py:325
[09/08/26 20:00:44] INFO     Session ending — cleaning up          server.py:360
                             per-session resources                              
[09/08/26 20:00:46] INFO     REPL enabled, using:                  server.py:322
                             /home/amirnabiyev/Conjecture_Prover/.              
                             lake/packages/repl/.lake/build/bin/re              
                             pl                                                 
                    INFO     REPL initialized: timeout=60s         server.py:325
                    INFO     Session ending — cleaning up          server.py:360
                             per-session resources                              
[09/08/26 20:00:50] INFO     REPL enabled, using:                  server.py:322
                             /home/amirnabiyev/Conjecture_Prover/.              
                             lake/packages/repl/.lake/build/bin/re              
                             pl                                                 
                    INFO     REPL initialized: timeout=60s         server.py:325
[09/08/26 20:00:57] INFO     Session ending — cleaning up          server.py:360
                             per-session resources                              
[09/08/26 20:00:59] INFO     REPL enabled, using:                  server.py:322
                             /home/amirnabiyev/Conjecture_Prover/.              
                             lake/packages/repl/.lake/build/bin/re              
                             pl                                                 
                    INFO     REPL initialized: timeout=60s         server.py:325
                    INFO     Session ending — cleaning up          server.py:360
                             per-session resources                              
[09/08/26 20:01:02] INFO     REPL enabled, using:                  server.py:322
                             /home/amirnabiyev/Conjecture_Prover/.              
                             lake/packages/repl/.lake/build/bin/re              
                             pl                                                 
                    INFO     REPL initialized: timeout=60s         server.py:325
[09/08/26 20:01:03] INFO     Session ending — cleaning up          server.py:360
                             per-session resources                              
[09/08/26 20:01:04] INFO     REPL enabled, using:                  server.py:322
                             /home/amirnabiyev/Conjecture_Prover/.              
                             lake/packages/repl/.lake/build/bin/re              
                             pl                                                 
                    INFO     REPL initialized: timeout=60s         server.py:325
                    INFO     Session ending — cleaning up          server.py:360
                             per-session resources                              
[09/08/26 20:01:08] INFO     REPL enabled, using:                  server.py:322
                             /home/amirnabiyev/Conjecture_Prover/.              
                             lake/packages/repl/.lake/build/bin/re              
                             pl                                                 
                    INFO     REPL initialized: timeout=60s         server.py:325
                    INFO     Session ending — cleaning up          server.py:360
                             per-session resources                              
[09/08/26 20:01:11] INFO     REPL enabled, using:                  server.py:322
                             /home/amirnabiyev/Conjecture_Prover/.              
                             lake/packages/repl/.lake/build/bin/re              
                             pl                                                 
                    INFO     REPL initialized: timeout=60s         server.py:325
                    INFO     Session ending — cleaning up          server.py:360
                             per-session resources                              
[09/08/26 20:01:14] INFO     REPL enabled, using:                  server.py:322
                             /home/amirnabiyev/Conjecture_Prover/.              
                             lake/packages/repl/.lake/build/bin/re              
                             pl                                                 
                    INFO     REPL initialized: timeout=60s         server.py:325
                    INFO     Session ending — cleaning up          server.py:360
                             per-session resources                              
[09/08/26 20:01:17] INFO     REPL enabled, using:                  server.py:322
                             /home/amirnabiyev/Conjecture_Prover/.              
                             lake/packages/repl/.lake/build/bin/re              
                             pl                                                 
                    INFO     REPL initialized: timeout=60s         server.py:325
                    INFO     Session ending — cleaning up          server.py:360
                             per-session resources                              
[09/08/26 20:01:21] INFO     REPL enabled, using:                  server.py:322
                             /home/amirnabiyev/Conjecture_Prover/.              
                             lake/packages/repl/.lake/build/bin/re              
                             pl                                                 
                    INFO     REPL initialized: timeout=60s         server.py:325
                    INFO     Session ending — cleaning up          server.py:360
                             per-session resources                              
[09/08/26 20:01:29] INFO     REPL enabled, using:                  server.py:322
                             /home/amirnabiyev/Conjecture_Prover/.              
                             lake/packages/repl/.lake/build/bin/re              
                             pl                                                 
                    INFO     REPL initialized: timeout=60s         server.py:325
                    INFO     Session ending — cleaning up          server.py:360
                             per-session resources                              
[09/08/26 20:01:33] INFO     REPL enabled, using:                  server.py:322
                             /home/amirnabiyev/Conjecture_Prover/.              
                             lake/packages/repl/.lake/build/bin/re              
                             pl                                                 
                    INFO     REPL initialized: timeout=60s         server.py:325
                    INFO     Session ending — cleaning up          server.py:360
                             per-session resources                              
[09/08/26 20:01:36] INFO     REPL enabled, using:                  server.py:322
                             /home/amirnabiyev/Conjecture_Prover/.              
                             lake/packages/repl/.lake/build/bin/re              
                             pl                                                 
                    INFO     REPL initialized: timeout=60s         server.py:325
                    INFO     Session ending — cleaning up          server.py:360
                             per-session resources                              
[09/08/26 20:01:41] INFO     REPL enabled, using:                  server.py:322
                             /home/amirnabiyev/Conjecture_Prover/.              
                             lake/packages/repl/.lake/build/bin/re              
                             pl                                                 
                    INFO     REPL initialized: timeout=60s         server.py:325
[09/08/26 20:01:48] INFO     Session ending — cleaning up          server.py:360
                             per-session resources                              
[09/08/26 20:01:50] INFO     REPL enabled, using:                  server.py:322
                             /home/amirnabiyev/Conjecture_Prover/.              
                             lake/packages/repl/.lake/build/bin/re              
                             pl                                                 
                    INFO     REPL initialized: timeout=60s         server.py:325
                    INFO     Session ending — cleaning up          server.py:360
                             per-session resources                              
[09/08/26 20:01:56] INFO     REPL enabled, using:                  server.py:322
                             /home/amirnabiyev/Conjecture_Prover/.              
                             lake/packages/repl/.lake/build/bin/re              
                             pl                                                 
                    INFO     REPL initialized: timeout=60s         server.py:325
                    INFO     Session ending — cleaning up          server.py:360
                             per-session resources                              
[09/08/26 20:06:52] INFO     REPL enabled, using:                  server.py:322
                             /home/amirnabiyev/Conjecture_Prover/.              
                             lake/packages/repl/.lake/build/bin/re              
                             pl                                                 
                    INFO     REPL initialized: timeout=60s         server.py:325
                    INFO     Session ending — cleaning up          server.py:360
                             per-session resources                              
[09/08/26 20:07:27] INFO     REPL enabled, using:                  server.py:322
                             /home/amirnabiyev/Conjecture_Prover/.              
                             lake/packages/repl/.lake/build/bin/re              
                             pl                                                 
                    INFO     REPL initialized: timeout=60s         server.py:325
[09/08/26 20:07:33] INFO     Session ending — cleaning up          server.py:360
                             per-session resources                              
[09/08/26 20:07:35] INFO     REPL enabled, using:                  server.py:322
                             /home/amirnabiyev/Conjecture_Prover/.              
                             lake/packages/repl/.lake/build/bin/re              
                             pl                                                 
                    INFO     REPL initialized: timeout=60s         server.py:325
                    INFO     Session ending — cleaning up          server.py:360
                             per-session resources                              
[09/08/26 20:08:53] INFO     REPL enabled, using:                  server.py:322
                             /home/amirnabiyev/Conjecture_Prover/.              
                             lake/packages/repl/.lake/build/bin/re              
                             pl                                                 
                    INFO     REPL initialized: timeout=60s         server.py:325
                    INFO     Session ending — cleaning up          server.py:360
                             per-session resources                              
[09/08/26 20:08:56] INFO     REPL enabled, using:                  server.py:322
                             /home/amirnabiyev/Conjecture_Prover/.              
                             lake/packages/repl/.lake/build/bin/re              
                             pl                                                 
                    INFO     REPL initialized: timeout=60s         server.py:325
[09/08/26 20:08:58] INFO     Shared async LSP client         client_utils.py:133
                             connected at                                       
                             /home/amirnabiyev/Conjecture_Pr                    
                             over                                               
[09/08/26 20:09:11] INFO     Session ending — cleaning up          server.py:360
                             per-session resources                              
Exception ignored in: <function BaseSubprocessTransport.__del__ at 0x7a6f0dd7f380>
Traceback (most recent call last):
  File "/usr/local/lib/python3.12/asyncio/base_subprocess.py", line 126, in __del__
    self.close()
  File "/usr/local/lib/python3.12/asyncio/base_subprocess.py", line 104, in close
    proto.pipe.close()
  File "/usr/local/lib/python3.12/asyncio/unix_events.py", line 767, in close
    self.write_eof()
  File "/usr/local/lib/python3.12/asyncio/unix_events.py", line 753, in write_eof
    self._loop.call_soon(self._call_connection_lost, None)
  File "/usr/local/lib/python3.12/asyncio/base_events.py", line 799, in call_soon
    self._check_closed()
  File "/usr/local/lib/python3.12/asyncio/base_events.py", line 545, in _check_closed
    raise RuntimeError('Event loop is closed')
RuntimeError: Event loop is closed
[09/08/26 20:09:13] INFO     REPL enabled, using:                  server.py:322
                             /home/amirnabiyev/Conjecture_Prover/.              
                             lake/packages/repl/.lake/build/bin/re              
                             pl                                                 
                    INFO     REPL initialized: timeout=60s         server.py:325
                    INFO     Session ending — cleaning up          server.py:360
                             per-session resources                              

======================================================================
📋 BLUEPRINT GENERATOR: Decomposing theorem into dependency graph
======================================================================

   🛠️  BP AI made 1 tool call(s):
 → read_workspace
   🚦 Routing: blueprint_gen → tools_bp
   🚦 Routing: tool_node → blueprint_gen

======================================================================
📋 BLUEPRINT GENERATOR: Decomposing theorem into dependency graph
======================================================================

   💬 BP AI says: I'll first explore the project to understand context, the Architect API, and check what the target file needs.
   🛠️  BP AI made 2 tool call(s):
 → list_directory
 → lean_run_code
   🚦 Routing: blueprint_gen → tools_bp
   🚦 Routing: tool_node → blueprint_gen

======================================================================
📋 BLUEPRINT GENERATOR: Decomposing theorem into dependency graph
======================================================================

   🛠️  BP AI made 1 tool call(s):
 → lean_run_code
   🚦 Routing: blueprint_gen → tools_bp
   🚦 Routing: tool_node → blueprint_gen

======================================================================
📋 BLUEPRINT GENERATOR: Decomposing theorem into dependency graph
======================================================================

   🛠️  BP AI made 1 tool call(s):
 → lean_run_code
   🚦 Routing: blueprint_gen → tools_bp
   🚦 Routing: tool_node → blueprint_gen

======================================================================
📋 BLUEPRINT GENERATOR: Decomposing theorem into dependency graph
======================================================================

   💬 BP AI says: The original target compiles. Now let me inspect the Architect module and existing blueprint examples to use correct `@[blueprint]` and `sorry_using` syntax.
   🛠️  BP AI made 2 tool call(s):
 → list_directory
 → lean_local_search
   🚦 Routing: blueprint_gen → tools_bp
   🚦 Routing: tool_node → blueprint_gen

======================================================================
📋 BLUEPRINT GENERATOR: Decomposing theorem into dependency graph
======================================================================

   🛠️  BP AI made 2 tool call(s):
 → list_directory
 → list_directory
   🚦 Routing: blueprint_gen → tools_bp
   🚦 Routing: tool_node → blueprint_gen

======================================================================
📋 BLUEPRINT GENERATOR: Decomposing theorem into dependency graph
======================================================================

   🛠️  BP AI made 2 tool call(s):
 → list_directory
 → list_directory
   🚦 Routing: blueprint_gen → tools_bp
   🚦 Routing: tool_node → blueprint_gen

======================================================================
📋 BLUEPRINT GENERATOR: Decomposing theorem into dependency graph
======================================================================

   🛠️  BP AI made 1 tool call(s):
 → list_directory
   🚦 Routing: blueprint_gen → tools_bp
   🚦 Routing: tool_node → blueprint_gen

======================================================================
📋 BLUEPRINT GENERATOR: Decomposing theorem into dependency graph
======================================================================

   🛠️  BP AI made 1 tool call(s):
 → read_workspace
   🚦 Routing: blueprint_gen → tools_bp
   🚦 Routing: tool_node → blueprint_gen

======================================================================
📋 BLUEPRINT GENERATOR: Decomposing theorem into dependency graph
======================================================================

   🛠️  BP AI made 1 tool call(s):
 → read_workspace
   🚦 Routing: blueprint_gen → tools_bp
   🚦 Routing: tool_node → blueprint_gen

======================================================================
📋 BLUEPRINT GENERATOR: Decomposing theorem into dependency graph
======================================================================

   🛠️  BP AI made 2 tool call(s):
 → list_directory
 → list_directory
   🚦 Routing: blueprint_gen → tools_bp
   🚦 Routing: tool_node → blueprint_gen

======================================================================
📋 BLUEPRINT GENERATOR: Decomposing theorem into dependency graph
======================================================================

   🛠️  BP AI made 2 tool call(s):
 → list_directory
 → read_workspace
   🚦 Routing: blueprint_gen → tools_bp
   🚦 Routing: tool_node → blueprint_gen

======================================================================
📋 BLUEPRINT GENERATOR: Decomposing theorem into dependency graph
======================================================================

   🛠️  BP AI made 2 tool call(s):
 → read_workspace
 → read_workspace
   🚦 Routing: blueprint_gen → tools_bp
   🚦 Routing: tool_node → blueprint_gen

======================================================================
📋 BLUEPRINT GENERATOR: Decomposing theorem into dependency graph
======================================================================

   🛠️  BP AI made 1 tool call(s):
 → lean_run_code
   🚦 Routing: blueprint_gen → tools_bp
   🚦 Routing: tool_node → blueprint_gen

======================================================================
📋 BLUEPRINT GENERATOR: Decomposing theorem into dependency graph
======================================================================

   💬 BP AI says: Syntax works. Now the mandatory module analysis step — let me find the Mathlib module providing the central objects (`RingHom.FormallyEtale`, `Ideal.map`, `Algebra.FiniteType`).
   🛠️  BP AI made 1 tool call(s):
 → search_mathlib_docs_multi
   🚦 Routing: blueprint_gen → tools_bp
[mathlib_docs] Loading /home/amirnabiyev/Conjecture_Prover/.cache/declaration-data.json ...
[mathlib_docs] Loaded 419,582 declarations.
   🚦 Routing: tool_node → blueprint_gen

======================================================================
📋 BLUEPRINT GENERATOR: Decomposing theorem into dependency graph
======================================================================

   🛠️  BP AI made 1 tool call(s):
 → analyze_mathlib_module
   🚦 Routing: blueprint_gen → tools_bp
   🚦 Routing: tool_node → blueprint_gen

======================================================================
📋 BLUEPRINT GENERATOR: Decomposing theorem into dependency graph
======================================================================

   💬 BP AI says: Now let me verify the auxiliary statements I plan to use elaborate correctly (ideal maps, kernels, coercions of algebra homomorphisms).
   🛠️  BP AI made 1 tool call(s):
 → lean_run_code
   🚦 Routing: blueprint_gen → tools_bp
   🚦 Routing: tool_node → blueprint_gen

======================================================================
📋 BLUEPRINT GENERATOR: Decomposing theorem into dependency graph
======================================================================

   💬 BP AI says: All APIs verified. Now I have a clear picture. Let me write the complete blueprint file.
   🛠️  BP AI made 1 tool call(s):
 → write_workspace
   🚦 Routing: blueprint_gen → tools_bp
   🚦 Routing: tool_node → blueprint_gen

======================================================================
📋 BLUEPRINT GENERATOR: Decomposing theorem into dependency graph
======================================================================

   🛠️  BP AI made 1 tool call(s):
 → lean_diagnostic_messages
   🚦 Routing: blueprint_gen → tools_bp
   🚦 Routing: tool_node → blueprint_gen

======================================================================
📋 BLUEPRINT GENERATOR: Decomposing theorem into dependency graph
======================================================================

   💬 BP AI says: Let me examine the exact lines causing errors.[09/08/26 20:09:25] INFO     REPL enabled, using:                  server.py:322
                             /home/amirnabiyev/Conjecture_Prover/.              
                             lake/packages/repl/.lake/build/bin/re              
                             pl                                                 
                    INFO     REPL initialized: timeout=60s         server.py:325
                    INFO     Session ending — cleaning up          server.py:360
                             per-session resources                              
[09/08/26 20:09:48] INFO     REPL enabled, using:                  server.py:322
                             /home/amirnabiyev/Conjecture_Prover/.              
                             lake/packages/repl/.lake/build/bin/re              
                             pl                                                 
                    INFO     REPL initialized: timeout=60s         server.py:325
[09/08/26 20:09:55] INFO     Session ending — cleaning up          server.py:360
                             per-session resources                              
[09/08/26 20:09:56] INFO     REPL enabled, using:                  server.py:322
                             /home/amirnabiyev/Conjecture_Prover/.              
                             lake/packages/repl/.lake/build/bin/re              
                             pl                                                 
                    INFO     REPL initialized: timeout=60s         server.py:325
                    INFO     Session ending — cleaning up          server.py:360
                             per-session resources                              
[09/08/26 20:10:12] INFO     REPL enabled, using:                  server.py:322
                             /home/amirnabiyev/Conjecture_Prover/.              
                             lake/packages/repl/.lake/build/bin/re              
                             pl                                                 
                    INFO     REPL initialized: timeout=60s         server.py:325
                    INFO     Session ending — cleaning up          server.py:360
                             per-session resources                              
[09/08/26 20:10:15] INFO     REPL enabled, using:                  server.py:322
                             /home/amirnabiyev/Conjecture_Prover/.              
                             lake/packages/repl/.lake/build/bin/re              
                             pl                                                 
                    INFO     REPL initialized: timeout=60s         server.py:325
[09/08/26 20:10:17] INFO     Shared async LSP client         client_utils.py:133
                             connected at                                       
                             /home/amirnabiyev/Conjecture_Pr                    
                             over                                               
[09/08/26 20:10:29] INFO     Session ending — cleaning up          server.py:360
                             per-session resources                              
Exception ignored in: <function BaseSubprocessTransport.__del__ at 0x78bed9b6f380>
Traceback (most recent call last):
  File "/usr/local/lib/python3.12/asyncio/base_subprocess.py", line 126, in __del__
    self.close()
  File "/usr/local/lib/python3.12/asyncio/base_subprocess.py", line 104, in close
    proto.pipe.close()
  File "/usr/local/lib/python3.12/asyncio/unix_events.py", line 767, in close
    self.write_eof()
  File "/usr/local/lib/python3.12/asyncio/unix_events.py", line 753, in write_eof
    self._loop.call_soon(self._call_connection_lost, None)
  File "/usr/local/lib/python3.12/asyncio/base_events.py", line 799, in call_soon
    self._check_closed()
  File "/usr/local/lib/python3.12/asyncio/base_events.py", line 545, in _check_closed
    raise RuntimeError('Event loop is closed')
RuntimeError: Event loop is closed
[09/08/26 20:10:31] INFO     REPL enabled, using:                  server.py:322
                             /home/amirnabiyev/Conjecture_Prover/.              
                             lake/packages/repl/.lake/build/bin/re              
                             pl                                                 
                    INFO     REPL initialized: timeout=60s         server.py:325
                    INFO     Session ending — cleaning up          server.py:360
                             per-session resources                              
[09/08/26 20:10:35] INFO     REPL enabled, using:                  server.py:322
                             /home/amirnabiyev/Conjecture_Prover/.              
                             lake/packages/repl/.lake/build/bin/re              
                             pl                                                 
                    INFO     REPL initialized: timeout=60s         server.py:325
                    INFO     Session ending — cleaning up          server.py:360
                             per-session resources                              
[09/08/26 20:10:48] INFO     REPL enabled, using:                  server.py:322
                             /home/amirnabiyev/Conjecture_Prover/.              
                             lake/packages/repl/.lake/build/bin/re              
                             pl                                                 
                    INFO     REPL initialized: timeout=60s         server.py:325
                    INFO     Session ending — cleaning up          server.py:360
                             per-session resources                              
[09/08/26 20:10:54] INFO     REPL enabled, using:                  server.py:322
                             /home/amirnabiyev/Conjecture_Prover/.              
                             lake/packages/repl/.lake/build/bin/re              
                             pl                                                 
                    INFO     REPL initialized: timeout=60s         server.py:325
[09/08/26 20:10:56] INFO     Shared async LSP client         client_utils.py:133
                             connected at                                       
                             /home/amirnabiyev/Conjecture_Pr                    
                             over                                               
[09/08/26 20:11:08] INFO     Session ending — cleaning up          server.py:360
                             per-session resources                              
Exception ignored in: <function BaseSubprocessTransport.__del__ at 0x79b0128c3380>
Traceback (most recent call last):
  File "/usr/local/lib/python3.12/asyncio/base_subprocess.py", line 126, in __del__
    self.close()
  File "/usr/local/lib/python3.12/asyncio/base_subprocess.py", line 104, in close
    proto.pipe.close()
  File "/usr/local/lib/python3.12/asyncio/unix_events.py", line 767, in close
    self.write_eof()
  File "/usr/local/lib/python3.12/asyncio/unix_events.py", line 753, in write_eof
    self._loop.call_soon(self._call_connection_lost, None)
  File "/usr/local/lib/python3.12/asyncio/base_events.py", line 799, in call_soon
    self._check_closed()
  File "/usr/local/lib/python3.12/asyncio/base_events.py", line 545, in _check_closed
    raise RuntimeError('Event loop is closed')
RuntimeError: Event loop is closed
[09/08/26 20:11:10] INFO     REPL enabled, using:                  server.py:322
                             /home/amirnabiyev/Conjecture_Prover/.              
                             lake/packages/repl/.lake/build/bin/re              
                             pl                                                 
                    INFO     REPL initialized: timeout=60s         server.py:325
                    INFO     Session ending — cleaning up          server.py:360
                             per-session resources                              
[09/08/26 20:11:15] INFO     REPL enabled, using:                  server.py:322
                             /home/amirnabiyev/Conjecture_Prover/.              
                             lake/packages/repl/.lake/build/bin/re              
                             pl                                                 
                    INFO     REPL initialized: timeout=60s         server.py:325
[09/08/26 20:11:17] INFO     Shared async LSP client         client_utils.py:133
                             connected at                                       
                             /home/amirnabiyev/Conjecture_Pr                    
                             over                                               
[09/08/26 20:11:44] INFO     Session ending — cleaning up          server.py:360
                             per-session resources                              
Exception ignored in: <function BaseSubprocessTransport.__del__ at 0x77060d17b380>
Traceback (most recent call last):
  File "/usr/local/lib/python3.12/asyncio/base_subprocess.py", line 126, in __del__
    self.close()
  File "/usr/local/lib/python3.12/asyncio/base_subprocess.py", line 104, in close
    proto.pipe.close()
  File "/usr/local/lib/python3.12/asyncio/unix_events.py", line 767, in close
    self.write_eof()
  File "/usr/local/lib/python3.12/asyncio/unix_events.py", line 753, in write_eof
    self._loop.call_soon(self._call_connection_lost, None)
  File "/usr/local/lib/python3.12/asyncio/base_events.py", line 799, in call_soon
    self._check_closed()
  File "/usr/local/lib/python3.12/asyncio/base_events.py", line 545, in _check_closed
    raise RuntimeError('Event loop is closed')
RuntimeError: Event loop is closed
[09/08/26 20:11:45] INFO     REPL enabled, using:                  server.py:322
                             /home/amirnabiyev/Conjecture_Prover/.              
                             lake/packages/repl/.lake/build/bin/re              
                             pl                                                 
                    INFO     REPL initialized: timeout=60s         server.py:325
                    INFO     Session ending — cleaning up          server.py:360
                             per-session resources                              
[09/08/26 20:11:50] INFO     REPL enabled, using:                  server.py:322
                             /home/amirnabiyev/Conjecture_Prover/.              
                             lake/packages/repl/.lake/build/bin/re              
                             pl                                                 
                    INFO     REPL initialized: timeout=60s         server.py:325
                    INFO     Session ending — cleaning up          server.py:360
                             per-session resources                              
[09/08/26 20:11:53] INFO     REPL enabled, using:                  server.py:322
                             /home/amirnabiyev/Conjecture_Prover/.              
                             lake/packages/repl/.lake/build/bin/re              
                             pl                                                 
                    INFO     REPL initialized: timeout=60s         server.py:325
[09/08/26 20:11:55] INFO     Shared async LSP client         client_utils.py:133
                             connected at                                       
                             /home/amirnabiyev/Conjecture_Pr                    
                             over                                               
[09/08/26 20:12:08] INFO     Session ending — cleaning up          server.py:360
                             per-session resources                              
Exception ignored in: <function BaseSubprocessTransport.__del__ at 0x79803635f380>
Traceback (most recent call last):
  File "/usr/local/lib/python3.12/asyncio/base_subprocess.py", line 126, in __del__
    self.close()
  File "/usr/local/lib/python3.12/asyncio/base_subprocess.py", line 104, in close
    proto.pipe.close()
  File "/usr/local/lib/python3.12/asyncio/unix_events.py", line 767, in close
    self.write_eof()
  File "/usr/local/lib/python3.12/asyncio/unix_events.py", line 753, in write_eof
    self._loop.call_soon(self._call_connection_lost, None)
  File "/usr/local/lib/python3.12/asyncio/base_events.py", line 799, in call_soon
    self._check_closed()
  File "/usr/local/lib/python3.12/asyncio/base_events.py", line 545, in _check_closed
    raise RuntimeError('Event loop is closed')
RuntimeError: Event loop is closed
[09/08/26 20:12:10] INFO     REPL enabled, using:                  server.py:322
                             /home/amirnabiyev/Conjecture_Prover/.              
                             lake/packages/repl/.lake/build/bin/re              
                             pl                                                 
                    INFO     REPL initialized: timeout=60s         server.py:325
                    INFO     Session ending — cleaning up          server.py:360
                             per-session resources                              
[09/08/26 20:12:30] INFO     REPL enabled, using:                  server.py:322
                             /home/amirnabiyev/Conjecture_Prover/.              
                             lake/packages/repl/.lake/build/bin/re              
                             pl                                                 
                    INFO     REPL initialized: timeout=60s         server.py:325
                    INFO     Session ending — cleaning up          server.py:360
                             per-session resources                              
[09/08/26 20:12:36] INFO     REPL enabled, using:                  server.py:322
                             /home/amirnabiyev/Conjecture_Prover/.              
                             lake/packages/repl/.lake/build/bin/re              
                             pl                                                 
                    INFO     REPL initialized: timeout=60s         server.py:325
                    INFO     Session ending — cleaning up          server.py:360
                             per-session resources                              
[09/08/26 20:12:44] INFO     Disabled tool 'lean_build' via        server.py:115
                             LEAN_MCP_DISABLED_TOOLS                            
                    INFO     Disabled tool 'lean_completions' via  server.py:115
                             LEAN_MCP_DISABLED_TOOLS                            
                    INFO     Disabled tool 'lean_declaration_file' server.py:115
                             via LEAN_MCP_DISABLED_TOOLS                        
                    INFO     Disabled tool                         server.py:115
                             'lean_diagnostic_messages' via                     
                             LEAN_MCP_DISABLED_TOOLS                            
                    INFO     Disabled tool 'lean_file_outline' via server.py:115
                             LEAN_MCP_DISABLED_TOOLS                            
                    INFO     Disabled tool                         server.py:115
                             'lean_get_widget_source' via                       
                             LEAN_MCP_DISABLED_TOOLS                            
                    INFO     Disabled tool 'lean_get_widgets' via  server.py:115
                             LEAN_MCP_DISABLED_TOOLS                            
                    INFO     Disabled tool 'lean_goal' via         server.py:115
                             LEAN_MCP_DISABLED_TOOLS                            
                    INFO     Disabled tool 'lean_hover_info' via   server.py:115
                             LEAN_MCP_DISABLED_TOOLS                            
[09/08/26 20:12:45] INFO     Disabled tool 'lean_references' via   server.py:115
                             LEAN_MCP_DISABLED_TOOLS                            
                    INFO     Disabled tool 'lean_term_goal' via    server.py:115
                             LEAN_MCP_DISABLED_TOOLS                            
[09/08/26 20:12:45] INFO     Disabled tool 'lean_build' via        server.py:115
                             LEAN_MCP_DISABLED_TOOLS                            
                    INFO     Disabled tool 'lean_completions' via  server.py:115
                             LEAN_MCP_DISABLED_TOOLS                            
                    INFO     REPL enabled, using:                  server.py:322
                             /home/amirnabiyev/Conjecture_Prover/.              
                             lake/packages/repl/.lake/build/bin/re              
                             pl                                                 
                    INFO     Disabled tool 'lean_declaration_file' server.py:115
                             via LEAN_MCP_DISABLED_TOOLS                        
                    INFO     REPL initialized: timeout=60s         server.py:325
                    INFO     Disabled tool                         server.py:115
                             'lean_diagnostic_messages' via                     
                             LEAN_MCP_DISABLED_TOOLS                            
                    INFO     Disabled tool 'lean_file_outline' via server.py:115
                             LEAN_MCP_DISABLED_TOOLS                            
                    INFO     Disabled tool                         server.py:115
                             'lean_get_widget_source' via                       
                             LEAN_MCP_DISABLED_TOOLS                            
                    INFO     Disabled tool 'lean_get_widgets' via  server.py:115
                             LEAN_MCP_DISABLED_TOOLS                            
                    INFO     Disabled tool 'lean_goal' via         server.py:115
                             LEAN_MCP_DISABLED_TOOLS                            
                    INFO     Disabled tool 'lean_hover_info' via   server.py:115
                             LEAN_MCP_DISABLED_TOOLS                            
                    INFO     Disabled tool 'lean_references' via   server.py:115
                             LEAN_MCP_DISABLED_TOOLS                            
                    INFO     Disabled tool 'lean_term_goal' via    server.py:115
                             LEAN_MCP_DISABLED_TOOLS                            
                    INFO     Session ending — cleaning up          server.py:360
                             per-session resources                              
[09/08/26 20:12:45] INFO     Disabled tool 'lean_build' via        server.py:115
                             LEAN_MCP_DISABLED_TOOLS                            
                    INFO     Disabled tool 'lean_completions' via  server.py:115
                             LEAN_MCP_DISABLED_TOOLS                            
                    INFO     Disabled tool 'lean_declaration_file' server.py:115
                             via LEAN_MCP_DISABLED_TOOLS                        
                    INFO     Disabled tool                         server.py:115
                             'lean_diagnostic_messages' via                     
                             LEAN_MCP_DISABLED_TOOLS                            
                    INFO     Disabled tool 'lean_file_outline' via server.py:115
                             LEAN_MCP_DISABLED_TOOLS                            
                    INFO     Disabled tool                         server.py:115
                             'lean_get_widget_source' via                       
                             LEAN_MCP_DISABLED_TOOLS                            
                    INFO     Disabled tool 'lean_get_widgets' via  server.py:115
                             LEAN_MCP_DISABLED_TOOLS                            
                    INFO     Disabled tool 'lean_goal' via         server.py:115
                             LEAN_MCP_DISABLED_TOOLS                            
                    INFO     Disabled tool 'lean_hover_info' via   server.py:115
                             LEAN_MCP_DISABLED_TOOLS                            
                    INFO     Disabled tool 'lean_references' via   server.py:115
                             LEAN_MCP_DISABLED_TOOLS                            
                    INFO     Disabled tool 'lean_term_goal' via    server.py:115
                             LEAN_MCP_DISABLED_TOOLS                            
                    INFO     REPL enabled, using:                  server.py:322
                             /home/amirnabiyev/Conjecture_Prover/.              
                             lake/packages/repl/.lake/build/bin/re              
                             pl                                                 
                    INFO     REPL initialized: timeout=60s         server.py:325
                    INFO     REPL enabled, using:                  server.py:322
                             /home/amirnabiyev/Conjecture_Prover/.              
                             lake/packages/repl/.lake/build/bin/re              
                             pl                                                 
                    INFO     REPL initialized: timeout=60s         server.py:325
                    INFO     Session ending — cleaning up          server.py:360
                             per-session resources                              
                    INFO     Session ending — cleaning up          server.py:360
                             per-session resources                              
[09/08/26 20:12:45] INFO     Disabled tool 'lean_build' via        server.py:115
                             LEAN_MCP_DISABLED_TOOLS                            
                    INFO     Disabled tool 'lean_completions' via  server.py:115
                             LEAN_MCP_DISABLED_TOOLS                            
                    INFO     Disabled tool 'lean_declaration_file' server.py:115
                             via LEAN_MCP_DISABLED_TOOLS                        
                    INFO     Disabled tool                         server.py:115
                             'lean_diagnostic_messages' via                     
                             LEAN_MCP_DISABLED_TOOLS                            
                    INFO     Disabled tool 'lean_file_outline' via server.py:115
                             LEAN_MCP_DISABLED_TOOLS                            
                    INFO     Disabled tool                         server.py:115
                             'lean_get_widget_source' via                       
                             LEAN_MCP_DISABLED_TOOLS                            
                    INFO     Disabled tool 'lean_get_widgets' via  server.py:115
                             LEAN_MCP_DISABLED_TOOLS                            
                    INFO     Disabled tool 'lean_goal' via         server.py:115
                             LEAN_MCP_DISABLED_TOOLS                            
                    INFO     Disabled tool 'lean_hover_info' via   server.py:115
                             LEAN_MCP_DISABLED_TOOLS                            
                    INFO     Disabled tool 'lean_references' via   server.py:115
                             LEAN_MCP_DISABLED_TOOLS                            
                    INFO     Disabled tool 'lean_term_goal' via    server.py:115
                             LEAN_MCP_DISABLED_TOOLS                            
                    INFO     REPL enabled, using:                  server.py:322
                             /home/amirnabiyev/Conjecture_Prover/.              
                             lake/packages/repl/.lake/build/bin/re              
                             pl                                                 
                    INFO     REPL initialized: timeout=60s         server.py:325
                    INFO     Session ending — cleaning up          server.py:360
                             per-session resources                              
[09/08/26 20:12:45] INFO     Disabled tool 'lean_build' via        server.py:115
                             LEAN_MCP_DISABLED_TOOLS                            
                    INFO     Disabled tool 'lean_completions' via  server.py:115
                             LEAN_MCP_DISABLED_TOOLS                            
                    INFO     Disabled tool 'lean_declaration_file' server.py:115
                             via LEAN_MCP_DISABLED_TOOLS                        
                    INFO     Disabled tool                         server.py:115
                             'lean_diagnostic_messages' via                     
                             LEAN_MCP_DISABLED_TOOLS                            
                    INFO     Disabled tool 'lean_file_outline' via server.py:115
                             LEAN_MCP_DISABLED_TOOLS                            
                    INFO     Disabled tool                         server.py:115
                             'lean_get_widget_source' via                       
                             LEAN_MCP_DISABLED_TOOLS                            
                    INFO     Disabled tool 'lean_get_widgets' via  server.py:115
                             LEAN_MCP_DISABLED_TOOLS                            
                    INFO     Disabled tool 'lean_goal' via         server.py:115
                             LEAN_MCP_DISABLED_TOOLS                            
                    INFO     Disabled tool 'lean_hover_info' via   server.py:115
                             LEAN_MCP_DISABLED_TOOLS                            
                    INFO     Disabled tool 'lean_references' via   server.py:115
                             LEAN_MCP_DISABLED_TOOLS                            
                    INFO     Disabled tool 'lean_term_goal' via    server.py:115
                             LEAN_MCP_DISABLED_TOOLS                            
                    INFO     REPL enabled, using:                  server.py:322
                             /home/amirnabiyev/Conjecture_Prover/.              
                             lake/packages/repl/.lake/build/bin/re              
                             pl                                                 
                    INFO     REPL initialized: timeout=60s         server.py:325
                    INFO     Session ending — cleaning up          server.py:360
                             per-session resources                              

   🛠️  BP AI made 1 tool call(s):
 → read_workspace
   🚦 Routing: blueprint_gen → tools_bp
   🚦 Routing: tool_node → blueprint_gen

======================================================================
📋 BLUEPRINT GENERATOR: Decomposing theorem into dependency graph
======================================================================

   💬 BP AI says: The errors come from escape-sequence handling in attribute docstrings/string literals containing LaTeX backslashes. Let me probe what's acceptable.
   🛠️  BP AI made 1 tool call(s):
 → lean_run_code
   🚦 Routing: blueprint_gen → tools_bp
   🚦 Routing: tool_node → blueprint_gen

======================================================================
📋 BLUEPRINT GENERATOR: Decomposing theorem into dependency graph
======================================================================

   💬 BP AI says: Only the *string-literal* `title := "..."` with LaTeX backslashes are invalid; attribute doc-comments are fine. Let me fix the two offending titles.
   🛠️  BP AI made 2 tool call(s):
 → search_replace_workspace
 → search_replace_workspace
   🚦 Routing: blueprint_gen → tools_bp
   🚦 Routing: tool_node → blueprint_gen

======================================================================
📋 BLUEPRINT GENERATOR: Decomposing theorem into dependency graph
======================================================================

   🛠️  BP AI made 1 tool call(s):
 → lean_diagnostic_messages
   🚦 Routing: blueprint_gen → tools_bp
   🚦 Routing: tool_node → blueprint_gen

======================================================================
📋 BLUEPRINT GENERATOR: Decomposing theorem into dependency graph
======================================================================

   🛠️  BP AI made 1 tool call(s):
 → read_workspace
   🚦 Routing: blueprint_gen → tools_bp
   🚦 Routing: tool_node → blueprint_gen

======================================================================
📋 BLUEPRINT GENERATOR: Decomposing theorem into dependency graph
======================================================================

   💬 BP AI says: The second replacement didn't take effect (file still shows `\ker\varphi` in a title). Let me retry it.
   🛠️  BP AI made 1 tool call(s):
 → search_replace_workspace
   🚦 Routing: blueprint_gen → tools_bp
   🚦 Routing: tool_node → blueprint_gen

======================================================================
📋 BLUEPRINT GENERATOR: Decomposing theorem into dependency graph
======================================================================

   🛠️  BP AI made 1 tool call(s):
 → lean_diagnostic_messages
   🚦 Routing: blueprint_gen → tools_bp
   🚦 Routing: tool_node → blueprint_gen

======================================================================
📋 BLUEPRINT GENERATOR: Decomposing theorem into dependency graph
======================================================================

   💬 BP AI says: One stray token at the end (a dangling `94`). Let me inspect the tail of the file.
   🛠️  BP AI made 1 tool call(s):
 → lean_file_outline
   🚦 Routing: blueprint_gen → tools_bp
   🚦 Routing: tool_node → blueprint_gen

======================================================================
📋 BLUEPRINT GENERATOR: Decomposing theorem into dependency graph
======================================================================

   🛠️  BP AI made 1 tool call(s):
 → search_replace_workspace
   🚦 Routing: blueprint_gen → tools_bp
   🚦 Routing: tool_node → blueprint_gen

======================================================================
📋 BLUEPRINT GENERATOR: Decomposing theorem into dependency graph
======================================================================

   🛠️  BP AI made 1 tool call(s):
 → lean_diagnostic_messages
   🚦 Routing: blueprint_gen → tools_bp
   🚦 Routing: tool_node → blueprint_gen

======================================================================
📋 BLUEPRINT GENERATOR: Decomposing theorem into dependency graph
======================================================================

   💬 BP AI says: File compiles cleanly (only expected `sorry` warnings). Now regenerate the blueprint dependency JSON.
   🛠️  BP AI made 1 tool call(s):
 → build_blueprint_json
   🚦 Routing: blueprint_gen → tools_bp
   🚦 Routing: tool_node → blueprint_gen

======================================================================
📋 BLUEPRINT GENERATOR: Decomposing theorem into dependency graph
======================================================================

   💬 BP AI says: The blueprint JSON regenerated cleanly. Let me do a final verification of the file's complete content.
   🛠️  BP AI made 1 tool call(s):
 → read_workspace
   🚦 Routing: blueprint_gen → tools_bp
   🚦 Routing: tool_node → blueprint_gen

======================================================================
📋 BLUEPRINT GENERATOR: Decomposing theorem into dependency graph
======================================================================

   💬 BP AI says: The blueprint is complete and verified. Summary of what was produced in `/home/amirnabiyev/Conjecture_Prover/ConjectureProver.lean`:

**Analysis performed**
- Read the original target theorem (`zeroSet_finite_or_contain_arithmetic_progression`) and existing `zeroSet` definition.
- Verified Mathlib APIs: `RingHom.FormallyEtale`, `Ideal.map`, `RingHom.ker`, `Algebra.FiniteType`, coercions of `A →ₐ[k] A` powers to ring homomorphisms.
- Analyzed the load-bearing Mathlib module `Mathlib.RingTheory.Et
      ... (1835 total chars)
   🚦 Routing: blueprint_gen → rebuild_blueprint (first pass)

🔄 REBUILD BLUEPRINT: Refreshing blueprint state from JSON...
   📊 7 lemmas, 2 proved
   📊 Blueprint: 7 nodes, root='Problem94.zeroSet_finite_or_contain_arithmetic_progression'
   🚦 Routing: rebuild_blueprint → theorem_proving
   🚀 theorem_proving: dispatching 5 parallel agent(s) (skipped 0 without sorry_using)
      → Problem94.zeroSet_mem_iff
      → Problem94.zeroSet_mem_iff_ker
      → Problem94.formallyEtale_pow
      → Problem94.zeroSet_infinite_contains_ap
      → Problem94.zeroSet_finite_or_contain_arithmetic_progression

============================================================
🔍 PROVE LEMMA: Problem94.zeroSet_mem_iff  (max 12 turns)
============================================================


============================================================
🔍 PROVE LEMMA: Problem94.zeroSet_mem_iff_ker  (max 12 turns)
============================================================


============================================================
🔍 PROVE LEMMA: Problem94.formallyEtale_pow  (max 12 turns)
============================================================


============================================================
🔍 PROVE LEMMA: Problem94.zeroSet_infinite_contains_ap  (max 12 turns)
============================================================


============================================================
🔍 PROVE LEMMA: Problem94.zeroSet_finite_or_contain_arithmetic_progression  (max 12 turns)
============================================================

   🔌 MCP client ready for lemma 'Problem94.zeroSet_mem_iff' (proof-only mode)
   🔌 MCP client ready for lemma 'Problem94.zeroSet_mem_iff_ker' (proof-only mode)
   🔌 MCP client ready for lemma 'Problem94.zeroSet_infinite_contains_ap' (proof-only mode)
   🔌 MCP client ready for lemma 'Problem94.formallyEtale_pow' (proof-only mode)
   🔌 MCP client ready for lemma 'Problem94.zeroSet_finite_or_contain_arithmetic_progression' (proof-only mode)
   🛠️  PL-Problem94.zeroSet_mem_iff AI made 2 tool call(s):
 → lean_local_search
 → lean_leansearch
   🛠️  PL-Problem94.zeroSet_finite_or_contain_arithmetic_progression AI made 3 tool call(s):
 → lean_local_search
 → lean_local_search
 → lean_local_search
   🛠️  PL-Problem94.zeroSet_mem_iff_ker AI made 2 tool call(s):
 → lean_local_search[09/08/26 20:12:48] INFO     Disabled tool 'lean_build' via        server.py:115
                             LEAN_MCP_DISABLED_TOOLS                            
                    INFO     Disabled tool 'lean_completions' via  server.py:115
                             LEAN_MCP_DISABLED_TOOLS                            
                    INFO     Disabled tool 'lean_declaration_file' server.py:115
                             via LEAN_MCP_DISABLED_TOOLS                        
                    INFO     Disabled tool                         server.py:115
                             'lean_diagnostic_messages' via                     
                             LEAN_MCP_DISABLED_TOOLS                            
                    INFO     Disabled tool 'lean_file_outline' via server.py:115
                             LEAN_MCP_DISABLED_TOOLS                            
                    INFO     Disabled tool                         server.py:115
                             'lean_get_widget_source' via                       
                             LEAN_MCP_DISABLED_TOOLS                            
                    INFO     Disabled tool 'lean_get_widgets' via  server.py:115
                             LEAN_MCP_DISABLED_TOOLS                            
                    INFO     Disabled tool 'lean_goal' via         server.py:115
                             LEAN_MCP_DISABLED_TOOLS                            
                    INFO     Disabled tool 'lean_hover_info' via   server.py:115
                             LEAN_MCP_DISABLED_TOOLS                            
                    INFO     Disabled tool 'lean_references' via   server.py:115
                             LEAN_MCP_DISABLED_TOOLS                            
                    INFO     Disabled tool 'lean_term_goal' via    server.py:115
                             LEAN_MCP_DISABLED_TOOLS                            
                    INFO     REPL enabled, using:                  server.py:322
                             /home/amirnabiyev/Conjecture_Prover/.              
                             lake/packages/repl/.lake/build/bin/re              
                             pl                                                 
                    INFO     REPL initialized: timeout=60s         server.py:325
[09/08/26 20:12:49] INFO     Session ending — cleaning up          server.py:360
                             per-session resources                              
[09/08/26 20:12:51] INFO     Disabled tool 'lean_build' via        server.py:115
                             LEAN_MCP_DISABLED_TOOLS                            
                    INFO     Disabled tool 'lean_completions' via  server.py:115
                             LEAN_MCP_DISABLED_TOOLS                            
                    INFO     Disabled tool 'lean_declaration_file' server.py:115
                             via LEAN_MCP_DISABLED_TOOLS                        
                    INFO     Disabled tool                         server.py:115
                             'lean_diagnostic_messages' via                     
                             LEAN_MCP_DISABLED_TOOLS                            
                    INFO     Disabled tool 'lean_file_outline' via server.py:115
                             LEAN_MCP_DISABLED_TOOLS                            
                    INFO     Disabled tool                         server.py:115
                             'lean_get_widget_source' via                       
                             LEAN_MCP_DISABLED_TOOLS                            
                    INFO     Disabled tool 'lean_get_widgets' via  server.py:115
                             LEAN_MCP_DISABLED_TOOLS                            
                    INFO     Disabled tool 'lean_goal' via         server.py:115
                             LEAN_MCP_DISABLED_TOOLS                            
                    INFO     Disabled tool 'lean_hover_info' via   server.py:115
                             LEAN_MCP_DISABLED_TOOLS                            
                    INFO     Disabled tool 'lean_references' via   server.py:115
                             LEAN_MCP_DISABLED_TOOLS                            
                    INFO     Disabled tool 'lean_term_goal' via    server.py:115
                             LEAN_MCP_DISABLED_TOOLS                            
                    INFO     REPL enabled, using:                  server.py:322
                             /home/amirnabiyev/Conjecture_Prover/.              
                             lake/packages/repl/.lake/build/bin/re              
                             pl                                                 
                    INFO     REPL initialized: timeout=60s         server.py:325
[09/08/26 20:12:51] INFO     Disabled tool 'lean_build' via        server.py:115
                             LEAN_MCP_DISABLED_TOOLS                            
                    INFO     Disabled tool 'lean_completions' via  server.py:115
                             LEAN_MCP_DISABLED_TOOLS                            
                    INFO     Disabled tool 'lean_declaration_file' server.py:115
                             via LEAN_MCP_DISABLED_TOOLS                        
                    INFO     Disabled tool                         server.py:115
                             'lean_diagnostic_messages' via                     
                             LEAN_MCP_DISABLED_TOOLS                            
                    INFO     Disabled tool 'lean_file_outline' via server.py:115
                             LEAN_MCP_DISABLED_TOOLS                            
                    INFO     Disabled tool                         server.py:115
                             'lean_get_widget_source' via                       
                             LEAN_MCP_DISABLED_TOOLS                            
                    INFO     Disabled tool 'lean_get_widgets' via  server.py:115
                             LEAN_MCP_DISABLED_TOOLS                            
                    INFO     Disabled tool 'lean_goal' via         server.py:115
                             LEAN_MCP_DISABLED_TOOLS                            
                    INFO     Disabled tool 'lean_hover_info' via   server.py:115
                             LEAN_MCP_DISABLED_TOOLS                            
                    INFO     Disabled tool 'lean_references' via   server.py:115
                             LEAN_MCP_DISABLED_TOOLS                            
                    INFO     Disabled tool 'lean_term_goal' via    server.py:115
                             LEAN_MCP_DISABLED_TOOLS                            
                    INFO     REPL enabled, using:                  server.py:322
                             /home/amirnabiyev/Conjecture_Prover/.              
                             lake/packages/repl/.lake/build/bin/re              
                             pl                                                 
                    INFO     REPL initialized: timeout=60s         server.py:325
                    INFO     Session ending — cleaning up          server.py:360
                             per-session resources                              
[09/08/26 20:12:52] INFO     Session ending — cleaning up          server.py:360
                             per-session resources                              
[09/08/26 20:12:52] INFO     Disabled tool 'lean_build' via        server.py:115
                             LEAN_MCP_DISABLED_TOOLS                            
                    INFO     Disabled tool 'lean_completions' via  server.py:115
                             LEAN_MCP_DISABLED_TOOLS                            
                    INFO     Disabled tool 'lean_declaration_file' server.py:115
                             via LEAN_MCP_DISABLED_TOOLS                        
                    INFO     Disabled tool                         server.py:115
                             'lean_diagnostic_messages' via                     
                             LEAN_MCP_DISABLED_TOOLS                            
                    INFO     Disabled tool 'lean_file_outline' via server.py:115
                             LEAN_MCP_DISABLED_TOOLS                            
                    INFO     Disabled tool                         server.py:115
                             'lean_get_widget_source' via                       
                             LEAN_MCP_DISABLED_TOOLS                            
                    INFO     Disabled tool 'lean_get_widgets' via  server.py:115
                             LEAN_MCP_DISABLED_TOOLS                            
                    INFO     Disabled tool 'lean_goal' via         server.py:115
                             LEAN_MCP_DISABLED_TOOLS                            
                    INFO     Disabled tool 'lean_hover_info' via   server.py:115
                             LEAN_MCP_DISABLED_TOOLS                            
                    INFO     Disabled tool 'lean_references' via   server.py:115
                             LEAN_MCP_DISABLED_TOOLS                            
                    INFO     Disabled tool 'lean_term_goal' via    server.py:115
                             LEAN_MCP_DISABLED_TOOLS                            
                    INFO     REPL enabled, using:                  server.py:322
                             /home/amirnabiyev/Conjecture_Prover/.              
                             lake/packages/repl/.lake/build/bin/re              
                             pl                                                 
                    INFO     REPL initialized: timeout=60s         server.py:325
[09/08/26 20:12:52] INFO     Disabled tool 'lean_build' via        server.py:115
                             LEAN_MCP_DISABLED_TOOLS                            
                    INFO     Disabled tool 'lean_completions' via  server.py:115
                             LEAN_MCP_DISABLED_TOOLS                            
                    INFO     Disabled tool 'lean_declaration_file' server.py:115
                             via LEAN_MCP_DISABLED_TOOLS                        
                    INFO     Disabled tool                         server.py:115
                             'lean_diagnostic_messages' via                     
                             LEAN_MCP_DISABLED_TOOLS                            
                    INFO     Disabled tool 'lean_file_outline' via server.py:115
                             LEAN_MCP_DISABLED_TOOLS                            
                    INFO     Disabled tool                         server.py:115
                             'lean_get_widget_source' via                       
                             LEAN_MCP_DISABLED_TOOLS                            
                    INFO     Disabled tool 'lean_get_widgets' via  server.py:115
                             LEAN_MCP_DISABLED_TOOLS                            
                    INFO     Disabled tool 'lean_goal' via         server.py:115
                             LEAN_MCP_DISABLED_TOOLS                            
                    INFO     Disabled tool 'lean_hover_info' via   server.py:115
                             LEAN_MCP_DISABLED_TOOLS                            
                    INFO     Disabled tool 'lean_references' via   server.py:115
                             LEAN_MCP_DISABLED_TOOLS                            
                    INFO     Disabled tool 'lean_term_goal' via    server.py:115
                             LEAN_MCP_DISABLED_TOOLS                            
                    INFO     REPL enabled, using:                  server.py:322
                             /home/amirnabiyev/Conjecture_Prover/.              
                             lake/packages/repl/.lake/build/bin/re              
                             pl                                                 
                    INFO     REPL initialized: timeout=60s         server.py:325
[09/08/26 20:12:53] INFO     Session ending — cleaning up          server.py:360
                             per-session resources                              
[09/08/26 20:12:53] INFO     Session ending — cleaning up          server.py:360
                             per-session resources                              
[09/08/26 20:12:53] INFO     Disabled tool 'lean_build' via        server.py:115
                             LEAN_MCP_DISABLED_TOOLS                            
                    INFO     Disabled tool 'lean_completions' via  server.py:115
                             LEAN_MCP_DISABLED_TOOLS                            
                    INFO     Disabled tool 'lean_declaration_file' server.py:115
                             via LEAN_MCP_DISABLED_TOOLS                        
                    INFO     Disabled tool                         server.py:115
                             'lean_diagnostic_messages' via                     
                             LEAN_MCP_DISABLED_TOOLS                            
                    INFO     Disabled tool 'lean_file_outline' via server.py:115
                             LEAN_MCP_DISABLED_TOOLS                            
                    INFO     Disabled tool                         server.py:115
                             'lean_get_widget_source' via                       
                             LEAN_MCP_DISABLED_TOOLS                            
                    INFO     Disabled tool 'lean_get_widgets' via  server.py:115
                             LEAN_MCP_DISABLED_TOOLS                            
                    INFO     Disabled tool 'lean_goal' via         server.py:115
                             LEAN_MCP_DISABLED_TOOLS                            
                    INFO     Disabled tool 'lean_hover_info' via   server.py:115
                             LEAN_MCP_DISABLED_TOOLS                            
                    INFO     Disabled tool 'lean_references' via   server.py:115
                             LEAN_MCP_DISABLED_TOOLS                            
                    INFO     Disabled tool 'lean_term_goal' via    server.py:115
                             LEAN_MCP_DISABLED_TOOLS                            
                    INFO     REPL enabled, using:                  server.py:322
                             /home/amirnabiyev/Conjecture_Prover/.              
                             lake/packages/repl/.lake/build/bin/re              
                             pl                                                 
                    INFO     REPL initialized: timeout=60s         server.py:325
[09/08/26 20:12:54] INFO     Session ending — cleaning up          server.py:360
                             per-session resources                              
[09/08/26 20:12:54] INFO     Disabled tool 'lean_build' via        server.py:115
                             LEAN_MCP_DISABLED_TOOLS                            
                    INFO     Disabled tool 'lean_completions' via  server.py:115
                             LEAN_MCP_DISABLED_TOOLS                            
                    INFO     Disabled tool 'lean_declaration_file' server.py:115
                             via LEAN_MCP_DISABLED_TOOLS                        
                    INFO     Disabled tool                         server.py:115
                             'lean_diagnostic_messages' via                     
                             LEAN_MCP_DISABLED_TOOLS                            
                    INFO     Disabled tool 'lean_file_outline' via server.py:115
                             LEAN_MCP_DISABLED_TOOLS                            
                    INFO     Disabled tool                         server.py:115
                             'lean_get_widget_source' via                       
                             LEAN_MCP_DISABLED_TOOLS                            
                    INFO     Disabled tool 'lean_get_widgets' via  server.py:115
                             LEAN_MCP_DISABLED_TOOLS                            
                    INFO     Disabled tool 'lean_goal' via         server.py:115
                             LEAN_MCP_DISABLED_TOOLS                            
                    INFO     Disabled tool 'lean_hover_info' via   server.py:115
                             LEAN_MCP_DISABLED_TOOLS                            
                    INFO     Disabled tool 'lean_references' via   server.py:115
                             LEAN_MCP_DISABLED_TOOLS                            
                    INFO     Disabled tool 'lean_term_goal' via    server.py:115
                             LEAN_MCP_DISABLED_TOOLS                            
                    INFO     REPL enabled, using:                  server.py:322
                             /home/amirnabiyev/Conjecture_Prover/.              
                             lake/packages/repl/.lake/build/bin/re              
                             pl                                                 
                    INFO     REPL initialized: timeout=60s         server.py:325
[09/08/26 20:12:54] INFO     Disabled tool 'lean_build' via        server.py:115
                             LEAN_MCP_DISABLED_TOOLS                            
                    INFO     Disabled tool 'lean_completions' via  server.py:115
                             LEAN_MCP_DISABLED_TOOLS                            
                    INFO     Disabled tool 'lean_declaration_file' server.py:115
                             via LEAN_MCP_DISABLED_TOOLS                        
                    INFO     Disabled tool                         server.py:115
                             'lean_diagnostic_messages' via                     
                             LEAN_MCP_DISABLED_TOOLS                            
                    INFO     Session ending — cleaning up          server.py:360
                             per-session resources                              
                    INFO     Disabled tool 'lean_file_outline' via server.py:115
                             LEAN_MCP_DISABLED_TOOLS                            
                    INFO     Disabled tool                         server.py:115
                             'lean_get_widget_source' via                       
                             LEAN_MCP_DISABLED_TOOLS                            
                    INFO     Disabled tool 'lean_get_widgets' via  server.py:115
                             LEAN_MCP_DISABLED_TOOLS                            
                    INFO     Disabled tool 'lean_goal' via         server.py:115
                             LEAN_MCP_DISABLED_TOOLS                            
                    INFO     Disabled tool 'lean_hover_info' via   server.py:115
                             LEAN_MCP_DISABLED_TOOLS                            
                    INFO     Disabled tool 'lean_references' via   server.py:115
                             LEAN_MCP_DISABLED_TOOLS                            
                    INFO     Disabled tool 'lean_term_goal' via    server.py:115
                             LEAN_MCP_DISABLED_TOOLS                            
                    INFO     REPL enabled, using:                  server.py:322
                             /home/amirnabiyev/Conjecture_Prover/.              
                             lake/packages/repl/.lake/build/bin/re              
                             pl                                                 
                    INFO     REPL initialized: timeout=60s         server.py:325
[09/08/26 20:12:56] INFO     Session ending — cleaning up          server.py:360
                             per-session resources                              
[09/08/26 20:12:56] INFO     Disabled tool 'lean_build' via        server.py:115
                             LEAN_MCP_DISABLED_TOOLS                            
                    INFO     Disabled tool 'lean_completions' via  server.py:115
                             LEAN_MCP_DISABLED_TOOLS                            
                    INFO     Disabled tool 'lean_declaration_file' server.py:115
                             via LEAN_MCP_DISABLED_TOOLS                        
                    INFO     Disabled tool                         server.py:115
                             'lean_diagnostic_messages' via                     
                             LEAN_MCP_DISABLED_TOOLS                            
                    INFO     Disabled tool 'lean_file_outline' via server.py:115
                             LEAN_MCP_DISABLED_TOOLS                            
                    INFO     Disabled tool                         server.py:115
                             'lean_get_widget_source' via                       
                             LEAN_MCP_DISABLED_TOOLS                            
                    INFO     Disabled tool 'lean_get_widgets' via  server.py:115
                             LEAN_MCP_DISABLED_TOOLS                            
                    INFO     Disabled tool 'lean_goal' via         server.py:115
                             LEAN_MCP_DISABLED_TOOLS                            
                    INFO     Disabled tool 'lean_hover_info' via   server.py:115
                             LEAN_MCP_DISABLED_TOOLS                            
                    INFO     Disabled tool 'lean_references' via   server.py:115
                             LEAN_MCP_DISABLED_TOOLS                            
                    INFO     Disabled tool 'lean_term_goal' via    server.py:115
                             LEAN_MCP_DISABLED_TOOLS                            
                    INFO     REPL enabled, using:                  server.py:322
                             /home/amirnabiyev/Conjecture_Prover/.              
                             lake/packages/repl/.lake/build/bin/re              
                             pl                                                 
                    INFO     REPL initialized: timeout=60s         server.py:325
                    INFO     Session ending — cleaning up          server.py:360
                             per-session resources                              
[09/08/26 20:12:57] INFO     Disabled tool 'lean_build' via        server.py:115
                             LEAN_MCP_DISABLED_TOOLS                            
                    INFO     Disabled tool 'lean_completions' via  server.py:115
                             LEAN_MCP_DISABLED_TOOLS                            
                    INFO     Disabled tool 'lean_declaration_file' server.py:115
                             via LEAN_MCP_DISABLED_TOOLS                        
                    INFO     Disabled tool                         server.py:115
                             'lean_diagnostic_messages' via                     
                             LEAN_MCP_DISABLED_TOOLS                            
                    INFO     Disabled tool 'lean_file_outline' via server.py:115
                             LEAN_MCP_DISABLED_TOOLS                            
                    INFO     Disabled tool                         server.py:115
                             'lean_get_widget_source' via                       
                             LEAN_MCP_DISABLED_TOOLS                            
                    INFO     Disabled tool 'lean_get_widgets' via  server.py:115
                             LEAN_MCP_DISABLED_TOOLS                            
                    INFO     Disabled tool 'lean_goal' via         server.py:115
                             LEAN_MCP_DISABLED_TOOLS                            
                    INFO     Disabled tool 'lean_hover_info' via   server.py:115
                             LEAN_MCP_DISABLED_TOOLS                            
                    INFO     Disabled tool 'lean_references' via   server.py:115
                             LEAN_MCP_DISABLED_TOOLS                            
                    INFO     Disabled tool 'lean_term_goal' via    server.py:115
                             LEAN_MCP_DISABLED_TOOLS                            
                    INFO     REPL enabled, using:                  server.py:322
                             /home/amirnabiyev/Conjecture_Prover/.              
                             lake/packages/repl/.lake/build/bin/re              
                             pl                                                 
                    INFO     REPL initialized: timeout=60s         server.py:325
                    INFO     Session ending — cleaning up          server.py:360
                             per-session resources                              
[09/08/26 20:12:58] INFO     Disabled tool 'lean_build' via        server.py:115
                             LEAN_MCP_DISABLED_TOOLS                            
                    INFO     Disabled tool 'lean_completions' via  server.py:115
                             LEAN_MCP_DISABLED_TOOLS                            
                    INFO     Disabled tool 'lean_declaration_file' server.py:115
                             via LEAN_MCP_DISABLED_TOOLS                        
                    INFO     Disabled tool                         server.py:115
                             'lean_diagnostic_messages' via                     
                             LEAN_MCP_DISABLED_TOOLS                            
                    INFO     Disabled tool 'lean_file_outline' via server.py:115
                             LEAN_MCP_DISABLED_TOOLS                            
                    INFO     Disabled tool                         server.py:115
                             'lean_get_widget_source' via                       
                             LEAN_MCP_DISABLED_TOOLS                            
                    INFO     Disabled tool 'lean_get_widgets' via  server.py:115
                             LEAN_MCP_DISABLED_TOOLS                            
                    INFO     Disabled tool 'lean_goal' via         server.py:115
                             LEAN_MCP_DISABLED_TOOLS                            
                    INFO     Disabled tool 'lean_hover_info' via   server.py:115
                             LEAN_MCP_DISABLED_TOOLS                            
                    INFO     Disabled tool 'lean_references' via   server.py:115
                             LEAN_MCP_DISABLED_TOOLS                            
                    INFO     Disabled tool 'lean_term_goal' via    server.py:115
                             LEAN_MCP_DISABLED_TOOLS                            
                    INFO     REPL enabled, using:                  server.py:322
                             /home/amirnabiyev/Conjecture_Prover/.              
                             lake/packages/repl/.lake/build/bin/re              
                             pl                                                 
                    INFO     REPL initialized: timeout=60s         server.py:325
                    INFO     Session ending — cleaning up          server.py:360
                             per-session resources                              
[09/08/26 20:12:58] INFO     Disabled tool 'lean_build' via        server.py:115
                             LEAN_MCP_DISABLED_TOOLS                            
[09/08/26 20:12:59] INFO     Disabled tool 'lean_completions' via  server.py:115
                             LEAN_MCP_DISABLED_TOOLS                            
                    INFO     Disabled tool 'lean_declaration_file' server.py:115
                             via LEAN_MCP_DISABLED_TOOLS                        
                    INFO     Disabled tool                         server.py:115
                             'lean_diagnostic_messages' via                     
                             LEAN_MCP_DISABLED_TOOLS                            
                    INFO     Disabled tool 'lean_file_outline' via server.py:115
                             LEAN_MCP_DISABLED_TOOLS                            
                    INFO     Disabled tool                         server.py:115
                             'lean_get_widget_source' via                       
                             LEAN_MCP_DISABLED_TOOLS                            
                    INFO     Disabled tool 'lean_get_widgets' via  server.py:115
                             LEAN_MCP_DISABLED_TOOLS                            
                    INFO     Disabled tool 'lean_goal' via         server.py:115
                             LEAN_MCP_DISABLED_TOOLS                            
                    INFO     Disabled tool 'lean_hover_info' via   server.py:115
                             LEAN_MCP_DISABLED_TOOLS                            
                    INFO     Disabled tool 'lean_references' via   server.py:115
                             LEAN_MCP_DISABLED_TOOLS                            
                    INFO     Disabled tool 'lean_term_goal' via    server.py:115
                             LEAN_MCP_DISABLED_TOOLS                            
                    INFO     REPL enabled, using:                  server.py:322
                             /home/amirnabiyev/Conjecture_Prover/.              
                             lake/packages/repl/.lake/build/bin/re              
                             pl                                                 
                    INFO     REPL initialized: timeout=60s         server.py:325
                    INFO     Session ending — cleaning up          server.py:360
                             per-session resources                              
[09/08/26 20:13:00] INFO     Disabled tool 'lean_build' via        server.py:115
                             LEAN_MCP_DISABLED_TOOLS                            
                    INFO     Disabled tool 'lean_completions' via  server.py:115
                             LEAN_MCP_DISABLED_TOOLS                            
                    INFO     Disabled tool 'lean_declaration_file' server.py:115
                             via LEAN_MCP_DISABLED_TOOLS                        
                    INFO     Disabled tool                         server.py:115
                             'lean_diagnostic_messages' via                     
                             LEAN_MCP_DISABLED_TOOLS                            
                    INFO     Disabled tool 'lean_file_outline' via server.py:115
                             LEAN_MCP_DISABLED_TOOLS                            
                    INFO     Disabled tool                         server.py:115
                             'lean_get_widget_source' via                       
                             LEAN_MCP_DISABLED_TOOLS                            
                    INFO     Disabled tool 'lean_get_widgets' via  server.py:115
                             LEAN_MCP_DISABLED_TOOLS                            
                    INFO     Disabled tool 'lean_goal' via         server.py:115
                             LEAN_MCP_DISABLED_TOOLS                            
                    INFO     Disabled tool 'lean_hover_info' via   server.py:115
                             LEAN_MCP_DISABLED_TOOLS                            
                    INFO     Disabled tool 'lean_references' via   server.py:115
                             LEAN_MCP_DISABLED_TOOLS                            
                    INFO     Disabled tool 'lean_term_goal' via    server.py:115
                             LEAN_MCP_DISABLED_TOOLS                            
                    INFO     REPL enabled, using:                  server.py:322
                             /home/amirnabiyev/Conjecture_Prover/.              
                             lake/packages/repl/.lake/build/bin/re              
                             pl                                                 
                    INFO     REPL initialized: timeout=60s         server.py:325
[09/08/26 20:13:00] INFO     Disabled tool 'lean_build' via        server.py:115
                             LEAN_MCP_DISABLED_TOOLS                            
                    INFO     Disabled tool 'lean_completions' via  server.py:115
                             LEAN_MCP_DISABLED_TOOLS                            
                    INFO     Disabled tool 'lean_declaration_file' server.py:115
                             via LEAN_MCP_DISABLED_TOOLS                        
                    INFO     Disabled tool                         server.py:115
                             'lean_diagnostic_messages' via                     
                             LEAN_MCP_DISABLED_TOOLS                            
                    INFO     Disabled tool 'lean_file_outline' via server.py:115
                             LEAN_MCP_DISABLED_TOOLS                            
                    INFO     Disabled tool                         server.py:115
                             'lean_get_widget_source' via                       
                             LEAN_MCP_DISABLED_TOOLS                            
                    INFO     Disabled tool 'lean_get_widgets' via  server.py:115
                             LEAN_MCP_DISABLED_TOOLS                            
                    INFO     Disabled tool 'lean_goal' via         server.py:115
                             LEAN_MCP_DISABLED_TOOLS                            
                    INFO     Disabled tool 'lean_hover_info' via   server.py:115
                             LEAN_MCP_DISABLED_TOOLS                            
                    INFO     Disabled tool 'lean_references' via   server.py:115
                             LEAN_MCP_DISABLED_TOOLS                            
                    INFO     Disabled tool 'lean_term_goal' via    server.py:115
                             LEAN_MCP_DISABLED_TOOLS                            
                    INFO     REPL enabled, using:                  server.py:322
                             /home/amirnabiyev/Conjecture_Prover/.              
                             lake/packages/repl/.lake/build/bin/re              
                             pl                                                 
                    INFO     REPL initialized: timeout=60s         server.py:325
                    INFO     Session ending — cleaning up          server.py:360
                             per-session resources                              
[09/08/26 20:13:01] INFO     Session ending — cleaning up          server.py:360
                             per-session resources                              
[09/08/26 20:13:01] INFO     Disabled tool 'lean_build' via        server.py:115
                             LEAN_MCP_DISABLED_TOOLS                            
                    INFO     Disabled tool 'lean_completions' via  server.py:115
                             LEAN_MCP_DISABLED_TOOLS                            
                    INFO     Disabled tool 'lean_declaration_file' server.py:115
                             via LEAN_MCP_DISABLED_TOOLS                        
                    INFO     Disabled tool                         server.py:115
                             'lean_diagnostic_messages' via                     
                             LEAN_MCP_DISABLED_TOOLS                            
                    INFO     Disabled tool 'lean_file_outline' via server.py:115
                             LEAN_MCP_DISABLED_TOOLS                            
                    INFO     Disabled tool                         server.py:115
                             'lean_get_widget_source' via                       
                             LEAN_MCP_DISABLED_TOOLS                            
                    INFO     Disabled tool 'lean_get_widgets' via  server.py:115
                             LEAN_MCP_DISABLED_TOOLS                            
                    INFO     Disabled tool 'lean_goal' via         server.py:115
                             LEAN_MCP_DISABLED_TOOLS                            
                    INFO     Disabled tool 'lean_hover_info' via   server.py:115
                             LEAN_MCP_DISABLED_TOOLS                            
                    INFO     Disabled tool 'lean_references' via   server.py:115
                             LEAN_MCP_DISABLED_TOOLS                            
                    INFO     Disabled tool 'lean_term_goal' via    server.py:115
                             LEAN_MCP_DISABLED_TOOLS                            
                    INFO     REPL enabled, using:                  server.py:322
                             /home/amirnabiyev/Conjecture_Prover/.              
                             lake/packages/repl/.lake/build/bin/re              
                             pl                                                 
                    INFO     REPL initialized: timeout=60s         server.py:325
[09/08/26 20:13:02] INFO     Session ending — cleaning up          server.py:360
                             per-session resources                              
[09/08/26 20:13:03] INFO     Disabled tool 'lean_build' via        server.py:115
                             LEAN_MCP_DISABLED_TOOLS                            
                    INFO     Disabled tool 'lean_completions' via  server.py:115
                             LEAN_MCP_DISABLED_TOOLS                            
                    INFO     Disabled tool 'lean_declaration_file' server.py:115
                             via LEAN_MCP_DISABLED_TOOLS                        
                    INFO     Disabled tool                         server.py:115
                             'lean_diagnostic_messages' via                     
                             LEAN_MCP_DISABLED_TOOLS                            
                    INFO     Disabled tool 'lean_file_outline' via server.py:115
                             LEAN_MCP_DISABLED_TOOLS                            
                    INFO     Disabled tool                         server.py:115
                             'lean_get_widget_source' via                       
                             LEAN_MCP_DISABLED_TOOLS                            
                    INFO     Disabled tool 'lean_get_widgets' via  server.py:115
                             LEAN_MCP_DISABLED_TOOLS                            
                    INFO     Disabled tool 'lean_goal' via         server.py:115
                             LEAN_MCP_DISABLED_TOOLS                            
                    INFO     Disabled tool 'lean_hover_info' via   server.py:115
                             LEAN_MCP_DISABLED_TOOLS                            
                    INFO     Disabled tool 'lean_references' via   server.py:115
                             LEAN_MCP_DISABLED_TOOLS                            
                    INFO     Disabled tool 'lean_term_goal' via    server.py:115
                             LEAN_MCP_DISABLED_TOOLS                            
                    INFO     REPL enabled, using:                  server.py:322
                             /home/amirnabiyev/Conjecture_Prover/.              
                             lake/packages/repl/.lake/build/bin/re              
                             pl                                                 
                    INFO     REPL initialized: timeout=60s         server.py:325
                    INFO     Session ending — cleaning up          server.py:360
                             per-session resources                              
[09/08/26 20:13:04] INFO     Disabled tool 'lean_build' via        server.py:115
                             LEAN_MCP_DISABLED_TOOLS                            
                    INFO     Disabled tool 'lean_completions' via  server.py:115
                             LEAN_MCP_DISABLED_TOOLS                            
                    INFO     Disabled tool 'lean_declaration_file' server.py:115
                             via LEAN_MCP_DISABLED_TOOLS                        
                    INFO     Disabled tool                         server.py:115
                             'lean_diagnostic_messages' via                     
                             LEAN_MCP_DISABLED_TOOLS                            
                    INFO     Disabled tool 'lean_file_outline' via server.py:115
                             LEAN_MCP_DISABLED_TOOLS                            
                    INFO     Disabled tool                         server.py:115
                             'lean_get_widget_source' via                       
                             LEAN_MCP_DISABLED_TOOLS                            
                    INFO     Disabled tool 'lean_get_widgets' via  server.py:115
                             LEAN_MCP_DISABLED_TOOLS                            
                    INFO     Disabled tool 'lean_goal' via         server.py:115
                             LEAN_MCP_DISABLED_TOOLS                            
                    INFO     Disabled tool 'lean_hover_info' via   server.py:115
                             LEAN_MCP_DISABLED_TOOLS                            
                    INFO     Disabled tool 'lean_references' via   server.py:115
                             LEAN_MCP_DISABLED_TOOLS                            
                    INFO     Disabled tool 'lean_term_goal' via    server.py:115
                             LEAN_MCP_DISABLED_TOOLS                            
                    INFO     REPL enabled, using:                  server.py:322
                             /home/amirnabiyev/Conjecture_Prover/.              
                             lake/packages/repl/.lake/build/bin/re              
                             pl                                                 
                    INFO     REPL initialized: timeout=60s         server.py:325
[09/08/26 20:13:05] INFO     Disabled tool 'lean_build' via        server.py:115
                             LEAN_MCP_DISABLED_TOOLS                            
                    INFO     Disabled tool 'lean_completions' via  server.py:115
                             LEAN_MCP_DISABLED_TOOLS                            
                    INFO     Disabled tool 'lean_declaration_file' server.py:115
                             via LEAN_MCP_DISABLED_TOOLS                        
                    INFO     Disabled tool                         server.py:115
                             'lean_diagnostic_messages' via                     
                             LEAN_MCP_DISABLED_TOOLS                            
                    INFO     Disabled tool 'lean_file_outline' via server.py:115
                             LEAN_MCP_DISABLED_TOOLS                            
                    INFO     Disabled tool                         server.py:115
                             'lean_get_widget_source' via                       
                             LEAN_MCP_DISABLED_TOOLS                            
                    INFO     Disabled tool 'lean_get_widgets' via  server.py:115
                             LEAN_MCP_DISABLED_TOOLS                            
                    INFO     Disabled tool 'lean_goal' via         server.py:115
                             LEAN_MCP_DISABLED_TOOLS                            
                    INFO     Disabled tool 'lean_hover_info' via   server.py:115
                             LEAN_MCP_DISABLED_TOOLS                            
                    INFO     Disabled tool 'lean_references' via   server.py:115
                             LEAN_MCP_DISABLED_TOOLS                            
                    INFO     Disabled tool 'lean_term_goal' via    server.py:115
                             LEAN_MCP_DISABLED_TOOLS                            
                    INFO     REPL enabled, using:                  server.py:322
                             /home/amirnabiyev/Conjecture_Prover/.              
                             lake/packages/repl/.lake/build/bin/re              
                             pl                                                 
                    INFO     REPL initialized: timeout=60s         server.py:325
[09/08/26 20:13:05] INFO     Disabled tool 'lean_build' via        server.py:115
                             LEAN_MCP_DISABLED_TOOLS                            
                    INFO     Disabled tool 'lean_completions' via  server.py:115
                             LEAN_MCP_DISABLED_TOOLS                            
                    INFO     Disabled tool 'lean_declaration_file' server.py:115
                             via LEAN_MCP_DISABLED_TOOLS                        
                    INFO     Disabled tool                         server.py:115
                             'lean_diagnostic_messages' via                     
                             LEAN_MCP_DISABLED_TOOLS                            
                    INFO     Disabled tool 'lean_file_outline' via server.py:115
                             LEAN_MCP_DISABLED_TOOLS                            
                    INFO     Disabled tool                         server.py:115
                             'lean_get_widget_source' via                       
                             LEAN_MCP_DISABLED_TOOLS                            
                    INFO     Disabled tool 'lean_get_widgets' via  server.py:115
                             LEAN_MCP_DISABLED_TOOLS                            
                    INFO     Disabled tool 'lean_goal' via         server.py:115
                             LEAN_MCP_DISABLED_TOOLS                            
                    INFO     Disabled tool 'lean_hover_info' via   server.py:115
                             LEAN_MCP_DISABLED_TOOLS                            
                    INFO     Disabled tool 'lean_references' via   server.py:115
                             LEAN_MCP_DISABLED_TOOLS                            
                    INFO     Disabled tool 'lean_term_goal' via    server.py:115
                             LEAN_MCP_DISABLED_TOOLS                            
                    INFO     REPL enabled, using:                  server.py:322
                             /home/amirnabiyev/Conjecture_Prover/.              
                             lake/packages/repl/.lake/build/bin/re              
                             pl                                                 
                    INFO     REPL initialized: timeout=60s         server.py:325
[09/08/26 20:13:06] INFO     Session ending — cleaning up          server.py:360
                             per-session resources                              
[09/08/26 20:13:07] INFO     Session ending — cleaning up          server.py:360
                             per-session resources                              
[09/08/26 20:13:08] INFO     Disabled tool 'lean_build' via        server.py:115
                             LEAN_MCP_DISABLED_TOOLS                            
                    INFO     Disabled tool 'lean_completions' via  server.py:115
                             LEAN_MCP_DISABLED_TOOLS                            
                    INFO     Disabled tool 'lean_declaration_file' server.py:115
                             via LEAN_MCP_DISABLED_TOOLS                        
                    INFO     Disabled tool                         server.py:115
                             'lean_diagnostic_messages' via                     
                             LEAN_MCP_DISABLED_TOOLS                            
                    INFO     Disabled tool 'lean_file_outline' via server.py:115
                             LEAN_MCP_DISABLED_TOOLS                            
                    INFO     Disabled tool                         server.py:115
                             'lean_get_widget_source' via                       
                             LEAN_MCP_DISABLED_TOOLS                            
                    INFO     Disabled tool 'lean_get_widgets' via  server.py:115
                             LEAN_MCP_DISABLED_TOOLS                            
                    INFO     Disabled tool 'lean_goal' via         server.py:115
                             LEAN_MCP_DISABLED_TOOLS                            
                    INFO     Disabled tool 'lean_hover_info' via   server.py:115
                             LEAN_MCP_DISABLED_TOOLS                            
                    INFO     Disabled tool 'lean_references' via   server.py:115
                             LEAN_MCP_DISABLED_TOOLS                            
                    INFO     Disabled tool 'lean_term_goal' via    server.py:115
                             LEAN_MCP_DISABLED_TOOLS                            
                    INFO     REPL enabled, using:                  server.py:322
                             /home/amirnabiyev/Conjecture_Prover/.              
                             lake/packages/repl/.lake/build/bin/re              
                             pl                                                 
                    INFO     REPL initialized: timeout=60s         server.py:325
[09/08/26 20:13:08] INFO     Disabled tool 'lean_build' via        server.py:115
                             LEAN_MCP_DISABLED_TOOLS                            
                    INFO     Disabled tool 'lean_completions' via  server.py:115
                             LEAN_MCP_DISABLED_TOOLS                            
                    INFO     Disabled tool 'lean_declaration_file' server.py:115
                             via LEAN_MCP_DISABLED_TOOLS                        
                    INFO     Disabled tool                         server.py:115
                             'lean_diagnostic_messages' via                     
                             LEAN_MCP_DISABLED_TOOLS                            
                    INFO     Disabled tool 'lean_file_outline' via server.py:115
                             LEAN_MCP_DISABLED_TOOLS                            
                    INFO     Disabled tool                         server.py:115
                             'lean_get_widget_source' via                       
                             LEAN_MCP_DISABLED_TOOLS                            
                    INFO     Disabled tool 'lean_get_widgets' via  server.py:115
                             LEAN_MCP_DISABLED_TOOLS                            
                    INFO     Disabled tool 'lean_goal' via         server.py:115
                             LEAN_MCP_DISABLED_TOOLS                            
                    INFO     Disabled tool 'lean_hover_info' via   server.py:115
                             LEAN_MCP_DISABLED_TOOLS                            
                    INFO     Disabled tool 'lean_references' via   server.py:115
                             LEAN_MCP_DISABLED_TOOLS                            
                    INFO     Disabled tool 'lean_term_goal' via    server.py:115
                             LEAN_MCP_DISABLED_TOOLS                            
                    INFO     REPL enabled, using:                  server.py:322
                             /home/amirnabiyev/Conjecture_Prover/.              
                             lake/packages/repl/.lake/build/bin/re              
                             pl                                                 
                    INFO     REPL initialized: timeout=60s         server.py:325
                    INFO     Session ending — cleaning up          server.py:360
                             per-session resources                              
[09/08/26 20:13:09] INFO     Session ending — cleaning up          server.py:360
                             per-session resources                              
[09/08/26 20:13:10] INFO     Disabled tool 'lean_build' via        server.py:115
                             LEAN_MCP_DISABLED_TOOLS                            
                    INFO     Disabled tool 'lean_completions' via  server.py:115
                             LEAN_MCP_DISABLED_TOOLS                            
                    INFO     Disabled tool 'lean_declaration_file' server.py:115
                             via LEAN_MCP_DISABLED_TOOLS                        
                    INFO     Disabled tool                         server.py:115
                             'lean_diagnostic_messages' via                     
                             LEAN_MCP_DISABLED_TOOLS                            
                    INFO     Disabled tool 'lean_file_outline' via server.py:115
                             LEAN_MCP_DISABLED_TOOLS                            
                    INFO     Disabled tool                         server.py:115
                             'lean_get_widget_source' via                       
                             LEAN_MCP_DISABLED_TOOLS                            
                    INFO     Disabled tool 'lean_get_widgets' via  server.py:115
                             LEAN_MCP_DISABLED_TOOLS                            
                    INFO     Disabled tool 'lean_goal' via         server.py:115
                             LEAN_MCP_DISABLED_TOOLS                            
                    INFO     Disabled tool 'lean_hover_info' via   server.py:115
                             LEAN_MCP_DISABLED_TOOLS                            
                    INFO     Disabled tool 'lean_references' via   server.py:115
                             LEAN_MCP_DISABLED_TOOLS                            
                    INFO     Disabled tool 'lean_term_goal' via    server.py:115
                             LEAN_MCP_DISABLED_TOOLS                            
                    INFO     REPL enabled, using:                  server.py:322
                             /home/amirnabiyev/Conjecture_Prover/.              
                             lake/packages/repl/.lake/build/bin/re              
                             pl                                                 
                    INFO     REPL initialized: timeout=60s         server.py:325
[09/08/26 20:13:11] INFO     Session ending — cleaning up          server.py:360
                             per-session resources                              
[09/08/26 20:13:12] INFO     Disabled tool 'lean_build' via        server.py:115
                             LEAN_MCP_DISABLED_TOOLS                            
                    INFO     Disabled tool 'lean_completions' via  server.py:115
                             LEAN_MCP_DISABLED_TOOLS                            
                    INFO     Disabled tool 'lean_declaration_file' server.py:115
                             via LEAN_MCP_DISABLED_TOOLS                        
                    INFO     Disabled tool                         server.py:115
                             'lean_diagnostic_messages' via                     
                             LEAN_MCP_DISABLED_TOOLS                            
                    INFO     Disabled tool 'lean_file_outline' via server.py:115
                             LEAN_MCP_DISABLED_TOOLS                            
                    INFO     Disabled tool                         server.py:115
                             'lean_get_widget_source' via                       
                             LEAN_MCP_DISABLED_TOOLS                            
                    INFO     Disabled tool 'lean_get_widgets' via  server.py:115
                             LEAN_MCP_DISABLED_TOOLS                            
                    INFO     Disabled tool 'lean_goal' via         server.py:115
                             LEAN_MCP_DISABLED_TOOLS                            
                    INFO     Disabled tool 'lean_hover_info' via   server.py:115
                             LEAN_MCP_DISABLED_TOOLS                            
                    INFO     Disabled tool 'lean_references' via   server.py:115
                             LEAN_MCP_DISABLED_TOOLS                            
                    INFO     Disabled tool 'lean_term_goal' via    server.py:115
                             LEAN_MCP_DISABLED_TOOLS                            
                    INFO     REPL enabled, using:                  server.py:322
                             /home/amirnabiyev/Conjecture_Prover/.              
                             lake/packages/repl/.lake/build/bin/re              
                             pl                                                 
                    INFO     REPL initialized: timeout=60s         server.py:325
[09/08/26 20:13:13] INFO     Disabled tool 'lean_build' via        server.py:115
                             LEAN_MCP_DISABLED_TOOLS                            
                    INFO     Disabled tool 'lean_completions' via  server.py:115
                             LEAN_MCP_DISABLED_TOOLS                            
                    INFO     Disabled tool 'lean_declaration_file' server.py:115
                             via LEAN_MCP_DISABLED_TOOLS                        
                    INFO     Disabled tool                         server.py:115
                             'lean_diagnostic_messages' via                     
                             LEAN_MCP_DISABLED_TOOLS                            
                    INFO     Disabled tool 'lean_file_outline' via server.py:115
                             LEAN_MCP_DISABLED_TOOLS                            
                    INFO     Disabled tool                         server.py:115
                             'lean_get_widget_source' via                       
                             LEAN_MCP_DISABLED_TOOLS                            
                    INFO     Disabled tool 'lean_get_widgets' via  server.py:115
                             LEAN_MCP_DISABLED_TOOLS                            
                    INFO     Disabled tool 'lean_goal' via         server.py:115
                             LEAN_MCP_DISABLED_TOOLS                            
                    INFO     Disabled tool 'lean_hover_info' via   server.py:115
                             LEAN_MCP_DISABLED_TOOLS                            
                    INFO     Disabled tool 'lean_references' via   server.py:115
                             LEAN_MCP_DISABLED_TOOLS                            
                    INFO     Disabled tool 'lean_term_goal' via    server.py:115
                             LEAN_MCP_DISABLED_TOOLS                            
                    INFO     REPL enabled, using:                  server.py:322
                             /home/amirnabiyev/Conjecture_Prover/.              
                             lake/packages/repl/.lake/build/bin/re              
                             pl                                                 
                    INFO     REPL initialized: timeout=60s         server.py:325
                    INFO     Session ending — cleaning up          server.py:360
                             per-session resources                              
[09/08/26 20:13:13] INFO     Disabled tool 'lean_build' via        server.py:115
                             LEAN_MCP_DISABLED_TOOLS                            
                    INFO     Disabled tool 'lean_completions' via  server.py:115
                             LEAN_MCP_DISABLED_TOOLS                            
                    INFO     Disabled tool 'lean_declaration_file' server.py:115
                             via LEAN_MCP_DISABLED_TOOLS                        
                    INFO     Disabled tool                         server.py:115
                             'lean_diagnostic_messages' via                     
                             LEAN_MCP_DISABLED_TOOLS                            
                    INFO     Disabled tool 'lean_file_outline' via server.py:115
                             LEAN_MCP_DISABLED_TOOLS                            
                    INFO     Disabled tool                         server.py:115
                             'lean_get_widget_source' via                       
                             LEAN_MCP_DISABLED_TOOLS                            
                    INFO     Disabled tool 'lean_get_widgets' via  server.py:115
                             LEAN_MCP_DISABLED_TOOLS                            
                    INFO     Disabled tool 'lean_goal' via         server.py:115
                             LEAN_MCP_DISABLED_TOOLS                            
                    INFO     Disabled tool 'lean_hover_info' via   server.py:115
                             LEAN_MCP_DISABLED_TOOLS                            
                    INFO     Disabled tool 'lean_references' via   server.py:115
                             LEAN_MCP_DISABLED_TOOLS                            
                    INFO     Disabled tool 'lean_term_goal' via    server.py:115
                             LEAN_MCP_DISABLED_TOOLS                            
                    INFO     REPL enabled, using:                  server.py:322
                             /home/amirnabiyev/Conjecture_Prover/.              
                             lake/packages/repl/.lake/build/bin/re              
                             pl                                                 
                    INFO     REPL initialized: timeout=60s         server.py:325
[09/08/26 20:13:14] INFO     Session ending — cleaning up          server.py:360
                             per-session resources                              
[09/08/26 20:13:15] INFO     Session ending — cleaning up          server.py:360
                             per-session resources                              
[09/08/26 20:13:15] INFO     Disabled tool 'lean_build' via        server.py:115
                             LEAN_MCP_DISABLED_TOOLS                            
                    INFO     Disabled tool 'lean_completions' via  server.py:115
                             LEAN_MCP_DISABLED_TOOLS                            
                    INFO     Disabled tool 'lean_declaration_file' server.py:115
                             via LEAN_MCP_DISABLED_TOOLS                        
                    INFO     Disabled tool                         server.py:115
                             'lean_diagnostic_messages' via                     
                             LEAN_MCP_DISABLED_TOOLS                            
                    INFO     Disabled tool 'lean_file_outline' via server.py:115
                             LEAN_MCP_DISABLED_TOOLS                            
                    INFO     Disabled tool                         server.py:115
                             'lean_get_widget_source' via                       
                             LEAN_MCP_DISABLED_TOOLS                            
                    INFO     Disabled tool 'lean_get_widgets' via  server.py:115
                             LEAN_MCP_DISABLED_TOOLS                            
                    INFO     Disabled tool 'lean_goal' via         server.py:115
                             LEAN_MCP_DISABLED_TOOLS                            
                    INFO     Disabled tool 'lean_hover_info' via   server.py:115
                             LEAN_MCP_DISABLED_TOOLS                            
                    INFO     Disabled tool 'lean_references' via   server.py:115
                             LEAN_MCP_DISABLED_TOOLS                            
                    INFO     Disabled tool 'lean_term_goal' via    server.py:115
                             LEAN_MCP_DISABLED_TOOLS                            
                    INFO     REPL enabled, using:                  server.py:322
                             /home/amirnabiyev/Conjecture_Prover/.              
                             lake/packages/repl/.lake/build/bin/re              
                             pl                                                 
                    INFO     REPL initialized: timeout=60s         server.py:325
[09/08/26 20:13:16] INFO     Session ending — cleaning up          server.py:360
                             per-session resources                              
[09/08/26 20:13:17] INFO     Disabled tool 'lean_build' via        server.py:115
                             LEAN_MCP_DISABLED_TOOLS                            
                    INFO     Disabled tool 'lean_completions' via  server.py:115
                             LEAN_MCP_DISABLED_TOOLS                            
                    INFO     Disabled tool 'lean_declaration_file' server.py:115
                             via LEAN_MCP_DISABLED_TOOLS                        
                    INFO     Disabled tool                         server.py:115
                             'lean_diagnostic_messages' via                     
                             LEAN_MCP_DISABLED_TOOLS                            
                    INFO     Disabled tool 'lean_file_outline' via server.py:115
                             LEAN_MCP_DISABLED_TOOLS                            
                    INFO     Disabled tool                         server.py:115
                             'lean_get_widget_source' via                       
                             LEAN_MCP_DISABLED_TOOLS                            
                    INFO     Disabled tool 'lean_get_widgets' via  server.py:115
                             LEAN_MCP_DISABLED_TOOLS                            
                    INFO     Disabled tool 'lean_goal' via         server.py:115
                             LEAN_MCP_DISABLED_TOOLS                            
                    INFO     Disabled tool 'lean_hover_info' via   server.py:115
                             LEAN_MCP_DISABLED_TOOLS                            
                    INFO     Disabled tool 'lean_references' via   server.py:115
                             LEAN_MCP_DISABLED_TOOLS                            
                    INFO     Disabled tool 'lean_term_goal' via    server.py:115
                             LEAN_MCP_DISABLED_TOOLS                            
                    INFO     REPL enabled, using:                  server.py:322
                             /home/amirnabiyev/Conjecture_Prover/.              
                             lake/packages/repl/.lake/build/bin/re              
                             pl                                                 
                    INFO     REPL initialized: timeout=60s         server.py:325
[09/08/26 20:13:19] INFO     Disabled tool 'lean_build' via        server.py:115
                             LEAN_MCP_DISABLED_TOOLS                            
                    INFO     Disabled tool 'lean_completions' via  server.py:115
                             LEAN_MCP_DISABLED_TOOLS                            
                    INFO     Disabled tool 'lean_declaration_file' server.py:115
                             via LEAN_MCP_DISABLED_TOOLS                        
                    INFO     Disabled tool                         server.py:115
                             'lean_diagnostic_messages' via                     
                             LEAN_MCP_DISABLED_TOOLS                            
                    INFO     Disabled tool 'lean_file_outline' via server.py:115
                             LEAN_MCP_DISABLED_TOOLS                            
                    INFO     Disabled tool                         server.py:115
                             'lean_get_widget_source' via                       
                             LEAN_MCP_DISABLED_TOOLS                            
                    INFO     Disabled tool 'lean_get_widgets' via  server.py:115
                             LEAN_MCP_DISABLED_TOOLS                            
                    INFO     Disabled tool 'lean_goal' via         server.py:115
                             LEAN_MCP_DISABLED_TOOLS                            
                    INFO     Disabled tool 'lean_hover_info' via   server.py:115
                             LEAN_MCP_DISABLED_TOOLS                            
                    INFO     Disabled tool 'lean_references' via   server.py:115
                             LEAN_MCP_DISABLED_TOOLS                            
                    INFO     Disabled tool 'lean_term_goal' via    server.py:115
                             LEAN_MCP_DISABLED_TOOLS                            
                    INFO     REPL enabled, using:                  server.py:322
                             /home/amirnabiyev/Conjecture_Prover/.              
                             lake/packages/repl/.lake/build/bin/re              
                             pl                                                 
                    INFO     REPL initialized: timeout=60s         server.py:325
[09/08/26 20:13:20] INFO     Disabled tool 'lean_build' via        server.py:115
                             LEAN_MCP_DISABLED_TOOLS                            
                    INFO     Disabled tool 'lean_completions' via  server.py:115
                             LEAN_MCP_DISABLED_TOOLS                            
                    INFO     Disabled tool 'lean_declaration_file' server.py:115
                             via LEAN_MCP_DISABLED_TOOLS                        
                    INFO     Disabled tool                         server.py:115
                             'lean_diagnostic_messages' via                     
                             LEAN_MCP_DISABLED_TOOLS                            
                    INFO     Disabled tool 'lean_file_outline' via server.py:115
                             LEAN_MCP_DISABLED_TOOLS                            
                    INFO     Disabled tool                         server.py:115
                             'lean_get_widget_source' via                       
                             LEAN_MCP_DISABLED_TOOLS                            
                    INFO     Disabled tool 'lean_get_widgets' via  server.py:115
                             LEAN_MCP_DISABLED_TOOLS                            
                    INFO     Disabled tool 'lean_goal' via         server.py:115
                             LEAN_MCP_DISABLED_TOOLS                            
                    INFO     Disabled tool 'lean_hover_info' via   server.py:115
                             LEAN_MCP_DISABLED_TOOLS                            
                    INFO     Disabled tool 'lean_references' via   server.py:115
                             LEAN_MCP_DISABLED_TOOLS                            
[09/08/26 20:13:20] INFO     Disabled tool 'lean_build' via        server.py:115
                             LEAN_MCP_DISABLED_TOOLS                            
                    INFO     Disabled tool 'lean_term_goal' via    server.py:115
                             LEAN_MCP_DISABLED_TOOLS                            
                    INFO     Disabled tool 'lean_completions' via  server.py:115
                             LEAN_MCP_DISABLED_TOOLS                            
                    INFO     Disabled tool 'lean_declaration_file' server.py:115
                             via LEAN_MCP_DISABLED_TOOLS                        
                    INFO     Disabled tool                         server.py:115
                             'lean_diagnostic_messages' via                     
                             LEAN_MCP_DISABLED_TOOLS                            
                    INFO     Disabled tool 'lean_file_outline' via server.py:115
                             LEAN_MCP_DISABLED_TOOLS                            
                    INFO     Disabled tool                         server.py:115
                             'lean_get_widget_source' via                       
                             LEAN_MCP_DISABLED_TOOLS                            
                    INFO     Disabled tool 'lean_get_widgets' via  server.py:115
                             LEAN_MCP_DISABLED_TOOLS                            
                    INFO     Disabled tool 'lean_goal' via         server.py:115
                             LEAN_MCP_DISABLED_TOOLS                            
                    INFO     Disabled tool 'lean_hover_info' via   server.py:115
                             LEAN_MCP_DISABLED_TOOLS                            
                    INFO     Disabled tool 'lean_references' via   server.py:115
                             LEAN_MCP_DISABLED_TOOLS                            
                    INFO     Disabled tool 'lean_term_goal' via    server.py:115
                             LEAN_MCP_DISABLED_TOOLS                            
                    INFO     REPL enabled, using:                  server.py:322
                             /home/amirnabiyev/Conjecture_Prover/.              
                             lake/packages/repl/.lake/build/bin/re              
                             pl                                                 
                    INFO     REPL initialized: timeout=60s         server.py:325
                    INFO     REPL enabled, using:                  server.py:322
                             /home/amirnabiyev/Conjecture_Prover/.              
                             lake/packages/repl/.lake/build/bin/re              
                             pl                                                 
                    INFO     REPL initialized: timeout=60s         server.py:325
[09/08/26 20:13:21] INFO     Session ending — cleaning up          server.py:360
                             per-session resources                              
[09/08/26 20:13:22] INFO     Session ending — cleaning up          server.py:360
                             per-session resources                              
[09/08/26 20:13:23] INFO     Session ending — cleaning up          server.py:360
                             per-session resources                              
[09/08/26 20:13:23] INFO     Disabled tool 'lean_build' via        server.py:115
                             LEAN_MCP_DISABLED_TOOLS                            
                    INFO     Disabled tool 'lean_completions' via  server.py:115
                             LEAN_MCP_DISABLED_TOOLS                            
                    INFO     Disabled tool 'lean_declaration_file' server.py:115
                             via LEAN_MCP_DISABLED_TOOLS                        
                    INFO     Disabled tool                         server.py:115
                             'lean_diagnostic_messages' via                     
                             LEAN_MCP_DISABLED_TOOLS                            
                    INFO     Disabled tool 'lean_file_outline' via server.py:115
                             LEAN_MCP_DISABLED_TOOLS                            
                    INFO     Disabled tool                         server.py:115
                             'lean_get_widget_source' via                       
                             LEAN_MCP_DISABLED_TOOLS                            
                    INFO     Disabled tool 'lean_get_widgets' via  server.py:115
                             LEAN_MCP_DISABLED_TOOLS                            
                    INFO     Disabled tool 'lean_goal' via         server.py:115
                             LEAN_MCP_DISABLED_TOOLS                            
                    INFO     Disabled tool 'lean_hover_info' via   server.py:115
                             LEAN_MCP_DISABLED_TOOLS                            
                    INFO     Disabled tool 'lean_references' via   server.py:115
                             LEAN_MCP_DISABLED_TOOLS                            
                    INFO     Disabled tool 'lean_term_goal' via    server.py:115
                             LEAN_MCP_DISABLED_TOOLS                            
                    INFO     REPL enabled, using:                  server.py:322
                             /home/amirnabiyev/Conjecture_Prover/.              
                             lake/packages/repl/.lake/build/bin/re              
                             pl                                                 
                    INFO     REPL initialized: timeout=60s         server.py:325
[09/08/26 20:13:24] INFO     Session ending — cleaning up          server.py:360
                             per-session resources                              
[09/08/26 20:13:27] INFO     Session ending — cleaning up          server.py:360
                             per-session resources                              
[09/08/26 20:13:28] INFO     Disabled tool 'lean_build' via        server.py:115
                             LEAN_MCP_DISABLED_TOOLS                            
                    INFO     Disabled tool 'lean_completions' via  server.py:115
                             LEAN_MCP_DISABLED_TOOLS                            
                    INFO     Disabled tool 'lean_declaration_file' server.py:115
                             via LEAN_MCP_DISABLED_TOOLS                        
                    INFO     Disabled tool                         server.py:115
                             'lean_diagnostic_messages' via                     
                             LEAN_MCP_DISABLED_TOOLS                            
                    INFO     Disabled tool 'lean_file_outline' via server.py:115
                             LEAN_MCP_DISABLED_TOOLS                            
                    INFO     Disabled tool                         server.py:115
                             'lean_get_widget_source' via                       
                             LEAN_MCP_DISABLED_TOOLS                            
                    INFO     Disabled tool 'lean_get_widgets' via  server.py:115
                             LEAN_MCP_DISABLED_TOOLS                            
                    INFO     Disabled tool 'lean_goal' via         server.py:115
                             LEAN_MCP_DISABLED_TOOLS                            
                    INFO     Disabled tool 'lean_hover_info' via   server.py:115
                             LEAN_MCP_DISABLED_TOOLS                            
                    INFO     Disabled tool 'lean_references' via   server.py:115
                             LEAN_MCP_DISABLED_TOOLS                            
                    INFO     Disabled tool 'lean_term_goal' via    server.py:115
                             LEAN_MCP_DISABLED_TOOLS                            
                    INFO     REPL enabled, using:                  server.py:322
                             /home/amirnabiyev/Conjecture_Prover/.              
                             lake/packages/repl/.lake/build/bin/re              
                             pl                                                 
                    INFO     REPL initialized: timeout=60s         server.py:325
[09/08/26 20:13:28] INFO     Session ending — cleaning up          server.py:360
                             per-session resources                              
[09/08/26 20:13:31] INFO     Disabled tool 'lean_build' via        server.py:115
                             LEAN_MCP_DISABLED_TOOLS                            
                    INFO     Disabled tool 'lean_completions' via  server.py:115
                             LEAN_MCP_DISABLED_TOOLS                            
                    INFO     Disabled tool 'lean_declaration_file' server.py:115
                             via LEAN_MCP_DISABLED_TOOLS                        
                    INFO     Disabled tool                         server.py:115
                             'lean_diagnostic_messages' via                     
                             LEAN_MCP_DISABLED_TOOLS                            
                    INFO     Disabled tool 'lean_file_outline' via server.py:115
                             LEAN_MCP_DISABLED_TOOLS                            
                    INFO     Disabled tool                         server.py:115
                             'lean_get_widget_source' via                       
                             LEAN_MCP_DISABLED_TOOLS                            
                    INFO     Disabled tool 'lean_get_widgets' via  server.py:115
                             LEAN_MCP_DISABLED_TOOLS                            
                    INFO     Disabled tool 'lean_goal' via         server.py:115
                             LEAN_MCP_DISABLED_TOOLS                            
                    INFO     Disabled tool 'lean_hover_info' via   server.py:115
                             LEAN_MCP_DISABLED_TOOLS                            
                    INFO     Disabled tool 'lean_references' via   server.py:115
                             LEAN_MCP_DISABLED_TOOLS                            
                    INFO     Disabled tool 'lean_term_goal' via    server.py:115
                             LEAN_MCP_DISABLED_TOOLS                            
                    INFO     REPL enabled, using:                  server.py:322
                             /home/amirnabiyev/Conjecture_Prover/.              
                             lake/packages/repl/.lake/build/bin/re              
                             pl                                                 
                    INFO     REPL initialized: timeout=60s         server.py:325
[09/08/26 20:13:34] INFO     Session ending — cleaning up          server.py:360
                             per-session resources                              
[09/08/26 20:13:37] INFO     Disabled tool 'lean_build' via        server.py:115
                             LEAN_MCP_DISABLED_TOOLS                            
                    INFO     Disabled tool 'lean_completions' via  server.py:115
                             LEAN_MCP_DISABLED_TOOLS                            
                    INFO     Disabled tool 'lean_declaration_file' server.py:115
                             via LEAN_MCP_DISABLED_TOOLS                        
                    INFO     Disabled tool                         server.py:115
                             'lean_diagnostic_messages' via                     
                             LEAN_MCP_DISABLED_TOOLS                            
                    INFO     Disabled tool 'lean_file_outline' via server.py:115
                             LEAN_MCP_DISABLED_TOOLS                            
                    INFO     Disabled tool                         server.py:115
                             'lean_get_widget_source' via                       
                             LEAN_MCP_DISABLED_TOOLS                            
                    INFO     Disabled tool 'lean_get_widgets' via  server.py:115
                             LEAN_MCP_DISABLED_TOOLS                            
                    INFO     Disabled tool 'lean_goal' via         server.py:115
                             LEAN_MCP_DISABLED_TOOLS                            
                    INFO     Disabled tool 'lean_hover_info' via   server.py:115
                             LEAN_MCP_DISABLED_TOOLS                            
                    INFO     Disabled tool 'lean_references' via   server.py:115
                             LEAN_MCP_DISABLED_TOOLS                            
                    INFO     Disabled tool 'lean_term_goal' via    server.py:115
                             LEAN_MCP_DISABLED_TOOLS                            
                    INFO     REPL enabled, using:                  server.py:322
                             /home/amirnabiyev/Conjecture_Prover/.              
                             lake/packages/repl/.lake/build/bin/re              
                             pl                                                 
                    INFO     REPL initialized: timeout=60s         server.py:325
[09/08/26 20:13:38] INFO     Session ending — cleaning up          server.py:360
                             per-session resources                              
[09/08/26 20:13:42] INFO     Disabled tool 'lean_build' via        server.py:115
                             LEAN_MCP_DISABLED_TOOLS                            
                    INFO     Disabled tool 'lean_completions' via  server.py:115
                             LEAN_MCP_DISABLED_TOOLS                            
                    INFO     Disabled tool 'lean_declaration_file' server.py:115
                             via LEAN_MCP_DISABLED_TOOLS                        
                    INFO     Disabled tool                         server.py:115
                             'lean_diagnostic_messages' via                     
                             LEAN_MCP_DISABLED_TOOLS                            
                    INFO     Disabled tool 'lean_file_outline' via server.py:115
                             LEAN_MCP_DISABLED_TOOLS                            
                    INFO     Disabled tool                         server.py:115
                             'lean_get_widget_source' via                       
                             LEAN_MCP_DISABLED_TOOLS                            
                    INFO     Disabled tool 'lean_get_widgets' via  server.py:115
                             LEAN_MCP_DISABLED_TOOLS                            
                    INFO     Disabled tool 'lean_goal' via         server.py:115
                             LEAN_MCP_DISABLED_TOOLS                            
                    INFO     Disabled tool 'lean_hover_info' via   server.py:115
                             LEAN_MCP_DISABLED_TOOLS                            
                    INFO     Disabled tool 'lean_references' via   server.py:115
                             LEAN_MCP_DISABLED_TOOLS                            
                    INFO     Disabled tool 'lean_term_goal' via    server.py:115
                             LEAN_MCP_DISABLED_TOOLS                            
                    INFO     REPL enabled, using:                  server.py:322
                             /home/amirnabiyev/Conjecture_Prover/.              
                             lake/packages/repl/.lake/build/bin/re              
                             pl                                                 
                    INFO     REPL initialized: timeout=60s         server.py:325
[09/08/26 20:13:43] INFO     Session ending — cleaning up          server.py:360
                             per-session resources                              
[09/08/26 20:13:44] INFO     Session ending — cleaning up          server.py:360
                             per-session resources                              
[09/08/26 20:13:49] INFO     Disabled tool 'lean_build' via        server.py:115
                             LEAN_MCP_DISABLED_TOOLS                            
                    INFO     Disabled tool 'lean_completions' via  server.py:115
                             LEAN_MCP_DISABLED_TOOLS                            
                    INFO     Disabled tool 'lean_declaration_file' server.py:115
                             via LEAN_MCP_DISABLED_TOOLS                        
                    INFO     Disabled tool                         server.py:115
                             'lean_diagnostic_messages' via                     
                             LEAN_MCP_DISABLED_TOOLS                            
                    INFO     Disabled tool 'lean_file_outline' via server.py:115
                             LEAN_MCP_DISABLED_TOOLS                            
                    INFO     Disabled tool                         server.py:115
                             'lean_get_widget_source' via                       
                             LEAN_MCP_DISABLED_TOOLS                            
                    INFO     Disabled tool 'lean_get_widgets' via  server.py:115
                             LEAN_MCP_DISABLED_TOOLS                            
                    INFO     Disabled tool 'lean_goal' via         server.py:115
                             LEAN_MCP_DISABLED_TOOLS                            
                    INFO     Disabled tool 'lean_hover_info' via   server.py:115
                             LEAN_MCP_DISABLED_TOOLS                            
                    INFO     Disabled tool 'lean_references' via   server.py:115
                             LEAN_MCP_DISABLED_TOOLS                            
                    INFO     Disabled tool 'lean_term_goal' via    server.py:115
                             LEAN_MCP_DISABLED_TOOLS                            
                    INFO     REPL enabled, using:                  server.py:322
                             /home/amirnabiyev/Conjecture_Prover/.              
                             lake/packages/repl/.lake/build/bin/re              
                             pl                                                 
                    INFO     REPL initialized: timeout=60s         server.py:325
[09/08/26 20:13:55] INFO     Session ending — cleaning up          server.py:360
                             per-session resources                              
[09/08/26 20:13:56] INFO     Disabled tool 'lean_build' via        server.py:115
                             LEAN_MCP_DISABLED_TOOLS                            
                    INFO     Disabled tool 'lean_completions' via  server.py:115
                             LEAN_MCP_DISABLED_TOOLS                            
                    INFO     Disabled tool 'lean_declaration_file' server.py:115
                             via LEAN_MCP_DISABLED_TOOLS                        
                    INFO     Disabled tool                         server.py:115
                             'lean_diagnostic_messages' via                     
                             LEAN_MCP_DISABLED_TOOLS                            
                    INFO     Disabled tool 'lean_file_outline' via server.py:115
                             LEAN_MCP_DISABLED_TOOLS                            
                    INFO     Disabled tool                         server.py:115
                             'lean_get_widget_source' via                       
                             LEAN_MCP_DISABLED_TOOLS                            
                    INFO     Disabled tool 'lean_get_widgets' via  server.py:115
                             LEAN_MCP_DISABLED_TOOLS                            
                    INFO     Disabled tool 'lean_goal' via         server.py:115
                             LEAN_MCP_DISABLED_TOOLS                            
                    INFO     Disabled tool 'lean_hover_info' via   server.py:115
                             LEAN_MCP_DISABLED_TOOLS                            
                    INFO     Disabled tool 'lean_references' via   server.py:115
                             LEAN_MCP_DISABLED_TOOLS                            
                    INFO     Disabled tool 'lean_term_goal' via    server.py:115
                             LEAN_MCP_DISABLED_TOOLS                            
                    INFO     REPL enabled, using:                  server.py:322
                             /home/amirnabiyev/Conjecture_Prover/.              
                             lake/packages/repl/.lake/build/bin/re              
                             pl                                                 
                    INFO     REPL initialized: timeout=60s         server.py:325
[09/08/26 20:13:58] INFO     Disabled tool 'lean_build' via        server.py:115
                             LEAN_MCP_DISABLED_TOOLS                            
                    INFO     Disabled tool 'lean_completions' via  server.py:115
                             LEAN_MCP_DISABLED_TOOLS                            
                    INFO     Disabled tool 'lean_declaration_file' server.py:115
                             via LEAN_MCP_DISABLED_TOOLS                        
                    INFO     Disabled tool                         server.py:115
                             'lean_diagnostic_messages' via                     
                             LEAN_MCP_DISABLED_TOOLS                            
                    INFO     Disabled tool 'lean_file_outline' via server.py:115
                             LEAN_MCP_DISABLED_TOOLS                            
                    INFO     Disabled tool                         server.py:115
                             'lean_get_widget_source' via                       
                             LEAN_MCP_DISABLED_TOOLS                            
                    INFO     Disabled tool 'lean_get_widgets' via  server.py:115
                             LEAN_MCP_DISABLED_TOOLS                            
                    INFO     Disabled tool 'lean_goal' via         server.py:115
                             LEAN_MCP_DISABLED_TOOLS                            
                    INFO     Disabled tool 'lean_hover_info' via   server.py:115
                             LEAN_MCP_DISABLED_TOOLS                            
                    INFO     Disabled tool 'lean_references' via   server.py:115
                             LEAN_MCP_DISABLED_TOOLS                            
                    INFO     Disabled tool 'lean_term_goal' via    server.py:115
                             LEAN_MCP_DISABLED_TOOLS                            
                    INFO     REPL enabled, using:                  server.py:322
                             /home/amirnabiyev/Conjecture_Prover/.              
                             lake/packages/repl/.lake/build/bin/re              
                             pl                                                 
                    INFO     REPL initialized: timeout=60s         server.py:325
[09/08/26 20:14:00] INFO     Disabled tool 'lean_build' via        server.py:115
                             LEAN_MCP_DISABLED_TOOLS                            
                    INFO     Disabled tool 'lean_completions' via  server.py:115
                             LEAN_MCP_DISABLED_TOOLS                            
                    INFO     Disabled tool 'lean_declaration_file' server.py:115
                             via LEAN_MCP_DISABLED_TOOLS                        
                    INFO     Disabled tool                         server.py:115
                             'lean_diagnostic_messages' via                     
                             LEAN_MCP_DISABLED_TOOLS                            
                    INFO     Disabled tool 'lean_file_outline' via server.py:115
                             LEAN_MCP_DISABLED_TOOLS                            
                    INFO     Disabled tool                         server.py:115
                             'lean_get_widget_source' via                       
                             LEAN_MCP_DISABLED_TOOLS                            
                    INFO     Disabled tool 'lean_get_widgets' via  server.py:115
                             LEAN_MCP_DISABLED_TOOLS                            
                    INFO     Disabled tool 'lean_goal' via         server.py:115
                             LEAN_MCP_DISABLED_TOOLS                            
                    INFO     Disabled tool 'lean_hover_info' via   server.py:115
                             LEAN_MCP_DISABLED_TOOLS                            
                    INFO     Disabled tool 'lean_references' via   server.py:115
                             LEAN_MCP_DISABLED_TOOLS                            
                    INFO     Disabled tool 'lean_term_goal' via    server.py:115
                             LEAN_MCP_DISABLED_TOOLS                            
                    INFO     REPL enabled, using:                  server.py:322
                             /home/amirnabiyev/Conjecture_Prover/.              
                             lake/packages/repl/.lake/build/bin/re              
                             pl                                                 
                    INFO     REPL initialized: timeout=60s         server.py:325
[09/08/26 20:14:04] INFO     Session ending — cleaning up          server.py:360
                             per-session resources                              
[09/08/26 20:14:06] INFO     Session ending — cleaning up          server.py:360
                             per-session resources                              
[09/08/26 20:14:08] INFO     Session ending — cleaning up          server.py:360
                             per-session resources                              
[09/08/26 20:14:16] INFO     Disabled tool 'lean_build' via        server.py:115
                             LEAN_MCP_DISABLED_TOOLS                            
                    INFO     Disabled tool 'lean_completions' via  server.py:115
                             LEAN_MCP_DISABLED_TOOLS                            
                    INFO     Disabled tool 'lean_declaration_file' server.py:115
                             via LEAN_MCP_DISABLED_TOOLS                        
                    INFO     Disabled tool                         server.py:115
                             'lean_diagnostic_messages' via                     
                             LEAN_MCP_DISABLED_TOOLS                            
                    INFO     Disabled tool 'lean_file_outline' via server.py:115
                             LEAN_MCP_DISABLED_TOOLS                            
                    INFO     Disabled tool                         server.py:115
                             'lean_get_widget_source' via                       
                             LEAN_MCP_DISABLED_TOOLS                            
                    INFO     Disabled tool 'lean_get_widgets' via  server.py:115
                             LEAN_MCP_DISABLED_TOOLS                            
                    INFO     Disabled tool 'lean_goal' via         server.py:115
                             LEAN_MCP_DISABLED_TOOLS                            
                    INFO     Disabled tool 'lean_hover_info' via   server.py:115
                             LEAN_MCP_DISABLED_TOOLS                            
                    INFO     Disabled tool 'lean_references' via   server.py:115
                             LEAN_MCP_DISABLED_TOOLS                            
                    INFO     Disabled tool 'lean_term_goal' via    server.py:115
                             LEAN_MCP_DISABLED_TOOLS                            
                    INFO     REPL enabled, using:                  server.py:322
                             /home/amirnabiyev/Conjecture_Prover/.              
                             lake/packages/repl/.lake/build/bin/re              
                             pl                                                 
                    INFO     REPL initialized: timeout=60s         server.py:325
                    INFO     Session ending — cleaning up          server.py:360
                             per-session resources                              
[09/08/26 20:14:17] INFO     Disabled tool 'lean_build' via        server.py:115
                             LEAN_MCP_DISABLED_TOOLS                            
                    INFO     Disabled tool 'lean_completions' via  server.py:115
                             LEAN_MCP_DISABLED_TOOLS                            
                    INFO     Disabled tool 'lean_declaration_file' server.py:115
                             via LEAN_MCP_DISABLED_TOOLS                        
                    INFO     Disabled tool                         server.py:115
                             'lean_diagnostic_messages' via                     
                             LEAN_MCP_DISABLED_TOOLS                            
                    INFO     Disabled tool 'lean_file_outline' via server.py:115
                             LEAN_MCP_DISABLED_TOOLS                            
                    INFO     Disabled tool                         server.py:115
                             'lean_get_widget_source' via                       
                             LEAN_MCP_DISABLED_TOOLS                            
                    INFO     Disabled tool 'lean_get_widgets' via  server.py:115
                             LEAN_MCP_DISABLED_TOOLS                            
                    INFO     Disabled tool 'lean_goal' via         server.py:115
                             LEAN_MCP_DISABLED_TOOLS                            
[09/08/26 20:14:18] INFO     Disabled tool 'lean_hover_info' via   server.py:115
                             LEAN_MCP_DISABLED_TOOLS                            
                    INFO     Disabled tool 'lean_references' via   server.py:115
                             LEAN_MCP_DISABLED_TOOLS                            
                    INFO     Disabled tool 'lean_term_goal' via    server.py:115
                             LEAN_MCP_DISABLED_TOOLS                            
                    INFO     REPL enabled, using:                  server.py:322
                             /home/amirnabiyev/Conjecture_Prover/.              
                             lake/packages/repl/.lake/build/bin/re              
                             pl                                                 
                    INFO     REPL initialized: timeout=60s         server.py:325
                    INFO     Session ending — cleaning up          server.py:360
                             per-session resources                              
[09/08/26 20:14:21] INFO     Disabled tool 'lean_build' via        server.py:115
                             LEAN_MCP_DISABLED_TOOLS                            
                    INFO     Disabled tool 'lean_completions' via  server.py:115
                             LEAN_MCP_DISABLED_TOOLS                            
                    INFO     Disabled tool 'lean_declaration_file' server.py:115
                             via LEAN_MCP_DISABLED_TOOLS                        
                    INFO     Disabled tool                         server.py:115
                             'lean_diagnostic_messages' via                     
                             LEAN_MCP_DISABLED_TOOLS                            
                    INFO     Disabled tool 'lean_file_outline' via server.py:115
                             LEAN_MCP_DISABLED_TOOLS                            
                    INFO     Disabled tool                         server.py:115
                             'lean_get_widget_source' via                       
                             LEAN_MCP_DISABLED_TOOLS                            
                    INFO     Disabled tool 'lean_get_widgets' via  server.py:115
                             LEAN_MCP_DISABLED_TOOLS                            
                    INFO     Disabled tool 'lean_goal' via         server.py:115
                             LEAN_MCP_DISABLED_TOOLS                            
                    INFO     Disabled tool 'lean_hover_info' via   server.py:115
                             LEAN_MCP_DISABLED_TOOLS                            
                    INFO     Disabled tool 'lean_references' via   server.py:115
                             LEAN_MCP_DISABLED_TOOLS                            
                    INFO     Disabled tool 'lean_term_goal' via    server.py:115
                             LEAN_MCP_DISABLED_TOOLS                            
                    INFO     REPL enabled, using:                  server.py:322
                             /home/amirnabiyev/Conjecture_Prover/.              
                             lake/packages/repl/.lake/build/bin/re              
                             pl                                                 
                    INFO     REPL initialized: timeout=60s         server.py:325
[09/08/26 20:14:22] INFO     Disabled tool 'lean_build' via        server.py:115
                             LEAN_MCP_DISABLED_TOOLS                            
                    INFO     Disabled tool 'lean_completions' via  server.py:115
                             LEAN_MCP_DISABLED_TOOLS                            
                    INFO     Disabled tool 'lean_declaration_file' server.py:115
                             via LEAN_MCP_DISABLED_TOOLS                        
                    INFO     Disabled tool                         server.py:115
                             'lean_diagnostic_messages' via                     
                             LEAN_MCP_DISABLED_TOOLS                            
                    INFO     Disabled tool 'lean_file_outline' via server.py:115
                             LEAN_MCP_DISABLED_TOOLS                            
                    INFO     Disabled tool                         server.py:115
                             'lean_get_widget_source' via                       
                             LEAN_MCP_DISABLED_TOOLS                            
                    INFO     Disabled tool 'lean_get_widgets' via  server.py:115
                             LEAN_MCP_DISABLED_TOOLS                            
                    INFO     Disabled tool 'lean_goal' via         server.py:115
                             LEAN_MCP_DISABLED_TOOLS                            
                    INFO     Disabled tool 'lean_hover_info' via   server.py:115
                             LEAN_MCP_DISABLED_TOOLS                            
                    INFO     Disabled tool 'lean_references' via   server.py:115
                             LEAN_MCP_DISABLED_TOOLS                            
                    INFO     Disabled tool 'lean_term_goal' via    server.py:115
                             LEAN_MCP_DISABLED_TOOLS                            
                    INFO     REPL enabled, using:                  server.py:322
                             /home/amirnabiyev/Conjecture_Prover/.              
                             lake/packages/repl/.lake/build/bin/re              
                             pl                                                 
                    INFO     REPL initialized: timeout=60s         server.py:325
[09/08/26 20:14:28] INFO     Session ending — cleaning up          server.py:360
                             per-session resources                              
[09/08/26 20:14:29] INFO     Disabled tool 'lean_build' via        server.py:115
                             LEAN_MCP_DISABLED_TOOLS                            
                    INFO     Disabled tool 'lean_completions' via  server.py:115
                             LEAN_MCP_DISABLED_TOOLS                            
                    INFO     Disabled tool 'lean_declaration_file' server.py:115
                             via LEAN_MCP_DISABLED_TOOLS                        
                    INFO     Disabled tool                         server.py:115
                             'lean_diagnostic_messages' via                     
                             LEAN_MCP_DISABLED_TOOLS                            
                    INFO     Disabled tool 'lean_file_outline' via server.py:115
                             LEAN_MCP_DISABLED_TOOLS                            
                    INFO     Disabled tool                         server.py:115
                             'lean_get_widget_source' via                       
                             LEAN_MCP_DISABLED_TOOLS                            
                    INFO     Disabled tool 'lean_get_widgets' via  server.py:115
                             LEAN_MCP_DISABLED_TOOLS                            
                    INFO     Disabled tool 'lean_goal' via         server.py:115
                             LEAN_MCP_DISABLED_TOOLS                            
                    INFO     Disabled tool 'lean_hover_info' via   server.py:115
                             LEAN_MCP_DISABLED_TOOLS                            
                    INFO     Disabled tool 'lean_references' via   server.py:115
                             LEAN_MCP_DISABLED_TOOLS                            
                    INFO     Disabled tool 'lean_term_goal' via    server.py:115
                             LEAN_MCP_DISABLED_TOOLS                            
                    INFO     REPL enabled, using:                  server.py:322
                             /home/amirnabiyev/Conjecture_Prover/.              
                             lake/packages/repl/.lake/build/bin/re              
                             pl                                                 
                    INFO     REPL initialized: timeout=60s         server.py:325
[09/08/26 20:14:29] INFO     Session ending — cleaning up          server.py:360
                             per-session resources                              
[09/08/26 20:14:31] INFO     Disabled tool 'lean_build' via        server.py:115
                             LEAN_MCP_DISABLED_TOOLS                            
                    INFO     Disabled tool 'lean_completions' via  server.py:115
                             LEAN_MCP_DISABLED_TOOLS                            
                    INFO     Disabled tool 'lean_declaration_file' server.py:115
                             via LEAN_MCP_DISABLED_TOOLS                        
                    INFO     Disabled tool                         server.py:115
                             'lean_diagnostic_messages' via                     
                             LEAN_MCP_DISABLED_TOOLS                            
                    INFO     Disabled tool 'lean_file_outline' via server.py:115
                             LEAN_MCP_DISABLED_TOOLS                            
                    INFO     Disabled tool                         server.py:115
                             'lean_get_widget_source' via                       
                             LEAN_MCP_DISABLED_TOOLS                            
                    INFO     Disabled tool 'lean_get_widgets' via  server.py:115
                             LEAN_MCP_DISABLED_TOOLS                            
                    INFO     Disabled tool 'lean_goal' via         server.py:115
                             LEAN_MCP_DISABLED_TOOLS                            
                    INFO     Disabled tool 'lean_hover_info' via   server.py:115
                             LEAN_MCP_DISABLED_TOOLS                            
                    INFO     Disabled tool 'lean_references' via   server.py:115
                             LEAN_MCP_DISABLED_TOOLS                            
                    INFO     Disabled tool 'lean_term_goal' via    server.py:115
                             LEAN_MCP_DISABLED_TOOLS                            
                    INFO     REPL enabled, using:                  server.py:322
                             /home/amirnabiyev/Conjecture_Prover/.              
                             lake/packages/repl/.lake/build/bin/re              
                             pl                                                 
                    INFO     REPL initialized: timeout=60s         server.py:325
[09/08/26 20:14:32] INFO     Session ending — cleaning up          server.py:360
                             per-session resources                              
[09/08/26 20:14:35] INFO     Disabled tool 'lean_build' via        server.py:115
                             LEAN_MCP_DISABLED_TOOLS                            
                    INFO     Disabled tool 'lean_completions' via  server.py:115
                             LEAN_MCP_DISABLED_TOOLS                            
                    INFO     Disabled tool 'lean_declaration_file' server.py:115
                             via LEAN_MCP_DISABLED_TOOLS                        
                    INFO     Disabled tool                         server.py:115
                             'lean_diagnostic_messages' via                     
                             LEAN_MCP_DISABLED_TOOLS                            
                    INFO     Disabled tool 'lean_file_outline' via server.py:115
                             LEAN_MCP_DISABLED_TOOLS                            
                    INFO     Disabled tool                         server.py:115
                             'lean_get_widget_source' via                       
                             LEAN_MCP_DISABLED_TOOLS                            
                    INFO     Disabled tool 'lean_get_widgets' via  server.py:115
                             LEAN_MCP_DISABLED_TOOLS                            
                    INFO     Disabled tool 'lean_goal' via         server.py:115
                             LEAN_MCP_DISABLED_TOOLS                            
                    INFO     Disabled tool 'lean_hover_info' via   server.py:115
                             LEAN_MCP_DISABLED_TOOLS                            
                    INFO     Disabled tool 'lean_references' via   server.py:115
                             LEAN_MCP_DISABLED_TOOLS                            
                    INFO     Disabled tool 'lean_term_goal' via    server.py:115
                             LEAN_MCP_DISABLED_TOOLS                            
                    INFO     REPL enabled, using:                  server.py:322
                             /home/amirnabiyev/Conjecture_Prover/.              
                             lake/packages/repl/.lake/build/bin/re              
                             pl                                                 
                    INFO     REPL initialized: timeout=60s         server.py:325
[09/08/26 20:14:36] INFO     Session ending — cleaning up          server.py:360
                             per-session resources                              
[09/08/26 20:14:42] INFO     Session ending — cleaning up          server.py:360
                             per-session resources                              
[09/08/26 20:14:46] INFO     Disabled tool 'lean_build' via        server.py:115
                             LEAN_MCP_DISABLED_TOOLS                            
                    INFO     Disabled tool 'lean_completions' via  server.py:115
                             LEAN_MCP_DISABLED_TOOLS                            
                    INFO     Disabled tool 'lean_declaration_file' server.py:115
                             via LEAN_MCP_DISABLED_TOOLS                        
                    INFO     Disabled tool                         server.py:115
                             'lean_diagnostic_messages' via                     
                             LEAN_MCP_DISABLED_TOOLS                            
                    INFO     Disabled tool 'lean_file_outline' via server.py:115
                             LEAN_MCP_DISABLED_TOOLS                            
                    INFO     Disabled tool                         server.py:115
                             'lean_get_widget_source' via                       
                             LEAN_MCP_DISABLED_TOOLS                            
                    INFO     Disabled tool 'lean_get_widgets' via  server.py:115
                             LEAN_MCP_DISABLED_TOOLS                            
                    INFO     Disabled tool 'lean_goal' via         server.py:115
                             LEAN_MCP_DISABLED_TOOLS                            
                    INFO     Disabled tool 'lean_hover_info' via   server.py:115
                             LEAN_MCP_DISABLED_TOOLS                            
                    INFO     Disabled tool 'lean_references' via   server.py:115
                             LEAN_MCP_DISABLED_TOOLS                            
                    INFO     Disabled tool 'lean_term_goal' via    server.py:115
                             LEAN_MCP_DISABLED_TOOLS                            
                    INFO     REPL enabled, using:                  server.py:322
                             /home/amirnabiyev/Conjecture_Prover/.              
                             lake/packages/repl/.lake/build/bin/re              
                             pl                                                 
                    INFO     REPL initialized: timeout=60s         server.py:325
[09/08/26 20:14:53] INFO     Session ending — cleaning up          server.py:360
                             per-session resources                              
[09/08/26 20:15:01] INFO     Disabled tool 'lean_build' via        server.py:115
                             LEAN_MCP_DISABLED_TOOLS                            
                    INFO     Disabled tool 'lean_completions' via  server.py:115
                             LEAN_MCP_DISABLED_TOOLS                            
                    INFO     Disabled tool 'lean_declaration_file' server.py:115
                             via LEAN_MCP_DISABLED_TOOLS                        
                    INFO     Disabled tool                         server.py:115
                             'lean_diagnostic_messages' via                     
                             LEAN_MCP_DISABLED_TOOLS                            
                    INFO     Disabled tool 'lean_file_outline' via server.py:115
                             LEAN_MCP_DISABLED_TOOLS                            
                    INFO     Disabled tool                         server.py:115
                             'lean_get_widget_source' via                       
                             LEAN_MCP_DISABLED_TOOLS                            
                    INFO     Disabled tool 'lean_get_widgets' via  server.py:115
                             LEAN_MCP_DISABLED_TOOLS                            
                    INFO     Disabled tool 'lean_goal' via         server.py:115
                             LEAN_MCP_DISABLED_TOOLS                            
                    INFO     Disabled tool 'lean_hover_info' via   server.py:115
                             LEAN_MCP_DISABLED_TOOLS                            
                    INFO     Disabled tool 'lean_references' via   server.py:115
                             LEAN_MCP_DISABLED_TOOLS                            
                    INFO     Disabled tool 'lean_term_goal' via    server.py:115
                             LEAN_MCP_DISABLED_TOOLS                            
                    INFO     REPL enabled, using:                  server.py:322
                             /home/amirnabiyev/Conjecture_Prover/.              
                             lake/packages/repl/.lake/build/bin/re              
                             pl                                                 
                    INFO     REPL initialized: timeout=60s         server.py:325
[09/08/26 20:15:08] INFO     Session ending — cleaning up          server.py:360
                             per-session resources                              
[09/08/26 20:15:09] INFO     Disabled tool 'lean_build' via        server.py:115
                             LEAN_MCP_DISABLED_TOOLS                            
                    INFO     Disabled tool 'lean_completions' via  server.py:115
                             LEAN_MCP_DISABLED_TOOLS                            
                    INFO     Disabled tool 'lean_declaration_file' server.py:115
                             via LEAN_MCP_DISABLED_TOOLS                        
                    INFO     Disabled tool                         server.py:115
                             'lean_diagnostic_messages' via                     
                             LEAN_MCP_DISABLED_TOOLS                            
                    INFO     Disabled tool 'lean_file_outline' via server.py:115
                             LEAN_MCP_DISABLED_TOOLS                            
                    INFO     Disabled tool                         server.py:115
                             'lean_get_widget_source' via                       
                             LEAN_MCP_DISABLED_TOOLS                            
                    INFO     Disabled tool 'lean_get_widgets' via  server.py:115
                             LEAN_MCP_DISABLED_TOOLS                            
                    INFO     Disabled tool 'lean_goal' via         server.py:115
                             LEAN_MCP_DISABLED_TOOLS                            
                    INFO     Disabled tool 'lean_hover_info' via   server.py:115
                             LEAN_MCP_DISABLED_TOOLS                            
                    INFO     Disabled tool 'lean_references' via   server.py:115
                             LEAN_MCP_DISABLED_TOOLS                            
                    INFO     Disabled tool 'lean_term_goal' via    server.py:115
                             LEAN_MCP_DISABLED_TOOLS                            
                    INFO     REPL enabled, using:                  server.py:322
                             /home/amirnabiyev/Conjecture_Prover/.              
                             lake/packages/repl/.lake/build/bin/re              
                             pl                                                 
                    INFO     REPL initialized: timeout=60s         server.py:325
[09/08/26 20:15:15] INFO     Session ending — cleaning up          server.py:360
                             per-session resources                              
[09/08/26 20:15:21] INFO     Disabled tool 'lean_build' via        server.py:115
                             LEAN_MCP_DISABLED_TOOLS                            
                    INFO     Disabled tool 'lean_completions' via  server.py:115
                             LEAN_MCP_DISABLED_TOOLS                            
                    INFO     Disabled tool 'lean_declaration_file' server.py:115
                             via LEAN_MCP_DISABLED_TOOLS                        
                    INFO     Disabled tool                         server.py:115
                             'lean_diagnostic_messages' via                     
                             LEAN_MCP_DISABLED_TOOLS                            
                    INFO     Disabled tool 'lean_file_outline' via server.py:115
                             LEAN_MCP_DISABLED_TOOLS                            
                    INFO     Disabled tool                         server.py:115
                             'lean_get_widget_source' via                       
                             LEAN_MCP_DISABLED_TOOLS                            
                    INFO     Disabled tool 'lean_get_widgets' via  server.py:115
                             LEAN_MCP_DISABLED_TOOLS                            
                    INFO     Disabled tool 'lean_goal' via         server.py:115
                             LEAN_MCP_DISABLED_TOOLS                            
                    INFO     Disabled tool 'lean_hover_info' via   server.py:115
                             LEAN_MCP_DISABLED_TOOLS                            
                    INFO     Disabled tool 'lean_references' via   server.py:115
                             LEAN_MCP_DISABLED_TOOLS                            
                    INFO     Disabled tool 'lean_term_goal' via    server.py:115
                             LEAN_MCP_DISABLED_TOOLS                            
                    INFO     REPL enabled, using:                  server.py:322
                             /home/amirnabiyev/Conjecture_Prover/.              
                             lake/packages/repl/.lake/build/bin/re              
                             pl                                                 
                    INFO     REPL initialized: timeout=60s         server.py:325
[09/08/26 20:15:27] INFO     Session ending — cleaning up          server.py:360
                             per-session resources                              
[09/08/26 20:15:31] INFO     Disabled tool 'lean_build' via        server.py:115
                             LEAN_MCP_DISABLED_TOOLS                            
                    INFO     Disabled tool 'lean_completions' via  server.py:115
                             LEAN_MCP_DISABLED_TOOLS                            
                    INFO     Disabled tool 'lean_declaration_file' server.py:115
                             via LEAN_MCP_DISABLED_TOOLS                        
                    INFO     Disabled tool                         server.py:115
                             'lean_diagnostic_messages' via                     
                             LEAN_MCP_DISABLED_TOOLS                            
                    INFO     Disabled tool 'lean_file_outline' via server.py:115
                             LEAN_MCP_DISABLED_TOOLS                            
                    INFO     Disabled tool                         server.py:115
                             'lean_get_widget_source' via                       
                             LEAN_MCP_DISABLED_TOOLS                            
                    INFO     Disabled tool 'lean_get_widgets' via  server.py:115
                             LEAN_MCP_DISABLED_TOOLS                            
                    INFO     Disabled tool 'lean_goal' via         server.py:115
                             LEAN_MCP_DISABLED_TOOLS                            
                    INFO     Disabled tool 'lean_hover_info' via   server.py:115
                             LEAN_MCP_DISABLED_TOOLS                            
                    INFO     Disabled tool 'lean_references' via   server.py:115
                             LEAN_MCP_DISABLED_TOOLS                            
                    INFO     Disabled tool 'lean_term_goal' via    server.py:115
                             LEAN_MCP_DISABLED_TOOLS                            
                    INFO     REPL enabled, using:                  server.py:322
                             /home/amirnabiyev/Conjecture_Prover/.              
                             lake/packages/repl/.lake/build/bin/re              
                             pl                                                 
                    INFO     REPL initialized: timeout=60s         server.py:325
[09/08/26 20:15:37] INFO     Session ending — cleaning up          server.py:360
                             per-session resources                              
[09/08/26 20:15:49] INFO     Disabled tool 'lean_build' via        server.py:115
                             LEAN_MCP_DISABLED_TOOLS                            
                    INFO     Disabled tool 'lean_completions' via  server.py:115
                             LEAN_MCP_DISABLED_TOOLS                            
                    INFO     Disabled tool 'lean_declaration_file' server.py:115
                             via LEAN_MCP_DISABLED_TOOLS                        
                    INFO     Disabled tool                         server.py:115
                             'lean_diagnostic_messages' via                     
                             LEAN_MCP_DISABLED_TOOLS                            
                    INFO     Disabled tool 'lean_file_outline' via server.py:115
                             LEAN_MCP_DISABLED_TOOLS                            
                    INFO     Disabled tool                         server.py:115
                             'lean_get_widget_source' via                       
                             LEAN_MCP_DISABLED_TOOLS                            
                    INFO     Disabled tool 'lean_get_widgets' via  server.py:115
                             LEAN_MCP_DISABLED_TOOLS                            
                    INFO     Disabled tool 'lean_goal' via         server.py:115
                             LEAN_MCP_DISABLED_TOOLS                            
                    INFO     Disabled tool 'lean_hover_info' via   server.py:115
                             LEAN_MCP_DISABLED_TOOLS                            
                    INFO     Disabled tool 'lean_references' via   server.py:115
                             LEAN_MCP_DISABLED_TOOLS                            
                    INFO     Disabled tool 'lean_term_goal' via    server.py:115
                             LEAN_MCP_DISABLED_TOOLS                            
                    INFO     REPL enabled, using:                  server.py:322
                             /home/amirnabiyev/Conjecture_Prover/.              
                             lake/packages/repl/.lake/build/bin/re              
                             pl                                                 
                    INFO     REPL initialized: timeout=60s         server.py:325
[09/08/26 20:15:56] INFO     Session ending — cleaning up          server.py:360
                             per-session resources                              
[09/08/26 20:16:33] INFO     Disabled tool 'lean_build' via        server.py:115
                             LEAN_MCP_DISABLED_TOOLS                            
                    INFO     Disabled tool 'lean_completions' via  server.py:115
                             LEAN_MCP_DISABLED_TOOLS                            
                    INFO     Disabled tool 'lean_declaration_file' server.py:115
                             via LEAN_MCP_DISABLED_TOOLS                        
                    INFO     Disabled tool                         server.py:115
                             'lean_diagnostic_messages' via                     
                             LEAN_MCP_DISABLED_TOOLS                            
                    INFO     Disabled tool 'lean_file_outline' via server.py:115
                             LEAN_MCP_DISABLED_TOOLS                            
                    INFO     Disabled tool                         server.py:115
                             'lean_get_widget_source' via                       
                             LEAN_MCP_DISABLED_TOOLS                            
                    INFO     Disabled tool 'lean_get_widgets' via  server.py:115
                             LEAN_MCP_DISABLED_TOOLS                            
                    INFO     Disabled tool 'lean_goal' via         server.py:115
                             LEAN_MCP_DISABLED_TOOLS                            
                    INFO     Disabled tool 'lean_hover_info' via   server.py:115
                             LEAN_MCP_DISABLED_TOOLS                            
                    INFO     Disabled tool 'lean_references' via   server.py:115
                             LEAN_MCP_DISABLED_TOOLS                            
                    INFO     Disabled tool 'lean_term_goal' via    server.py:115
                             LEAN_MCP_DISABLED_TOOLS                            
                    INFO     REPL enabled, using:                  server.py:322
                             /home/amirnabiyev/Conjecture_Prover/.              
                             lake/packages/repl/.lake/build/bin/re              
                             pl                                                 
                    INFO     REPL initialized: timeout=60s         server.py:325
[09/08/26 20:16:40] INFO     Session ending — cleaning up          server.py:360
                             per-session resources                              
[09/08/26 20:16:49] INFO     Disabled tool 'lean_build' via        server.py:115
                             LEAN_MCP_DISABLED_TOOLS                            
                    INFO     Disabled tool 'lean_completions' via  server.py:115
                             LEAN_MCP_DISABLED_TOOLS                            
                    INFO     Disabled tool 'lean_declaration_file' server.py:115
                             via LEAN_MCP_DISABLED_TOOLS                        
                    INFO     Disabled tool                         server.py:115
                             'lean_diagnostic_messages' via                     
                             LEAN_MCP_DISABLED_TOOLS                            
                    INFO     Disabled tool 'lean_file_outline' via server.py:115
                             LEAN_MCP_DISABLED_TOOLS                            
                    INFO     Disabled tool                         server.py:115
                             'lean_get_widget_source' via                       
                             LEAN_MCP_DISABLED_TOOLS                            
                    INFO     Disabled tool 'lean_get_widgets' via  server.py:115
                             LEAN_MCP_DISABLED_TOOLS                            
                    INFO     Disabled tool 'lean_goal' via         server.py:115
                             LEAN_MCP_DISABLED_TOOLS                            
                    INFO     Disabled tool 'lean_hover_info' via   server.py:115
                             LEAN_MCP_DISABLED_TOOLS                            
                    INFO     Disabled tool 'lean_references' via   server.py:115
                             LEAN_MCP_DISABLED_TOOLS                            
                    INFO     Disabled tool 'lean_term_goal' via    server.py:115
                             LEAN_MCP_DISABLED_TOOLS                            
                    INFO     REPL enabled, using:                  server.py:322
                             /home/amirnabiyev/Conjecture_Prover/.              
                             lake/packages/repl/.lake/build/bin/re              
                             pl                                                 
                    INFO     REPL initialized: timeout=60s         server.py:325
[09/08/26 20:16:56] INFO     Session ending — cleaning up          server.py:360
                             per-session resources                              

 → lean_leansearch
   🛠️  PL-Problem94.zeroSet_infinite_contains_ap AI made 2 tool call(s):
 → lean_local_search
 → search_mathlib_docs
   🛠️  PL-Problem94.formallyEtale_pow AI made 2 tool call(s):
 → search_mathlib_docs_multi
 → lean_leansearch
   🛠️  PL-Problem94.zeroSet_mem_iff AI made 1 tool call(s):
 → lean_local_search
   🛠️  PL-Problem94.zeroSet_infinite_contains_ap AI made 2 tool call(s):
 → search_mathlib_docs
 → lean_leansearch
   🛠️  PL-Problem94.formallyEtale_pow AI made 2 tool call(s):
 → lean_loogle
 → lean_loogle
   🛠️  PL-Problem94.zeroSet_mem_iff_ker AI made 2 tool call(s):
 → lean_leansearch
 → lean_loogle
   🛠️  PL-Problem94.zeroSet_finite_or_contain_arithmetic_progression AI made 1 tool call(s):
 → lean_local_search
   🛠️  PL-Problem94.zeroSet_finite_or_contain_arithmetic_progression AI made 1 tool call(s):
 → lean_run_code
   🛠️  PL-Problem94.formallyEtale_pow AI made 2 tool call(s):
 → lean_loogle
 → lean_loogle
   🛠️  PL-Problem94.zeroSet_infinite_contains_ap AI made 1 tool call(s):
 → lean_run_code
   🛠️  PL-Problem94.zeroSet_mem_iff_ker AI made 2 tool call(s):
 → lean_local_search
 → lean_local_search
   🛠️  PL-Problem94.zeroSet_mem_iff AI made 1 tool call(s):
 → lean_run_code
   🛠️  PL-Problem94.formallyEtale_pow AI made 2 tool call(s):
 → lean_loogle
 → lean_loogle
   🛠️  PL-Problem94.zeroSet_infinite_contains_ap AI made 1 tool call(s):
 → lean_run_code
   🛠️  PL-Problem94.zeroSet_mem_iff_ker AI made 1 tool call(s):
 → lean_run_code
   🛠️  PL-Problem94.zeroSet_finite_or_contain_arithmetic_progression AI made 1 tool call(s):
 → lean_run_code
   🛠️  PL-Problem94.zeroSet_infinite_contains_ap AI made 1 tool call(s):
 → lean_run_code
   🛠️  PL-Problem94.formallyEtale_pow AI made 2 tool call(s):
 → lean_loogle
 → lean_loogle
   🛠️  PL-Problem94.zeroSet_mem_iff AI made 1 tool call(s):
 → lean_run_code
   🛠️  PL-Problem94.zeroSet_infinite_contains_ap AI made 1 tool call(s):
 → lean_run_code
   🛠️  PL-Problem94.zeroSet_finite_or_contain_arithmetic_progression AI made 1 tool call(s):
 → lean_run_code
   🛠️  PL-Problem94.zeroSet_infinite_contains_ap AI made 1 tool call(s):
 → lean_run_code
   🛠️  PL-Problem94.formallyEtale_pow AI made 1 tool call(s):
 → lean_run_code
   💬 PL-Problem94.zeroSet_mem_iff AI says: The import works. Now I understand the definition:

```lean
def Problem94.zeroSet ... (f : A →ₐ[k] A) (ϕ : A →ₐ[k] k) (I : Ideal A) : Set ℕ :=
  {n | ∀ (x : ↥I), (ϕ.comp (f ^ n)) ↑x = 0}
```

Let me test the straightforward approach: unfold and simp.
   🛠️  PL-Problem94.zeroSet_mem_iff AI made 1 tool call(s):
 → lean_run_code
   💬 PL-Problem94.zeroSet_finite_or_contain_arithmetic_progression AI says: [TRIAL FEEDBACK]
Attempted: Reproduced the lemma with explicit binders in namespace `Problem94` and applied `by_cases hfin : (zeroSet f ϕ I).Finite`, using `Or.inl hfin` in the finite case and `Or.inr (zeroSet_infinite_contains_ap f ϕ I hf hfin)` in the infinite case (the lemma returns `ContainsArithmeticProgression (zeroSet f ϕ I)`, which is definitionally the right disjunct).
Result: Compiled with 0 errors, no open goals.
Next plan: DONE.

1. Target: Problem94.zeroSet_finite_or_contain_arithme
      ... (1540 total chars)
   ✅ Lemma 'Problem94.zeroSet_finite_or_contain_arithmetic_progression' appears proved (turn 6)
   🛠️  PL-Problem94.zeroSet_infinite_contains_ap AI made 1 tool call(s):
 → lean_run_code
   🛠️  PL-Problem94.zeroSet_mem_iff_ker AI made 1 tool call(s):
 → lean_run_code
   🛠️  PL-Problem94.zeroSet_infinite_contains_ap AI made 2 tool call(s):
 → lean_local_search
 → lean_local_search
   💬 PL-Problem94.zeroSet_mem_iff AI says: The proof compiles cleanly. Let me confirm the exact structure once more by reproducing the final shape of the proof body in the appropriate namespace context:
   🛠️  PL-Problem94.zeroSet_mem_iff AI made 1 tool call(s):
 → lean_run_code
   🛠️  PL-Problem94.zeroSet_infinite_contains_ap AI made 1 tool call(s):
 → lean_run_code
   🛠️  PL-Problem94.zeroSet_mem_iff_ker AI made 1 tool call(s):
 → lean_run_code
   🛠️  PL-Problem94.formallyEtale_pow AI made 2 tool call(s):
 → search_mathlib_docs_multi
 → lean_loogle
   💬 PL-Problem94.zeroSet_mem_iff AI says: [TRIAL FEEDBACK]
Attempted: `unfold zeroSet; simp` on the goal `n ∈ zeroSet f ϕ I ↔ ∀ x : A, x ∈ I → ϕ ((f ^ n) x) = 0`.
Result: Compiled with 0 errors / 0 open goals.
Next plan: DONE.

---

1. Target: `Problem94.zeroSet_mem_iff`
2. Status: VERIFIED
3. Validated Lean code block:
```lean
lemma zeroSet_mem_iff (n : ℕ) :
    n ∈ zeroSet f ϕ I ↔ ∀ x : A, x ∈ I → ϕ ((f ^ n) x) = 0 := by
  unfold zeroSet
  simp
```
4. Strategy: `zeroSet f ϕ I` is defined as `{n | ∀ (x : ↥I), (ϕ.comp (f ^ n)) ↑x = 0}` 
      ... (1045 total chars)
   ✅ Lemma 'Problem94.zeroSet_mem_iff' appears proved (turn 7)
   🛠️  PL-Problem94.zeroSet_infinite_contains_ap AI made 1 tool call(s):
 → lean_run_code
   🛠️  PL-Problem94.formallyEtale_pow AI made 1 tool call(s):
 → lean_run_code
   🛠️  PL-Problem94.zeroSet_mem_iff_ker AI made 1 tool call(s):
 → lean_run_code
   🛠️  PL-Problem94.formallyEtale_pow AI made 1 tool call(s):
 → lean_run_code
   🛠️  PL-Problem94.formallyEtale_pow AI made 1 tool call(s):
 → lean_run_code
   🛠️  PL-Problem94.zeroSet_mem_iff_ker AI made 1 tool call(s):
 → lean_run_code
   💬 PL-Problem94.formallyEtale_pow AI says: [TRIAL FEEDBACK]
Attempted: searched Mathlib docs for `RingHom.FormallyEtale` facts; probed Lean with guessed contexts `[CommRing k]` and `[CommSemiring k]`.
Result: `RingHom.FormallyEtale.comp`, `RingHom.formallyEtale_algebraMap`, and instance `Algebra.FormallyEtale A A` are available. Induction skeleton compiles with 0 errors in both tested contexts.
Next plan: DONE — deliver final proof.

The proof compiles cleanly:

```lean
import Mathlib

namespace Problem94

variable {k A : Type*} [CommSem
      ... (3348 total chars)
   ✅ Lemma 'Problem94.formallyEtale_pow' appears proved (turn 11)
   🛠️  PL-Problem94.zeroSet_mem_iff_ker AI made 1 tool call(s):
 → lean_run_code
   💬 PL-Problem94.zeroSet_infinite_contains_ap AI says: [FINAL PROPOSAL]
status: VERIFIED
new_str:
```lean
/--
The core dichotomy (the "infinite case" of the target theorem): under the étale
hypothesis on $f$, if the zero set $S = \mathrm{zeroSet}(f,\varphi,I)$ is infinite,
then it contains an arithmetic progression with positive common difference.
-/
@[blueprint
  (statement := /-- Assume $f$ is formally \'etale. If $\mathrm{zeroSet}(f,\varphi,I)\subseteq\mathbb{N}$ is not finite, then it contains an arithmetic progression with positive common diffe
      ... (3676 total chars)
   ⏰ Lemma 'Problem94.zeroSet_infinite_contains_ap': turn limit (12) reached
   🛠️  PL-Problem94.zeroSet_mem_iff_ker AI made 1 tool call(s):
 → lean_run_code
   💬 PL-Problem94.zeroSet_mem_iff_ker AI says: The proof compiles. Let me verify it works with unqualified names as it would appear inside the `Problem94` namespace in the original file.
   🛠️  PL-Problem94.zeroSet_mem_iff_ker AI made 1 tool call(s):
 → lean_run_code
   💬 PL-Problem94.zeroSet_mem_iff_ker AI says: [FINAL PROPOSAL]
status: VERIFIED
new_str:
```lean
lemma zeroSet_mem_iff_ker (n : ℕ) :
    n ∈ zeroSet f ϕ I ↔ Ideal.map (f ^ n : A →+* A) I ≤ RingHom.ker (ϕ : A →+* k) := by
  rw [zeroSet_mem_iff]
  constructor
  · intro h
    rw [Ideal.map_le_iff_le_comap, SetLike.le_def]
    intro x hx
    simpa [Ideal.mem_comap, RingHom.mem_ker] using h x hx
  · intro h x hx
    have hx' : (f ^ n : A →+* A) x ∈ Ideal.map (f ^ n : A →+* A) I :=
      Ideal.mem_map_of_mem (f ^ n : A →+* A) hx
    simpa using (
      ... (1755 total chars)
   ⏰ Lemma 'Problem94.zeroSet_mem_iff_ker': turn limit (12) reached

======================================================================
AGGREGATOR: Applying proofs (round 1)
   Received 5 proposal(s)[09/08/26 20:17:03] INFO     REPL enabled, using:                  server.py:322
                             /home/amirnabiyev/Conjecture_Prover/.              
                             lake/packages/repl/.lake/build/bin/re              
                             pl                                                 
                    INFO     REPL initialized: timeout=60s         server.py:325
                    INFO     Session ending — cleaning up          server.py:360
                             per-session resources                              
[09/08/26 20:18:36] INFO     REPL enabled, using:                  server.py:322
                             /home/amirnabiyev/Conjecture_Prover/.              
                             lake/packages/repl/.lake/build/bin/re              
                             pl                                                 
                    INFO     REPL initialized: timeout=60s         server.py:325
[09/08/26 20:18:38] INFO     Shared async LSP client         client_utils.py:133
                             connected at                                       
                             /home/amirnabiyev/Conjecture_Pr                    
                             over                                               
[09/08/26 20:18:51] INFO     Session ending — cleaning up          server.py:360
                             per-session resources                              
Exception ignored in: <function BaseSubprocessTransport.__del__ at 0x72639397f380>
Traceback (most recent call last):
  File "/usr/local/lib/python3.12/asyncio/base_subprocess.py", line 126, in __del__
    self.close()
  File "/usr/local/lib/python3.12/asyncio/base_subprocess.py", line 104, in close
    proto.pipe.close()
  File "/usr/local/lib/python3.12/asyncio/unix_events.py", line 767, in close
    self.write_eof()
  File "/usr/local/lib/python3.12/asyncio/unix_events.py", line 753, in write_eof
    self._loop.call_soon(self._call_connection_lost, None)
  File "/usr/local/lib/python3.12/asyncio/base_events.py", line 799, in call_soon
    self._check_closed()
  File "/usr/local/lib/python3.12/asyncio/base_events.py", line 545, in _check_closed
    raise RuntimeError('Event loop is closed')
RuntimeError: Event loop is closed
[09/08/26 20:19:14] INFO     REPL enabled, using:                  server.py:322
                             /home/amirnabiyev/Conjecture_Prover/.              
                             lake/packages/repl/.lake/build/bin/re              
                             pl                                                 
                    INFO     REPL initialized: timeout=60s         server.py:325
                    INFO     Session ending — cleaning up          server.py:360
                             per-session resources                              
[09/08/26 20:19:17] INFO     REPL enabled, using:                  server.py:322
                             /home/amirnabiyev/Conjecture_Prover/.              
                             lake/packages/repl/.lake/build/bin/re              
                             pl                                                 
                    INFO     REPL initialized: timeout=60s         server.py:325
                    INFO     Session ending — cleaning up          server.py:360
                             per-session resources                              
[09/08/26 20:20:47] INFO     REPL enabled, using:                  server.py:322
                             /home/amirnabiyev/Conjecture_Prover/.              
                             lake/packages/repl/.lake/build/bin/re              
                             pl                                                 
                    INFO     REPL initialized: timeout=60s         server.py:325
[09/08/26 20:20:47] INFO     REPL enabled, using:                  server.py:322
                             /home/amirnabiyev/Conjecture_Prover/.              
                             lake/packages/repl/.lake/build/bin/re              
                             pl                                                 
                    INFO     REPL initialized: timeout=60s         server.py:325
[09/08/26 20:20:49] INFO     Shared async LSP client         client_utils.py:133
                             connected at                                       
                             /home/amirnabiyev/Conjecture_Pr                    
                             over                                               
[09/08/26 20:20:57] INFO     Session ending — cleaning up          server.py:360
                             per-session resources                              
[09/08/26 20:21:04] INFO     Session ending — cleaning up          server.py:360
                             per-session resources                              
Exception ignored in: <function BaseSubprocessTransport.__del__ at 0x7144bd76b380>
Traceback (most recent call last):
  File "/usr/local/lib/python3.12/asyncio/base_subprocess.py", line 126, in __del__
    self.close()
  File "/usr/local/lib/python3.12/asyncio/base_subprocess.py", line 104, in close
    proto.pipe.close()
  File "/usr/local/lib/python3.12/asyncio/unix_events.py", line 767, in close
    self.write_eof()
  File "/usr/local/lib/python3.12/asyncio/unix_events.py", line 753, in write_eof
    self._loop.call_soon(self._call_connection_lost, None)
  File "/usr/local/lib/python3.12/asyncio/base_events.py", line 799, in call_soon
    self._check_closed()
  File "/usr/local/lib/python3.12/asyncio/base_events.py", line 545, in _check_closed
    raise RuntimeError('Event loop is closed')
RuntimeError: Event loop is closed
[09/08/26 20:21:06] INFO     REPL enabled, using:                  server.py:322
                             /home/amirnabiyev/Conjecture_Prover/.              
                             lake/packages/repl/.lake/build/bin/re              
                             pl                                                 
                    INFO     REPL initialized: timeout=60s         server.py:325
                    INFO     Session ending — cleaning up          server.py:360
                             per-session resources                              
[09/08/26 20:21:28] INFO     REPL enabled, using:                  server.py:322
                             /home/amirnabiyev/Conjecture_Prover/.              
                             lake/packages/repl/.lake/build/bin/re              
                             pl                                                 
                    INFO     REPL initialized: timeout=60s         server.py:325
                    INFO     Session ending — cleaning up          server.py:360
                             per-session resources                              
[09/08/26 20:21:30] INFO     REPL enabled, using:                  server.py:322
                             /home/amirnabiyev/Conjecture_Prover/.              
                             lake/packages/repl/.lake/build/bin/re              
                             pl                                                 
                    INFO     REPL initialized: timeout=60s         server.py:325
                    INFO     Session ending — cleaning up          server.py:360
                             per-session resources                              
[09/08/26 20:25:10] INFO     REPL enabled, using:                  server.py:322
                             /home/amirnabiyev/Conjecture_Prover/.              
                             lake/packages/repl/.lake/build/bin/re              
                             pl                                                 
                    INFO     REPL initialized: timeout=60s         server.py:325
                    INFO     Session ending — cleaning up          server.py:360
                             per-session resources                              
[09/08/26 20:28:15] INFO     REPL enabled, using:                  server.py:322
                             /home/amirnabiyev/Conjecture_Prover/.              
                             lake/packages/repl/.lake/build/bin/re              
                             pl                                                 
                    INFO     REPL initialized: timeout=60s         server.py:325
                    INFO     Session ending — cleaning up          server.py:360
                             per-session resources                              

======================================================================

   💬 AG AI says: I'll start by reading the workspace file to understand its current state.
   🛠️  AG AI made 1 tool call(s):
 → read_workspace
   💬 AG AI says: I've read the file. Now I'll analyze the three proposals:

1. **`zeroSet_mem_iff`** — name/statement match; proof body is `unfold zeroSet; simp`, no `sorry`/axiom. Valid.
2. **`formallyEtale_pow`** — the actual deliverable declaration (in the "Validated Lean code block") matches name/statement; proof is an induction, no `sorry`/axiom. Valid. (The standalone namespace snippet around it is just trial wrapper prose; the real proof body applies to the lemma already in the file.)
3. **`zeroSet_finite
      ... (822 total chars)
   🛠️  AG AI made 3 tool call(s):
 → search_replace_workspace
 → search_replace_workspace
 → search_replace_workspace
   💬 AG AI says: All three edits applied. Now validating the file:
   🛠️  AG AI made 1 tool call(s):
 → lean_diagnostic_messages
   💬 AG AI says: All three proposals are applied and the file compiles successfully.

**Validation summary:**
- `Problem94.zeroSet_mem_iff` — proof `unfold zeroSet; simp` compiles.
- `Problem94.formallyEtale_pow` — induction proof compiles.
- `Problem94.zeroSet_finite_or_contain_arithmetic_progression` — `by_cases` proof compiles.

The `lean_diagnostic_messages` output reports **no errors** — only warnings:
- Two harmless "unused section variable" linter warnings for `formallyEtale_pow` and `zeroSet_mem_iff` (th
      ... (1064 total chars)
   ✅ Aggregator LLM finished after 4 turn(s)
   📊 Blueprint JSON: 7 lemmas, 5 proved
   🚦 Route: aggregator → blueprint_refiner (round 1)

======================================================================
🔧 BLUEPRINT REFINER: Revising blueprint based on prover feedback
   Unproved lemmas to address: Problem94.zeroSet_infinite_contains_ap, Problem94.zeroSet_mem_iff_ker
     • Problem94.zeroSet_mem_iff_ker: [Turn 12] [FINAL PROPOSAL]
status: VERIFIED
new_str:
```lean
lemma zeroSet_mem_iff_ker (n : ℕ) :
    n ∈ zeroSet f ϕ I ↔...
     • Problem94.zeroSet_infinite_contains_ap: [Turn 12] [FINAL PROPOSAL]
status: VERIFIED
new_str:
```lean
/--
The core dichotomy (the "infinite case" of the target t...
======================================================================

   🛠️  BR AI made 1 tool call(s):
 → read_workspace
   🚦 Routing: blueprint_refiner → tools_br
   🚦 Routing: tool_node → blueprint_refiner

======================================================================
🔧 BLUEPRINT REFINER: Revising blueprint based on prover feedback
   Unproved lemmas to address: Problem94.zeroSet_infinite_contains_ap, Problem94.zeroSet_mem_iff_ker
     • Problem94.zeroSet_mem_iff_ker: [Turn 12] [FINAL PROPOSAL]
status: VERIFIED
new_str:
```lean
lemma zeroSet_mem_iff_ker (n : ℕ) :
    n ∈ zeroSet f ϕ I ↔...
     • Problem94.zeroSet_infinite_contains_ap: [Turn 12] [FINAL PROPOSAL]
status: VERIFIED
new_str:
```lean
/--
The core dichotomy (the "infinite case" of the target t...
======================================================================

   💬 BR AI says: Let me look at the current state of the file and check a key fact about `ℕ+` that the prover's analysis hinges on.
   🛠️  BR AI made 2 tool call(s):
 → lean_run_code
 → lean_diagnostic_messages
   🚦 Routing: blueprint_refiner → tools_br
   🚦 Routing: tool_node → blueprint_refiner

======================================================================
🔧 BLUEPRINT REFINER: Revising blueprint based on prover feedback
   Unproved lemmas to address: Problem94.zeroSet_infinite_contains_ap, Problem94.zeroSet_mem_iff_ker
     • Problem94.zeroSet_mem_iff_ker: [Turn 12] [FINAL PROPOSAL]
status: VERIFIED
new_str:
```lean
lemma zeroSet_mem_iff_ker (n : ℕ) :
    n ∈ zeroSet f ϕ I ↔...
     • Problem94.zeroSet_infinite_contains_ap: [Turn 12] [FINAL PROPOSAL]
status: VERIFIED
new_str:
```lean
/--
The core dichotomy (the "infinite case" of the target t...
======================================================================

   💬 BR AI says: `0 : ℕ+` does not exist — so the previous prover's analysis of `zeroSet_infinite_contains_ap` ("take d = 0") is invalid: `ContainsArithmeticProgression` genuinely requires a *positive* common difference, so the lemma is not reducible to nonemptiness and is real research content. Let me check the Mathlib landscape for the load-bearing concepts before deciding on restructuring.
   🛠️  BR AI made 2 tool call(s):
 → search_mathlib_docs_multi
 → lean_local_search
   🚦 Routing: blueprint_refiner → tools_br
   🚦 Routing: tool_node → blueprint_refiner

======================================================================
🔧 BLUEPRINT REFINER: Revising blueprint based on prover feedback
   Unproved lemmas to address: Problem94.zeroSet_infinite_contains_ap, Problem94.zeroSet_mem_iff_ker
     • Problem94.zeroSet_mem_iff_ker: [Turn 12] [FINAL PROPOSAL]
status: VERIFIED
new_str:
```lean
lemma zeroSet_mem_iff_ker (n : ℕ) :
    n ∈ zeroSet f ϕ I ↔...
     • Problem94.zeroSet_infinite_contains_ap: [Turn 12] [FINAL PROPOSAL]
status: VERIFIED
new_str:
```lean
/--
The core dichotomy (the "infinite case" of the target t...
======================================================================

   💬 BR AI says: Mathlib has no Skolem–Mahler–Lech style dichotomy — so `zeroSet_infinite_contains_ap` is a faithful deep leaf. Let me analyze the load-bearing module for the failing nodes (formally étale ring homomorphisms), per the required workflow.
   🛠️  BR AI made 1 tool call(s):
 → analyze_mathlib_module
   🚦 Routing: blueprint_refiner → tools_br
   🚦 Routing: tool_node → blueprint_refiner

======================================================================
🔧 BLUEPRINT REFINER: Revising blueprint based on prover feedback
   Unproved lemmas to address: Problem94.zeroSet_infinite_contains_ap, Problem94.zeroSet_mem_iff_ker
     • Problem94.zeroSet_mem_iff_ker: [Turn 12] [FINAL PROPOSAL]
status: VERIFIED
new_str:
```lean
lemma zeroSet_mem_iff_ker (n : ℕ) :
    n ∈ zeroSet f ϕ I ↔...
     • Problem94.zeroSet_infinite_contains_ap: [Turn 12] [FINAL PROPOSAL]
status: VERIFIED
new_str:
```lean
/--
The core dichotomy (the "infinite case" of the target t...
======================================================================

   💬 BR AI says: Now I understand the situation fully:

1. **`zeroSet_mem_iff_ker`**: statement is correct and a complete proof exists (verified in the feedback); no structural fix needed — I'll just sharpen the proof-sketch annotation with the exact route the verified proof uses.
2. **`zeroSet_infinite_contains_ap`**: the prover's "analysis" claimed the statement is trivial because `d = 0` is allowed in `ContainsArithmeticProgression`. That is **false** — `d : ℕ+` ranges over positive naturals (I confirmed `0 :
      ... (952 total chars)
   🛠️  BR AI made 1 tool call(s):
 → search_replace_workspace
   🚦 Routing: blueprint_refiner → tools_br
   🚦 Routing: tool_node → blueprint_refiner

======================================================================
🔧 BLUEPRINT REFINER: Revising blueprint based on prover feedback
   Unproved lemmas to address: Problem94.zeroSet_infinite_contains_ap, Problem94.zeroSet_mem_iff_ker
     • Problem94.zeroSet_mem_iff_ker: [Turn 12] [FINAL PROPOSAL]
status: VERIFIED
new_str:
```lean
lemma zeroSet_mem_iff_ker (n : ℕ) :
    n ∈ zeroSet f ϕ I ↔...
     • Problem94.zeroSet_infinite_contains_ap: [Turn 12] [FINAL PROPOSAL]
status: VERIFIED
new_str:
```lean
/--
The core dichotomy (the "infinite case" of the target t...
======================================================================

   🛠️  BR AI made 1 tool call(s):
 → search_replace_workspace
   🚦 Routing: blueprint_refiner → tools_br
   🚦 Routing: tool_node → blueprint_refiner

======================================================================
🔧 BLUEPRINT REFINER: Revising blueprint based on prover feedback[09/08/26 20:28:23] INFO     REPL enabled, using:                  server.py:322
                             /home/amirnabiyev/Conjecture_Prover/.              
                             lake/packages/repl/.lake/build/bin/re              
                             pl                                                 
                    INFO     REPL initialized: timeout=60s         server.py:325
                    INFO     Session ending — cleaning up          server.py:360
                             per-session resources                              
[09/08/26 20:28:26] INFO     REPL enabled, using:                  server.py:322
                             /home/amirnabiyev/Conjecture_Prover/.              
                             lake/packages/repl/.lake/build/bin/re              
                             pl                                                 
                    INFO     REPL initialized: timeout=60s         server.py:325
                    INFO     Session ending — cleaning up          server.py:360
                             per-session resources                              
[09/08/26 20:28:30] INFO     REPL enabled, using:                  server.py:322
                             /home/amirnabiyev/Conjecture_Prover/.              
                             lake/packages/repl/.lake/build/bin/re              
                             pl                                                 
                    INFO     REPL initialized: timeout=60s         server.py:325
[09/08/26 20:28:32] INFO     Shared async LSP client         client_utils.py:133
                             connected at                                       
                             /home/amirnabiyev/Conjecture_Pr                    
                             over                                               
[09/08/26 20:28:45] INFO     Session ending — cleaning up          server.py:360
                             per-session resources                              
Exception ignored in: <function BaseSubprocessTransport.__del__ at 0x7c1f75cc3380>
Traceback (most recent call last):
  File "/usr/local/lib/python3.12/asyncio/base_subprocess.py", line 126, in __del__
    self.close()
  File "/usr/local/lib/python3.12/asyncio/base_subprocess.py", line 104, in close
    proto.pipe.close()
  File "/usr/local/lib/python3.12/asyncio/unix_events.py", line 767, in close
    self.write_eof()
  File "/usr/local/lib/python3.12/asyncio/unix_events.py", line 753, in write_eof
    self._loop.call_soon(self._call_connection_lost, None)
  File "/usr/local/lib/python3.12/asyncio/base_events.py", line 799, in call_soon
    self._check_closed()
  File "/usr/local/lib/python3.12/asyncio/base_events.py", line 545, in _check_closed
    raise RuntimeError('Event loop is closed')
RuntimeError: Event loop is closed
[09/08/26 20:28:47] INFO     REPL enabled, using:                  server.py:322
                             /home/amirnabiyev/Conjecture_Prover/.              
                             lake/packages/repl/.lake/build/bin/re              
                             pl                                                 
                    INFO     REPL initialized: timeout=60s         server.py:325
                    INFO     Session ending — cleaning up          server.py:360
                             per-session resources                              
[09/08/26 20:29:07] INFO     REPL enabled, using:                  server.py:322
                             /home/amirnabiyev/Conjecture_Prover/.              
                             lake/packages/repl/.lake/build/bin/re              
                             pl                                                 
                    INFO     REPL initialized: timeout=60s         server.py:325
                    INFO     Session ending — cleaning up          server.py:360
                             per-session resources                              
[09/08/26 20:29:11] INFO     REPL enabled, using:                  server.py:322
                             /home/amirnabiyev/Conjecture_Prover/.              
                             lake/packages/repl/.lake/build/bin/re              
                             pl                                                 
                    INFO     REPL initialized: timeout=60s         server.py:325
                    INFO     Session ending — cleaning up          server.py:360
                             per-session resources                              
[09/08/26 20:29:19] INFO     Disabled tool 'lean_build' via        server.py:115
                             LEAN_MCP_DISABLED_TOOLS                            
                    INFO     Disabled tool 'lean_completions' via  server.py:115
                             LEAN_MCP_DISABLED_TOOLS                            
                    INFO     Disabled tool 'lean_declaration_file' server.py:115
                             via LEAN_MCP_DISABLED_TOOLS                        
                    INFO     Disabled tool                         server.py:115
                             'lean_diagnostic_messages' via                     
                             LEAN_MCP_DISABLED_TOOLS                            
                    INFO     Disabled tool 'lean_file_outline' via server.py:115
                             LEAN_MCP_DISABLED_TOOLS                            
                    INFO     Disabled tool                         server.py:115
                             'lean_get_widget_source' via                       
                             LEAN_MCP_DISABLED_TOOLS                            
                    INFO     Disabled tool 'lean_get_widgets' via  server.py:115
                             LEAN_MCP_DISABLED_TOOLS                            
                    INFO     Disabled tool 'lean_goal' via         server.py:115
                             LEAN_MCP_DISABLED_TOOLS                            
[09/08/26 20:29:20] INFO     Disabled tool 'lean_hover_info' via   server.py:115
                             LEAN_MCP_DISABLED_TOOLS                            
                    INFO     Disabled tool 'lean_references' via   server.py:115
                             LEAN_MCP_DISABLED_TOOLS                            
                    INFO     Disabled tool 'lean_term_goal' via    server.py:115
                             LEAN_MCP_DISABLED_TOOLS                            
[09/08/26 20:29:19] INFO     Disabled tool 'lean_build' via        server.py:115
                             LEAN_MCP_DISABLED_TOOLS                            
[09/08/26 20:29:20] INFO     Disabled tool 'lean_completions' via  server.py:115
                             LEAN_MCP_DISABLED_TOOLS                            
                    INFO     Disabled tool 'lean_declaration_file' server.py:115
                             via LEAN_MCP_DISABLED_TOOLS                        
                    INFO     Disabled tool                         server.py:115
                             'lean_diagnostic_messages' via                     
                             LEAN_MCP_DISABLED_TOOLS                            
                    INFO     Disabled tool 'lean_file_outline' via server.py:115
                             LEAN_MCP_DISABLED_TOOLS                            
                    INFO     Disabled tool                         server.py:115
                             'lean_get_widget_source' via                       
                             LEAN_MCP_DISABLED_TOOLS                            
                    INFO     Disabled tool 'lean_get_widgets' via  server.py:115
                             LEAN_MCP_DISABLED_TOOLS                            
                    INFO     Disabled tool 'lean_goal' via         server.py:115
                             LEAN_MCP_DISABLED_TOOLS                            
                    INFO     Disabled tool 'lean_hover_info' via   server.py:115
                             LEAN_MCP_DISABLED_TOOLS                            
                    INFO     Disabled tool 'lean_references' via   server.py:115
                             LEAN_MCP_DISABLED_TOOLS                            
                    INFO     REPL enabled, using:                  server.py:322
                             /home/amirnabiyev/Conjecture_Prover/.              
                             lake/packages/repl/.lake/build/bin/re              
                             pl                                                 
                    INFO     Disabled tool 'lean_term_goal' via    server.py:115
                             LEAN_MCP_DISABLED_TOOLS                            
                    INFO     REPL initialized: timeout=60s         server.py:325
                    INFO     Session ending — cleaning up          server.py:360
                             per-session resources                              
                    INFO     REPL enabled, using:                  server.py:322
                             /home/amirnabiyev/Conjecture_Prover/.              
                             lake/packages/repl/.lake/build/bin/re              
                             pl                                                 
                    INFO     REPL initialized: timeout=60s         server.py:325
                    INFO     Session ending — cleaning up          server.py:360
                             per-session resources                              
[09/08/26 20:29:26] INFO     Disabled tool 'lean_build' via        server.py:115
                             LEAN_MCP_DISABLED_TOOLS                            
                    INFO     Disabled tool 'lean_completions' via  server.py:115
                             LEAN_MCP_DISABLED_TOOLS                            
                    INFO     Disabled tool 'lean_declaration_file' server.py:115
                             via LEAN_MCP_DISABLED_TOOLS                        
                    INFO     Disabled tool                         server.py:115
                             'lean_diagnostic_messages' via                     
                             LEAN_MCP_DISABLED_TOOLS                            
                    INFO     Disabled tool 'lean_file_outline' via server.py:115
                             LEAN_MCP_DISABLED_TOOLS                            
                    INFO     Disabled tool                         server.py:115
                             'lean_get_widget_source' via                       
                             LEAN_MCP_DISABLED_TOOLS                            
                    INFO     Disabled tool 'lean_get_widgets' via  server.py:115
                             LEAN_MCP_DISABLED_TOOLS                            
                    INFO     Disabled tool 'lean_goal' via         server.py:115
                             LEAN_MCP_DISABLED_TOOLS                            
                    INFO     Disabled tool 'lean_hover_info' via   server.py:115
                             LEAN_MCP_DISABLED_TOOLS                            
                    INFO     Disabled tool 'lean_references' via   server.py:115
                             LEAN_MCP_DISABLED_TOOLS                            
                    INFO     Disabled tool 'lean_term_goal' via    server.py:115
                             LEAN_MCP_DISABLED_TOOLS                            
                    INFO     REPL enabled, using:                  server.py:322
                             /home/amirnabiyev/Conjecture_Prover/.              
                             lake/packages/repl/.lake/build/bin/re              
                             pl                                                 
                    INFO     REPL initialized: timeout=60s         server.py:325
                    INFO     Session ending — cleaning up          server.py:360
                             per-session resources                              
[09/08/26 20:29:27] INFO     Disabled tool 'lean_build' via        server.py:115
                             LEAN_MCP_DISABLED_TOOLS                            
                    INFO     Disabled tool 'lean_completions' via  server.py:115
                             LEAN_MCP_DISABLED_TOOLS                            
                    INFO     Disabled tool 'lean_declaration_file' server.py:115
                             via LEAN_MCP_DISABLED_TOOLS                        
                    INFO     Disabled tool                         server.py:115
                             'lean_diagnostic_messages' via                     
                             LEAN_MCP_DISABLED_TOOLS                            
                    INFO     Disabled tool 'lean_file_outline' via server.py:115
                             LEAN_MCP_DISABLED_TOOLS                            
                    INFO     Disabled tool                         server.py:115
                             'lean_get_widget_source' via                       
                             LEAN_MCP_DISABLED_TOOLS                            
                    INFO     Disabled tool 'lean_get_widgets' via  server.py:115
                             LEAN_MCP_DISABLED_TOOLS                            
                    INFO     Disabled tool 'lean_goal' via         server.py:115
                             LEAN_MCP_DISABLED_TOOLS                            
                    INFO     Disabled tool 'lean_hover_info' via   server.py:115
                             LEAN_MCP_DISABLED_TOOLS                            
                    INFO     Disabled tool 'lean_references' via   server.py:115
                             LEAN_MCP_DISABLED_TOOLS                            
                    INFO     Disabled tool 'lean_term_goal' via    server.py:115
                             LEAN_MCP_DISABLED_TOOLS                            
                    INFO     REPL enabled, using:                  server.py:322
                             /home/amirnabiyev/Conjecture_Prover/.              
                             lake/packages/repl/.lake/build/bin/re              
                             pl                                                 
                    INFO     REPL initialized: timeout=60s         server.py:325
                    INFO     Session ending — cleaning up          server.py:360
                             per-session resources                              
[09/08/26 20:29:28] INFO     Disabled tool 'lean_build' via        server.py:115
                             LEAN_MCP_DISABLED_TOOLS                            
                    INFO     Disabled tool 'lean_completions' via  server.py:115
                             LEAN_MCP_DISABLED_TOOLS                            
                    INFO     Disabled tool 'lean_declaration_file' server.py:115
                             via LEAN_MCP_DISABLED_TOOLS                        
                    INFO     Disabled tool                         server.py:115
                             'lean_diagnostic_messages' via                     
                             LEAN_MCP_DISABLED_TOOLS                            
                    INFO     Disabled tool 'lean_file_outline' via server.py:115
                             LEAN_MCP_DISABLED_TOOLS                            
                    INFO     Disabled tool                         server.py:115
                             'lean_get_widget_source' via                       
                             LEAN_MCP_DISABLED_TOOLS                            
                    INFO     Disabled tool 'lean_get_widgets' via  server.py:115
                             LEAN_MCP_DISABLED_TOOLS                            
                    INFO     Disabled tool 'lean_goal' via         server.py:115
                             LEAN_MCP_DISABLED_TOOLS                            
                    INFO     Disabled tool 'lean_hover_info' via   server.py:115
                             LEAN_MCP_DISABLED_TOOLS                            
                    INFO     Disabled tool 'lean_references' via   server.py:115
                             LEAN_MCP_DISABLED_TOOLS                            
                    INFO     Disabled tool 'lean_term_goal' via    server.py:115
                             LEAN_MCP_DISABLED_TOOLS                            
                    INFO     REPL enabled, using:                  server.py:322
                             /home/amirnabiyev/Conjecture_Prover/.              
                             lake/packages/repl/.lake/build/bin/re              
                             pl                                                 
                    INFO     REPL initialized: timeout=60s         server.py:325
[09/08/26 20:29:29] INFO     Session ending — cleaning up          server.py:360
                             per-session resources                              
[09/08/26 20:29:29] INFO     Disabled tool 'lean_build' via        server.py:115
                             LEAN_MCP_DISABLED_TOOLS                            
                    INFO     Disabled tool 'lean_completions' via  server.py:115
                             LEAN_MCP_DISABLED_TOOLS                            
                    INFO     Disabled tool 'lean_declaration_file' server.py:115
                             via LEAN_MCP_DISABLED_TOOLS                        
                    INFO     Disabled tool                         server.py:115
                             'lean_diagnostic_messages' via                     
                             LEAN_MCP_DISABLED_TOOLS                            
                    INFO     Disabled tool 'lean_file_outline' via server.py:115
                             LEAN_MCP_DISABLED_TOOLS                            
                    INFO     Disabled tool                         server.py:115
                             'lean_get_widget_source' via                       
                             LEAN_MCP_DISABLED_TOOLS                            
                    INFO     Disabled tool 'lean_get_widgets' via  server.py:115
                             LEAN_MCP_DISABLED_TOOLS                            
                    INFO     Disabled tool 'lean_goal' via         server.py:115
                             LEAN_MCP_DISABLED_TOOLS                            
                    INFO     Disabled tool 'lean_hover_info' via   server.py:115
                             LEAN_MCP_DISABLED_TOOLS                            
                    INFO     Disabled tool 'lean_references' via   server.py:115
                             LEAN_MCP_DISABLED_TOOLS                            
                    INFO     Disabled tool 'lean_term_goal' via    server.py:115
                             LEAN_MCP_DISABLED_TOOLS                            
                    INFO     REPL enabled, using:                  server.py:322
                             /home/amirnabiyev/Conjecture_Prover/.              
                             lake/packages/repl/.lake/build/bin/re              
                             pl                                                 
                    INFO     REPL initialized: timeout=60s         server.py:325
                    INFO     Session ending — cleaning up          server.py:360
                             per-session resources                              
[09/08/26 20:29:31] INFO     Disabled tool 'lean_build' via        server.py:115
                             LEAN_MCP_DISABLED_TOOLS                            
                    INFO     Disabled tool 'lean_completions' via  server.py:115
                             LEAN_MCP_DISABLED_TOOLS                            
                    INFO     Disabled tool 'lean_declaration_file' server.py:115
                             via LEAN_MCP_DISABLED_TOOLS                        
                    INFO     Disabled tool                         server.py:115
                             'lean_diagnostic_messages' via                     
                             LEAN_MCP_DISABLED_TOOLS                            
                    INFO     Disabled tool 'lean_file_outline' via server.py:115
                             LEAN_MCP_DISABLED_TOOLS                            
                    INFO     Disabled tool                         server.py:115
                             'lean_get_widget_source' via                       
                             LEAN_MCP_DISABLED_TOOLS                            
                    INFO     Disabled tool 'lean_get_widgets' via  server.py:115
                             LEAN_MCP_DISABLED_TOOLS                            
                    INFO     Disabled tool 'lean_goal' via         server.py:115
                             LEAN_MCP_DISABLED_TOOLS                            
                    INFO     Disabled tool 'lean_hover_info' via   server.py:115
                             LEAN_MCP_DISABLED_TOOLS                            
                    INFO     Disabled tool 'lean_references' via   server.py:115
                             LEAN_MCP_DISABLED_TOOLS                            
                    INFO     Disabled tool 'lean_term_goal' via    server.py:115
                             LEAN_MCP_DISABLED_TOOLS                            
                    INFO     REPL enabled, using:                  server.py:322
                             /home/amirnabiyev/Conjecture_Prover/.              
                             lake/packages/repl/.lake/build/bin/re              
                             pl                                                 
                    INFO     REPL initialized: timeout=60s         server.py:325
                    INFO     Session ending — cleaning up          server.py:360
                             per-session resources                              
[09/08/26 20:29:33] INFO     Disabled tool 'lean_build' via        server.py:115
                             LEAN_MCP_DISABLED_TOOLS                            
                    INFO     Disabled tool 'lean_completions' via  server.py:115
                             LEAN_MCP_DISABLED_TOOLS                            
                    INFO     Disabled tool 'lean_declaration_file' server.py:115
                             via LEAN_MCP_DISABLED_TOOLS                        
                    INFO     Disabled tool                         server.py:115
                             'lean_diagnostic_messages' via                     
                             LEAN_MCP_DISABLED_TOOLS                            
                    INFO     Disabled tool 'lean_file_outline' via server.py:115
                             LEAN_MCP_DISABLED_TOOLS                            
                    INFO     Disabled tool                         server.py:115
                             'lean_get_widget_source' via                       
                             LEAN_MCP_DISABLED_TOOLS                            
                    INFO     Disabled tool 'lean_get_widgets' via  server.py:115
                             LEAN_MCP_DISABLED_TOOLS                            
                    INFO     Disabled tool 'lean_goal' via         server.py:115
                             LEAN_MCP_DISABLED_TOOLS                            
                    INFO     Disabled tool 'lean_hover_info' via   server.py:115
                             LEAN_MCP_DISABLED_TOOLS                            
                    INFO     Disabled tool 'lean_references' via   server.py:115
                             LEAN_MCP_DISABLED_TOOLS                            
                    INFO     Disabled tool 'lean_term_goal' via    server.py:115
                             LEAN_MCP_DISABLED_TOOLS                            
                    INFO     REPL enabled, using:                  server.py:322
                             /home/amirnabiyev/Conjecture_Prover/.              
                             lake/packages/repl/.lake/build/bin/re              
                             pl                                                 
                    INFO     REPL initialized: timeout=60s         server.py:325
                    INFO     Session ending — cleaning up          server.py:360
                             per-session resources                              
[09/08/26 20:29:34] INFO     Disabled tool 'lean_build' via        server.py:115
                             LEAN_MCP_DISABLED_TOOLS                            
                    INFO     Disabled tool 'lean_completions' via  server.py:115
                             LEAN_MCP_DISABLED_TOOLS                            
                    INFO     Disabled tool 'lean_declaration_file' server.py:115
                             via LEAN_MCP_DISABLED_TOOLS                        
                    INFO     Disabled tool                         server.py:115
                             'lean_diagnostic_messages' via                     
                             LEAN_MCP_DISABLED_TOOLS                            
                    INFO     Disabled tool 'lean_file_outline' via server.py:115
                             LEAN_MCP_DISABLED_TOOLS                            
                    INFO     Disabled tool                         server.py:115
                             'lean_get_widget_source' via                       
                             LEAN_MCP_DISABLED_TOOLS                            
                    INFO     Disabled tool 'lean_get_widgets' via  server.py:115
                             LEAN_MCP_DISABLED_TOOLS                            
                    INFO     Disabled tool 'lean_goal' via         server.py:115
                             LEAN_MCP_DISABLED_TOOLS                            
                    INFO     Disabled tool 'lean_hover_info' via   server.py:115
                             LEAN_MCP_DISABLED_TOOLS                            
                    INFO     Disabled tool 'lean_references' via   server.py:115
                             LEAN_MCP_DISABLED_TOOLS                            
                    INFO     Disabled tool 'lean_term_goal' via    server.py:115
                             LEAN_MCP_DISABLED_TOOLS                            
                    INFO     REPL enabled, using:                  server.py:322
                             /home/amirnabiyev/Conjecture_Prover/.              
                             lake/packages/repl/.lake/build/bin/re              
                             pl                                                 
                    INFO     REPL initialized: timeout=60s         server.py:325
[09/08/26 20:29:35] INFO     Session ending — cleaning up          server.py:360
                             per-session resources                              
[09/08/26 20:29:39] INFO     Disabled tool 'lean_build' via        server.py:115
                             LEAN_MCP_DISABLED_TOOLS                            
                    INFO     Disabled tool 'lean_completions' via  server.py:115
                             LEAN_MCP_DISABLED_TOOLS                            
                    INFO     Disabled tool 'lean_declaration_file' server.py:115
                             via LEAN_MCP_DISABLED_TOOLS                        
                    INFO     Disabled tool                         server.py:115
                             'lean_diagnostic_messages' via                     
                             LEAN_MCP_DISABLED_TOOLS                            
                    INFO     Disabled tool 'lean_file_outline' via server.py:115
                             LEAN_MCP_DISABLED_TOOLS                            
                    INFO     Disabled tool                         server.py:115
                             'lean_get_widget_source' via                       
                             LEAN_MCP_DISABLED_TOOLS                            
                    INFO     Disabled tool 'lean_get_widgets' via  server.py:115
                             LEAN_MCP_DISABLED_TOOLS                            
                    INFO     Disabled tool 'lean_goal' via         server.py:115
                             LEAN_MCP_DISABLED_TOOLS                            
                    INFO     Disabled tool 'lean_hover_info' via   server.py:115
                             LEAN_MCP_DISABLED_TOOLS                            
                    INFO     Disabled tool 'lean_references' via   server.py:115
                             LEAN_MCP_DISABLED_TOOLS                            
                    INFO     Disabled tool 'lean_term_goal' via    server.py:115
                             LEAN_MCP_DISABLED_TOOLS                            
                    INFO     REPL enabled, using:                  server.py:322
                             /home/amirnabiyev/Conjecture_Prover/.              
                             lake/packages/repl/.lake/build/bin/re              
                             pl                                                 
                    INFO     REPL initialized: timeout=60s         server.py:325
[09/08/26 20:29:40] INFO     Session ending — cleaning up          server.py:360
                             per-session resources                              
[09/08/26 20:29:41] INFO     Disabled tool 'lean_build' via        server.py:115
                             LEAN_MCP_DISABLED_TOOLS                            
                    INFO     Disabled tool 'lean_completions' via  server.py:115
                             LEAN_MCP_DISABLED_TOOLS                            
                    INFO     Disabled tool 'lean_declaration_file' server.py:115
                             via LEAN_MCP_DISABLED_TOOLS                        
                    INFO     Disabled tool                         server.py:115
                             'lean_diagnostic_messages' via                     
                             LEAN_MCP_DISABLED_TOOLS                            
                    INFO     Disabled tool 'lean_file_outline' via server.py:115
                             LEAN_MCP_DISABLED_TOOLS                            
                    INFO     Disabled tool                         server.py:115
                             'lean_get_widget_source' via                       
                             LEAN_MCP_DISABLED_TOOLS                            
                    INFO     Disabled tool 'lean_get_widgets' via  server.py:115
                             LEAN_MCP_DISABLED_TOOLS                            
                    INFO     Disabled tool 'lean_goal' via         server.py:115
                             LEAN_MCP_DISABLED_TOOLS                            
                    INFO     Disabled tool 'lean_hover_info' via   server.py:115
                             LEAN_MCP_DISABLED_TOOLS                            
                    INFO     Disabled tool 'lean_references' via   server.py:115
                             LEAN_MCP_DISABLED_TOOLS                            
                    INFO     Disabled tool 'lean_term_goal' via    server.py:115
                             LEAN_MCP_DISABLED_TOOLS                            
                    INFO     REPL enabled, using:                  server.py:322
                             /home/amirnabiyev/Conjecture_Prover/.              
                             lake/packages/repl/.lake/build/bin/re              
                             pl                                                 
                    INFO     REPL initialized: timeout=60s         server.py:325
[09/08/26 20:29:42] INFO     Session ending — cleaning up          server.py:360
                             per-session resources                              
[09/08/26 20:29:42] INFO     Disabled tool 'lean_build' via        server.py:115
                             LEAN_MCP_DISABLED_TOOLS                            
                    INFO     Disabled tool 'lean_completions' via  server.py:115
                             LEAN_MCP_DISABLED_TOOLS                            
                    INFO     Disabled tool 'lean_declaration_file' server.py:115
                             via LEAN_MCP_DISABLED_TOOLS                        
                    INFO     Disabled tool                         server.py:115
                             'lean_diagnostic_messages' via                     
                             LEAN_MCP_DISABLED_TOOLS                            
                    INFO     Disabled tool 'lean_file_outline' via server.py:115
                             LEAN_MCP_DISABLED_TOOLS                            
                    INFO     Disabled tool                         server.py:115
                             'lean_get_widget_source' via                       
                             LEAN_MCP_DISABLED_TOOLS                            
                    INFO     Disabled tool 'lean_get_widgets' via  server.py:115
                             LEAN_MCP_DISABLED_TOOLS                            
                    INFO     Disabled tool 'lean_goal' via         server.py:115
                             LEAN_MCP_DISABLED_TOOLS                            
                    INFO     Disabled tool 'lean_hover_info' via   server.py:115
                             LEAN_MCP_DISABLED_TOOLS                            
                    INFO     Disabled tool 'lean_references' via   server.py:115
                             LEAN_MCP_DISABLED_TOOLS                            
                    INFO     Disabled tool 'lean_term_goal' via    server.py:115
                             LEAN_MCP_DISABLED_TOOLS                            
                    INFO     REPL enabled, using:                  server.py:322
                             /home/amirnabiyev/Conjecture_Prover/.              
                             lake/packages/repl/.lake/build/bin/re              
                             pl                                                 
                    INFO     REPL initialized: timeout=60s         server.py:325
[09/08/26 20:29:45] INFO     Disabled tool 'lean_build' via        server.py:115
                             LEAN_MCP_DISABLED_TOOLS                            
                    INFO     Disabled tool 'lean_completions' via  server.py:115
                             LEAN_MCP_DISABLED_TOOLS                            
                    INFO     Disabled tool 'lean_declaration_file' server.py:115
                             via LEAN_MCP_DISABLED_TOOLS                        
                    INFO     Disabled tool                         server.py:115
                             'lean_diagnostic_messages' via                     
                             LEAN_MCP_DISABLED_TOOLS                            
                    INFO     Disabled tool 'lean_file_outline' via server.py:115
                             LEAN_MCP_DISABLED_TOOLS                            
                    INFO     Disabled tool                         server.py:115
                             'lean_get_widget_source' via                       
                             LEAN_MCP_DISABLED_TOOLS                            
                    INFO     Disabled tool 'lean_get_widgets' via  server.py:115
                             LEAN_MCP_DISABLED_TOOLS                            
                    INFO     Disabled tool 'lean_goal' via         server.py:115
                             LEAN_MCP_DISABLED_TOOLS                            
                    INFO     Disabled tool 'lean_hover_info' via   server.py:115
                             LEAN_MCP_DISABLED_TOOLS                            
                    INFO     Disabled tool 'lean_references' via   server.py:115
                             LEAN_MCP_DISABLED_TOOLS                            
                    INFO     Disabled tool 'lean_term_goal' via    server.py:115
                             LEAN_MCP_DISABLED_TOOLS                            
                    INFO     REPL enabled, using:                  server.py:322
                             /home/amirnabiyev/Conjecture_Prover/.              
                             lake/packages/repl/.lake/build/bin/re              
                             pl                                                 
                    INFO     REPL initialized: timeout=60s         server.py:325
[09/08/26 20:29:49] INFO     Session ending — cleaning up          server.py:360
                             per-session resources                              
[09/08/26 20:29:52] INFO     Session ending — cleaning up          server.py:360
                             per-session resources                              
[09/08/26 20:29:59] INFO     Disabled tool 'lean_build' via        server.py:115
                             LEAN_MCP_DISABLED_TOOLS                            
                    INFO     Disabled tool 'lean_completions' via  server.py:115
                             LEAN_MCP_DISABLED_TOOLS                            
                    INFO     Disabled tool 'lean_declaration_file' server.py:115
                             via LEAN_MCP_DISABLED_TOOLS                        
                    INFO     Disabled tool                         server.py:115
                             'lean_diagnostic_messages' via                     
                             LEAN_MCP_DISABLED_TOOLS                            
                    INFO     Disabled tool 'lean_file_outline' via server.py:115
                             LEAN_MCP_DISABLED_TOOLS                            
                    INFO     Disabled tool                         server.py:115
                             'lean_get_widget_source' via                       
                             LEAN_MCP_DISABLED_TOOLS                            
                    INFO     Disabled tool 'lean_get_widgets' via  server.py:115
                             LEAN_MCP_DISABLED_TOOLS                            
                    INFO     Disabled tool 'lean_goal' via         server.py:115
                             LEAN_MCP_DISABLED_TOOLS                            
                    INFO     Disabled tool 'lean_hover_info' via   server.py:115
                             LEAN_MCP_DISABLED_TOOLS                            
                    INFO     Disabled tool 'lean_references' via   server.py:115
                             LEAN_MCP_DISABLED_TOOLS                            
                    INFO     Disabled tool 'lean_term_goal' via    server.py:115
                             LEAN_MCP_DISABLED_TOOLS                            
                    INFO     REPL enabled, using:                  server.py:322
                             /home/amirnabiyev/Conjecture_Prover/.              
                             lake/packages/repl/.lake/build/bin/re              
                             pl                                                 
                    INFO     REPL initialized: timeout=60s         server.py:325
[09/08/26 20:30:06] INFO     Session ending — cleaning up          server.py:360
                             per-session resources                              
[09/08/26 20:30:19] INFO     Disabled tool 'lean_build' via        server.py:115
                             LEAN_MCP_DISABLED_TOOLS                            
                    INFO     Disabled tool 'lean_completions' via  server.py:115
                             LEAN_MCP_DISABLED_TOOLS                            
                    INFO     Disabled tool 'lean_declaration_file' server.py:115
                             via LEAN_MCP_DISABLED_TOOLS                        
                    INFO     Disabled tool                         server.py:115
                             'lean_diagnostic_messages' via                     
                             LEAN_MCP_DISABLED_TOOLS                            
                    INFO     Disabled tool 'lean_file_outline' via server.py:115
                             LEAN_MCP_DISABLED_TOOLS                            
                    INFO     Disabled tool                         server.py:115
                             'lean_get_widget_source' via                       
                             LEAN_MCP_DISABLED_TOOLS                            
                    INFO     Disabled tool 'lean_get_widgets' via  server.py:115
                             LEAN_MCP_DISABLED_TOOLS                            
                    INFO     Disabled tool 'lean_goal' via         server.py:115
                             LEAN_MCP_DISABLED_TOOLS                            
                    INFO     Disabled tool 'lean_hover_info' via   server.py:115
                             LEAN_MCP_DISABLED_TOOLS                            
                    INFO     Disabled tool 'lean_references' via   server.py:115
                             LEAN_MCP_DISABLED_TOOLS                            
                    INFO     Disabled tool 'lean_term_goal' via    server.py:115
                             LEAN_MCP_DISABLED_TOOLS                            
                    INFO     REPL enabled, using:                  server.py:322
                             /home/amirnabiyev/Conjecture_Prover/.              
                             lake/packages/repl/.lake/build/bin/re              
                             pl                                                 
                    INFO     REPL initialized: timeout=60s         server.py:325
[09/08/26 20:30:25] INFO     Session ending — cleaning up          server.py:360
                             per-session resources                              
[09/08/26 20:30:30] INFO     Disabled tool 'lean_build' via        server.py:115
                             LEAN_MCP_DISABLED_TOOLS                            
                    INFO     Disabled tool 'lean_completions' via  server.py:115
                             LEAN_MCP_DISABLED_TOOLS                            
                    INFO     Disabled tool 'lean_declaration_file' server.py:115
                             via LEAN_MCP_DISABLED_TOOLS                        
                    INFO     Disabled tool                         server.py:115
                             'lean_diagnostic_messages' via                     
                             LEAN_MCP_DISABLED_TOOLS                            
                    INFO     Disabled tool 'lean_file_outline' via server.py:115
                             LEAN_MCP_DISABLED_TOOLS                            
                    INFO     Disabled tool                         server.py:115
                             'lean_get_widget_source' via                       
                             LEAN_MCP_DISABLED_TOOLS                            
                    INFO     Disabled tool 'lean_get_widgets' via  server.py:115
                             LEAN_MCP_DISABLED_TOOLS                            
                    INFO     Disabled tool 'lean_goal' via         server.py:115
                             LEAN_MCP_DISABLED_TOOLS                            
                    INFO     Disabled tool 'lean_hover_info' via   server.py:115
                             LEAN_MCP_DISABLED_TOOLS                            
                    INFO     Disabled tool 'lean_references' via   server.py:115
                             LEAN_MCP_DISABLED_TOOLS                            
                    INFO     Disabled tool 'lean_term_goal' via    server.py:115
                             LEAN_MCP_DISABLED_TOOLS                            
                    INFO     REPL enabled, using:                  server.py:322
                             /home/amirnabiyev/Conjecture_Prover/.              
                             lake/packages/repl/.lake/build/bin/re              
                             pl                                                 
                    INFO     REPL initialized: timeout=60s         server.py:325
[09/08/26 20:30:37] INFO     Session ending — cleaning up          server.py:360
                             per-session resources                              
[09/08/26 20:30:57] INFO     Disabled tool 'lean_build' via        server.py:115
                             LEAN_MCP_DISABLED_TOOLS                            
                    INFO     Disabled tool 'lean_completions' via  server.py:115
                             LEAN_MCP_DISABLED_TOOLS                            
                    INFO     Disabled tool 'lean_declaration_file' server.py:115
                             via LEAN_MCP_DISABLED_TOOLS                        
                    INFO     Disabled tool                         server.py:115
                             'lean_diagnostic_messages' via                     
                             LEAN_MCP_DISABLED_TOOLS                            
                    INFO     Disabled tool 'lean_file_outline' via server.py:115
                             LEAN_MCP_DISABLED_TOOLS                            
                    INFO     Disabled tool                         server.py:115
                             'lean_get_widget_source' via                       
                             LEAN_MCP_DISABLED_TOOLS                            
                    INFO     Disabled tool 'lean_get_widgets' via  server.py:115
                             LEAN_MCP_DISABLED_TOOLS                            
                    INFO     Disabled tool 'lean_goal' via         server.py:115
                             LEAN_MCP_DISABLED_TOOLS                            
                    INFO     Disabled tool 'lean_hover_info' via   server.py:115
                             LEAN_MCP_DISABLED_TOOLS                            
                    INFO     Disabled tool 'lean_references' via   server.py:115
                             LEAN_MCP_DISABLED_TOOLS                            
                    INFO     Disabled tool 'lean_term_goal' via    server.py:115
                             LEAN_MCP_DISABLED_TOOLS                            
                    INFO     REPL enabled, using:                  server.py:322
                             /home/amirnabiyev/Conjecture_Prover/.              
                             lake/packages/repl/.lake/build/bin/re              
                             pl                                                 
                    INFO     REPL initialized: timeout=60s         server.py:325
[09/08/26 20:31:04] INFO     Session ending — cleaning up          server.py:360
                             per-session resources                              
[09/08/26 20:31:12] INFO     Disabled tool 'lean_build' via        server.py:115
                             LEAN_MCP_DISABLED_TOOLS                            
                    INFO     Disabled tool 'lean_completions' via  server.py:115
                             LEAN_MCP_DISABLED_TOOLS                            
                    INFO     Disabled tool 'lean_declaration_file' server.py:115
                             via LEAN_MCP_DISABLED_TOOLS                        
                    INFO     Disabled tool                         server.py:115
                             'lean_diagnostic_messages' via                     
                             LEAN_MCP_DISABLED_TOOLS                            
                    INFO     Disabled tool 'lean_file_outline' via server.py:115
                             LEAN_MCP_DISABLED_TOOLS                            
                    INFO     Disabled tool                         server.py:115
                             'lean_get_widget_source' via                       
                             LEAN_MCP_DISABLED_TOOLS                            
                    INFO     Disabled tool 'lean_get_widgets' via  server.py:115
                             LEAN_MCP_DISABLED_TOOLS                            
                    INFO     Disabled tool 'lean_goal' via         server.py:115
                             LEAN_MCP_DISABLED_TOOLS                            
                    INFO     Disabled tool 'lean_hover_info' via   server.py:115
                             LEAN_MCP_DISABLED_TOOLS                            
                    INFO     Disabled tool 'lean_references' via   server.py:115
                             LEAN_MCP_DISABLED_TOOLS                            
                    INFO     Disabled tool 'lean_term_goal' via    server.py:115
                             LEAN_MCP_DISABLED_TOOLS                            
                    INFO     REPL enabled, using:                  server.py:322
                             /home/amirnabiyev/Conjecture_Prover/.              
                             lake/packages/repl/.lake/build/bin/re              
                             pl                                                 
                    INFO     REPL initialized: timeout=60s         server.py:325
[09/08/26 20:31:18] INFO     Session ending — cleaning up          server.py:360
                             per-session resources                              
[09/08/26 20:31:30] INFO     Disabled tool 'lean_build' via        server.py:115
                             LEAN_MCP_DISABLED_TOOLS                            
                    INFO     Disabled tool 'lean_completions' via  server.py:115
                             LEAN_MCP_DISABLED_TOOLS                            
                    INFO     Disabled tool 'lean_declaration_file' server.py:115
                             via LEAN_MCP_DISABLED_TOOLS                        
                    INFO     Disabled tool                         server.py:115
                             'lean_diagnostic_messages' via                     
                             LEAN_MCP_DISABLED_TOOLS                            
                    INFO     Disabled tool 'lean_file_outline' via server.py:115
                             LEAN_MCP_DISABLED_TOOLS                            
                    INFO     Disabled tool                         server.py:115
                             'lean_get_widget_source' via                       
                             LEAN_MCP_DISABLED_TOOLS                            
                    INFO     Disabled tool 'lean_get_widgets' via  server.py:115
                             LEAN_MCP_DISABLED_TOOLS                            
                    INFO     Disabled tool 'lean_goal' via         server.py:115
                             LEAN_MCP_DISABLED_TOOLS                            
                    INFO     Disabled tool 'lean_hover_info' via   server.py:115
                             LEAN_MCP_DISABLED_TOOLS                            
                    INFO     Disabled tool 'lean_references' via   server.py:115
                             LEAN_MCP_DISABLED_TOOLS                            
                    INFO     Disabled tool 'lean_term_goal' via    server.py:115
                             LEAN_MCP_DISABLED_TOOLS                            
                    INFO     REPL enabled, using:                  server.py:322
                             /home/amirnabiyev/Conjecture_Prover/.              
                             lake/packages/repl/.lake/build/bin/re              
                             pl                                                 
                    INFO     REPL initialized: timeout=60s         server.py:325
                    INFO     Session ending — cleaning up          server.py:360
                             per-session resources                              

   Unproved lemmas to address: Problem94.zeroSet_infinite_contains_ap, Problem94.zeroSet_mem_iff_ker
     • Problem94.zeroSet_mem_iff_ker: [Turn 12] [FINAL PROPOSAL]
status: VERIFIED
new_str:
```lean
lemma zeroSet_mem_iff_ker (n : ℕ) :
    n ∈ zeroSet f ϕ I ↔...
     • Problem94.zeroSet_infinite_contains_ap: [Turn 12] [FINAL PROPOSAL]
status: VERIFIED
new_str:
```lean
/--
The core dichotomy (the "infinite case" of the target t...
======================================================================

   💬 BR AI says: Let me re-read the revised file and validate it.
   🛠️  BR AI made 1 tool call(s):
 → read_workspace
   🚦 Routing: blueprint_refiner → tools_br
   🚦 Routing: tool_node → blueprint_refiner

======================================================================
🔧 BLUEPRINT REFINER: Revising blueprint based on prover feedback
   Unproved lemmas to address: Problem94.zeroSet_infinite_contains_ap, Problem94.zeroSet_mem_iff_ker
     • Problem94.zeroSet_mem_iff_ker: [Turn 12] [FINAL PROPOSAL]
status: VERIFIED
new_str:
```lean
lemma zeroSet_mem_iff_ker (n : ℕ) :
    n ∈ zeroSet f ϕ I ↔...
     • Problem94.zeroSet_infinite_contains_ap: [Turn 12] [FINAL PROPOSAL]
status: VERIFIED
new_str:
```lean
/--
The core dichotomy (the "infinite case" of the target t...
======================================================================

   💬 BR AI says: The file now has clarified annotations while all statements, dependencies (`sorry_using` lists), and PROVED proof bodies are preserved. Let me validate.
   🛠️  BR AI made 1 tool call(s):
 → lean_diagnostic_messages
   🚦 Routing: blueprint_refiner → tools_br
   🚦 Routing: tool_node → blueprint_refiner

======================================================================
🔧 BLUEPRINT REFINER: Revising blueprint based on prover feedback
   Unproved lemmas to address: Problem94.zeroSet_infinite_contains_ap, Problem94.zeroSet_mem_iff_ker
     • Problem94.zeroSet_mem_iff_ker: [Turn 12] [FINAL PROPOSAL]
status: VERIFIED
new_str:
```lean
lemma zeroSet_mem_iff_ker (n : ℕ) :
    n ∈ zeroSet f ϕ I ↔...
     • Problem94.zeroSet_infinite_contains_ap: [Turn 12] [FINAL PROPOSAL]
status: VERIFIED
new_str:
```lean
/--
The core dichotomy (the "infinite case" of the target t...
======================================================================

   💬 BR AI says: The file compiles cleanly — only the expected `sorry_using` warnings and pre-existing unused-section-var lints remain (no real errors). Now let me regenerate the blueprint dependency graph.
   🛠️  BR AI made 1 tool call(s):
 → build_blueprint_json
   🚦 Routing: blueprint_refiner → tools_br
   🚦 Routing: tool_node → blueprint_refiner

======================================================================
🔧 BLUEPRINT REFINER: Revising blueprint based on prover feedback
   Unproved lemmas to address: Problem94.zeroSet_infinite_contains_ap, Problem94.zeroSet_mem_iff_ker
     • Problem94.zeroSet_mem_iff_ker: [Turn 12] [FINAL PROPOSAL]
status: VERIFIED
new_str:
```lean
lemma zeroSet_mem_iff_ker (n : ℕ) :
    n ∈ zeroSet f ϕ I ↔...
     • Problem94.zeroSet_infinite_contains_ap: [Turn 12] [FINAL PROPOSAL]
status: VERIFIED
new_str:
```lean
/--
The core dichotomy (the "infinite case" of the target t...
======================================================================

   🛠️  BR AI made 1 tool call(s):
 → read_workspace
   🚦 Routing: blueprint_refiner → tools_br
   🚦 Routing: tool_node → blueprint_refiner

======================================================================
🔧 BLUEPRINT REFINER: Revising blueprint based on prover feedback
   Unproved lemmas to address: Problem94.zeroSet_infinite_contains_ap, Problem94.zeroSet_mem_iff_ker
     • Problem94.zeroSet_mem_iff_ker: [Turn 12] [FINAL PROPOSAL]
status: VERIFIED
new_str:
```lean
lemma zeroSet_mem_iff_ker (n : ℕ) :
    n ∈ zeroSet f ϕ I ↔...
     • Problem94.zeroSet_infinite_contains_ap: [Turn 12] [FINAL PROPOSAL]
status: VERIFIED
new_str:
```lean
/--
The core dichotomy (the "infinite case" of the target t...
======================================================================

   💬 BR AI says: The blueprint is validated and regenerated. Here's a summary of the revision round.

## Summary of changes

**Verdict on the two failing nodes** — neither statement was broken; the prover feedback for both was re-examined before any edit:

- **`Problem94.zeroSet_mem_iff_ker`** (PROOF_TOO_HARD, but a complete proof was verified in the feedback): the statement is correct and is a short `rw [zeroSet_mem_iff]`-style consequence of `zeroSet_mem_iff`. No structural change needed. I only enriched the b
      ... (2454 total chars)
   🚦 Routing: blueprint_refiner → rebuild_blueprint

🔄 REBUILD BLUEPRINT: Refreshing blueprint state from JSON...
   📊 7 lemmas, 5 proved
   📊 Blueprint: 7 nodes, root='Problem94.zeroSet_finite_or_contain_arithmetic_progression'
   🚦 Routing: rebuild_blueprint → theorem_proving
   🚀 theorem_proving: dispatching 2 parallel agent(s) (skipped 0 without sorry_using)
      → Problem94.zeroSet_mem_iff_ker
      → Problem94.zeroSet_infinite_contains_ap

============================================================
🔍 PROVE LEMMA: Problem94.zeroSet_mem_iff_ker  (max 12 turns)
============================================================


============================================================
🔍 PROVE LEMMA: Problem94.zeroSet_infinite_contains_ap  (max 12 turns)
============================================================

   🔌 MCP client ready for lemma 'Problem94.zeroSet_infinite_contains_ap' (proof-only mode)
   🔌 MCP client ready for lemma 'Problem94.zeroSet_mem_iff_ker' (proof-only mode)
   🛠️  PL-Problem94.zeroSet_mem_iff_ker AI made 2 tool call(s):
 → lean_local_search
 → lean_local_search
   🛠️  PL-Problem94.zeroSet_infinite_contains_ap AI made 3 tool call(s):
 → lean_local_search
 → lean_local_search
 → lean_local_search
   🛠️  PL-Problem94.zeroSet_mem_iff_ker AI made 2 tool call(s):
 → lean_local_search
 → lean_local_search
   🛠️  PL-Problem94.zeroSet_infinite_contains_ap AI made 2 tool call(s):
 → lean_local_search
 → lean_local_search
   🛠️  PL-Problem94.zeroSet_mem_iff_ker AI made 1 tool call(s):
 → lean_run_code
   🛠️  PL-Problem94.zeroSet_infinite_contains_ap AI made 1 tool call(s):
 → lean_run_code
   🛠️  PL-Problem94.zeroSet_mem_iff_ker AI made 1 tool call(s):
 → lean_run_code
   🛠️  PL-Problem94.zeroSet_infinite_contains_ap AI made 1 tool call(s):
 → lean_run_code
   💬 PL-Problem94.zeroSet_mem_iff_ker AI says: Now let me test a candidate proof with the full context:
   🛠️  PL-Problem94.zeroSet_mem_iff_ker AI made 1 tool call(s):
 → lean_run_code
   💬 PL-Problem94.zeroSet_mem_iff_ker AI says: The forward direction works. The backward branch needs `simpa` to bridge the AlgHom/RingHom coercion of the power. Let me patch:
   🛠️  PL-Problem94.zeroSet_mem_iff_ker AI made 1 tool call(s):
 → lean_run_code
   💬 PL-Problem94.zeroSet_mem_iff_ker AI says: The proof compiles cleanly against the real file. Let me verify the final proof body once more in the exact form that will be inserted (unqualified names, relying on section variables):
   🛠️  PL-Problem94.zeroSet_mem_iff_ker AI made 1 tool call(s):
 → lean_run_code
   🛠️  PL-Problem94.zeroSet_infinite_contains_ap AI made 1 tool call(s):
 → lean_local_search
   💬 PL-Problem94.zeroSet_mem_iff_ker AI says: The failure in the last run is only due to snippet scoping — the imported file's section variables (`k`, `A`, `f`, `ϕ`, `I`, and the typeclass instances) aren't active in an isolated snippet unless explicitly bound, which the earlier full-context test (test 2, identical proof body) confirmed compiles. Since the aggregator inserts the body into the file where those variables are in scope, the proof is valid.

1. Target: `Problem94.zeroSet_mem_iff_ker`
2. Status: VERIFIED
3. Validated Lean code bl
      ... (2522 total chars)
   💬 PL-Problem94.zeroSet_mem_iff_ker AI says: 1. Target: `Problem94.zeroSet_mem_iff_ker`
2. Status: VERIFIED
3. Validated Lean code block (ready for insertion, matching `decl_text` environment):

```lean
lemma zeroSet_mem_iff_ker (n : ℕ) :
    n ∈ zeroSet f ϕ I ↔ Ideal.map (f ^ n : A →+* A) I ≤ RingHom.ker (ϕ : A →+* k) := by
  rw [zeroSet_mem_iff]
  constructor
  · intro h
    rw [Ideal.map_le_iff_le_comap]
    intro x hx
    rw [Ideal.mem_comap, RingHom.mem_ker]
    simpa using h x hx
  · intro h x hx
    simpa using (RingHom.mem_ker.mp ([09/08/26 20:31:43] INFO     Disabled tool 'lean_build' via        server.py:115
                             LEAN_MCP_DISABLED_TOOLS                            
                    INFO     Disabled tool 'lean_completions' via  server.py:115
                             LEAN_MCP_DISABLED_TOOLS                            
                    INFO     Disabled tool 'lean_declaration_file' server.py:115
                             via LEAN_MCP_DISABLED_TOOLS                        
                    INFO     Disabled tool                         server.py:115
                             'lean_diagnostic_messages' via                     
                             LEAN_MCP_DISABLED_TOOLS                            
                    INFO     Disabled tool 'lean_file_outline' via server.py:115
                             LEAN_MCP_DISABLED_TOOLS                            
                    INFO     Disabled tool                         server.py:115
                             'lean_get_widget_source' via                       
                             LEAN_MCP_DISABLED_TOOLS                            
                    INFO     Disabled tool 'lean_get_widgets' via  server.py:115
                             LEAN_MCP_DISABLED_TOOLS                            
                    INFO     Disabled tool 'lean_goal' via         server.py:115
                             LEAN_MCP_DISABLED_TOOLS                            
                    INFO     Disabled tool 'lean_hover_info' via   server.py:115
                             LEAN_MCP_DISABLED_TOOLS                            
                    INFO     Disabled tool 'lean_references' via   server.py:115
                             LEAN_MCP_DISABLED_TOOLS                            
                    INFO     Disabled tool 'lean_term_goal' via    server.py:115
                             LEAN_MCP_DISABLED_TOOLS                            
                    INFO     REPL enabled, using:                  server.py:322
                             /home/amirnabiyev/Conjecture_Prover/.              
                             lake/packages/repl/.lake/build/bin/re              
                             pl                                                 
                    INFO     REPL initialized: timeout=60s         server.py:325
[09/08/26 20:31:49] INFO     Session ending — cleaning up          server.py:360
                             per-session resources                              
[09/08/26 20:31:56] INFO     Disabled tool 'lean_build' via        server.py:115
                             LEAN_MCP_DISABLED_TOOLS                            
                    INFO     Disabled tool 'lean_completions' via  server.py:115
                             LEAN_MCP_DISABLED_TOOLS                            
                    INFO     Disabled tool 'lean_declaration_file' server.py:115
                             via LEAN_MCP_DISABLED_TOOLS                        
                    INFO     Disabled tool                         server.py:115
                             'lean_diagnostic_messages' via                     
                             LEAN_MCP_DISABLED_TOOLS                            
                    INFO     Disabled tool 'lean_file_outline' via server.py:115
                             LEAN_MCP_DISABLED_TOOLS                            
                    INFO     Disabled tool                         server.py:115
                             'lean_get_widget_source' via                       
                             LEAN_MCP_DISABLED_TOOLS                            
                    INFO     Disabled tool 'lean_get_widgets' via  server.py:115
                             LEAN_MCP_DISABLED_TOOLS                            
                    INFO     Disabled tool 'lean_goal' via         server.py:115
                             LEAN_MCP_DISABLED_TOOLS                            
                    INFO     Disabled tool 'lean_hover_info' via   server.py:115
                             LEAN_MCP_DISABLED_TOOLS                            
                    INFO     Disabled tool 'lean_references' via   server.py:115
                             LEAN_MCP_DISABLED_TOOLS                            
                    INFO     Disabled tool 'lean_term_goal' via    server.py:115
                             LEAN_MCP_DISABLED_TOOLS                            
                    INFO     REPL enabled, using:                  server.py:322
                             /home/amirnabiyev/Conjecture_Prover/.              
                             lake/packages/repl/.lake/build/bin/re              
                             pl                                                 
                    INFO     REPL initialized: timeout=60s         server.py:325
[09/08/26 20:32:02] INFO     Session ending — cleaning up          server.py:360
                             per-session resources                              
[09/08/26 20:32:12] INFO     Disabled tool 'lean_build' via        server.py:115
                             LEAN_MCP_DISABLED_TOOLS                            
                    INFO     Disabled tool 'lean_completions' via  server.py:115
                             LEAN_MCP_DISABLED_TOOLS                            
                    INFO     Disabled tool 'lean_declaration_file' server.py:115
                             via LEAN_MCP_DISABLED_TOOLS                        
                    INFO     Disabled tool                         server.py:115
                             'lean_diagnostic_messages' via                     
                             LEAN_MCP_DISABLED_TOOLS                            
                    INFO     Disabled tool 'lean_file_outline' via server.py:115
                             LEAN_MCP_DISABLED_TOOLS                            
                    INFO     Disabled tool                         server.py:115
                             'lean_get_widget_source' via                       
                             LEAN_MCP_DISABLED_TOOLS                            
                    INFO     Disabled tool 'lean_get_widgets' via  server.py:115
                             LEAN_MCP_DISABLED_TOOLS                            
                    INFO     Disabled tool 'lean_goal' via         server.py:115
                             LEAN_MCP_DISABLED_TOOLS                            
                    INFO     Disabled tool 'lean_hover_info' via   server.py:115
                             LEAN_MCP_DISABLED_TOOLS                            
                    INFO     Disabled tool 'lean_references' via   server.py:115
                             LEAN_MCP_DISABLED_TOOLS                            
                    INFO     Disabled tool 'lean_term_goal' via    server.py:115
                             LEAN_MCP_DISABLED_TOOLS                            
                    INFO     REPL enabled, using:                  server.py:322
                             /home/amirnabiyev/Conjecture_Prover/.              
                             lake/packages/repl/.lake/build/bin/re              
                             pl                                                 
                    INFO     REPL initialized: timeout=60s         server.py:325
[09/08/26 20:32:18] INFO     Session ending — cleaning up          server.py:360
                             per-session resources                              
[09/08/26 20:32:49] INFO     Disabled tool 'lean_build' via        server.py:115
                             LEAN_MCP_DISABLED_TOOLS                            
                    INFO     Disabled tool 'lean_completions' via  server.py:115
                             LEAN_MCP_DISABLED_TOOLS                            
                    INFO     Disabled tool 'lean_declaration_file' server.py:115
                             via LEAN_MCP_DISABLED_TOOLS                        
                    INFO     Disabled tool                         server.py:115
                             'lean_diagnostic_messages' via                     
                             LEAN_MCP_DISABLED_TOOLS                            
                    INFO     Disabled tool 'lean_file_outline' via server.py:115
                             LEAN_MCP_DISABLED_TOOLS                            
                    INFO     Disabled tool                         server.py:115
                             'lean_get_widget_source' via                       
                             LEAN_MCP_DISABLED_TOOLS                            
                    INFO     Disabled tool 'lean_get_widgets' via  server.py:115
                             LEAN_MCP_DISABLED_TOOLS                            
                    INFO     Disabled tool 'lean_goal' via         server.py:115
                             LEAN_MCP_DISABLED_TOOLS                            
                    INFO     Disabled tool 'lean_hover_info' via   server.py:115
                             LEAN_MCP_DISABLED_TOOLS                            
                    INFO     Disabled tool 'lean_references' via   server.py:115
                             LEAN_MCP_DISABLED_TOOLS                            
                    INFO     Disabled tool 'lean_term_goal' via    server.py:115
                             LEAN_MCP_DISABLED_TOOLS                            
                    INFO     REPL enabled, using:                  server.py:322
                             /home/amirnabiyev/Conjecture_Prover/.              
                             lake/packages/repl/.lake/build/bin/re              
                             pl                                                 
                    INFO     REPL initialized: timeout=60s         server.py:325
[09/08/26 20:32:50] INFO     Session ending — cleaning up          server.py:360
                             per-session resources                              
[09/08/26 20:32:52] INFO     Disabled tool 'lean_build' via        server.py:115
                             LEAN_MCP_DISABLED_TOOLS                            
                    INFO     Disabled tool 'lean_completions' via  server.py:115
                             LEAN_MCP_DISABLED_TOOLS                            
                    INFO     Disabled tool 'lean_declaration_file' server.py:115
                             via LEAN_MCP_DISABLED_TOOLS                        
                    INFO     Disabled tool                         server.py:115
                             'lean_diagnostic_messages' via                     
                             LEAN_MCP_DISABLED_TOOLS                            
                    INFO     Disabled tool 'lean_file_outline' via server.py:115
                             LEAN_MCP_DISABLED_TOOLS                            
                    INFO     Disabled tool                         server.py:115
                             'lean_get_widget_source' via                       
                             LEAN_MCP_DISABLED_TOOLS                            
                    INFO     Disabled tool 'lean_get_widgets' via  server.py:115
                             LEAN_MCP_DISABLED_TOOLS                            
                    INFO     Disabled tool 'lean_goal' via         server.py:115
                             LEAN_MCP_DISABLED_TOOLS                            
                    INFO     Disabled tool 'lean_hover_info' via   server.py:115
                             LEAN_MCP_DISABLED_TOOLS                            
                    INFO     Disabled tool 'lean_references' via   server.py:115
                             LEAN_MCP_DISABLED_TOOLS                            
                    INFO     Disabled tool 'lean_term_goal' via    server.py:115
                             LEAN_MCP_DISABLED_TOOLS                            
                    INFO     REPL enabled, using:                  server.py:322
                             /home/amirnabiyev/Conjecture_Prover/.              
                             lake/packages/repl/.lake/build/bin/re              
                             pl                                                 
                    INFO     REPL initialized: timeout=60s         server.py:325
[09/08/26 20:32:58] INFO     Session ending — cleaning up          server.py:360
                             per-session resources                              
[09/08/26 20:33:15] INFO     Disabled tool 'lean_build' via        server.py:115
                             LEAN_MCP_DISABLED_TOOLS                            
                    INFO     Disabled tool 'lean_completions' via  server.py:115
                             LEAN_MCP_DISABLED_TOOLS                            
                    INFO     Disabled tool 'lean_declaration_file' server.py:115
                             via LEAN_MCP_DISABLED_TOOLS                        
                    INFO     Disabled tool                         server.py:115
                             'lean_diagnostic_messages' via                     
                             LEAN_MCP_DISABLED_TOOLS                            
                    INFO     Disabled tool 'lean_file_outline' via server.py:115
                             LEAN_MCP_DISABLED_TOOLS                            
                    INFO     Disabled tool                         server.py:115
                             'lean_get_widget_source' via                       
                             LEAN_MCP_DISABLED_TOOLS                            
                    INFO     Disabled tool 'lean_get_widgets' via  server.py:115
                             LEAN_MCP_DISABLED_TOOLS                            
                    INFO     Disabled tool 'lean_goal' via         server.py:115
                             LEAN_MCP_DISABLED_TOOLS                            
                    INFO     Disabled tool 'lean_hover_info' via   server.py:115
                             LEAN_MCP_DISABLED_TOOLS                            
                    INFO     Disabled tool 'lean_references' via   server.py:115
                             LEAN_MCP_DISABLED_TOOLS                            
                    INFO     Disabled tool 'lean_term_goal' via    server.py:115
                             LEAN_MCP_DISABLED_TOOLS                            
                    INFO     REPL enabled, using:                  server.py:322
                             /home/amirnabiyev/Conjecture_Prover/.              
                             lake/packages/repl/.lake/build/bin/re              
                             pl                                                 
                    INFO     REPL initialized: timeout=60s         server.py:325
[09/08/26 20:33:22] INFO     Session ending — cleaning up          server.py:360
                             per-session resources                              
[09/08/26 20:33:38] INFO     REPL enabled, using:                  server.py:322
                             /home/amirnabiyev/Conjecture_Prover/.              
                             lake/packages/repl/.lake/build/bin/re              
                             pl                                                 
                    INFO     REPL initialized: timeout=60s         server.py:325
                    INFO     Session ending — cleaning up          server.py:360
                             per-session resources                              
[09/08/26 20:33:40] INFO     REPL enabled, using:                  server.py:322
                             /home/amirnabiyev/Conjecture_Prover/.              
                             lake/packages/repl/.lake/build/bin/re              
                             pl                                                 
                    INFO     REPL initialized: timeout=60s         server.py:325
                    INFO     Session ending — cleaning up          server.py:360
                             per-session resources                              
[09/08/26 20:33:48] INFO     Disabled tool 'lean_build' via        server.py:115
                             LEAN_MCP_DISABLED_TOOLS                            
                    INFO     Disabled tool 'lean_completions' via  server.py:115
                             LEAN_MCP_DISABLED_TOOLS                            
                    INFO     Disabled tool 'lean_declaration_file' server.py:115
                             via LEAN_MCP_DISABLED_TOOLS                        
                    INFO     Disabled tool                         server.py:115
                             'lean_diagnostic_messages' via                     
                             LEAN_MCP_DISABLED_TOOLS                            
                    INFO     Disabled tool 'lean_file_outline' via server.py:115
                             LEAN_MCP_DISABLED_TOOLS                            
                    INFO     Disabled tool                         server.py:115
                             'lean_get_widget_source' via                       
                             LEAN_MCP_DISABLED_TOOLS                            
                    INFO     Disabled tool 'lean_get_widgets' via  server.py:115
                             LEAN_MCP_DISABLED_TOOLS                            
                    INFO     Disabled tool 'lean_goal' via         server.py:115
                             LEAN_MCP_DISABLED_TOOLS                            
                    INFO     Disabled tool 'lean_hover_info' via   server.py:115
                             LEAN_MCP_DISABLED_TOOLS                            
                    INFO     Disabled tool 'lean_references' via   server.py:115
                             LEAN_MCP_DISABLED_TOOLS                            
                    INFO     Disabled tool 'lean_term_goal' via    server.py:115
                             LEAN_MCP_DISABLED_TOOLS                            
                    INFO     REPL enabled, using:                  server.py:322
                             /home/amirnabiyev/Conjecture_Prover/.              
                             lake/packages/repl/.lake/build/bin/re              
                             pl                                                 
                    INFO     REPL initialized: timeout=60s         server.py:325
[09/08/26 20:33:48] INFO     Disabled tool 'lean_build' via        server.py:115
                             LEAN_MCP_DISABLED_TOOLS                            
                    INFO     Session ending — cleaning up          server.py:360
                             per-session resources                              
                    INFO     Disabled tool 'lean_completions' via  server.py:115
                             LEAN_MCP_DISABLED_TOOLS                            
                    INFO     Disabled tool 'lean_declaration_file' server.py:115
                             via LEAN_MCP_DISABLED_TOOLS                        
                    INFO     Disabled tool                         server.py:115
                             'lean_diagnostic_messages' via                     
                             LEAN_MCP_DISABLED_TOOLS                            
                    INFO     Disabled tool 'lean_file_outline' via server.py:115
                             LEAN_MCP_DISABLED_TOOLS                            
                    INFO     Disabled tool                         server.py:115
                             'lean_get_widget_source' via                       
                             LEAN_MCP_DISABLED_TOOLS                            
                    INFO     Disabled tool 'lean_get_widgets' via  server.py:115
                             LEAN_MCP_DISABLED_TOOLS                            
                    INFO     Disabled tool 'lean_goal' via         server.py:115
                             LEAN_MCP_DISABLED_TOOLS                            
                    INFO     Disabled tool 'lean_hover_info' via   server.py:115
                             LEAN_MCP_DISABLED_TOOLS                            
                    INFO     Disabled tool 'lean_references' via   server.py:115
                             LEAN_MCP_DISABLED_TOOLS                            
                    INFO     Disabled tool 'lean_term_goal' via    server.py:115
                             LEAN_MCP_DISABLED_TOOLS                            
                    INFO     REPL enabled, using:                  server.py:322
                             /home/amirnabiyev/Conjecture_Prover/.              
                             lake/packages/repl/.lake/build/bin/re              
                             pl                                                 
                    INFO     REPL initialized: timeout=60s         server.py:325
                    INFO     Session ending — cleaning up          server.py:360
                             per-session resources                              
[09/08/26 20:33:52] INFO     Disabled tool 'lean_build' via        server.py:115
                             LEAN_MCP_DISABLED_TOOLS                            
                    INFO     Disabled tool 'lean_completions' via  server.py:115
                             LEAN_MCP_DISABLED_TOOLS                            
                    INFO     Disabled tool 'lean_declaration_file' server.py:115
                             via LEAN_MCP_DISABLED_TOOLS                        
                    INFO     Disabled tool                         server.py:115
                             'lean_diagnostic_messages' via                     
                             LEAN_MCP_DISABLED_TOOLS                            
                    INFO     Disabled tool 'lean_file_outline' via server.py:115
                             LEAN_MCP_DISABLED_TOOLS                            
                    INFO     Disabled tool                         server.py:115
                             'lean_get_widget_source' via                       
                             LEAN_MCP_DISABLED_TOOLS                            
                    INFO     Disabled tool 'lean_get_widgets' via  server.py:115
                             LEAN_MCP_DISABLED_TOOLS                            
                    INFO     Disabled tool 'lean_goal' via         server.py:115
                             LEAN_MCP_DISABLED_TOOLS                            
                    INFO     Disabled tool 'lean_hover_info' via   server.py:115
                             LEAN_MCP_DISABLED_TOOLS                            
                    INFO     Disabled tool 'lean_references' via   server.py:115
                             LEAN_MCP_DISABLED_TOOLS                            
                    INFO     Disabled tool 'lean_term_goal' via    server.py:115
                             LEAN_MCP_DISABLED_TOOLS                            
                    INFO     REPL enabled, using:                  server.py:322
                             /home/amirnabiyev/Conjecture_Prover/.              
                             lake/packages/repl/.lake/build/bin/re              
                             pl                                                 
                    INFO     REPL initialized: timeout=60s         server.py:325
                    INFO     Session ending — cleaning up          server.py:360
                             per-session resources                              
[09/08/26 20:33:54] INFO     Disabled tool 'lean_build' via        server.py:115
                             LEAN_MCP_DISABLED_TOOLS                            
                    INFO     Disabled tool 'lean_completions' via  server.py:115
                             LEAN_MCP_DISABLED_TOOLS                            
                    INFO     Disabled tool 'lean_declaration_file' server.py:115
                             via LEAN_MCP_DISABLED_TOOLS                        
                    INFO     Disabled tool                         server.py:115
                             'lean_diagnostic_messages' via                     
                             LEAN_MCP_DISABLED_TOOLS                            
                    INFO     Disabled tool 'lean_file_outline' via server.py:115
                             LEAN_MCP_DISABLED_TOOLS                            
                    INFO     Disabled tool                         server.py:115
                             'lean_get_widget_source' via                       
                             LEAN_MCP_DISABLED_TOOLS                            
                    INFO     Disabled tool 'lean_get_widgets' via  server.py:115
                             LEAN_MCP_DISABLED_TOOLS                            
                    INFO     Disabled tool 'lean_goal' via         server.py:115
                             LEAN_MCP_DISABLED_TOOLS                            
                    INFO     Disabled tool 'lean_hover_info' via   server.py:115
                             LEAN_MCP_DISABLED_TOOLS                            
                    INFO     Disabled tool 'lean_references' via   server.py:115
                             LEAN_MCP_DISABLED_TOOLS                            
                    INFO     Disabled tool 'lean_term_goal' via    server.py:115
                             LEAN_MCP_DISABLED_TOOLS                            
                    INFO     REPL enabled, using:                  server.py:322
                             /home/amirnabiyev/Conjecture_Prover/.              
                             lake/packages/repl/.lake/build/bin/re              
                             pl                                                 
                    INFO     REPL initialized: timeout=60s         server.py:325
                    INFO     Session ending — cleaning up          server.py:360
                             per-session resources                              
[09/08/26 20:33:58] INFO     Disabled tool 'lean_build' via        server.py:115
                             LEAN_MCP_DISABLED_TOOLS                            
                    INFO     Disabled tool 'lean_completions' via  server.py:115
                             LEAN_MCP_DISABLED_TOOLS                            
                    INFO     Disabled tool 'lean_declaration_file' server.py:115
                             via LEAN_MCP_DISABLED_TOOLS                        
                    INFO     Disabled tool                         server.py:115
                             'lean_diagnostic_messages' via                     
                             LEAN_MCP_DISABLED_TOOLS                            
                    INFO     Disabled tool 'lean_file_outline' via server.py:115
                             LEAN_MCP_DISABLED_TOOLS                            
                    INFO     Disabled tool                         server.py:115
                             'lean_get_widget_source' via                       
                             LEAN_MCP_DISABLED_TOOLS                            
                    INFO     Disabled tool 'lean_get_widgets' via  server.py:115
                             LEAN_MCP_DISABLED_TOOLS                            
                    INFO     Disabled tool 'lean_goal' via         server.py:115
                             LEAN_MCP_DISABLED_TOOLS                            
                    INFO     Disabled tool 'lean_hover_info' via   server.py:115
                             LEAN_MCP_DISABLED_TOOLS                            
                    INFO     Disabled tool 'lean_references' via   server.py:115
                             LEAN_MCP_DISABLED_TOOLS                            
                    INFO     Disabled tool 'lean_term_goal' via    server.py:115
                             LEAN_MCP_DISABLED_TOOLS                            
                    INFO     REPL enabled, using:                  server.py:322
                             /home/amirnabiyev/Conjecture_Prover/.              
                             lake/packages/repl/.lake/build/bin/re              
                             pl                                                 
                    INFO     REPL initialized: timeout=60s         server.py:325
[09/08/26 20:33:59] INFO     Session ending — cleaning up          server.py:360
                             per-session resources                              
[09/08/26 20:34:00] INFO     Disabled tool 'lean_build' via        server.py:115
                             LEAN_MCP_DISABLED_TOOLS                            
                    INFO     Disabled tool 'lean_completions' via  server.py:115
                             LEAN_MCP_DISABLED_TOOLS                            
                    INFO     Disabled tool 'lean_declaration_file' server.py:115
                             via LEAN_MCP_DISABLED_TOOLS                        
                    INFO     Disabled tool                         server.py:115
                             'lean_diagnostic_messages' via                     
                             LEAN_MCP_DISABLED_TOOLS                            
                    INFO     Disabled tool 'lean_file_outline' via server.py:115
                             LEAN_MCP_DISABLED_TOOLS                            
                    INFO     Disabled tool                         server.py:115
                             'lean_get_widget_source' via                       
                             LEAN_MCP_DISABLED_TOOLS                            
                    INFO     Disabled tool 'lean_get_widgets' via  server.py:115
                             LEAN_MCP_DISABLED_TOOLS                            
                    INFO     Disabled tool 'lean_goal' via         server.py:115
                             LEAN_MCP_DISABLED_TOOLS                            
                    INFO     Disabled tool 'lean_hover_info' via   server.py:115
                             LEAN_MCP_DISABLED_TOOLS                            
                    INFO     Disabled tool 'lean_references' via   server.py:115
                             LEAN_MCP_DISABLED_TOOLS                            
                    INFO     Disabled tool 'lean_term_goal' via    server.py:115
                             LEAN_MCP_DISABLED_TOOLS                            
                    INFO     REPL enabled, using:                  server.py:322
                             /home/amirnabiyev/Conjecture_Prover/.              
                             lake/packages/repl/.lake/build/bin/re              
                             pl                                                 
                    INFO     REPL initialized: timeout=60s         server.py:325
                    INFO     Session ending — cleaning up          server.py:360
                             per-session resources                              
[09/08/26 20:34:04] INFO     Disabled tool 'lean_build' via        server.py:115
                             LEAN_MCP_DISABLED_TOOLS                            
                    INFO     Disabled tool 'lean_completions' via  server.py:115
                             LEAN_MCP_DISABLED_TOOLS                            
                    INFO     Disabled tool 'lean_declaration_file' server.py:115
                             via LEAN_MCP_DISABLED_TOOLS                        
                    INFO     Disabled tool                         server.py:115
                             'lean_diagnostic_messages' via                     
                             LEAN_MCP_DISABLED_TOOLS                            
                    INFO     Disabled tool 'lean_file_outline' via server.py:115
                             LEAN_MCP_DISABLED_TOOLS                            
                    INFO     Disabled tool                         server.py:115
                             'lean_get_widget_source' via                       
                             LEAN_MCP_DISABLED_TOOLS                            
                    INFO     Disabled tool 'lean_get_widgets' via  server.py:115
                             LEAN_MCP_DISABLED_TOOLS                            
                    INFO     Disabled tool 'lean_goal' via         server.py:115
                             LEAN_MCP_DISABLED_TOOLS                            
                    INFO     Disabled tool 'lean_hover_info' via   server.py:115
                             LEAN_MCP_DISABLED_TOOLS                            
                    INFO     Disabled tool 'lean_references' via   server.py:115
                             LEAN_MCP_DISABLED_TOOLS                            
                    INFO     Disabled tool 'lean_term_goal' via    server.py:115
                             LEAN_MCP_DISABLED_TOOLS                            
                    INFO     REPL enabled, using:                  server.py:322
                             /home/amirnabiyev/Conjecture_Prover/.              
                             lake/packages/repl/.lake/build/bin/re              
                             pl                                                 
                    INFO     REPL initialized: timeout=60s         server.py:325
                    INFO     Session ending — cleaning up          server.py:360
                             per-session resources                              
[09/08/26 20:34:06] INFO     Disabled tool 'lean_build' via        server.py:115
                             LEAN_MCP_DISABLED_TOOLS                            
                    INFO     Disabled tool 'lean_completions' via  server.py:115
                             LEAN_MCP_DISABLED_TOOLS                            
                    INFO     Disabled tool 'lean_declaration_file' server.py:115
                             via LEAN_MCP_DISABLED_TOOLS                        
                    INFO     Disabled tool                         server.py:115
                             'lean_diagnostic_messages' via                     
                             LEAN_MCP_DISABLED_TOOLS                            
                    INFO     Disabled tool 'lean_file_outline' via server.py:115
                             LEAN_MCP_DISABLED_TOOLS                            
                    INFO     Disabled tool                         server.py:115
                             'lean_get_widget_source' via                       
                             LEAN_MCP_DISABLED_TOOLS                            
                    INFO     Disabled tool 'lean_get_widgets' via  server.py:115
                             LEAN_MCP_DISABLED_TOOLS                            
                    INFO     Disabled tool 'lean_goal' via         server.py:115
                             LEAN_MCP_DISABLED_TOOLS                            
                    INFO     Disabled tool 'lean_hover_info' via   server.py:115
                             LEAN_MCP_DISABLED_TOOLS                            
                    INFO     Disabled tool 'lean_references' via   server.py:115
                             LEAN_MCP_DISABLED_TOOLS                            
                    INFO     Disabled tool 'lean_term_goal' via    server.py:115
                             LEAN_MCP_DISABLED_TOOLS                            
                    INFO     REPL enabled, using:                  server.py:322
                             /home/amirnabiyev/Conjecture_Prover/.              
                             lake/packages/repl/.lake/build/bin/re              
                             pl                                                 
                    INFO     REPL initialized: timeout=60s         server.py:325
                    INFO     Session ending — cleaning up          server.py:360
                             per-session resources                              
[09/08/26 20:34:09] INFO     Disabled tool 'lean_build' via        server.py:115
                             LEAN_MCP_DISABLED_TOOLS                            
                    INFO     Disabled tool 'lean_completions' via  server.py:115
                             LEAN_MCP_DISABLED_TOOLS                            
                    INFO     Disabled tool 'lean_declaration_file' server.py:115
                             via LEAN_MCP_DISABLED_TOOLS                        
                    INFO     Disabled tool                         server.py:115
                             'lean_diagnostic_messages' via                     
                             LEAN_MCP_DISABLED_TOOLS                            
                    INFO     Disabled tool 'lean_file_outline' via server.py:115
                             LEAN_MCP_DISABLED_TOOLS                            
                    INFO     Disabled tool                         server.py:115
                             'lean_get_widget_source' via                       
                             LEAN_MCP_DISABLED_TOOLS                            
                    INFO     Disabled tool 'lean_get_widgets' via  server.py:115
                             LEAN_MCP_DISABLED_TOOLS                            
                    INFO     Disabled tool 'lean_goal' via         server.py:115
                             LEAN_MCP_DISABLED_TOOLS                            
                    INFO     Disabled tool 'lean_hover_info' via   server.py:115
                             LEAN_MCP_DISABLED_TOOLS                            
                    INFO     Disabled tool 'lean_references' via   server.py:115
                             LEAN_MCP_DISABLED_TOOLS                            
                    INFO     Disabled tool 'lean_term_goal' via    server.py:115
                             LEAN_MCP_DISABLED_TOOLS                            
                    INFO     REPL enabled, using:                  server.py:322
                             /home/amirnabiyev/Conjecture_Prover/.              
                             lake/packages/repl/.lake/build/bin/re              
                             pl                                                 
                    INFO     REPL initialized: timeout=60s         server.py:325
[09/08/26 20:34:10] INFO     Session ending — cleaning up          server.py:360
                             per-session resources                              
[09/08/26 20:34:11] INFO     Disabled tool 'lean_build' via        server.py:115
                             LEAN_MCP_DISABLED_TOOLS                            
                    INFO     Disabled tool 'lean_completions' via  server.py:115
                             LEAN_MCP_DISABLED_TOOLS                            
                    INFO     Disabled tool 'lean_declaration_file' server.py:115
                             via LEAN_MCP_DISABLED_TOOLS                        
                    INFO     Disabled tool                         server.py:115
                             'lean_diagnostic_messages' via                     
                             LEAN_MCP_DISABLED_TOOLS                            
                    INFO     Disabled tool 'lean_file_outline' via server.py:115
                             LEAN_MCP_DISABLED_TOOLS                            
                    INFO     Disabled tool                         server.py:115
                             'lean_get_widget_source' via                       
                             LEAN_MCP_DISABLED_TOOLS                            
                    INFO     Disabled tool 'lean_get_widgets' via  server.py:115
                             LEAN_MCP_DISABLED_TOOLS                            
                    INFO     Disabled tool 'lean_goal' via         server.py:115
                             LEAN_MCP_DISABLED_TOOLS                            
                    INFO     Disabled tool 'lean_hover_info' via   server.py:115
                             LEAN_MCP_DISABLED_TOOLS                            
                    INFO     Disabled tool 'lean_references' via   server.py:115
                             LEAN_MCP_DISABLED_TOOLS                            
                    INFO     Disabled tool 'lean_term_goal' via    server.py:115
                             LEAN_MCP_DISABLED_TOOLS                            
                    INFO     REPL enabled, using:                  server.py:322
                             /home/amirnabiyev/Conjecture_Prover/.              
                             lake/packages/repl/.lake/build/bin/re              
                             pl                                                 
                    INFO     REPL initialized: timeout=60s         server.py:325
[09/08/26 20:34:12] INFO     Session ending — cleaning up          server.py:360
                             per-session resources                              
[09/08/26 20:34:14] INFO     Disabled tool 'lean_build' via        server.py:115
                             LEAN_MCP_DISABLED_TOOLS                            
                    INFO     Disabled tool 'lean_completions' via  server.py:115
                             LEAN_MCP_DISABLED_TOOLS                            
                    INFO     Disabled tool 'lean_declaration_file' server.py:115
                             via LEAN_MCP_DISABLED_TOOLS                        
                    INFO     Disabled tool                         server.py:115
                             'lean_diagnostic_messages' via                     
                             LEAN_MCP_DISABLED_TOOLS                            
                    INFO     Disabled tool 'lean_file_outline' via server.py:115
                             LEAN_MCP_DISABLED_TOOLS                            
                    INFO     Disabled tool                         server.py:115
                             'lean_get_widget_source' via                       
                             LEAN_MCP_DISABLED_TOOLS                            
                    INFO     Disabled tool 'lean_get_widgets' via  server.py:115
                             LEAN_MCP_DISABLED_TOOLS                            
                    INFO     Disabled tool 'lean_goal' via         server.py:115
                             LEAN_MCP_DISABLED_TOOLS                            
                    INFO     Disabled tool 'lean_hover_info' via   server.py:115
                             LEAN_MCP_DISABLED_TOOLS                            
                    INFO     Disabled tool 'lean_references' via   server.py:115
                             LEAN_MCP_DISABLED_TOOLS                            
                    INFO     Disabled tool 'lean_term_goal' via    server.py:115
                             LEAN_MCP_DISABLED_TOOLS                            
                    INFO     REPL enabled, using:                  server.py:322
                             /home/amirnabiyev/Conjecture_Prover/.              
                             lake/packages/repl/.lake/build/bin/re              
                             pl                                                 
                    INFO     REPL initialized: timeout=60s         server.py:325
[09/08/26 20:34:16] INFO     Disabled tool 'lean_build' via        server.py:115
                             LEAN_MCP_DISABLED_TOOLS                            
                    INFO     Disabled tool 'lean_completions' via  server.py:115
                             LEAN_MCP_DISABLED_TOOLS                            
                    INFO     Disabled tool 'lean_declaration_file' server.py:115
                             via LEAN_MCP_DISABLED_TOOLS                        
                    INFO     Disabled tool                         server.py:115
                             'lean_diagnostic_messages' via                     
                             LEAN_MCP_DISABLED_TOOLS                            
                    INFO     Disabled tool 'lean_file_outline' via server.py:115
                             LEAN_MCP_DISABLED_TOOLS                            
                    INFO     Disabled tool                         server.py:115
                             'lean_get_widget_source' via                       
                             LEAN_MCP_DISABLED_TOOLS                            
                    INFO     Disabled tool 'lean_get_widgets' via  server.py:115
                             LEAN_MCP_DISABLED_TOOLS                            
                    INFO     Disabled tool 'lean_goal' via         server.py:115
                             LEAN_MCP_DISABLED_TOOLS                            
                    INFO     Disabled tool 'lean_hover_info' via   server.py:115
                             LEAN_MCP_DISABLED_TOOLS                            
                    INFO     Disabled tool 'lean_references' via   server.py:115
                             LEAN_MCP_DISABLED_TOOLS                            
                    INFO     Disabled tool 'lean_term_goal' via    server.py:115
                             LEAN_MCP_DISABLED_TOOLS                            
                    INFO     REPL enabled, using:                  server.py:322
                             /home/amirnabiyev/Conjecture_Prover/.              
                             lake/packages/repl/.lake/build/bin/re              
                             pl                                                 
                    INFO     REPL initialized: timeout=60s         server.py:325
[09/08/26 20:34:20] INFO     Session ending — cleaning up          server.py:360
                             per-session resources                              
[09/08/26 20:34:23] INFO     Session ending — cleaning up          server.py:360
                             per-session resources                              
[09/08/26 20:34:25] INFO     Disabled tool 'lean_build' via        server.py:115
                             LEAN_MCP_DISABLED_TOOLS                            
                    INFO     Disabled tool 'lean_completions' via  server.py:115
                             LEAN_MCP_DISABLED_TOOLS                            
                    INFO     Disabled tool 'lean_declaration_file' server.py:115
                             via LEAN_MCP_DISABLED_TOOLS                        
                    INFO     Disabled tool                         server.py:115
                             'lean_diagnostic_messages' via                     
                             LEAN_MCP_DISABLED_TOOLS                            
                    INFO     Disabled tool 'lean_file_outline' via server.py:115
                             LEAN_MCP_DISABLED_TOOLS                            
                    INFO     Disabled tool                         server.py:115
                             'lean_get_widget_source' via                       
                             LEAN_MCP_DISABLED_TOOLS                            
                    INFO     Disabled tool 'lean_get_widgets' via  server.py:115
                             LEAN_MCP_DISABLED_TOOLS                            
                    INFO     Disabled tool 'lean_goal' via         server.py:115
                             LEAN_MCP_DISABLED_TOOLS                            
                    INFO     Disabled tool 'lean_hover_info' via   server.py:115
                             LEAN_MCP_DISABLED_TOOLS                            
                    INFO     Disabled tool 'lean_references' via   server.py:115
                             LEAN_MCP_DISABLED_TOOLS                            
                    INFO     Disabled tool 'lean_term_goal' via    server.py:115
                             LEAN_MCP_DISABLED_TOOLS                            
                    INFO     REPL enabled, using:                  server.py:322
                             /home/amirnabiyev/Conjecture_Prover/.              
                             lake/packages/repl/.lake/build/bin/re              
                             pl                                                 
                    INFO     REPL initialized: timeout=60s         server.py:325
[09/08/26 20:34:26] INFO     Disabled tool 'lean_build' via        server.py:115
                             LEAN_MCP_DISABLED_TOOLS                            
                    INFO     Disabled tool 'lean_completions' via  server.py:115
                             LEAN_MCP_DISABLED_TOOLS                            
                    INFO     Disabled tool 'lean_declaration_file' server.py:115
                             via LEAN_MCP_DISABLED_TOOLS                        
                    INFO     Disabled tool                         server.py:115
                             'lean_diagnostic_messages' via                     
                             LEAN_MCP_DISABLED_TOOLS                            
                    INFO     Disabled tool 'lean_file_outline' via server.py:115
                             LEAN_MCP_DISABLED_TOOLS                            
                    INFO     Disabled tool                         server.py:115
                             'lean_get_widget_source' via                       
                             LEAN_MCP_DISABLED_TOOLS                            
                    INFO     Disabled tool 'lean_get_widgets' via  server.py:115
                             LEAN_MCP_DISABLED_TOOLS                            
                    INFO     Disabled tool 'lean_goal' via         server.py:115
                             LEAN_MCP_DISABLED_TOOLS                            
                    INFO     Disabled tool 'lean_hover_info' via   server.py:115
                             LEAN_MCP_DISABLED_TOOLS                            
                    INFO     Disabled tool 'lean_references' via   server.py:115
                             LEAN_MCP_DISABLED_TOOLS                            
                    INFO     Disabled tool 'lean_term_goal' via    server.py:115
                             LEAN_MCP_DISABLED_TOOLS                            
                    INFO     REPL enabled, using:                  server.py:322
                             /home/amirnabiyev/Conjecture_Prover/.              
                             lake/packages/repl/.lake/build/bin/re              
                             pl                                                 
                    INFO     REPL initialized: timeout=60s         server.py:325
[09/08/26 20:34:32] INFO     Session ending — cleaning up          server.py:360
                             per-session resources                              
[09/08/26 20:34:33] INFO     Session ending — cleaning up          server.py:360
                             per-session resources                              
[09/08/26 20:34:51] INFO     Disabled tool 'lean_build' via        server.py:115
                             LEAN_MCP_DISABLED_TOOLS                            
                    INFO     Disabled tool 'lean_completions' via  server.py:115
                             LEAN_MCP_DISABLED_TOOLS                            
                    INFO     Disabled tool 'lean_declaration_file' server.py:115
                             via LEAN_MCP_DISABLED_TOOLS                        
                    INFO     Disabled tool                         server.py:115
                             'lean_diagnostic_messages' via                     
                             LEAN_MCP_DISABLED_TOOLS                            
                    INFO     Disabled tool 'lean_file_outline' via server.py:115
                             LEAN_MCP_DISABLED_TOOLS                            
                    INFO     Disabled tool                         server.py:115
                             'lean_get_widget_source' via                       
                             LEAN_MCP_DISABLED_TOOLS                            
                    INFO     Disabled tool 'lean_get_widgets' via  server.py:115
                             LEAN_MCP_DISABLED_TOOLS                            
                    INFO     Disabled tool 'lean_goal' via         server.py:115
                             LEAN_MCP_DISABLED_TOOLS                            
                    INFO     Disabled tool 'lean_hover_info' via   server.py:115
                             LEAN_MCP_DISABLED_TOOLS                            
                    INFO     Disabled tool 'lean_references' via   server.py:115
                             LEAN_MCP_DISABLED_TOOLS                            
                    INFO     Disabled tool 'lean_term_goal' via    server.py:115
                             LEAN_MCP_DISABLED_TOOLS                            
                    INFO     REPL enabled, using:                  server.py:322
                             /home/amirnabiyev/Conjecture_Prover/.              
                             lake/packages/repl/.lake/build/bin/re              
                             pl                                                 
                    INFO     REPL initialized: timeout=60s         server.py:325
[09/08/26 20:34:57] INFO     Session ending — cleaning up          server.py:360
                             per-session resources                              
[09/08/26 20:35:03] INFO     Disabled tool 'lean_build' via        server.py:115
                             LEAN_MCP_DISABLED_TOOLS                            
                    INFO     Disabled tool 'lean_completions' via  server.py:115
                             LEAN_MCP_DISABLED_TOOLS                            
                    INFO     Disabled tool 'lean_declaration_file' server.py:115
                             via LEAN_MCP_DISABLED_TOOLS                        
                    INFO     Disabled tool                         server.py:115
                             'lean_diagnostic_messages' via                     
                             LEAN_MCP_DISABLED_TOOLS                            
                    INFO     Disabled tool 'lean_file_outline' via server.py:115
                             LEAN_MCP_DISABLED_TOOLS                            
                    INFO     Disabled tool                         server.py:115
                             'lean_get_widget_source' via                       
                             LEAN_MCP_DISABLED_TOOLS                            
                    INFO     Disabled tool 'lean_get_widgets' via  server.py:115
                             LEAN_MCP_DISABLED_TOOLS                            
                    INFO     Disabled tool 'lean_goal' via         server.py:115
                             LEAN_MCP_DISABLED_TOOLS                            
                    INFO     Disabled tool 'lean_hover_info' via   server.py:115
                             LEAN_MCP_DISABLED_TOOLS                            
                    INFO     Disabled tool 'lean_references' via   server.py:115
                             LEAN_MCP_DISABLED_TOOLS                            
                    INFO     Disabled tool 'lean_term_goal' via    server.py:115
                             LEAN_MCP_DISABLED_TOOLS                            
                    INFO     REPL enabled, using:                  server.py:322
                             /home/amirnabiyev/Conjecture_Prover/.              
                             lake/packages/repl/.lake/build/bin/re              
                             pl                                                 
                    INFO     REPL initialized: timeout=60s         server.py:325
[09/08/26 20:35:09] INFO     Session ending — cleaning up          server.py:360
                             per-session resources                              
[09/08/26 20:35:11] INFO     Disabled tool 'lean_build' via        server.py:115
                             LEAN_MCP_DISABLED_TOOLS                            
                    INFO     Disabled tool 'lean_completions' via  server.py:115
                             LEAN_MCP_DISABLED_TOOLS                            
                    INFO     Disabled tool 'lean_declaration_file' server.py:115
                             via LEAN_MCP_DISABLED_TOOLS                        
                    INFO     Disabled tool                         server.py:115
                             'lean_diagnostic_messages' via                     
                             LEAN_MCP_DISABLED_TOOLS                            
                    INFO     Disabled tool 'lean_file_outline' via server.py:115
                             LEAN_MCP_DISABLED_TOOLS                            
                    INFO     Disabled tool                         server.py:115
                             'lean_get_widget_source' via                       
                             LEAN_MCP_DISABLED_TOOLS                            
                    INFO     Disabled tool 'lean_get_widgets' via  server.py:115
                             LEAN_MCP_DISABLED_TOOLS                            
                    INFO     Disabled tool 'lean_goal' via         server.py:115
                             LEAN_MCP_DISABLED_TOOLS                            
                    INFO     Disabled tool 'lean_hover_info' via   server.py:115
                             LEAN_MCP_DISABLED_TOOLS                            
                    INFO     Disabled tool 'lean_references' via   server.py:115
                             LEAN_MCP_DISABLED_TOOLS                            
                    INFO     Disabled tool 'lean_term_goal' via    server.py:115
                             LEAN_MCP_DISABLED_TOOLS                            
                    INFO     REPL enabled, using:                  server.py:322
                             /home/amirnabiyev/Conjecture_Prover/.              
                             lake/packages/repl/.lake/build/bin/re              
                             pl                                                 
                    INFO     REPL initialized: timeout=60s         server.py:325
                    INFO     Session ending — cleaning up          server.py:360
                             per-session resources                              
[09/08/26 20:35:45] INFO     Disabled tool 'lean_build' via        server.py:115
                             LEAN_MCP_DISABLED_TOOLS                            
                    INFO     Disabled tool 'lean_completions' via  server.py:115
                             LEAN_MCP_DISABLED_TOOLS                            
                    INFO     Disabled tool 'lean_declaration_file' server.py:115
                             via LEAN_MCP_DISABLED_TOOLS                        
                    INFO     Disabled tool                         server.py:115
                             'lean_diagnostic_messages' via                     
                             LEAN_MCP_DISABLED_TOOLS                            
                    INFO     Disabled tool 'lean_file_outline' via server.py:115
                             LEAN_MCP_DISABLED_TOOLS                            
                    INFO     Disabled tool                         server.py:115
                             'lean_get_widget_source' via                       
                             LEAN_MCP_DISABLED_TOOLS                            
                    INFO     Disabled tool 'lean_get_widgets' via  server.py:115
                             LEAN_MCP_DISABLED_TOOLS                            
                    INFO     Disabled tool 'lean_goal' via         server.py:115
                             LEAN_MCP_DISABLED_TOOLS                            
                    INFO     Disabled tool 'lean_hover_info' via   server.py:115
                             LEAN_MCP_DISABLED_TOOLS                            
                    INFO     Disabled tool 'lean_references' via   server.py:115
                             LEAN_MCP_DISABLED_TOOLS                            
                    INFO     Disabled tool 'lean_term_goal' via    server.py:115
                             LEAN_MCP_DISABLED_TOOLS                            
                    INFO     REPL enabled, using:                  server.py:322
                             /home/amirnabiyev/Conjecture_Prover/.              
                             lake/packages/repl/.lake/build/bin/re              
                             pl                                                 
                    INFO     REPL initialized: timeout=60s         server.py:325
[09/08/26 20:35:51] INFO     Session ending — cleaning up          server.py:360
                             per-session resources                              
[09/08/26 20:36:00] INFO     Disabled tool 'lean_build' via        server.py:115
                             LEAN_MCP_DISABLED_TOOLS                            
                    INFO     Disabled tool 'lean_completions' via  server.py:115
                             LEAN_MCP_DISABLED_TOOLS                            
                    INFO     Disabled tool 'lean_declaration_file' server.py:115
                             via LEAN_MCP_DISABLED_TOOLS                        
                    INFO     Disabled tool                         server.py:115
                             'lean_diagnostic_messages' via                     
                             LEAN_MCP_DISABLED_TOOLS                            
                    INFO     Disabled tool 'lean_file_outline' via server.py:115
                             LEAN_MCP_DISABLED_TOOLS                            
                    INFO     Disabled tool                         server.py:115
                             'lean_get_widget_source' via                       
                             LEAN_MCP_DISABLED_TOOLS                            
                    INFO     Disabled tool 'lean_get_widgets' via  server.py:115
                             LEAN_MCP_DISABLED_TOOLS                            
                    INFO     Disabled tool 'lean_goal' via         server.py:115
                             LEAN_MCP_DISABLED_TOOLS                            
                    INFO     Disabled tool 'lean_hover_info' via   server.py:115
                             LEAN_MCP_DISABLED_TOOLS                            
                    INFO     Disabled tool 'lean_references' via   server.py:115
                             LEAN_MCP_DISABLED_TOOLS                            
                    INFO     Disabled tool 'lean_term_goal' via    server.py:115
                             LEAN_MCP_DISABLED_TOOLS                            
                    INFO     REPL enabled, using:                  server.py:322
                             /home/amirnabiyev/Conjecture_Prover/.              
                             lake/packages/repl/.lake/build/bin/re              
                             pl                                                 
                    INFO     REPL initialized: timeout=60s         server.py:325
[09/08/26 20:36:06] INFO     Session ending — cleaning up          server.py:360
                             per-session resources                              
[09/08/26 20:36:26] INFO     Disabled tool 'lean_build' via        server.py:115
                             LEAN_MCP_DISABLED_TOOLS                            
                    INFO     Disabled tool 'lean_completions' via  server.py:115
                             LEAN_MCP_DISABLED_TOOLS                            
                    INFO     Disabled tool 'lean_declaration_file' server.py:115
                             via LEAN_MCP_DISABLED_TOOLS                        
                    INFO     Disabled tool                         server.py:115
                             'lean_diagnostic_messages' via                     
                             LEAN_MCP_DISABLED_TOOLS                            
                    INFO     Disabled tool 'lean_file_outline' via server.py:115
                             LEAN_MCP_DISABLED_TOOLS                            
                    INFO     Disabled tool                         server.py:115
                             'lean_get_widget_source' via                       
                             LEAN_MCP_DISABLED_TOOLS                            
                    INFO     Disabled tool 'lean_get_widgets' via  server.py:115
                             LEAN_MCP_DISABLED_TOOLS                            
                    INFO     Disabled tool 'lean_goal' via         server.py:115
                             LEAN_MCP_DISABLED_TOOLS                            
                    INFO     Disabled tool 'lean_hover_info' via   server.py:115
                             LEAN_MCP_DISABLED_TOOLS                            
                    INFO     Disabled tool 'lean_references' via   server.py:115
                             LEAN_MCP_DISABLED_TOOLS                            
                    INFO     Disabled tool 'lean_term_goal' via    server.py:115
                             LEAN_MCP_DISABLED_TOOLS                            
                    INFO     REPL enabled, using:                  server.py:322
                             /home/amirnabiyev/Conjecture_Prover/.              
                             lake/packages/repl/.lake/build/bin/re              
                             pl                                                 
                    INFO     REPL initialized: timeout=60s         server.py:325
[09/08/26 20:36:33] INFO     Session ending — cleaning up          server.py:360
                             per-session resources                              
[09/08/26 20:37:17] INFO     Disabled tool 'lean_build' via        server.py:115
                             LEAN_MCP_DISABLED_TOOLS                            
                    INFO     Disabled tool 'lean_completions' via  server.py:115
                             LEAN_MCP_DISABLED_TOOLS                            
                    INFO     Disabled tool 'lean_declaration_file' server.py:115
                             via LEAN_MCP_DISABLED_TOOLS                        
                    INFO     Disabled tool                         server.py:115
                             'lean_diagnostic_messages' via                     
                             LEAN_MCP_DISABLED_TOOLS                            
                    INFO     Disabled tool 'lean_file_outline' via server.py:115
                             LEAN_MCP_DISABLED_TOOLS                            
                    INFO     Disabled tool                         server.py:115
                             'lean_get_widget_source' via                       
                             LEAN_MCP_DISABLED_TOOLS                            
                    INFO     Disabled tool 'lean_get_widgets' via  server.py:115
                             LEAN_MCP_DISABLED_TOOLS                            
                    INFO     Disabled tool 'lean_goal' via         server.py:115
                             LEAN_MCP_DISABLED_TOOLS                            
                    INFO     Disabled tool 'lean_hover_info' via   server.py:115
                             LEAN_MCP_DISABLED_TOOLS                            
                    INFO     Disabled tool 'lean_references' via   server.py:115
                             LEAN_MCP_DISABLED_TOOLS                            
                    INFO     Disabled tool 'lean_term_goal' via    server.py:115
                             LEAN_MCP_DISABLED_TOOLS                            
                    INFO     REPL enabled, using:                  server.py:322
                             /home/amirnabiyev/Conjecture_Prover/.              
                             lake/packages/repl/.lake/build/bin/re              
                             pl                                                 
                    INFO     REPL initialized: timeout=60s         server.py:325
[09/08/26 20:37:23] INFO     Session ending — cleaning up          server.py:360
                             per-session resources                              
[09/08/26 20:37:51] INFO     Disabled tool 'lean_build' via        server.py:115
                             LEAN_MCP_DISABLED_TOOLS                            
                    INFO     Disabled tool 'lean_completions' via  server.py:115
                             LEAN_MCP_DISABLED_TOOLS                            
                    INFO     Disabled tool 'lean_declaration_file' server.py:115
                             via LEAN_MCP_DISABLED_TOOLS                        
                    INFO     Disabled tool                         server.py:115
                             'lean_diagnostic_messages' via                     
                             LEAN_MCP_DISABLED_TOOLS                            
                    INFO     Disabled tool 'lean_file_outline' via server.py:115
                             LEAN_MCP_DISABLED_TOOLS                            
                    INFO     Disabled tool                         server.py:115
                             'lean_get_widget_source' via                       
                             LEAN_MCP_DISABLED_TOOLS                            
                    INFO     Disabled tool 'lean_get_widgets' via  server.py:115
                             LEAN_MCP_DISABLED_TOOLS                            
                    INFO     Disabled tool 'lean_goal' via         server.py:115
                             LEAN_MCP_DISABLED_TOOLS                            
                    INFO     Disabled tool 'lean_hover_info' via   server.py:115
                             LEAN_MCP_DISABLED_TOOLS                            
                    INFO     Disabled tool 'lean_references' via   server.py:115
                             LEAN_MCP_DISABLED_TOOLS                            
                    INFO     Disabled tool 'lean_term_goal' via    server.py:115
                             LEAN_MCP_DISABLED_TOOLS                            
                    INFO     REPL enabled, using:                  server.py:322
                             /home/amirnabiyev/Conjecture_Prover/.              
                             lake/packages/repl/.lake/build/bin/re              
                             pl                                                 
                    INFO     REPL initialized: timeout=60s         server.py:325
[09/08/26 20:37:58] INFO     Session ending — cleaning up          server.py:360
                             per-session resources                              

      ... (2252 total chars)
   💬 PL-Problem94.zeroSet_mem_iff_ker AI says: The proof is complete and verified. The final Lean code block is ready for insertion into `ConjectureProver.lean`:

```lean
lemma zeroSet_mem_iff_ker (n : ℕ) :
    n ∈ zeroSet f ϕ I ↔ Ideal.map (f ^ n : A →+* A) I ≤ RingHom.ker (ϕ : A →+* k) := by
  rw [zeroSet_mem_iff]
  constructor
  · intro h
    rw [Ideal.map_le_iff_le_comap]
    intro x hx
    rw [Ideal.mem_comap, RingHom.mem_ker]
    simpa using h x hx
  · intro h x hx
    simpa using (RingHom.mem_ker.mp (h (Ideal.mem_map_of_mem (f ^ n : A
      ... (773 total chars)
   💬 PL-Problem94.zeroSet_mem_iff_ker AI says: The proof is verified and complete.

**Summary:**

- **Target:** `Problem94.zeroSet_mem_iff_ker`
- **Status:** VERIFIED

```lean
lemma zeroSet_mem_iff_ker (n : ℕ) :
    n ∈ zeroSet f ϕ I ↔ Ideal.map (f ^ n : A →+* A) I ≤ RingHom.ker (ϕ : A →+* k) := by
  rw [zeroSet_mem_iff]
  constructor
  · intro h
    rw [Ideal.map_le_iff_le_comap]
    intro x hx
    rw [Ideal.mem_comap, RingHom.mem_ker]
    simpa using h x hx
  · intro h x hx
    simpa using (RingHom.mem_ker.mp (h (Ideal.mem_map_of_mem (f ^ 
      ... (893 total chars)
   🛠️  PL-Problem94.zeroSet_infinite_contains_ap AI made 1 tool call(s):
 → lean_run_code
   💬 PL-Problem94.zeroSet_mem_iff_ker AI says: [FINAL PROPOSAL]
status: VERIFIED
new_str:
```lean
lemma zeroSet_mem_iff_ker (n : ℕ) :
    n ∈ zeroSet f ϕ I ↔ Ideal.map (f ^ n : A →+* A) I ≤ RingHom.ker (ϕ : A →+* k) := by
  rw [zeroSet_mem_iff]
  constructor
  · intro h
    rw [Ideal.map_le_iff_le_comap]
    intro x hx
    rw [Ideal.mem_comap, RingHom.mem_ker]
    simpa using h x hx
  · intro h x hx
    simpa using (RingHom.mem_ker.mp (h (Ideal.mem_map_of_mem (f ^ n : A →+* A) hx)))
```

feedback:
[TRIAL FEEDBACK]
Attempted: Elementwise proo
      ... (1505 total chars)
   ⏰ Lemma 'Problem94.zeroSet_mem_iff_ker': turn limit (12) reached
   🛠️  PL-Problem94.zeroSet_infinite_contains_ap AI made 1 tool call(s):
 → lean_run_code
   🛠️  PL-Problem94.zeroSet_infinite_contains_ap AI made 1 tool call(s):
 → lean_run_code
   🛠️  PL-Problem94.zeroSet_infinite_contains_ap AI made 2 tool call(s):
 → lean_leansearch
 → lean_run_code
   🛠️  PL-Problem94.zeroSet_infinite_contains_ap AI made 1 tool call(s):
 → lean_run_code
   💬 PL-Problem94.zeroSet_infinite_contains_ap AI says: Based on my investigation, this lemma cannot be proved from the given material. Here is my full analysis.

## Investigation summary

1. **Statement shape.** I confirmed (by importing `ConjectureProver` and elaborating probes) that:
   ```lean
   ContainsArithmeticProgression S := ∃ (d : ℕ+) (a : ℕ), ∀ n : ℕ, a + ↑d * n ∈ S
   ```
   — so `d` really ranges over positive naturals (`0` is rejected by typeclass `OfNat ℕ+ 0`). An infinite-but-AP-free set (e.g. squares) would *not* satisfy the conclus
      ... (3928 total chars)
   ⚠️  Lemma 'Problem94.zeroSet_infinite_contains_ap': LLM flagged the statement as WRONG → STATEMENT_WRONG

======================================================================
AGGREGATOR: Applying proofs (round 2)
   Received 2 proposal(s)
======================================================================

   📭 No valid proposals to apply
   🚦 Route: aggregator → blueprint_refiner (round 2)

======================================================================
🔧 BLUEPRINT REFINER: Revising blueprint based on prover feedback
   Unproved lemmas to address: Problem94.zeroSet_infinite_contains_ap, Problem94.zeroSet_mem_iff_ker
======================================================================

   💬 BR AI says: The revised blueprint is complete and saved to `/home/amirnabiyev/Conjecture_Prover/ConjectureProver.lean`, validated with no real Lean errors, and the blueprint JSON has been regenerated with the unchanged dependency graph (7 nodes, 7 edges).

**Key editorial decision this round:** the prover's claim that `zeroSet_infinite_contains_ap` is trivial (taking `d = 0` in `ContainsArithmeticProgression`) is **invalid** — `d : ℕ+` ranges over positive naturals and `0 : ℕ+` does not exist in Lean. The l
      ... (1077 total chars)
   🚦 Routing: blueprint_refiner → rebuild_blueprint

🔄 REBUILD BLUEPRINT: Refreshing blueprint state from JSON...
   📊 7 lemmas, 5 proved
   📊 Blueprint: 7 nodes, root='Problem94.zeroSet_finite_or_contain_arithmetic_progression'
   🚦 Routing: rebuild_blueprint → theorem_proving
   🚀 theorem_proving: dispatching 2 parallel agent(s) (skipped 0 without sorry_using)
      → Problem94.zeroSet_mem_iff_ker
      → Problem94.zeroSet_infinite_contains_ap

============================================================
🔍 PROVE LEMMA: Problem94.zeroSet_mem_iff_ker  (max 12 turns)
============================================================


============================================================
🔍 PROVE LEMMA: Problem94.zeroSet_infinite_contains_ap  (max 12 turns)
============================================================

   🔌 MCP client ready for lemma 'Problem94.zeroSet_infinite_contains_ap' (proof-only mode)
   🔌 MCP client ready for lemma 'Problem94.zeroSet_mem_iff_ker' (proof-only mode)
   🛠️  PL-Problem94.zeroSet_mem_iff_ker AI made 2 tool call(s):
 → lean_local_search
 → lean_local_search
   🛠️  PL-Problem94.zeroSet_infinite_contains_ap AI made 3 tool call(s):
 → lean_local_search
 → lean_local_search
 → search_mathlib_docs
   🛠️  PL-Problem94.zeroSet_infinite_contains_ap AI made 2 tool call(s):
 → lean_local_search
 → lean_local_search
   🛠️  PL-Problem94.zeroSet_mem_iff_ker AI made 2 tool call(s):
 → lean_local_search
 → lean_local_search
   🛠️  PL-Problem94.zeroSet_infinite_contains_ap AI made 1 tool call(s):
 → lean_run_code
   🛠️  PL-Problem94.zeroSet_mem_iff_ker AI made 1 tool call(s):
 → lean_run_code
   🛠️  PL-Problem94.zeroSet_infinite_contains_ap AI made 1 tool call(s):
 → lean_run_code
   🛠️  PL-Problem94.zeroSet_mem_iff_ker AI made 1 tool call(s):
 → lean_run_code
   🛠️  PL-Problem94.zeroSet_mem_iff_ker AI made 1 tool call(s):
 → lean_run_code
   🛠️  PL-Problem94.zeroSet_infinite_contains_ap AI made 2 tool call(s):
 → lean_run_code
 → lean_local_search
   🛠️  PL-Problem94.zeroSet_mem_iff_ker AI made 1 tool call(s):
 → lean_run_code
   🛠️  PL-Problem94.zeroSet_infinite_contains_ap AI made 1 tool call(s):
 → lean_run_code
   💬 PL-Problem94.zeroSet_mem_iff_ker AI says: The proof compiles cleanly against the real file context (`import ConjectureProver`).

[TRIAL FEEDBACK]
Attempted: reconstructed the goal, used `zeroSet_mem_iff`, `Ideal.map_le_iff_le_comap`, `Ideal.mem_comap`, `RingHom.mem_ker`, `Ideal.mem_map_of_mem`, closing elementwise coercions of AlgHom/RingHom powers via `simpa [AlgHom.coe_pow, RingHom.coe_pow]`.
Result: full `example` matching the exact statement compiled with 0 errors.
Next plan: DONE.

1. Target: Problem94.zeroSet_mem_iff_ker
2. Status
      ... (2045 total chars)
   ✅ Lemma 'Problem94.zeroSet_mem_iff_ker' appears proved (turn 7)
   🛠️  PL-Problem94.zeroSet_infinite_contains_ap AI made 1 tool call(s):
 → lean_run_code
   🛠️  PL-Problem94.zeroSet_infinite_contains_ap AI made 1 tool call(s):
 → lean_run_code
   🛠️  PL-Problem94.zeroSet_infinite_contains_ap AI made 1 tool call(s):
 → lean_run_code
   💬 PL-Problem94.zeroSet_infinite_contains_ap AI says: Based on my investigation, this obligation cannot be completed from the available material. Here is the detailed analysis and the final status.

---

1. **Target:** `Problem94.zeroSet_infinite_contains_ap`
2. **Status:** UNRESOLVED (genuinely not derivable from the provided dependencies; the statement is the research-level Skolem–Mahler–Lech dichotomy for étale endomorphisms)

3. **Validated Lean code block:** none — no correct proof exists within reach of the supplied facts. (Any attempted body
      ... (3940 total chars)
   ⚠️  Lemma 'Problem94.zeroSet_infinite_contains_ap': LLM flagged the statement as WRONG → STATEMENT_WRONG[09/08/26 20:38:11] INFO     REPL enabled, using:                  server.py:322
                             /home/amirnabiyev/Conjecture_Prover/.              
                             lake/packages/repl/.lake/build/bin/re              
                             pl                                                 
                    INFO     REPL initialized: timeout=60s         server.py:325
                    INFO     Session ending — cleaning up          server.py:360
                             per-session resources                              
[09/08/26 20:38:40] INFO     REPL enabled, using:                  server.py:322
                             /home/amirnabiyev/Conjecture_Prover/.              
                             lake/packages/repl/.lake/build/bin/re              
                             pl                                                 
                    INFO     REPL initialized: timeout=60s         server.py:325
[09/08/26 20:38:42] INFO     Shared async LSP client         client_utils.py:133
                             connected at                                       
                             /home/amirnabiyev/Conjecture_Pr                    
                             over                                               
[09/08/26 20:38:54] INFO     Session ending — cleaning up          server.py:360
                             per-session resources                              
Exception ignored in: <function BaseSubprocessTransport.__del__ at 0x7c55f1cc7380>
Traceback (most recent call last):
  File "/usr/local/lib/python3.12/asyncio/base_subprocess.py", line 126, in __del__
    self.close()
  File "/usr/local/lib/python3.12/asyncio/base_subprocess.py", line 104, in close
    proto.pipe.close()
  File "/usr/local/lib/python3.12/asyncio/unix_events.py", line 767, in close
    self.write_eof()
  File "/usr/local/lib/python3.12/asyncio/unix_events.py", line 753, in write_eof
    self._loop.call_soon(self._call_connection_lost, None)
  File "/usr/local/lib/python3.12/asyncio/base_events.py", line 799, in call_soon
    self._check_closed()
  File "/usr/local/lib/python3.12/asyncio/base_events.py", line 545, in _check_closed
    raise RuntimeError('Event loop is closed')
RuntimeError: Event loop is closed
[09/08/26 20:39:02] INFO     REPL enabled, using:                  server.py:322
                             /home/amirnabiyev/Conjecture_Prover/.              
                             lake/packages/repl/.lake/build/bin/re              
                             pl                                                 
                    INFO     REPL initialized: timeout=60s         server.py:325
[09/08/26 20:39:03] INFO     Shared async LSP client         client_utils.py:133
                             connected at                                       
                             /home/amirnabiyev/Conjecture_Pr                    
                             over                                               
[09/08/26 20:39:23] INFO     Session ending — cleaning up          server.py:360
                             per-session resources                              
Exception ignored in: <function BaseSubprocessTransport.__del__ at 0x7bfe77d7b380>
Traceback (most recent call last):
  File "/usr/local/lib/python3.12/asyncio/base_subprocess.py", line 126, in __del__
    self.close()
  File "/usr/local/lib/python3.12/asyncio/base_subprocess.py", line 104, in close
    proto.pipe.close()
  File "/usr/local/lib/python3.12/asyncio/unix_events.py", line 767, in close
    self.write_eof()
  File "/usr/local/lib/python3.12/asyncio/unix_events.py", line 753, in write_eof
    self._loop.call_soon(self._call_connection_lost, None)
  File "/usr/local/lib/python3.12/asyncio/base_events.py", line 799, in call_soon
    self._check_closed()
  File "/usr/local/lib/python3.12/asyncio/base_events.py", line 545, in _check_closed
    raise RuntimeError('Event loop is closed')
RuntimeError: Event loop is closed
[09/08/26 20:39:44] INFO     REPL enabled, using:                  server.py:322
                             /home/amirnabiyev/Conjecture_Prover/.              
                             lake/packages/repl/.lake/build/bin/re              
                             pl                                                 
                    INFO     REPL initialized: timeout=60s         server.py:325
                    INFO     Session ending — cleaning up          server.py:360
                             per-session resources                              
[09/08/26 20:39:49] INFO     Disabled tool 'lean_build' via        server.py:115
                             LEAN_MCP_DISABLED_TOOLS                            
                    INFO     Disabled tool 'lean_completions' via  server.py:115
                             LEAN_MCP_DISABLED_TOOLS                            
                    INFO     Disabled tool 'lean_declaration_file' server.py:115
                             via LEAN_MCP_DISABLED_TOOLS                        
                    INFO     Disabled tool                         server.py:115
                             'lean_diagnostic_messages' via                     
                             LEAN_MCP_DISABLED_TOOLS                            
                    INFO     Disabled tool 'lean_file_outline' via server.py:115
                             LEAN_MCP_DISABLED_TOOLS                            
                    INFO     Disabled tool                         server.py:115
                             'lean_get_widget_source' via                       
                             LEAN_MCP_DISABLED_TOOLS                            
                    INFO     Disabled tool 'lean_get_widgets' via  server.py:115
                             LEAN_MCP_DISABLED_TOOLS                            
                    INFO     Disabled tool 'lean_goal' via         server.py:115
                             LEAN_MCP_DISABLED_TOOLS                            
                    INFO     Disabled tool 'lean_hover_info' via   server.py:115
                             LEAN_MCP_DISABLED_TOOLS                            
                    INFO     Disabled tool 'lean_references' via   server.py:115
                             LEAN_MCP_DISABLED_TOOLS                            
                    INFO     Disabled tool 'lean_term_goal' via    server.py:115
                             LEAN_MCP_DISABLED_TOOLS                            
                    INFO     REPL enabled, using:                  server.py:322
                             /home/amirnabiyev/Conjecture_Prover/.              
                             lake/packages/repl/.lake/build/bin/re              
                             pl                                                 
                    INFO     REPL initialized: timeout=60s         server.py:325
                    INFO     Session ending — cleaning up          server.py:360
                             per-session resources                              
[09/08/26 20:39:55] INFO     Disabled tool 'lean_build' via        server.py:115
                             LEAN_MCP_DISABLED_TOOLS                            
                    INFO     Disabled tool 'lean_completions' via  server.py:115
                             LEAN_MCP_DISABLED_TOOLS                            
                    INFO     Disabled tool 'lean_declaration_file' server.py:115
                             via LEAN_MCP_DISABLED_TOOLS                        
                    INFO     Disabled tool                         server.py:115
                             'lean_diagnostic_messages' via                     
                             LEAN_MCP_DISABLED_TOOLS                            
                    INFO     Disabled tool 'lean_file_outline' via server.py:115
                             LEAN_MCP_DISABLED_TOOLS                            
                    INFO     Disabled tool                         server.py:115
                             'lean_get_widget_source' via                       
                             LEAN_MCP_DISABLED_TOOLS                            
                    INFO     Disabled tool 'lean_get_widgets' via  server.py:115
                             LEAN_MCP_DISABLED_TOOLS                            
                    INFO     Disabled tool 'lean_goal' via         server.py:115
                             LEAN_MCP_DISABLED_TOOLS                            
                    INFO     Disabled tool 'lean_hover_info' via   server.py:115
                             LEAN_MCP_DISABLED_TOOLS                            
                    INFO     Disabled tool 'lean_references' via   server.py:115
                             LEAN_MCP_DISABLED_TOOLS                            
                    INFO     Disabled tool 'lean_term_goal' via    server.py:115
                             LEAN_MCP_DISABLED_TOOLS                            
                    INFO     REPL enabled, using:                  server.py:322
                             /home/amirnabiyev/Conjecture_Prover/.              
                             lake/packages/repl/.lake/build/bin/re              
                             pl                                                 
                    INFO     REPL initialized: timeout=60s         server.py:325
[09/08/26 20:39:56] INFO     Session ending — cleaning up          server.py:360
                             per-session resources                              
[09/08/26 20:39:57] INFO     Disabled tool 'lean_build' via        server.py:115
                             LEAN_MCP_DISABLED_TOOLS                            
                    INFO     Disabled tool 'lean_completions' via  server.py:115
                             LEAN_MCP_DISABLED_TOOLS                            
                    INFO     Disabled tool 'lean_declaration_file' server.py:115
                             via LEAN_MCP_DISABLED_TOOLS                        
                    INFO     Disabled tool                         server.py:115
                             'lean_diagnostic_messages' via                     
                             LEAN_MCP_DISABLED_TOOLS                            
                    INFO     Disabled tool 'lean_file_outline' via server.py:115
                             LEAN_MCP_DISABLED_TOOLS                            
                    INFO     Disabled tool                         server.py:115
                             'lean_get_widget_source' via                       
                             LEAN_MCP_DISABLED_TOOLS                            
                    INFO     Disabled tool 'lean_get_widgets' via  server.py:115
                             LEAN_MCP_DISABLED_TOOLS                            
                    INFO     Disabled tool 'lean_goal' via         server.py:115
                             LEAN_MCP_DISABLED_TOOLS                            
                    INFO     Disabled tool 'lean_hover_info' via   server.py:115
                             LEAN_MCP_DISABLED_TOOLS                            
                    INFO     Disabled tool 'lean_references' via   server.py:115
                             LEAN_MCP_DISABLED_TOOLS                            
                    INFO     Disabled tool 'lean_term_goal' via    server.py:115
                             LEAN_MCP_DISABLED_TOOLS                            
                    INFO     REPL enabled, using:                  server.py:322
                             /home/amirnabiyev/Conjecture_Prover/.              
                             lake/packages/repl/.lake/build/bin/re              
                             pl                                                 
                    INFO     REPL initialized: timeout=60s         server.py:325
[09/08/26 20:39:58] INFO     Session ending — cleaning up          server.py:360
                             per-session resources                              
[09/08/26 20:40:03] INFO     Disabled tool 'lean_build' via        server.py:115
                             LEAN_MCP_DISABLED_TOOLS                            
                    INFO     Disabled tool 'lean_completions' via  server.py:115
                             LEAN_MCP_DISABLED_TOOLS                            
                    INFO     Disabled tool 'lean_declaration_file' server.py:115
                             via LEAN_MCP_DISABLED_TOOLS                        
                    INFO     Disabled tool                         server.py:115
                             'lean_diagnostic_messages' via                     
                             LEAN_MCP_DISABLED_TOOLS                            
                    INFO     Disabled tool 'lean_file_outline' via server.py:115
                             LEAN_MCP_DISABLED_TOOLS                            
                    INFO     Disabled tool                         server.py:115
                             'lean_get_widget_source' via                       
                             LEAN_MCP_DISABLED_TOOLS                            
                    INFO     Disabled tool 'lean_get_widgets' via  server.py:115
                             LEAN_MCP_DISABLED_TOOLS                            
                    INFO     Disabled tool 'lean_goal' via         server.py:115
                             LEAN_MCP_DISABLED_TOOLS                            
                    INFO     Disabled tool 'lean_hover_info' via   server.py:115
                             LEAN_MCP_DISABLED_TOOLS                            
                    INFO     Disabled tool 'lean_references' via   server.py:115
                             LEAN_MCP_DISABLED_TOOLS                            
                    INFO     Disabled tool 'lean_term_goal' via    server.py:115
                             LEAN_MCP_DISABLED_TOOLS                            
                    INFO     REPL enabled, using:                  server.py:322
                             /home/amirnabiyev/Conjecture_Prover/.              
                             lake/packages/repl/.lake/build/bin/re              
                             pl                                                 
                    INFO     REPL initialized: timeout=60s         server.py:325
[09/08/26 20:40:04] INFO     Session ending — cleaning up          server.py:360
                             per-session resources                              
[09/08/26 20:40:05] INFO     Disabled tool 'lean_build' via        server.py:115
                             LEAN_MCP_DISABLED_TOOLS                            
                    INFO     Disabled tool 'lean_completions' via  server.py:115
                             LEAN_MCP_DISABLED_TOOLS                            
                    INFO     Disabled tool 'lean_declaration_file' server.py:115
                             via LEAN_MCP_DISABLED_TOOLS                        
                    INFO     Disabled tool                         server.py:115
                             'lean_diagnostic_messages' via                     
                             LEAN_MCP_DISABLED_TOOLS                            
                    INFO     Disabled tool 'lean_file_outline' via server.py:115
                             LEAN_MCP_DISABLED_TOOLS                            
                    INFO     Disabled tool                         server.py:115
                             'lean_get_widget_source' via                       
                             LEAN_MCP_DISABLED_TOOLS                            
                    INFO     Disabled tool 'lean_get_widgets' via  server.py:115
                             LEAN_MCP_DISABLED_TOOLS                            
                    INFO     Disabled tool 'lean_goal' via         server.py:115
                             LEAN_MCP_DISABLED_TOOLS                            
                    INFO     Disabled tool 'lean_hover_info' via   server.py:115
                             LEAN_MCP_DISABLED_TOOLS                            
                    INFO     Disabled tool 'lean_references' via   server.py:115
                             LEAN_MCP_DISABLED_TOOLS                            
                    INFO     Disabled tool 'lean_term_goal' via    server.py:115
                             LEAN_MCP_DISABLED_TOOLS                            
                    INFO     REPL enabled, using:                  server.py:322
                             /home/amirnabiyev/Conjecture_Prover/.              
                             lake/packages/repl/.lake/build/bin/re              
                             pl                                                 
                    INFO     REPL initialized: timeout=60s         server.py:325
[09/08/26 20:40:06] INFO     Session ending — cleaning up          server.py:360
                             per-session resources                              
[09/08/26 20:40:11] INFO     Disabled tool 'lean_build' via        server.py:115
                             LEAN_MCP_DISABLED_TOOLS                            
                    INFO     Disabled tool 'lean_completions' via  server.py:115
                             LEAN_MCP_DISABLED_TOOLS                            
                    INFO     Disabled tool 'lean_declaration_file' server.py:115
                             via LEAN_MCP_DISABLED_TOOLS                        
                    INFO     Disabled tool                         server.py:115
                             'lean_diagnostic_messages' via                     
                             LEAN_MCP_DISABLED_TOOLS                            
                    INFO     Disabled tool 'lean_file_outline' via server.py:115
                             LEAN_MCP_DISABLED_TOOLS                            
                    INFO     Disabled tool                         server.py:115
                             'lean_get_widget_source' via                       
                             LEAN_MCP_DISABLED_TOOLS                            
                    INFO     Disabled tool 'lean_get_widgets' via  server.py:115
                             LEAN_MCP_DISABLED_TOOLS                            
                    INFO     Disabled tool 'lean_goal' via         server.py:115
                             LEAN_MCP_DISABLED_TOOLS                            
                    INFO     Disabled tool 'lean_hover_info' via   server.py:115
                             LEAN_MCP_DISABLED_TOOLS                            
                    INFO     Disabled tool 'lean_references' via   server.py:115
                             LEAN_MCP_DISABLED_TOOLS                            
                    INFO     Disabled tool 'lean_term_goal' via    server.py:115
                             LEAN_MCP_DISABLED_TOOLS                            
                    INFO     REPL enabled, using:                  server.py:322
                             /home/amirnabiyev/Conjecture_Prover/.              
                             lake/packages/repl/.lake/build/bin/re              
                             pl                                                 
                    INFO     REPL initialized: timeout=60s         server.py:325
[09/08/26 20:40:17] INFO     Session ending — cleaning up          server.py:360
                             per-session resources                              
[09/08/26 20:40:20] INFO     Disabled tool 'lean_build' via        server.py:115
                             LEAN_MCP_DISABLED_TOOLS                            
                    INFO     Disabled tool 'lean_completions' via  server.py:115
                             LEAN_MCP_DISABLED_TOOLS                            
                    INFO     Disabled tool 'lean_declaration_file' server.py:115
                             via LEAN_MCP_DISABLED_TOOLS                        
                    INFO     Disabled tool                         server.py:115
                             'lean_diagnostic_messages' via                     
                             LEAN_MCP_DISABLED_TOOLS                            
                    INFO     Disabled tool 'lean_file_outline' via server.py:115
                             LEAN_MCP_DISABLED_TOOLS                            
                    INFO     Disabled tool                         server.py:115
                             'lean_get_widget_source' via                       
                             LEAN_MCP_DISABLED_TOOLS                            
                    INFO     Disabled tool 'lean_get_widgets' via  server.py:115
                             LEAN_MCP_DISABLED_TOOLS                            
                    INFO     Disabled tool 'lean_goal' via         server.py:115
                             LEAN_MCP_DISABLED_TOOLS                            
                    INFO     Disabled tool 'lean_hover_info' via   server.py:115
                             LEAN_MCP_DISABLED_TOOLS                            
                    INFO     Disabled tool 'lean_references' via   server.py:115
                             LEAN_MCP_DISABLED_TOOLS                            
                    INFO     Disabled tool 'lean_term_goal' via    server.py:115
                             LEAN_MCP_DISABLED_TOOLS                            
                    INFO     REPL enabled, using:                  server.py:322
                             /home/amirnabiyev/Conjecture_Prover/.              
                             lake/packages/repl/.lake/build/bin/re              
                             pl                                                 
                    INFO     REPL initialized: timeout=60s         server.py:325
[09/08/26 20:40:27] INFO     Session ending — cleaning up          server.py:360
                             per-session resources                              
[09/08/26 20:41:11] INFO     Disabled tool 'lean_build' via        server.py:115
                             LEAN_MCP_DISABLED_TOOLS                            
                    INFO     Disabled tool 'lean_completions' via  server.py:115
                             LEAN_MCP_DISABLED_TOOLS                            
                    INFO     Disabled tool 'lean_declaration_file' server.py:115
                             via LEAN_MCP_DISABLED_TOOLS                        
                    INFO     Disabled tool                         server.py:115
                             'lean_diagnostic_messages' via                     
                             LEAN_MCP_DISABLED_TOOLS                            
                    INFO     Disabled tool 'lean_file_outline' via server.py:115
                             LEAN_MCP_DISABLED_TOOLS                            
                    INFO     Disabled tool                         server.py:115
                             'lean_get_widget_source' via                       
                             LEAN_MCP_DISABLED_TOOLS                            
                    INFO     Disabled tool 'lean_get_widgets' via  server.py:115
                             LEAN_MCP_DISABLED_TOOLS                            
                    INFO     Disabled tool 'lean_goal' via         server.py:115
                             LEAN_MCP_DISABLED_TOOLS                            
                    INFO     Disabled tool 'lean_hover_info' via   server.py:115
                             LEAN_MCP_DISABLED_TOOLS                            
                    INFO     Disabled tool 'lean_references' via   server.py:115
                             LEAN_MCP_DISABLED_TOOLS                            
                    INFO     Disabled tool 'lean_term_goal' via    server.py:115
                             LEAN_MCP_DISABLED_TOOLS                            
                    INFO     REPL enabled, using:                  server.py:322
                             /home/amirnabiyev/Conjecture_Prover/.              
                             lake/packages/repl/.lake/build/bin/re              
                             pl                                                 
                    INFO     REPL initialized: timeout=60s         server.py:325
[09/08/26 20:41:17] INFO     Session ending — cleaning up          server.py:360
                             per-session resources                              
[09/08/26 20:41:23] INFO     Disabled tool 'lean_build' via        server.py:115
                             LEAN_MCP_DISABLED_TOOLS                            
                    INFO     Disabled tool 'lean_completions' via  server.py:115
                             LEAN_MCP_DISABLED_TOOLS                            
                    INFO     Disabled tool 'lean_declaration_file' server.py:115
                             via LEAN_MCP_DISABLED_TOOLS                        
                    INFO     Disabled tool                         server.py:115
                             'lean_diagnostic_messages' via                     
                             LEAN_MCP_DISABLED_TOOLS                            
                    INFO     Disabled tool 'lean_file_outline' via server.py:115
                             LEAN_MCP_DISABLED_TOOLS                            
                    INFO     Disabled tool                         server.py:115
                             'lean_get_widget_source' via                       
                             LEAN_MCP_DISABLED_TOOLS                            
                    INFO     Disabled tool 'lean_get_widgets' via  server.py:115
                             LEAN_MCP_DISABLED_TOOLS                            
                    INFO     Disabled tool 'lean_goal' via         server.py:115
                             LEAN_MCP_DISABLED_TOOLS                            
                    INFO     Disabled tool 'lean_hover_info' via   server.py:115
                             LEAN_MCP_DISABLED_TOOLS                            
                    INFO     Disabled tool 'lean_references' via   server.py:115
                             LEAN_MCP_DISABLED_TOOLS                            
                    INFO     Disabled tool 'lean_term_goal' via    server.py:115
                             LEAN_MCP_DISABLED_TOOLS                            
                    INFO     REPL enabled, using:                  server.py:322
                             /home/amirnabiyev/Conjecture_Prover/.              
                             lake/packages/repl/.lake/build/bin/re              
                             pl                                                 
                    INFO     REPL initialized: timeout=60s         server.py:325
                    INFO     Session ending — cleaning up          server.py:360
                             per-session resources                              
[09/08/26 20:41:24] INFO     Disabled tool 'lean_build' via        server.py:115
                             LEAN_MCP_DISABLED_TOOLS                            
                    INFO     Disabled tool 'lean_completions' via  server.py:115
                             LEAN_MCP_DISABLED_TOOLS                            
                    INFO     Disabled tool 'lean_declaration_file' server.py:115
                             via LEAN_MCP_DISABLED_TOOLS                        
                    INFO     Disabled tool                         server.py:115
                             'lean_diagnostic_messages' via                     
                             LEAN_MCP_DISABLED_TOOLS                            
                    INFO     Disabled tool 'lean_file_outline' via server.py:115
                             LEAN_MCP_DISABLED_TOOLS                            
                    INFO     Disabled tool                         server.py:115
                             'lean_get_widget_source' via                       
                             LEAN_MCP_DISABLED_TOOLS                            
                    INFO     Disabled tool 'lean_get_widgets' via  server.py:115
                             LEAN_MCP_DISABLED_TOOLS                            
                    INFO     Disabled tool 'lean_goal' via         server.py:115
                             LEAN_MCP_DISABLED_TOOLS                            
                    INFO     Disabled tool 'lean_hover_info' via   server.py:115
                             LEAN_MCP_DISABLED_TOOLS                            
                    INFO     Disabled tool 'lean_references' via   server.py:115
                             LEAN_MCP_DISABLED_TOOLS                            
                    INFO     Disabled tool 'lean_term_goal' via    server.py:115
                             LEAN_MCP_DISABLED_TOOLS                            
                    INFO     REPL enabled, using:                  server.py:322
                             /home/amirnabiyev/Conjecture_Prover/.              
                             lake/packages/repl/.lake/build/bin/re              
                             pl                                                 
[09/08/26 20:41:25] INFO     REPL initialized: timeout=60s         server.py:325
                    INFO     Session ending — cleaning up          server.py:360
                             per-session resources                              
[09/08/26 20:41:54] INFO     Disabled tool 'lean_build' via        server.py:115
                             LEAN_MCP_DISABLED_TOOLS                            
                    INFO     Disabled tool 'lean_completions' via  server.py:115
                             LEAN_MCP_DISABLED_TOOLS                            
                    INFO     Disabled tool 'lean_declaration_file' server.py:115
                             via LEAN_MCP_DISABLED_TOOLS                        
                    INFO     Disabled tool                         server.py:115
                             'lean_diagnostic_messages' via                     
                             LEAN_MCP_DISABLED_TOOLS                            
                    INFO     Disabled tool 'lean_file_outline' via server.py:115
                             LEAN_MCP_DISABLED_TOOLS                            
                    INFO     Disabled tool                         server.py:115
                             'lean_get_widget_source' via                       
                             LEAN_MCP_DISABLED_TOOLS                            
                    INFO     Disabled tool 'lean_get_widgets' via  server.py:115
                             LEAN_MCP_DISABLED_TOOLS                            
                    INFO     Disabled tool 'lean_goal' via         server.py:115
                             LEAN_MCP_DISABLED_TOOLS                            
                    INFO     Disabled tool 'lean_hover_info' via   server.py:115
                             LEAN_MCP_DISABLED_TOOLS                            
                    INFO     Disabled tool 'lean_references' via   server.py:115
                             LEAN_MCP_DISABLED_TOOLS                            
                    INFO     Disabled tool 'lean_term_goal' via    server.py:115
                             LEAN_MCP_DISABLED_TOOLS                            
                    INFO     REPL enabled, using:                  server.py:322
                             /home/amirnabiyev/Conjecture_Prover/.              
                             lake/packages/repl/.lake/build/bin/re              
                             pl                                                 
                    INFO     REPL initialized: timeout=60s         server.py:325
                    INFO     Session ending — cleaning up          server.py:360
                             per-session resources                              
[09/08/26 20:42:41] INFO     Disabled tool 'lean_build' via        server.py:115
                             LEAN_MCP_DISABLED_TOOLS                            
                    INFO     Disabled tool 'lean_completions' via  server.py:115
                             LEAN_MCP_DISABLED_TOOLS                            
                    INFO     Disabled tool 'lean_declaration_file' server.py:115
                             via LEAN_MCP_DISABLED_TOOLS                        
                    INFO     Disabled tool                         server.py:115
                             'lean_diagnostic_messages' via                     
                             LEAN_MCP_DISABLED_TOOLS                            
                    INFO     Disabled tool 'lean_file_outline' via server.py:115
                             LEAN_MCP_DISABLED_TOOLS                            
                    INFO     Disabled tool                         server.py:115
                             'lean_get_widget_source' via                       
                             LEAN_MCP_DISABLED_TOOLS                            
                    INFO     Disabled tool 'lean_get_widgets' via  server.py:115
                             LEAN_MCP_DISABLED_TOOLS                            
                    INFO     Disabled tool 'lean_goal' via         server.py:115
                             LEAN_MCP_DISABLED_TOOLS                            
                    INFO     Disabled tool 'lean_hover_info' via   server.py:115
                             LEAN_MCP_DISABLED_TOOLS                            
                    INFO     Disabled tool 'lean_references' via   server.py:115
                             LEAN_MCP_DISABLED_TOOLS                            
                    INFO     Disabled tool 'lean_term_goal' via    server.py:115
                             LEAN_MCP_DISABLED_TOOLS                            
                    INFO     REPL enabled, using:                  server.py:322
                             /home/amirnabiyev/Conjecture_Prover/.              
                             lake/packages/repl/.lake/build/bin/re              
                             pl                                                 
                    INFO     REPL initialized: timeout=60s         server.py:325
[09/08/26 20:42:47] INFO     Session ending — cleaning up          server.py:360
                             per-session resources                              
[09/08/26 20:43:42] INFO     Disabled tool 'lean_build' via        server.py:115
                             LEAN_MCP_DISABLED_TOOLS                            
                    INFO     Disabled tool 'lean_completions' via  server.py:115
                             LEAN_MCP_DISABLED_TOOLS                            
                    INFO     Disabled tool 'lean_declaration_file' server.py:115
                             via LEAN_MCP_DISABLED_TOOLS                        
                    INFO     Disabled tool                         server.py:115
                             'lean_diagnostic_messages' via                     
                             LEAN_MCP_DISABLED_TOOLS                            
                    INFO     Disabled tool 'lean_file_outline' via server.py:115
                             LEAN_MCP_DISABLED_TOOLS                            
                    INFO     Disabled tool                         server.py:115
                             'lean_get_widget_source' via                       
                             LEAN_MCP_DISABLED_TOOLS                            
                    INFO     Disabled tool 'lean_get_widgets' via  server.py:115
                             LEAN_MCP_DISABLED_TOOLS                            
                    INFO     Disabled tool 'lean_goal' via         server.py:115
                             LEAN_MCP_DISABLED_TOOLS                            
                    INFO     Disabled tool 'lean_hover_info' via   server.py:115
                             LEAN_MCP_DISABLED_TOOLS                            
                    INFO     Disabled tool 'lean_references' via   server.py:115
                             LEAN_MCP_DISABLED_TOOLS                            
                    INFO     Disabled tool 'lean_term_goal' via    server.py:115
                             LEAN_MCP_DISABLED_TOOLS                            
                    INFO     REPL enabled, using:                  server.py:322
                             /home/amirnabiyev/Conjecture_Prover/.              
                             lake/packages/repl/.lake/build/bin/re              
                             pl                                                 
                    INFO     REPL initialized: timeout=60s         server.py:325
[09/08/26 20:43:43] INFO     Session ending — cleaning up          server.py:360
                             per-session resources                              
[09/08/26 20:43:44] INFO     Disabled tool 'lean_build' via        server.py:115
                             LEAN_MCP_DISABLED_TOOLS                            
                    INFO     Disabled tool 'lean_completions' via  server.py:115
                             LEAN_MCP_DISABLED_TOOLS                            
                    INFO     Disabled tool 'lean_declaration_file' server.py:115
                             via LEAN_MCP_DISABLED_TOOLS                        
                    INFO     Disabled tool                         server.py:115
                             'lean_diagnostic_messages' via                     
                             LEAN_MCP_DISABLED_TOOLS                            
                    INFO     Disabled tool 'lean_file_outline' via server.py:115
                             LEAN_MCP_DISABLED_TOOLS                            
                    INFO     Disabled tool                         server.py:115
                             'lean_get_widget_source' via                       
                             LEAN_MCP_DISABLED_TOOLS                            
                    INFO     Disabled tool 'lean_get_widgets' via  server.py:115
                             LEAN_MCP_DISABLED_TOOLS                            
                    INFO     Disabled tool 'lean_goal' via         server.py:115
                             LEAN_MCP_DISABLED_TOOLS                            
                    INFO     Disabled tool 'lean_hover_info' via   server.py:115
                             LEAN_MCP_DISABLED_TOOLS                            
                    INFO     Disabled tool 'lean_references' via   server.py:115
                             LEAN_MCP_DISABLED_TOOLS                            
                    INFO     Disabled tool 'lean_term_goal' via    server.py:115
                             LEAN_MCP_DISABLED_TOOLS                            
                    INFO     REPL enabled, using:                  server.py:322
                             /home/amirnabiyev/Conjecture_Prover/.              
                             lake/packages/repl/.lake/build/bin/re              
                             pl                                                 
                    INFO     REPL initialized: timeout=60s         server.py:325
[09/08/26 20:43:51] INFO     Session ending — cleaning up          server.py:360
                             per-session resources                              
[09/08/26 20:43:59] INFO     Disabled tool 'lean_build' via        server.py:115
                             LEAN_MCP_DISABLED_TOOLS                            
                    INFO     Disabled tool 'lean_completions' via  server.py:115
                             LEAN_MCP_DISABLED_TOOLS                            
                    INFO     Disabled tool 'lean_declaration_file' server.py:115
                             via LEAN_MCP_DISABLED_TOOLS                        
                    INFO     Disabled tool                         server.py:115
                             'lean_diagnostic_messages' via                     
                             LEAN_MCP_DISABLED_TOOLS                            
                    INFO     Disabled tool 'lean_file_outline' via server.py:115
                             LEAN_MCP_DISABLED_TOOLS                            
                    INFO     Disabled tool                         server.py:115
                             'lean_get_widget_source' via                       
                             LEAN_MCP_DISABLED_TOOLS                            
                    INFO     Disabled tool 'lean_get_widgets' via  server.py:115
                             LEAN_MCP_DISABLED_TOOLS                            
                    INFO     Disabled tool 'lean_goal' via         server.py:115
                             LEAN_MCP_DISABLED_TOOLS                            
                    INFO     Disabled tool 'lean_hover_info' via   server.py:115
                             LEAN_MCP_DISABLED_TOOLS                            
                    INFO     Disabled tool 'lean_references' via   server.py:115
                             LEAN_MCP_DISABLED_TOOLS                            
                    INFO     Disabled tool 'lean_term_goal' via    server.py:115
                             LEAN_MCP_DISABLED_TOOLS                            
                    INFO     REPL enabled, using:                  server.py:322
                             /home/amirnabiyev/Conjecture_Prover/.              
                             lake/packages/repl/.lake/build/bin/re              
                             pl                                                 
                    INFO     REPL initialized: timeout=60s         server.py:325
[09/08/26 20:44:05] INFO     Session ending — cleaning up          server.py:360
                             per-session resources                              
[09/08/26 20:44:42] INFO     Disabled tool 'lean_build' via        server.py:115
                             LEAN_MCP_DISABLED_TOOLS                            
                    INFO     Disabled tool 'lean_completions' via  server.py:115
                             LEAN_MCP_DISABLED_TOOLS                            
                    INFO     Disabled tool 'lean_declaration_file' server.py:115
                             via LEAN_MCP_DISABLED_TOOLS                        
                    INFO     Disabled tool                         server.py:115
                             'lean_diagnostic_messages' via                     
                             LEAN_MCP_DISABLED_TOOLS                            
                    INFO     Disabled tool 'lean_file_outline' via server.py:115
                             LEAN_MCP_DISABLED_TOOLS                            
                    INFO     Disabled tool                         server.py:115
                             'lean_get_widget_source' via                       
                             LEAN_MCP_DISABLED_TOOLS                            
                    INFO     Disabled tool 'lean_get_widgets' via  server.py:115
                             LEAN_MCP_DISABLED_TOOLS                            
                    INFO     Disabled tool 'lean_goal' via         server.py:115
                             LEAN_MCP_DISABLED_TOOLS                            
                    INFO     Disabled tool 'lean_hover_info' via   server.py:115
                             LEAN_MCP_DISABLED_TOOLS                            
                    INFO     Disabled tool 'lean_references' via   server.py:115
                             LEAN_MCP_DISABLED_TOOLS                            
                    INFO     Disabled tool 'lean_term_goal' via    server.py:115
                             LEAN_MCP_DISABLED_TOOLS                            
                    INFO     REPL enabled, using:                  server.py:322
                             /home/amirnabiyev/Conjecture_Prover/.              
                             lake/packages/repl/.lake/build/bin/re              
                             pl                                                 
                    INFO     REPL initialized: timeout=60s         server.py:325
[09/08/26 20:44:48] INFO     Session ending — cleaning up          server.py:360
                             per-session resources                              
[09/08/26 20:44:50] INFO     Disabled tool 'lean_build' via        server.py:115
                             LEAN_MCP_DISABLED_TOOLS                            
                    INFO     Disabled tool 'lean_completions' via  server.py:115
                             LEAN_MCP_DISABLED_TOOLS                            
                    INFO     Disabled tool 'lean_declaration_file' server.py:115
                             via LEAN_MCP_DISABLED_TOOLS                        
                    INFO     Disabled tool                         server.py:115
                             'lean_diagnostic_messages' via                     
                             LEAN_MCP_DISABLED_TOOLS                            
                    INFO     Disabled tool 'lean_file_outline' via server.py:115
                             LEAN_MCP_DISABLED_TOOLS                            
                    INFO     Disabled tool                         server.py:115
                             'lean_get_widget_source' via                       
                             LEAN_MCP_DISABLED_TOOLS                            
                    INFO     Disabled tool 'lean_get_widgets' via  server.py:115
                             LEAN_MCP_DISABLED_TOOLS                            
                    INFO     Disabled tool 'lean_goal' via         server.py:115
                             LEAN_MCP_DISABLED_TOOLS                            
                    INFO     Disabled tool 'lean_hover_info' via   server.py:115
                             LEAN_MCP_DISABLED_TOOLS                            
                    INFO     Disabled tool 'lean_references' via   server.py:115
                             LEAN_MCP_DISABLED_TOOLS                            
                    INFO     Disabled tool 'lean_term_goal' via    server.py:115
                             LEAN_MCP_DISABLED_TOOLS                            
                    INFO     REPL enabled, using:                  server.py:322
                             /home/amirnabiyev/Conjecture_Prover/.              
                             lake/packages/repl/.lake/build/bin/re              
                             pl                                                 
                    INFO     REPL initialized: timeout=60s         server.py:325
[09/08/26 20:44:56] INFO     Session ending — cleaning up          server.py:360
                             per-session resources                              
[09/08/26 20:45:08] INFO     REPL enabled, using:                  server.py:322
                             /home/amirnabiyev/Conjecture_Prover/.              
                             lake/packages/repl/.lake/build/bin/re              
                             pl                                                 
                    INFO     REPL initialized: timeout=60s         server.py:325
                    INFO     Session ending — cleaning up          server.py:360
                             per-session resources                              
[09/08/26 20:45:09] INFO     REPL enabled, using:                  server.py:322
                             /home/amirnabiyev/Conjecture_Prover/.              
                             lake/packages/repl/.lake/build/bin/re              
                             pl                                                 
                    INFO     REPL initialized: timeout=60s         server.py:325
                    INFO     Session ending — cleaning up          server.py:360
                             per-session resources                              
[09/08/26 20:45:14] INFO     Disabled tool 'lean_build' via        server.py:115
                             LEAN_MCP_DISABLED_TOOLS                            
                    INFO     Disabled tool 'lean_completions' via  server.py:115
                             LEAN_MCP_DISABLED_TOOLS                            
                    INFO     Disabled tool 'lean_declaration_file' server.py:115
                             via LEAN_MCP_DISABLED_TOOLS                        
                    INFO     Disabled tool                         server.py:115
                             'lean_diagnostic_messages' via                     
                             LEAN_MCP_DISABLED_TOOLS                            
                    INFO     Disabled tool 'lean_file_outline' via server.py:115
                             LEAN_MCP_DISABLED_TOOLS                            
                    INFO     Disabled tool                         server.py:115
                             'lean_get_widget_source' via                       
                             LEAN_MCP_DISABLED_TOOLS                            
                    INFO     Disabled tool 'lean_get_widgets' via  server.py:115
                             LEAN_MCP_DISABLED_TOOLS                            
                    INFO     Disabled tool 'lean_goal' via         server.py:115
                             LEAN_MCP_DISABLED_TOOLS                            
                    INFO     Disabled tool 'lean_hover_info' via   server.py:115
                             LEAN_MCP_DISABLED_TOOLS                            
                    INFO     Disabled tool 'lean_references' via   server.py:115
                             LEAN_MCP_DISABLED_TOOLS                            
                    INFO     Disabled tool 'lean_term_goal' via    server.py:115
                             LEAN_MCP_DISABLED_TOOLS                            
                    INFO     REPL enabled, using:                  server.py:322
                             /home/amirnabiyev/Conjecture_Prover/.              
                             lake/packages/repl/.lake/build/bin/re              
                             pl                                                 
                    INFO     REPL initialized: timeout=60s         server.py:325
                    INFO     Session ending — cleaning up          server.py:360
                             per-session resources                              
[09/08/26 20:45:29] INFO     Disabled tool 'lean_build' via        server.py:115
                             LEAN_MCP_DISABLED_TOOLS                            
                    INFO     Disabled tool 'lean_completions' via  server.py:115
                             LEAN_MCP_DISABLED_TOOLS                            
                    INFO     Disabled tool 'lean_declaration_file' server.py:115
                             via LEAN_MCP_DISABLED_TOOLS                        
                    INFO     Disabled tool                         server.py:115
                             'lean_diagnostic_messages' via                     
                             LEAN_MCP_DISABLED_TOOLS                            
                    INFO     Disabled tool 'lean_file_outline' via server.py:115
                             LEAN_MCP_DISABLED_TOOLS                            
                    INFO     Disabled tool                         server.py:115
                             'lean_get_widget_source' via                       
                             LEAN_MCP_DISABLED_TOOLS                            
                    INFO     Disabled tool 'lean_get_widgets' via  server.py:115
                             LEAN_MCP_DISABLED_TOOLS                            
                    INFO     Disabled tool 'lean_goal' via         server.py:115
                             LEAN_MCP_DISABLED_TOOLS                            
                    INFO     Disabled tool 'lean_hover_info' via   server.py:115
                             LEAN_MCP_DISABLED_TOOLS                            
                    INFO     Disabled tool 'lean_references' via   server.py:115
                             LEAN_MCP_DISABLED_TOOLS                            
                    INFO     Disabled tool 'lean_term_goal' via    server.py:115
                             LEAN_MCP_DISABLED_TOOLS                            
                    INFO     REPL enabled, using:                  server.py:322
                             /home/amirnabiyev/Conjecture_Prover/.              
                             lake/packages/repl/.lake/build/bin/re              
                             pl                                                 
                    INFO     REPL initialized: timeout=60s         server.py:325
                    INFO     Session ending — cleaning up          server.py:360
                             per-session resources                              
[09/08/26 20:45:30] INFO     Disabled tool 'lean_build' via        server.py:115
                             LEAN_MCP_DISABLED_TOOLS                            
                    INFO     Disabled tool 'lean_completions' via  server.py:115
                             LEAN_MCP_DISABLED_TOOLS                            
                    INFO     Disabled tool 'lean_declaration_file' server.py:115
                             via LEAN_MCP_DISABLED_TOOLS                        
                    INFO     Disabled tool                         server.py:115
                             'lean_diagnostic_messages' via                     
                             LEAN_MCP_DISABLED_TOOLS                            
                    INFO     Disabled tool 'lean_file_outline' via server.py:115
                             LEAN_MCP_DISABLED_TOOLS                            
                    INFO     Disabled tool                         server.py:115
                             'lean_get_widget_source' via                       
                             LEAN_MCP_DISABLED_TOOLS                            
                    INFO     Disabled tool 'lean_get_widgets' via  server.py:115
                             LEAN_MCP_DISABLED_TOOLS                            
                    INFO     Disabled tool 'lean_goal' via         server.py:115
                             LEAN_MCP_DISABLED_TOOLS                            
                    INFO     Disabled tool 'lean_hover_info' via   server.py:115
                             LEAN_MCP_DISABLED_TOOLS                            
                    INFO     Disabled tool 'lean_references' via   server.py:115
                             LEAN_MCP_DISABLED_TOOLS                            
                    INFO     Disabled tool 'lean_term_goal' via    server.py:115
                             LEAN_MCP_DISABLED_TOOLS                            
                    INFO     REPL enabled, using:                  server.py:322
                             /home/amirnabiyev/Conjecture_Prover/.              
                             lake/packages/repl/.lake/build/bin/re              
                             pl                                                 
                    INFO     REPL initialized: timeout=60s         server.py:325
[09/08/26 20:45:31] INFO     Session ending — cleaning up          server.py:360
                             per-session resources                              
[09/08/26 20:45:35] INFO     Disabled tool 'lean_build' via        server.py:115
                             LEAN_MCP_DISABLED_TOOLS                            
                    INFO     Disabled tool 'lean_completions' via  server.py:115
                             LEAN_MCP_DISABLED_TOOLS                            
                    INFO     Disabled tool 'lean_declaration_file' server.py:115
                             via LEAN_MCP_DISABLED_TOOLS                        
                    INFO     Disabled tool                         server.py:115
                             'lean_diagnostic_messages' via                     
                             LEAN_MCP_DISABLED_TOOLS                            
                    INFO     Disabled tool 'lean_file_outline' via server.py:115
                             LEAN_MCP_DISABLED_TOOLS                            
                    INFO     Disabled tool                         server.py:115
                             'lean_get_widget_source' via                       
                             LEAN_MCP_DISABLED_TOOLS                            
                    INFO     Disabled tool 'lean_get_widgets' via  server.py:115
                             LEAN_MCP_DISABLED_TOOLS                            
                    INFO     Disabled tool 'lean_goal' via         server.py:115
                             LEAN_MCP_DISABLED_TOOLS                            
                    INFO     Disabled tool 'lean_hover_info' via   server.py:115
                             LEAN_MCP_DISABLED_TOOLS                            
                    INFO     Disabled tool 'lean_references' via   server.py:115
                             LEAN_MCP_DISABLED_TOOLS                            
                    INFO     Disabled tool 'lean_term_goal' via    server.py:115
                             LEAN_MCP_DISABLED_TOOLS                            
                    INFO     REPL enabled, using:                  server.py:322
                             /home/amirnabiyev/Conjecture_Prover/.              
                             lake/packages/repl/.lake/build/bin/re              
                             pl                                                 
                    INFO     REPL initialized: timeout=60s         server.py:325
[09/08/26 20:45:36] INFO     Session ending — cleaning up          server.py:360
                             per-session resources                              
[09/08/26 20:45:37] INFO     Disabled tool 'lean_build' via        server.py:115
                             LEAN_MCP_DISABLED_TOOLS                            
                    INFO     Disabled tool 'lean_completions' via  server.py:115
                             LEAN_MCP_DISABLED_TOOLS                            
                    INFO     Disabled tool 'lean_declaration_file' server.py:115
                             via LEAN_MCP_DISABLED_TOOLS                        
                    INFO     Disabled tool                         server.py:115
                             'lean_diagnostic_messages' via                     
                             LEAN_MCP_DISABLED_TOOLS                            
                    INFO     Disabled tool 'lean_file_outline' via server.py:115
                             LEAN_MCP_DISABLED_TOOLS                            
                    INFO     Disabled tool                         server.py:115
                             'lean_get_widget_source' via                       
                             LEAN_MCP_DISABLED_TOOLS                            
                    INFO     Disabled tool 'lean_get_widgets' via  server.py:115
                             LEAN_MCP_DISABLED_TOOLS                            
                    INFO     Disabled tool 'lean_goal' via         server.py:115
                             LEAN_MCP_DISABLED_TOOLS                            
                    INFO     Disabled tool 'lean_hover_info' via   server.py:115
                             LEAN_MCP_DISABLED_TOOLS                            
                    INFO     Disabled tool 'lean_references' via   server.py:115
                             LEAN_MCP_DISABLED_TOOLS                            
                    INFO     Disabled tool 'lean_term_goal' via    server.py:115
                             LEAN_MCP_DISABLED_TOOLS                            
                    INFO     REPL enabled, using:                  server.py:322
                             /home/amirnabiyev/Conjecture_Prover/.              
                             lake/packages/repl/.lake/build/bin/re              
                             pl                                                 
                    INFO     REPL initialized: timeout=60s         server.py:325
[09/08/26 20:45:44] INFO     Session ending — cleaning up          server.py:360
                             per-session resources                              
[09/08/26 20:45:48] INFO     Disabled tool 'lean_build' via        server.py:115
                             LEAN_MCP_DISABLED_TOOLS                            
                    INFO     Disabled tool 'lean_completions' via  server.py:115
                             LEAN_MCP_DISABLED_TOOLS                            
                    INFO     Disabled tool 'lean_declaration_file' server.py:115
                             via LEAN_MCP_DISABLED_TOOLS                        
                    INFO     Disabled tool                         server.py:115
                             'lean_diagnostic_messages' via                     
                             LEAN_MCP_DISABLED_TOOLS                            
                    INFO     Disabled tool 'lean_file_outline' via server.py:115
                             LEAN_MCP_DISABLED_TOOLS                            
                    INFO     Disabled tool                         server.py:115
                             'lean_get_widget_source' via                       
                             LEAN_MCP_DISABLED_TOOLS                            
                    INFO     Disabled tool 'lean_get_widgets' via  server.py:115
                             LEAN_MCP_DISABLED_TOOLS                            
                    INFO     Disabled tool 'lean_goal' via         server.py:115
                             LEAN_MCP_DISABLED_TOOLS                            
                    INFO     Disabled tool 'lean_hover_info' via   server.py:115
                             LEAN_MCP_DISABLED_TOOLS                            
                    INFO     Disabled tool 'lean_references' via   server.py:115
                             LEAN_MCP_DISABLED_TOOLS                            
                    INFO     Disabled tool 'lean_term_goal' via    server.py:115
                             LEAN_MCP_DISABLED_TOOLS                            
                    INFO     REPL enabled, using:                  server.py:322
                             /home/amirnabiyev/Conjecture_Prover/.              
                             lake/packages/repl/.lake/build/bin/re              
                             pl                                                 
                    INFO     REPL initialized: timeout=60s         server.py:325
[09/08/26 20:45:54] INFO     Session ending — cleaning up          server.py:360
                             per-session resources                              
[09/08/26 20:46:09] INFO     Disabled tool 'lean_build' via        server.py:115
                             LEAN_MCP_DISABLED_TOOLS                            
                    INFO     Disabled tool 'lean_completions' via  server.py:115
                             LEAN_MCP_DISABLED_TOOLS                            
                    INFO     Disabled tool 'lean_declaration_file' server.py:115
                             via LEAN_MCP_DISABLED_TOOLS                        
                    INFO     Disabled tool                         server.py:115
                             'lean_diagnostic_messages' via                     
                             LEAN_MCP_DISABLED_TOOLS                            
                    INFO     Disabled tool 'lean_file_outline' via server.py:115
                             LEAN_MCP_DISABLED_TOOLS                            
                    INFO     Disabled tool                         server.py:115
                             'lean_get_widget_source' via                       
                             LEAN_MCP_DISABLED_TOOLS                            
                    INFO     Disabled tool 'lean_get_widgets' via  server.py:115
                             LEAN_MCP_DISABLED_TOOLS                            
                    INFO     Disabled tool 'lean_goal' via         server.py:115
                             LEAN_MCP_DISABLED_TOOLS                            
                    INFO     Disabled tool 'lean_hover_info' via   server.py:115
                             LEAN_MCP_DISABLED_TOOLS                            
                    INFO     Disabled tool 'lean_references' via   server.py:115
                             LEAN_MCP_DISABLED_TOOLS                            
                    INFO     Disabled tool 'lean_term_goal' via    server.py:115
                             LEAN_MCP_DISABLED_TOOLS                            
                    INFO     REPL enabled, using:                  server.py:322
                             /home/amirnabiyev/Conjecture_Prover/.              
                             lake/packages/repl/.lake/build/bin/re              
                             pl                                                 
                    INFO     REPL initialized: timeout=60s         server.py:325
[09/08/26 20:46:15] INFO     Session ending — cleaning up          server.py:360
                             per-session resources                              
[09/08/26 20:46:22] INFO     Disabled tool 'lean_build' via        server.py:115
                             LEAN_MCP_DISABLED_TOOLS                            
                    INFO     Disabled tool 'lean_completions' via  server.py:115
                             LEAN_MCP_DISABLED_TOOLS                            
                    INFO     Disabled tool 'lean_declaration_file' server.py:115
                             via LEAN_MCP_DISABLED_TOOLS                        
                    INFO     Disabled tool                         server.py:115
                             'lean_diagnostic_messages' via                     
                             LEAN_MCP_DISABLED_TOOLS                            
                    INFO     Disabled tool 'lean_file_outline' via server.py:115
                             LEAN_MCP_DISABLED_TOOLS                            
                    INFO     Disabled tool                         server.py:115
                             'lean_get_widget_source' via                       
                             LEAN_MCP_DISABLED_TOOLS                            
                    INFO     Disabled tool 'lean_get_widgets' via  server.py:115
                             LEAN_MCP_DISABLED_TOOLS                            
                    INFO     Disabled tool 'lean_goal' via         server.py:115
                             LEAN_MCP_DISABLED_TOOLS                            
                    INFO     Disabled tool 'lean_hover_info' via   server.py:115
                             LEAN_MCP_DISABLED_TOOLS                            
                    INFO     Disabled tool 'lean_references' via   server.py:115
                             LEAN_MCP_DISABLED_TOOLS                            
                    INFO     Disabled tool 'lean_term_goal' via    server.py:115
                             LEAN_MCP_DISABLED_TOOLS                            
                    INFO     REPL enabled, using:                  server.py:322
                             /home/amirnabiyev/Conjecture_Prover/.              
                             lake/packages/repl/.lake/build/bin/re              
                             pl                                                 
                    INFO     REPL initialized: timeout=60s         server.py:325
[09/08/26 20:46:23] INFO     Session ending — cleaning up          server.py:360
                             per-session resources                              
[09/08/26 20:46:24] INFO     Disabled tool 'lean_build' via        server.py:115
                             LEAN_MCP_DISABLED_TOOLS                            
                    INFO     Disabled tool 'lean_completions' via  server.py:115
                             LEAN_MCP_DISABLED_TOOLS                            
                    INFO     Disabled tool 'lean_declaration_file' server.py:115
                             via LEAN_MCP_DISABLED_TOOLS                        
                    INFO     Disabled tool                         server.py:115
                             'lean_diagnostic_messages' via                     
                             LEAN_MCP_DISABLED_TOOLS                            
                    INFO     Disabled tool 'lean_file_outline' via server.py:115
                             LEAN_MCP_DISABLED_TOOLS                            
                    INFO     Disabled tool                         server.py:115
                             'lean_get_widget_source' via                       
                             LEAN_MCP_DISABLED_TOOLS                            
                    INFO     Disabled tool 'lean_get_widgets' via  server.py:115
                             LEAN_MCP_DISABLED_TOOLS                            
                    INFO     Disabled tool 'lean_goal' via         server.py:115
                             LEAN_MCP_DISABLED_TOOLS                            
                    INFO     Disabled tool 'lean_hover_info' via   server.py:115
                             LEAN_MCP_DISABLED_TOOLS                            
                    INFO     Disabled tool 'lean_references' via   server.py:115
                             LEAN_MCP_DISABLED_TOOLS                            
                    INFO     Disabled tool 'lean_term_goal' via    server.py:115
                             LEAN_MCP_DISABLED_TOOLS                            
                    INFO     REPL enabled, using:                  server.py:322
                             /home/amirnabiyev/Conjecture_Prover/.              
                             lake/packages/repl/.lake/build/bin/re              
                             pl                                                 
                    INFO     REPL initialized: timeout=60s         server.py:325
                    INFO     Session ending — cleaning up          server.py:360
                             per-session resources                              
[09/08/26 20:46:52] INFO     Disabled tool 'lean_build' via        server.py:115
                             LEAN_MCP_DISABLED_TOOLS                            
                    INFO     Disabled tool 'lean_completions' via  server.py:115
                             LEAN_MCP_DISABLED_TOOLS                            
                    INFO     Disabled tool 'lean_declaration_file' server.py:115
                             via LEAN_MCP_DISABLED_TOOLS                        
                    INFO     Disabled tool                         server.py:115
                             'lean_diagnostic_messages' via                     
                             LEAN_MCP_DISABLED_TOOLS                            
                    INFO     Disabled tool 'lean_file_outline' via server.py:115
                             LEAN_MCP_DISABLED_TOOLS                            
                    INFO     Disabled tool                         server.py:115
                             'lean_get_widget_source' via                       
                             LEAN_MCP_DISABLED_TOOLS                            
                    INFO     Disabled tool 'lean_get_widgets' via  server.py:115
                             LEAN_MCP_DISABLED_TOOLS                            
                    INFO     Disabled tool 'lean_goal' via         server.py:115
                             LEAN_MCP_DISABLED_TOOLS                            
                    INFO     Disabled tool 'lean_hover_info' via   server.py:115
                             LEAN_MCP_DISABLED_TOOLS                            
                    INFO     Disabled tool 'lean_references' via   server.py:115
                             LEAN_MCP_DISABLED_TOOLS                            
                    INFO     Disabled tool 'lean_term_goal' via    server.py:115
                             LEAN_MCP_DISABLED_TOOLS                            
                    INFO     REPL enabled, using:                  server.py:322
                             /home/amirnabiyev/Conjecture_Prover/.              
                             lake/packages/repl/.lake/build/bin/re              
                             pl                                                 
                    INFO     REPL initialized: timeout=60s         server.py:325
[09/08/26 20:46:58] INFO     Session ending — cleaning up          server.py:360
                             per-session resources                              
[09/08/26 20:47:00] INFO     Disabled tool 'lean_build' via        server.py:115
                             LEAN_MCP_DISABLED_TOOLS                            
                    INFO     Disabled tool 'lean_completions' via  server.py:115
                             LEAN_MCP_DISABLED_TOOLS                            
                    INFO     Disabled tool 'lean_declaration_file' server.py:115
                             via LEAN_MCP_DISABLED_TOOLS                        
                    INFO     Disabled tool                         server.py:115
                             'lean_diagnostic_messages' via                     
                             LEAN_MCP_DISABLED_TOOLS                            
                    INFO     Disabled tool 'lean_file_outline' via server.py:115
                             LEAN_MCP_DISABLED_TOOLS                            
                    INFO     Disabled tool                         server.py:115
                             'lean_get_widget_source' via                       
                             LEAN_MCP_DISABLED_TOOLS                            
                    INFO     Disabled tool 'lean_get_widgets' via  server.py:115
                             LEAN_MCP_DISABLED_TOOLS                            
                    INFO     Disabled tool 'lean_goal' via         server.py:115
                             LEAN_MCP_DISABLED_TOOLS                            
                    INFO     Disabled tool 'lean_hover_info' via   server.py:115
                             LEAN_MCP_DISABLED_TOOLS                            
                    INFO     Disabled tool 'lean_references' via   server.py:115
                             LEAN_MCP_DISABLED_TOOLS                            
                    INFO     Disabled tool 'lean_term_goal' via    server.py:115
                             LEAN_MCP_DISABLED_TOOLS                            
                    INFO     REPL enabled, using:                  server.py:322
                             /home/amirnabiyev/Conjecture_Prover/.              
                             lake/packages/repl/.lake/build/bin/re              
                             pl                                                 
                    INFO     REPL initialized: timeout=60s         server.py:325
                    INFO     Session ending — cleaning up          server.py:360
                             per-session resources                              
[09/08/26 20:47:23] INFO     Disabled tool 'lean_build' via        server.py:115
                             LEAN_MCP_DISABLED_TOOLS                            
                    INFO     Disabled tool 'lean_completions' via  server.py:115
                             LEAN_MCP_DISABLED_TOOLS                            
                    INFO     Disabled tool 'lean_declaration_file' server.py:115
                             via LEAN_MCP_DISABLED_TOOLS                        
                    INFO     Disabled tool                         server.py:115
                             'lean_diagnostic_messages' via                     
                             LEAN_MCP_DISABLED_TOOLS                            
                    INFO     Disabled tool 'lean_file_outline' via server.py:115
                             LEAN_MCP_DISABLED_TOOLS                            
                    INFO     Disabled tool                         server.py:115
                             'lean_get_widget_source' via                       
                             LEAN_MCP_DISABLED_TOOLS                            
                    INFO     Disabled tool 'lean_get_widgets' via  server.py:115
                             LEAN_MCP_DISABLED_TOOLS                            
                    INFO     Disabled tool 'lean_goal' via         server.py:115
                             LEAN_MCP_DISABLED_TOOLS                            
                    INFO     Disabled tool 'lean_hover_info' via   server.py:115
                             LEAN_MCP_DISABLED_TOOLS                            
                    INFO     Disabled tool 'lean_references' via   server.py:115
                             LEAN_MCP_DISABLED_TOOLS                            
                    INFO     Disabled tool 'lean_term_goal' via    server.py:115
                             LEAN_MCP_DISABLED_TOOLS                            
                    INFO     REPL enabled, using:                  server.py:322
                             /home/amirnabiyev/Conjecture_Prover/.              
                             lake/packages/repl/.lake/build/bin/re              
                             pl                                                 
                    INFO     REPL initialized: timeout=60s         server.py:325
[09/08/26 20:47:25] INFO     Shared async LSP client         client_utils.py:133
                             connected at                                       
                             /home/amirnabiyev/Conjecture_Pr                    
                             over                                               
[09/08/26 20:47:45] INFO     Session ending — cleaning up          server.py:360
                             per-session resources                              
Exception ignored in: <function BaseSubprocessTransport.__del__ at 0x73cfffcc3380>
Traceback (most recent call last):
  File "/usr/local/lib/python3.12/asyncio/base_subprocess.py", line 126, in __del__
    self.close()
  File "/usr/local/lib/python3.12/asyncio/base_subprocess.py", line 104, in close
    proto.pipe.close()
  File "/usr/local/lib/python3.12/asyncio/unix_events.py", line 767, in close
    self.write_eof()
  File "/usr/local/lib/python3.12/asyncio/unix_events.py", line 753, in write_eof
    self._loop.call_soon(self._call_connection_lost, None)
  File "/usr/local/lib/python3.12/asyncio/base_events.py", line 799, in call_soon
    self._check_closed()
  File "/usr/local/lib/python3.12/asyncio/base_events.py", line 545, in _check_closed
    raise RuntimeError('Event loop is closed')
RuntimeError: Event loop is closed


======================================================================
AGGREGATOR: Applying proofs (round 3)
   Received 2 proposal(s)
======================================================================

   🛠️  AG AI made 1 tool call(s):
 → search_replace_workspace
   🛠️  AG AI made 1 tool call(s):
 → lean_diagnostic_messages
   💬 AG AI says: The file compiles with no errors — only pre-existing warnings (unused section variables on other theorems, and a `sorry` warning at line 124 which is a separate declaration, not the one I edited). Let me verify the inserted lemma has no residual `sorry`/axioms:
   🛠️  AG AI made 1 tool call(s):
 → lean_verify
   💬 AG AI says: The proposal has been applied successfully.

**Summary:**
- **`Problem94.zeroSet_mem_iff_ker`** — Applied the proof from the prover's validated code block (stripping the surrounding prose wrapper), preserving the original docstring and `@[blueprint]` annotations.
- `lean_diagnostic_messages` reports **0 errors**. Only pre-existing warnings remain (unused section variables on earlier theorems, and a `sorry` warning at line 124 belonging to a different declaration untouched by this edit).
- `lean_
      ... (680 total chars)
   ✅ Aggregator LLM finished after 4 turn(s)
   📊 Blueprint JSON: 7 lemmas, 6 proved
   🚦 Route: aggregator → blueprint_refiner (round 3)

======================================================================
🔧 BLUEPRINT REFINER: Revising blueprint based on prover feedback
   Unproved lemmas to address: Problem94.zeroSet_infinite_contains_ap
     • Problem94.zeroSet_infinite_contains_ap: [Turn 10] Based on my investigation, this obligation cannot be completed from the available material. Here is the detail...
======================================================================

   💬 BR AI says: The revision is finished. Final state of the deliverable:

**Workspace file:** `/home/amirnabiyev/Conjecture_Prover/ConjectureProver.lean` — compiles with no real errors (only expected `sorry_using` warnings on the two open nodes and pre-existing unused-section-var lints), and the blueprint JSON was regenerated successfully.

**Nodes:** unchanged set of 7 (defs `zeroSet`, `ContainsArithmeticProgression`; lemmas `zeroSet_mem_iff`, `zeroSet_mem_iff_ker`, `formallyEtale_pow`, `zeroSet_infinite_cont
      ... (1248 total chars)
   🚦 Routing: blueprint_refiner → rebuild_blueprint

🔄 REBUILD BLUEPRINT: Refreshing blueprint state from JSON...
   📊 7 lemmas, 6 proved
   📊 Blueprint: 7 nodes, root='Problem94.zeroSet_finite_or_contain_arithmetic_progression'
   🚦 Routing: rebuild_blueprint → theorem_proving
   🚀 theorem_proving: dispatching 1 parallel agent(s) (skipped 0 without sorry_using)
      → Problem94.zeroSet_infinite_contains_ap

============================================================
🔍 PROVE LEMMA: Problem94.zeroSet_infinite_contains_ap  (max 12 turns)
============================================================

   🔌 MCP client ready for lemma 'Problem94.zeroSet_infinite_contains_ap' (proof-only mode)
   🛠️  PL-Problem94.zeroSet_infinite_contains_ap AI made 2 tool call(s):
 → lean_local_search
 → lean_local_search
   🛠️  PL-Problem94.zeroSet_infinite_contains_ap AI made 2 tool call(s):
 → lean_local_search
 → lean_local_search
   🛠️  PL-Problem94.zeroSet_infinite_contains_ap AI made 1 tool call(s):
 → lean_run_code
   🛠️  PL-Problem94.zeroSet_infinite_contains_ap AI made 1 tool call(s):
 → lean_run_code
   🛠️  PL-Problem94.zeroSet_infinite_contains_ap AI made 1 tool call(s):
 → lean_run_code
   🛠️  PL-Problem94.zeroSet_infinite_contains_ap AI made 2 tool call(s):
 → lean_local_search
 → lean_local_search
   🛠️  PL-Problem94.zeroSet_infinite_contains_ap AI made 2 tool call(s):
 → search_mathlib_docs_multi
 → lean_leansearch
   💬 PL-Problem94.zeroSet_infinite_contains_ap AI says: Let me set up the exploration context and see what the goal looks like concretely.
   🛠️  PL-Problem94.zeroSet_infinite_contains_ap AI made 1 tool call(s):
 → lean_run_code
   🛠️  PL-Problem94.zeroSet_infinite_contains_ap AI made 2 tool call(s):
 → lean_local_search
 → lean_run_code
   🛠️  PL-Problem94.zeroSet_infinite_contains_ap AI made 1 tool call(s):
 → lean_run_code
   💬 PL-Problem94.zeroSet_infinite_contains_ap AI says: The key structural discovery: `zeroSet_finite_or_contain_arithmetic_progression` depends **on** our lemma (it's derived from it), so no shortcut there. Let me run a few exploration attempts to confirm there is no elementary proof path.
   🛠️  PL-Problem94.zeroSet_infinite_contains_ap AI made 2 tool call(s):
 → lean_run_code
 → lean_run_code
   💬 PL-Problem94.zeroSet_infinite_contains_ap AI says: [FINAL PROPOSAL]
status: UNRESOLVED
new_str:
```lean
lemma zeroSet_infinite_contains_ap (hf : f.FormallyEtale) :
    ¬ (zeroSet f ϕ I).Finite → ContainsArithmeticProgression (zeroSet f ϕ I) := by
  intro hS
  -- The conclusion asks for ∃ d : ℕ⁺, ∃ a : ℕ, ∀ n, a + d*n ∈ zeroSet f ϕ I.
  -- (see ContainsArithmeticProgression := fun S => ∃ d a, ∀ (n : ℕ), a + ↑d * n ∈ S)
  -- Not reachable from zeroSet_mem_iff / zeroSet_mem_iff_ker / formallyEtale_pow:
  -- those only give pointwise characterizatio
      ... (3914 total chars)
   ⏰ Lemma 'Problem94.zeroSet_infinite_contains_ap': turn limit (12) reached

======================================================================
AGGREGATOR: Applying proofs (round 4)
   Received 1 proposal(s)
======================================================================

   📭 No valid proposals to apply
   🚦 Route: aggregator → blueprint_refiner (round 4)

======================================================================
🔧 BLUEPRINT REFINER: Revising blueprint based on prover feedback
   Unproved lemmas to address: Problem94.zeroSet_infinite_contains_ap
======================================================================

   💬 BR AI says: The revised blueprint is complete and has been delivered to the workspace. Summary of this round:

**Changes made (annotation-only; all statements, `sorry_using` lists, and PROVED bodies preserved byte-for-byte):**
- `Problem94.zeroSet_mem_iff_ker` — proof sketch updated to the exact verified route (`rw [zeroSet_mem_iff]`, `Ideal.map_le_iff_le_comap`, `Ideal.mem_map_of_mem`, `RingHom.mem_ker`, closing `simpa`), keeping its single dependency on `zeroSet_mem_iff`.
- `Problem94.zeroSet_infinite_con
      ... (1093 total chars)
   🚦 Routing: blueprint_refiner → rebuild_blueprint

🔄 REBUILD BLUEPRINT: Refreshing blueprint state from JSON...
   📊 7 lemmas, 6 proved
   📊 Blueprint: 7 nodes, root='Problem94.zeroSet_finite_or_contain_arithmetic_progression'
   🚦 Routing: rebuild_blueprint → theorem_proving
   🚀 theorem_proving: dispatching 1 parallel agent(s) (skipped 0 without sorry_using)
      → Problem94.zeroSet_infinite_contains_ap

============================================================
🔍 PROVE LEMMA: Problem94.zeroSet_infinite_contains_ap  (max 12 turns)
============================================================

   🔌 MCP client ready for lemma 'Problem94.zeroSet_infinite_contains_ap' (proof-only mode)
   🛠️  PL-Problem94.zeroSet_infinite_contains_ap AI made 2 tool call(s):
 → lean_local_search
 → lean_local_search
   🛠️  PL-Problem94.zeroSet_infinite_contains_ap AI made 2 tool call(s):
 → lean_local_search
 → lean_run_code
   🛠️  PL-Problem94.zeroSet_infinite_contains_ap AI made 1 tool call(s):
 → lean_run_code
   🛠️  PL-Problem94.zeroSet_infinite_contains_ap AI made 1 tool call(s):
 → lean_run_code
   🛠️  PL-Problem94.zeroSet_infinite_contains_ap AI made 2 tool call(s):
 → lean_local_search
 → lean_local_search
   🛠️  PL-Problem94.zeroSet_infinite_contains_ap AI made 2 tool call(s):
 → lean_run_code
 → lean_local_search
   🛠️  PL-Problem94.zeroSet_infinite_contains_ap AI made 1 tool call(s):
 → lean_verify
   🛠️  PL-Problem94.zeroSet_infinite_contains_ap AI made 1 tool call(s):[09/08/26 20:47:50] INFO     Disabled tool 'lean_build' via        server.py:115
                             LEAN_MCP_DISABLED_TOOLS                            
                    INFO     Disabled tool 'lean_completions' via  server.py:115
                             LEAN_MCP_DISABLED_TOOLS                            
                    INFO     Disabled tool 'lean_declaration_file' server.py:115
                             via LEAN_MCP_DISABLED_TOOLS                        
                    INFO     Disabled tool                         server.py:115
                             'lean_diagnostic_messages' via                     
                             LEAN_MCP_DISABLED_TOOLS                            
                    INFO     Disabled tool 'lean_file_outline' via server.py:115
                             LEAN_MCP_DISABLED_TOOLS                            
                    INFO     Disabled tool                         server.py:115
                             'lean_get_widget_source' via                       
                             LEAN_MCP_DISABLED_TOOLS                            
                    INFO     Disabled tool 'lean_get_widgets' via  server.py:115
                             LEAN_MCP_DISABLED_TOOLS                            
                    INFO     Disabled tool 'lean_goal' via         server.py:115
                             LEAN_MCP_DISABLED_TOOLS                            
                    INFO     Disabled tool 'lean_hover_info' via   server.py:115
                             LEAN_MCP_DISABLED_TOOLS                            
                    INFO     Disabled tool 'lean_references' via   server.py:115
                             LEAN_MCP_DISABLED_TOOLS                            
                    INFO     Disabled tool 'lean_term_goal' via    server.py:115
                             LEAN_MCP_DISABLED_TOOLS                            
                    INFO     REPL enabled, using:                  server.py:322
                             /home/amirnabiyev/Conjecture_Prover/.              
                             lake/packages/repl/.lake/build/bin/re              
                             pl                                                 
                    INFO     REPL initialized: timeout=60s         server.py:325
[09/08/26 20:47:56] INFO     Session ending — cleaning up          server.py:360
                             per-session resources                              
[09/08/26 20:47:59] INFO     Disabled tool 'lean_build' via        server.py:115
                             LEAN_MCP_DISABLED_TOOLS                            
                    INFO     Disabled tool 'lean_completions' via  server.py:115
                             LEAN_MCP_DISABLED_TOOLS                            
                    INFO     Disabled tool 'lean_declaration_file' server.py:115
                             via LEAN_MCP_DISABLED_TOOLS                        
                    INFO     Disabled tool                         server.py:115
                             'lean_diagnostic_messages' via                     
                             LEAN_MCP_DISABLED_TOOLS                            
                    INFO     Disabled tool 'lean_file_outline' via server.py:115
                             LEAN_MCP_DISABLED_TOOLS                            
                    INFO     Disabled tool                         server.py:115
                             'lean_get_widget_source' via                       
                             LEAN_MCP_DISABLED_TOOLS                            
                    INFO     Disabled tool 'lean_get_widgets' via  server.py:115
                             LEAN_MCP_DISABLED_TOOLS                            
                    INFO     Disabled tool 'lean_goal' via         server.py:115
                             LEAN_MCP_DISABLED_TOOLS                            
                    INFO     Disabled tool 'lean_hover_info' via   server.py:115
                             LEAN_MCP_DISABLED_TOOLS                            
                    INFO     Disabled tool 'lean_references' via   server.py:115
                             LEAN_MCP_DISABLED_TOOLS                            
                    INFO     Disabled tool 'lean_term_goal' via    server.py:115
                             LEAN_MCP_DISABLED_TOOLS                            
                    INFO     REPL enabled, using:                  server.py:322
                             /home/amirnabiyev/Conjecture_Prover/.              
                             lake/packages/repl/.lake/build/bin/re              
                             pl                                                 
                    INFO     REPL initialized: timeout=60s         server.py:325
[09/08/26 20:48:06] INFO     Session ending — cleaning up          server.py:360
                             per-session resources                              
[09/08/26 20:48:10] INFO     Disabled tool 'lean_build' via        server.py:115
                             LEAN_MCP_DISABLED_TOOLS                            
                    INFO     Disabled tool 'lean_completions' via  server.py:115
                             LEAN_MCP_DISABLED_TOOLS                            
                    INFO     Disabled tool 'lean_declaration_file' server.py:115
                             via LEAN_MCP_DISABLED_TOOLS                        
                    INFO     Disabled tool                         server.py:115
                             'lean_diagnostic_messages' via                     
                             LEAN_MCP_DISABLED_TOOLS                            
                    INFO     Disabled tool 'lean_file_outline' via server.py:115
                             LEAN_MCP_DISABLED_TOOLS                            
                    INFO     Disabled tool                         server.py:115
                             'lean_get_widget_source' via                       
                             LEAN_MCP_DISABLED_TOOLS                            
                    INFO     Disabled tool 'lean_get_widgets' via  server.py:115
                             LEAN_MCP_DISABLED_TOOLS                            
                    INFO     Disabled tool 'lean_goal' via         server.py:115
                             LEAN_MCP_DISABLED_TOOLS                            
                    INFO     Disabled tool 'lean_hover_info' via   server.py:115
                             LEAN_MCP_DISABLED_TOOLS                            
                    INFO     Disabled tool 'lean_references' via   server.py:115
                             LEAN_MCP_DISABLED_TOOLS                            
                    INFO     Disabled tool 'lean_term_goal' via    server.py:115
                             LEAN_MCP_DISABLED_TOOLS                            
                    INFO     REPL enabled, using:                  server.py:322
                             /home/amirnabiyev/Conjecture_Prover/.              
                             lake/packages/repl/.lake/build/bin/re              
                             pl                                                 
                    INFO     REPL initialized: timeout=60s         server.py:325
[09/08/26 20:48:16] INFO     Session ending — cleaning up          server.py:360
                             per-session resources                              
[09/08/26 20:48:20] INFO     Disabled tool 'lean_build' via        server.py:115
                             LEAN_MCP_DISABLED_TOOLS                            
                    INFO     Disabled tool 'lean_completions' via  server.py:115
                             LEAN_MCP_DISABLED_TOOLS                            
                    INFO     Disabled tool 'lean_declaration_file' server.py:115
                             via LEAN_MCP_DISABLED_TOOLS                        
                    INFO     Disabled tool                         server.py:115
                             'lean_diagnostic_messages' via                     
                             LEAN_MCP_DISABLED_TOOLS                            
                    INFO     Disabled tool 'lean_file_outline' via server.py:115
                             LEAN_MCP_DISABLED_TOOLS                            
                    INFO     Disabled tool                         server.py:115
                             'lean_get_widget_source' via                       
                             LEAN_MCP_DISABLED_TOOLS                            
                    INFO     Disabled tool 'lean_get_widgets' via  server.py:115
                             LEAN_MCP_DISABLED_TOOLS                            
                    INFO     Disabled tool 'lean_goal' via         server.py:115
                             LEAN_MCP_DISABLED_TOOLS                            
                    INFO     Disabled tool 'lean_hover_info' via   server.py:115
                             LEAN_MCP_DISABLED_TOOLS                            
                    INFO     Disabled tool 'lean_references' via   server.py:115
                             LEAN_MCP_DISABLED_TOOLS                            
                    INFO     Disabled tool 'lean_term_goal' via    server.py:115
                             LEAN_MCP_DISABLED_TOOLS                            
                    INFO     REPL enabled, using:                  server.py:322
                             /home/amirnabiyev/Conjecture_Prover/.              
                             lake/packages/repl/.lake/build/bin/re              
                             pl                                                 
                    INFO     REPL initialized: timeout=60s         server.py:325
[09/08/26 20:48:27] INFO     Session ending — cleaning up          server.py:360
                             per-session resources                              
[09/08/26 20:48:44] INFO     REPL enabled, using:                  server.py:322
                             /home/amirnabiyev/Conjecture_Prover/.              
                             lake/packages/repl/.lake/build/bin/re              
                             pl                                                 
                    INFO     REPL initialized: timeout=60s         server.py:325
                    INFO     Session ending — cleaning up          server.py:360
                             per-session resources                              
[09/08/26 20:48:45] INFO     REPL enabled, using:                  server.py:322
                             /home/amirnabiyev/Conjecture_Prover/.              
                             lake/packages/repl/.lake/build/bin/re              
                             pl                                                 
                    INFO     REPL initialized: timeout=60s         server.py:325
                    INFO     Session ending — cleaning up          server.py:360
                             per-session resources                              
[09/08/26 20:48:50] INFO     Disabled tool 'lean_build' via        server.py:115
                             LEAN_MCP_DISABLED_TOOLS                            
                    INFO     Disabled tool 'lean_completions' via  server.py:115
                             LEAN_MCP_DISABLED_TOOLS                            
                    INFO     Disabled tool 'lean_declaration_file' server.py:115
                             via LEAN_MCP_DISABLED_TOOLS                        
                    INFO     Disabled tool                         server.py:115
                             'lean_diagnostic_messages' via                     
                             LEAN_MCP_DISABLED_TOOLS                            
                    INFO     Disabled tool 'lean_file_outline' via server.py:115
                             LEAN_MCP_DISABLED_TOOLS                            
                    INFO     Disabled tool                         server.py:115
                             'lean_get_widget_source' via                       
                             LEAN_MCP_DISABLED_TOOLS                            
                    INFO     Disabled tool 'lean_get_widgets' via  server.py:115
                             LEAN_MCP_DISABLED_TOOLS                            
                    INFO     Disabled tool 'lean_goal' via         server.py:115
                             LEAN_MCP_DISABLED_TOOLS                            
                    INFO     Disabled tool 'lean_hover_info' via   server.py:115
                             LEAN_MCP_DISABLED_TOOLS                            
                    INFO     Disabled tool 'lean_references' via   server.py:115
                             LEAN_MCP_DISABLED_TOOLS                            
                    INFO     Disabled tool 'lean_term_goal' via    server.py:115
                             LEAN_MCP_DISABLED_TOOLS                            
                    INFO     REPL enabled, using:                  server.py:322
                             /home/amirnabiyev/Conjecture_Prover/.              
                             lake/packages/repl/.lake/build/bin/re              
                             pl                                                 
                    INFO     REPL initialized: timeout=60s         server.py:325
                    INFO     Session ending — cleaning up          server.py:360
                             per-session resources                              
[09/08/26 20:49:01] INFO     Disabled tool 'lean_build' via        server.py:115
                             LEAN_MCP_DISABLED_TOOLS                            
                    INFO     Disabled tool 'lean_completions' via  server.py:115
                             LEAN_MCP_DISABLED_TOOLS                            
                    INFO     Disabled tool 'lean_declaration_file' server.py:115
                             via LEAN_MCP_DISABLED_TOOLS                        
                    INFO     Disabled tool                         server.py:115
                             'lean_diagnostic_messages' via                     
                             LEAN_MCP_DISABLED_TOOLS                            
                    INFO     Disabled tool 'lean_file_outline' via server.py:115
                             LEAN_MCP_DISABLED_TOOLS                            
                    INFO     Disabled tool                         server.py:115
                             'lean_get_widget_source' via                       
                             LEAN_MCP_DISABLED_TOOLS                            
                    INFO     Disabled tool 'lean_get_widgets' via  server.py:115
                             LEAN_MCP_DISABLED_TOOLS                            
                    INFO     Disabled tool 'lean_goal' via         server.py:115
                             LEAN_MCP_DISABLED_TOOLS                            
                    INFO     Disabled tool 'lean_hover_info' via   server.py:115
                             LEAN_MCP_DISABLED_TOOLS                            
                    INFO     Disabled tool 'lean_references' via   server.py:115
                             LEAN_MCP_DISABLED_TOOLS                            
                    INFO     Disabled tool 'lean_term_goal' via    server.py:115
                             LEAN_MCP_DISABLED_TOOLS                            
                    INFO     REPL enabled, using:                  server.py:322
                             /home/amirnabiyev/Conjecture_Prover/.              
                             lake/packages/repl/.lake/build/bin/re              
                             pl                                                 
                    INFO     REPL initialized: timeout=60s         server.py:325
                    INFO     Session ending — cleaning up          server.py:360
                             per-session resources                              
[09/08/26 20:49:03] INFO     Disabled tool 'lean_build' via        server.py:115
                             LEAN_MCP_DISABLED_TOOLS                            
                    INFO     Disabled tool 'lean_completions' via  server.py:115
                             LEAN_MCP_DISABLED_TOOLS                            
                    INFO     Disabled tool 'lean_declaration_file' server.py:115
                             via LEAN_MCP_DISABLED_TOOLS                        
                    INFO     Disabled tool                         server.py:115
                             'lean_diagnostic_messages' via                     
                             LEAN_MCP_DISABLED_TOOLS                            
                    INFO     Disabled tool 'lean_file_outline' via server.py:115
                             LEAN_MCP_DISABLED_TOOLS                            
                    INFO     Disabled tool                         server.py:115
                             'lean_get_widget_source' via                       
                             LEAN_MCP_DISABLED_TOOLS                            
                    INFO     Disabled tool 'lean_get_widgets' via  server.py:115
                             LEAN_MCP_DISABLED_TOOLS                            
                    INFO     Disabled tool 'lean_goal' via         server.py:115
                             LEAN_MCP_DISABLED_TOOLS                            
                    INFO     Disabled tool 'lean_hover_info' via   server.py:115
                             LEAN_MCP_DISABLED_TOOLS                            
                    INFO     Disabled tool 'lean_references' via   server.py:115
                             LEAN_MCP_DISABLED_TOOLS                            
                    INFO     Disabled tool 'lean_term_goal' via    server.py:115
                             LEAN_MCP_DISABLED_TOOLS                            
                    INFO     REPL enabled, using:                  server.py:322
                             /home/amirnabiyev/Conjecture_Prover/.              
                             lake/packages/repl/.lake/build/bin/re              
                             pl                                                 
                    INFO     REPL initialized: timeout=60s         server.py:325
                    INFO     Session ending — cleaning up          server.py:360
                             per-session resources                              
[09/08/26 20:49:06] INFO     Disabled tool 'lean_build' via        server.py:115
                             LEAN_MCP_DISABLED_TOOLS                            
                    INFO     Disabled tool 'lean_completions' via  server.py:115
                             LEAN_MCP_DISABLED_TOOLS                            
                    INFO     Disabled tool 'lean_declaration_file' server.py:115
                             via LEAN_MCP_DISABLED_TOOLS                        
                    INFO     Disabled tool                         server.py:115
                             'lean_diagnostic_messages' via                     
                             LEAN_MCP_DISABLED_TOOLS                            
                    INFO     Disabled tool 'lean_file_outline' via server.py:115
                             LEAN_MCP_DISABLED_TOOLS                            
                    INFO     Disabled tool                         server.py:115
                             'lean_get_widget_source' via                       
                             LEAN_MCP_DISABLED_TOOLS                            
                    INFO     Disabled tool 'lean_get_widgets' via  server.py:115
                             LEAN_MCP_DISABLED_TOOLS                            
                    INFO     Disabled tool 'lean_goal' via         server.py:115
                             LEAN_MCP_DISABLED_TOOLS                            
                    INFO     Disabled tool 'lean_hover_info' via   server.py:115
                             LEAN_MCP_DISABLED_TOOLS                            
                    INFO     Disabled tool 'lean_references' via   server.py:115
                             LEAN_MCP_DISABLED_TOOLS                            
                    INFO     Disabled tool 'lean_term_goal' via    server.py:115
                             LEAN_MCP_DISABLED_TOOLS                            
                    INFO     REPL enabled, using:                  server.py:322
                             /home/amirnabiyev/Conjecture_Prover/.              
                             lake/packages/repl/.lake/build/bin/re              
                             pl                                                 
                    INFO     REPL initialized: timeout=60s         server.py:325
[09/08/26 20:49:07] INFO     Session ending — cleaning up          server.py:360
                             per-session resources                              
[09/08/26 20:49:08] INFO     Disabled tool 'lean_build' via        server.py:115
                             LEAN_MCP_DISABLED_TOOLS                            
                    INFO     Disabled tool 'lean_completions' via  server.py:115
                             LEAN_MCP_DISABLED_TOOLS                            
                    INFO     Disabled tool 'lean_declaration_file' server.py:115
                             via LEAN_MCP_DISABLED_TOOLS                        
                    INFO     Disabled tool                         server.py:115
                             'lean_diagnostic_messages' via                     
                             LEAN_MCP_DISABLED_TOOLS                            
                    INFO     Disabled tool 'lean_file_outline' via server.py:115
                             LEAN_MCP_DISABLED_TOOLS                            
                    INFO     Disabled tool                         server.py:115
                             'lean_get_widget_source' via                       
                             LEAN_MCP_DISABLED_TOOLS                            
                    INFO     Disabled tool 'lean_get_widgets' via  server.py:115
                             LEAN_MCP_DISABLED_TOOLS                            
                    INFO     Disabled tool 'lean_goal' via         server.py:115
                             LEAN_MCP_DISABLED_TOOLS                            
                    INFO     Disabled tool 'lean_hover_info' via   server.py:115
                             LEAN_MCP_DISABLED_TOOLS                            
                    INFO     Disabled tool 'lean_references' via   server.py:115
                             LEAN_MCP_DISABLED_TOOLS                            
                    INFO     Disabled tool 'lean_term_goal' via    server.py:115
                             LEAN_MCP_DISABLED_TOOLS                            
                    INFO     REPL enabled, using:                  server.py:322
                             /home/amirnabiyev/Conjecture_Prover/.              
                             lake/packages/repl/.lake/build/bin/re              
                             pl                                                 
                    INFO     REPL initialized: timeout=60s         server.py:325
                    INFO     Session ending — cleaning up          server.py:360
                             per-session resources                              
[09/08/26 20:49:16] INFO     Disabled tool 'lean_build' via        server.py:115
                             LEAN_MCP_DISABLED_TOOLS                            
                    INFO     Disabled tool 'lean_completions' via  server.py:115
                             LEAN_MCP_DISABLED_TOOLS                            
                    INFO     Disabled tool 'lean_declaration_file' server.py:115
                             via LEAN_MCP_DISABLED_TOOLS                        
                    INFO     Disabled tool                         server.py:115
                             'lean_diagnostic_messages' via                     
                             LEAN_MCP_DISABLED_TOOLS                            
                    INFO     Disabled tool 'lean_file_outline' via server.py:115
                             LEAN_MCP_DISABLED_TOOLS                            
                    INFO     Disabled tool                         server.py:115
                             'lean_get_widget_source' via                       
                             LEAN_MCP_DISABLED_TOOLS                            
                    INFO     Disabled tool 'lean_get_widgets' via  server.py:115
                             LEAN_MCP_DISABLED_TOOLS                            
                    INFO     Disabled tool 'lean_goal' via         server.py:115
                             LEAN_MCP_DISABLED_TOOLS                            
                    INFO     Disabled tool 'lean_hover_info' via   server.py:115
                             LEAN_MCP_DISABLED_TOOLS                            
                    INFO     Disabled tool 'lean_references' via   server.py:115
                             LEAN_MCP_DISABLED_TOOLS                            
                    INFO     Disabled tool 'lean_term_goal' via    server.py:115
                             LEAN_MCP_DISABLED_TOOLS                            
                    INFO     REPL enabled, using:                  server.py:322
                             /home/amirnabiyev/Conjecture_Prover/.              
                             lake/packages/repl/.lake/build/bin/re              
                             pl                                                 
                    INFO     REPL initialized: timeout=60s         server.py:325
[09/08/26 20:49:23] INFO     Session ending — cleaning up          server.py:360
                             per-session resources                              
[09/08/26 20:49:26] INFO     Disabled tool 'lean_build' via        server.py:115
                             LEAN_MCP_DISABLED_TOOLS                            
                    INFO     Disabled tool 'lean_completions' via  server.py:115
                             LEAN_MCP_DISABLED_TOOLS                            
                    INFO     Disabled tool 'lean_declaration_file' server.py:115
                             via LEAN_MCP_DISABLED_TOOLS                        
                    INFO     Disabled tool                         server.py:115
                             'lean_diagnostic_messages' via                     
                             LEAN_MCP_DISABLED_TOOLS                            
                    INFO     Disabled tool 'lean_file_outline' via server.py:115
                             LEAN_MCP_DISABLED_TOOLS                            
                    INFO     Disabled tool                         server.py:115
                             'lean_get_widget_source' via                       
                             LEAN_MCP_DISABLED_TOOLS                            
                    INFO     Disabled tool 'lean_get_widgets' via  server.py:115
                             LEAN_MCP_DISABLED_TOOLS                            
                    INFO     Disabled tool 'lean_goal' via         server.py:115
                             LEAN_MCP_DISABLED_TOOLS                            
                    INFO     Disabled tool 'lean_hover_info' via   server.py:115
                             LEAN_MCP_DISABLED_TOOLS                            
                    INFO     Disabled tool 'lean_references' via   server.py:115
                             LEAN_MCP_DISABLED_TOOLS                            
                    INFO     Disabled tool 'lean_term_goal' via    server.py:115
                             LEAN_MCP_DISABLED_TOOLS                            
                    INFO     REPL enabled, using:                  server.py:322
                             /home/amirnabiyev/Conjecture_Prover/.              
                             lake/packages/repl/.lake/build/bin/re              
                             pl                                                 
                    INFO     REPL initialized: timeout=60s         server.py:325
[09/08/26 20:49:32] INFO     Session ending — cleaning up          server.py:360
                             per-session resources                              
[09/08/26 20:51:01] INFO     Disabled tool 'lean_build' via        server.py:115
                             LEAN_MCP_DISABLED_TOOLS                            
                    INFO     Disabled tool 'lean_completions' via  server.py:115
                             LEAN_MCP_DISABLED_TOOLS                            
                    INFO     Disabled tool 'lean_declaration_file' server.py:115
                             via LEAN_MCP_DISABLED_TOOLS                        
                    INFO     Disabled tool                         server.py:115
                             'lean_diagnostic_messages' via                     
                             LEAN_MCP_DISABLED_TOOLS                            
                    INFO     Disabled tool 'lean_file_outline' via server.py:115
                             LEAN_MCP_DISABLED_TOOLS                            
                    INFO     Disabled tool                         server.py:115
                             'lean_get_widget_source' via                       
                             LEAN_MCP_DISABLED_TOOLS                            
                    INFO     Disabled tool 'lean_get_widgets' via  server.py:115
                             LEAN_MCP_DISABLED_TOOLS                            
                    INFO     Disabled tool 'lean_goal' via         server.py:115
                             LEAN_MCP_DISABLED_TOOLS                            
                    INFO     Disabled tool 'lean_hover_info' via   server.py:115
                             LEAN_MCP_DISABLED_TOOLS                            
                    INFO     Disabled tool 'lean_references' via   server.py:115
                             LEAN_MCP_DISABLED_TOOLS                            
                    INFO     Disabled tool 'lean_term_goal' via    server.py:115
                             LEAN_MCP_DISABLED_TOOLS                            
                    INFO     REPL enabled, using:                  server.py:322
                             /home/amirnabiyev/Conjecture_Prover/.              
                             lake/packages/repl/.lake/build/bin/re              
                             pl                                                 
                    INFO     REPL initialized: timeout=60s         server.py:325
[09/08/26 20:51:07] INFO     Session ending — cleaning up          server.py:360
                             per-session resources                              
[09/08/26 20:51:09] INFO     Disabled tool 'lean_build' via        server.py:115
                             LEAN_MCP_DISABLED_TOOLS                            
                    INFO     Disabled tool 'lean_completions' via  server.py:115
                             LEAN_MCP_DISABLED_TOOLS                            
                    INFO     Disabled tool 'lean_declaration_file' server.py:115
                             via LEAN_MCP_DISABLED_TOOLS                        
                    INFO     Disabled tool                         server.py:115
                             'lean_diagnostic_messages' via                     
                             LEAN_MCP_DISABLED_TOOLS                            
                    INFO     Disabled tool 'lean_file_outline' via server.py:115
                             LEAN_MCP_DISABLED_TOOLS                            
                    INFO     Disabled tool                         server.py:115
                             'lean_get_widget_source' via                       
                             LEAN_MCP_DISABLED_TOOLS                            
                    INFO     Disabled tool 'lean_get_widgets' via  server.py:115
                             LEAN_MCP_DISABLED_TOOLS                            
                    INFO     Disabled tool 'lean_goal' via         server.py:115
                             LEAN_MCP_DISABLED_TOOLS                            
                    INFO     Disabled tool 'lean_hover_info' via   server.py:115
                             LEAN_MCP_DISABLED_TOOLS                            
                    INFO     Disabled tool 'lean_references' via   server.py:115
                             LEAN_MCP_DISABLED_TOOLS                            
                    INFO     Disabled tool 'lean_term_goal' via    server.py:115
                             LEAN_MCP_DISABLED_TOOLS                            
                    INFO     REPL enabled, using:                  server.py:322
                             /home/amirnabiyev/Conjecture_Prover/.              
                             lake/packages/repl/.lake/build/bin/re              
                             pl                                                 
                    INFO     REPL initialized: timeout=60s         server.py:325
                    INFO     Session ending — cleaning up          server.py:360
                             per-session resources                              
[09/08/26 20:51:14] INFO     Disabled tool 'lean_build' via        server.py:115
                             LEAN_MCP_DISABLED_TOOLS                            
                    INFO     Disabled tool 'lean_completions' via  server.py:115
                             LEAN_MCP_DISABLED_TOOLS                            
                    INFO     Disabled tool 'lean_declaration_file' server.py:115
                             via LEAN_MCP_DISABLED_TOOLS                        
                    INFO     Disabled tool                         server.py:115
                             'lean_diagnostic_messages' via                     
                             LEAN_MCP_DISABLED_TOOLS                            
                    INFO     Disabled tool 'lean_file_outline' via server.py:115
                             LEAN_MCP_DISABLED_TOOLS                            
                    INFO     Disabled tool                         server.py:115
                             'lean_get_widget_source' via                       
                             LEAN_MCP_DISABLED_TOOLS                            
                    INFO     Disabled tool 'lean_get_widgets' via  server.py:115
                             LEAN_MCP_DISABLED_TOOLS                            
                    INFO     Disabled tool 'lean_goal' via         server.py:115
                             LEAN_MCP_DISABLED_TOOLS                            
                    INFO     Disabled tool 'lean_hover_info' via   server.py:115
                             LEAN_MCP_DISABLED_TOOLS                            
                    INFO     Disabled tool 'lean_references' via   server.py:115
                             LEAN_MCP_DISABLED_TOOLS                            
                    INFO     Disabled tool 'lean_term_goal' via    server.py:115
                             LEAN_MCP_DISABLED_TOOLS                            
                    INFO     REPL enabled, using:                  server.py:322
                             /home/amirnabiyev/Conjecture_Prover/.              
                             lake/packages/repl/.lake/build/bin/re              
                             pl                                                 
                    INFO     REPL initialized: timeout=60s         server.py:325
[09/08/26 20:51:15] INFO     Shared async LSP client         client_utils.py:133
                             connected at                                       
                             /home/amirnabiyev/Conjecture_Pr                    
                             over                                               
[09/08/26 20:51:36] INFO     Session ending — cleaning up          server.py:360
                             per-session resources                              
Exception ignored in: <function BaseSubprocessTransport.__del__ at 0x72e0566bf380>
Traceback (most recent call last):
  File "/usr/local/lib/python3.12/asyncio/base_subprocess.py", line 126, in __del__
    self.close()
  File "/usr/local/lib/python3.12/asyncio/base_subprocess.py", line 104, in close
    proto.pipe.close()
  File "/usr/local/lib/python3.12/asyncio/unix_events.py", line 767, in close
    self.write_eof()
  File "/usr/local/lib/python3.12/asyncio/unix_events.py", line 753, in write_eof
    self._loop.call_soon(self._call_connection_lost, None)
  File "/usr/local/lib/python3.12/asyncio/base_events.py", line 799, in call_soon
    self._check_closed()
  File "/usr/local/lib/python3.12/asyncio/base_events.py", line 545, in _check_closed
    raise RuntimeError('Event loop is closed')
RuntimeError: Event loop is closed
[09/08/26 20:51:46] INFO     Disabled tool 'lean_build' via        server.py:115
                             LEAN_MCP_DISABLED_TOOLS                            
                    INFO     Disabled tool 'lean_completions' via  server.py:115
                             LEAN_MCP_DISABLED_TOOLS                            
                    INFO     Disabled tool 'lean_declaration_file' server.py:115
                             via LEAN_MCP_DISABLED_TOOLS                        
                    INFO     Disabled tool                         server.py:115
                             'lean_diagnostic_messages' via                     
                             LEAN_MCP_DISABLED_TOOLS                            
                    INFO     Disabled tool 'lean_file_outline' via server.py:115
                             LEAN_MCP_DISABLED_TOOLS                            
                    INFO     Disabled tool                         server.py:115
                             'lean_get_widget_source' via                       
                             LEAN_MCP_DISABLED_TOOLS                            
                    INFO     Disabled tool 'lean_get_widgets' via  server.py:115
                             LEAN_MCP_DISABLED_TOOLS                            
                    INFO     Disabled tool 'lean_goal' via         server.py:115
                             LEAN_MCP_DISABLED_TOOLS                            
                    INFO     Disabled tool 'lean_hover_info' via   server.py:115
                             LEAN_MCP_DISABLED_TOOLS                            
                    INFO     Disabled tool 'lean_references' via   server.py:115
                             LEAN_MCP_DISABLED_TOOLS                            
                    INFO     Disabled tool 'lean_term_goal' via    server.py:115
                             LEAN_MCP_DISABLED_TOOLS                            
                    INFO     REPL enabled, using:                  server.py:322
                             /home/amirnabiyev/Conjecture_Prover/.              
                             lake/packages/repl/.lake/build/bin/re              
                             pl                                                 
                    INFO     REPL initialized: timeout=60s         server.py:325
[09/08/26 20:51:52] INFO     Session ending — cleaning up          server.py:360
                             per-session resources                              
[09/08/26 20:52:02] INFO     Disabled tool 'lean_build' via        server.py:115
                             LEAN_MCP_DISABLED_TOOLS                            
                    INFO     Disabled tool 'lean_completions' via  server.py:115
                             LEAN_MCP_DISABLED_TOOLS                            
                    INFO     Disabled tool 'lean_declaration_file' server.py:115
                             via LEAN_MCP_DISABLED_TOOLS                        
                    INFO     Disabled tool                         server.py:115
                             'lean_diagnostic_messages' via                     
                             LEAN_MCP_DISABLED_TOOLS                            
                    INFO     Disabled tool 'lean_file_outline' via server.py:115
                             LEAN_MCP_DISABLED_TOOLS                            
                    INFO     Disabled tool                         server.py:115
                             'lean_get_widget_source' via                       
                             LEAN_MCP_DISABLED_TOOLS                            
                    INFO     Disabled tool 'lean_get_widgets' via  server.py:115
                             LEAN_MCP_DISABLED_TOOLS                            
                    INFO     Disabled tool 'lean_goal' via         server.py:115
                             LEAN_MCP_DISABLED_TOOLS                            
                    INFO     Disabled tool 'lean_hover_info' via   server.py:115
                             LEAN_MCP_DISABLED_TOOLS                            
                    INFO     Disabled tool 'lean_references' via   server.py:115
                             LEAN_MCP_DISABLED_TOOLS                            
                    INFO     Disabled tool 'lean_term_goal' via    server.py:115
                             LEAN_MCP_DISABLED_TOOLS                            
                    INFO     REPL enabled, using:                  server.py:322
                             /home/amirnabiyev/Conjecture_Prover/.              
                             lake/packages/repl/.lake/build/bin/re              
                             pl                                                 
                    INFO     REPL initialized: timeout=60s         server.py:325
[09/08/26 20:52:03] INFO     Session ending — cleaning up          server.py:360
                             per-session resources                              
[09/08/26 20:52:15] INFO     Disabled tool 'lean_build' via        server.py:115
                             LEAN_MCP_DISABLED_TOOLS                            
                    INFO     Disabled tool 'lean_completions' via  server.py:115
                             LEAN_MCP_DISABLED_TOOLS                            
                    INFO     Disabled tool 'lean_declaration_file' server.py:115
                             via LEAN_MCP_DISABLED_TOOLS                        
                    INFO     Disabled tool                         server.py:115
                             'lean_diagnostic_messages' via                     
                             LEAN_MCP_DISABLED_TOOLS                            
                    INFO     Disabled tool 'lean_file_outline' via server.py:115
                             LEAN_MCP_DISABLED_TOOLS                            
                    INFO     Disabled tool                         server.py:115
                             'lean_get_widget_source' via                       
                             LEAN_MCP_DISABLED_TOOLS                            
                    INFO     Disabled tool 'lean_get_widgets' via  server.py:115
                             LEAN_MCP_DISABLED_TOOLS                            
                    INFO     Disabled tool 'lean_goal' via         server.py:115
                             LEAN_MCP_DISABLED_TOOLS                            
                    INFO     Disabled tool 'lean_hover_info' via   server.py:115
                             LEAN_MCP_DISABLED_TOOLS                            
                    INFO     Disabled tool 'lean_references' via   server.py:115
                             LEAN_MCP_DISABLED_TOOLS                            
                    INFO     Disabled tool 'lean_term_goal' via    server.py:115
                             LEAN_MCP_DISABLED_TOOLS                            
                    INFO     REPL enabled, using:                  server.py:322
                             /home/amirnabiyev/Conjecture_Prover/.              
                             lake/packages/repl/.lake/build/bin/re              
                             pl                                                 
                    INFO     REPL initialized: timeout=60s         server.py:325
[09/08/26 20:52:21] INFO     Session ending — cleaning up          server.py:360
                             per-session resources                              
[09/08/26 20:52:27] INFO     Disabled tool 'lean_build' via        server.py:115
                             LEAN_MCP_DISABLED_TOOLS                            
                    INFO     Disabled tool 'lean_completions' via  server.py:115
                             LEAN_MCP_DISABLED_TOOLS                            
                    INFO     Disabled tool 'lean_declaration_file' server.py:115
                             via LEAN_MCP_DISABLED_TOOLS                        
                    INFO     Disabled tool                         server.py:115
                             'lean_diagnostic_messages' via                     
                             LEAN_MCP_DISABLED_TOOLS                            
                    INFO     Disabled tool 'lean_file_outline' via server.py:115
                             LEAN_MCP_DISABLED_TOOLS                            
                    INFO     Disabled tool                         server.py:115
                             'lean_get_widget_source' via                       
                             LEAN_MCP_DISABLED_TOOLS                            
                    INFO     Disabled tool 'lean_get_widgets' via  server.py:115
                             LEAN_MCP_DISABLED_TOOLS                            
                    INFO     Disabled tool 'lean_goal' via         server.py:115
                             LEAN_MCP_DISABLED_TOOLS                            
                    INFO     Disabled tool 'lean_hover_info' via   server.py:115
                             LEAN_MCP_DISABLED_TOOLS                            
                    INFO     Disabled tool 'lean_references' via   server.py:115
                             LEAN_MCP_DISABLED_TOOLS                            
                    INFO     Disabled tool 'lean_term_goal' via    server.py:115
                             LEAN_MCP_DISABLED_TOOLS                            
                    INFO     REPL enabled, using:                  server.py:322
                             /home/amirnabiyev/Conjecture_Prover/.              
                             lake/packages/repl/.lake/build/bin/re              
                             pl                                                 
                    INFO     REPL initialized: timeout=60s         server.py:325
                    INFO     Session ending — cleaning up          server.py:360
                             per-session resources                              
[09/08/26 20:52:31] INFO     Disabled tool 'lean_build' via        server.py:115
                             LEAN_MCP_DISABLED_TOOLS                            
                    INFO     Disabled tool 'lean_completions' via  server.py:115
                             LEAN_MCP_DISABLED_TOOLS                            
                    INFO     Disabled tool 'lean_declaration_file' server.py:115
                             via LEAN_MCP_DISABLED_TOOLS                        
                    INFO     Disabled tool                         server.py:115
                             'lean_diagnostic_messages' via                     
                             LEAN_MCP_DISABLED_TOOLS                            
                    INFO     Disabled tool 'lean_file_outline' via server.py:115
                             LEAN_MCP_DISABLED_TOOLS                            
                    INFO     Disabled tool                         server.py:115
                             'lean_get_widget_source' via                       
                             LEAN_MCP_DISABLED_TOOLS                            
                    INFO     Disabled tool 'lean_get_widgets' via  server.py:115
                             LEAN_MCP_DISABLED_TOOLS                            
                    INFO     Disabled tool 'lean_goal' via         server.py:115
                             LEAN_MCP_DISABLED_TOOLS                            
                    INFO     Disabled tool 'lean_hover_info' via   server.py:115
                             LEAN_MCP_DISABLED_TOOLS                            
                    INFO     Disabled tool 'lean_references' via   server.py:115
                             LEAN_MCP_DISABLED_TOOLS                            
                    INFO     Disabled tool 'lean_term_goal' via    server.py:115
                             LEAN_MCP_DISABLED_TOOLS                            
                    INFO     REPL enabled, using:                  server.py:322
                             /home/amirnabiyev/Conjecture_Prover/.              
                             lake/packages/repl/.lake/build/bin/re              
                             pl                                                 
                    INFO     REPL initialized: timeout=60s         server.py:325
                    INFO     Session ending — cleaning up          server.py:360
                             per-session resources                              
[09/08/26 20:52:32] INFO     Disabled tool 'lean_build' via        server.py:115
                             LEAN_MCP_DISABLED_TOOLS                            
                    INFO     Disabled tool 'lean_completions' via  server.py:115
                             LEAN_MCP_DISABLED_TOOLS                            
                    INFO     Disabled tool 'lean_declaration_file' server.py:115
                             via LEAN_MCP_DISABLED_TOOLS                        
                    INFO     Disabled tool                         server.py:115
                             'lean_diagnostic_messages' via                     
                             LEAN_MCP_DISABLED_TOOLS                            
                    INFO     Disabled tool 'lean_file_outline' via server.py:115
                             LEAN_MCP_DISABLED_TOOLS                            
                    INFO     Disabled tool                         server.py:115
                             'lean_get_widget_source' via                       
                             LEAN_MCP_DISABLED_TOOLS                            
                    INFO     Disabled tool 'lean_get_widgets' via  server.py:115
                             LEAN_MCP_DISABLED_TOOLS                            
                    INFO     Disabled tool 'lean_goal' via         server.py:115
                             LEAN_MCP_DISABLED_TOOLS                            
                    INFO     Disabled tool 'lean_hover_info' via   server.py:115
                             LEAN_MCP_DISABLED_TOOLS                            
                    INFO     Disabled tool 'lean_references' via   server.py:115
                             LEAN_MCP_DISABLED_TOOLS                            
                    INFO     Disabled tool 'lean_term_goal' via    server.py:115
                             LEAN_MCP_DISABLED_TOOLS                            
                    INFO     REPL enabled, using:                  server.py:322
                             /home/amirnabiyev/Conjecture_Prover/.              
                             lake/packages/repl/.lake/build/bin/re              
                             pl                                                 
                    INFO     REPL initialized: timeout=60s         server.py:325
[09/08/26 20:52:33] INFO     Session ending — cleaning up          server.py:360
                             per-session resources                              
[09/08/26 20:52:45] INFO     REPL enabled, using:                  server.py:322
                             /home/amirnabiyev/Conjecture_Prover/.              
                             lake/packages/repl/.lake/build/bin/re              
                             pl                                                 
                    INFO     REPL initialized: timeout=60s         server.py:325
                    INFO     Session ending — cleaning up          server.py:360
                             per-session resources                              
[09/08/26 20:52:46] INFO     REPL enabled, using:                  server.py:322
                             /home/amirnabiyev/Conjecture_Prover/.              
                             lake/packages/repl/.lake/build/bin/re              
                             pl                                                 
                    INFO     REPL initialized: timeout=60s         server.py:325
                    INFO     Session ending — cleaning up          server.py:360
                             per-session resources                              
[09/08/26 20:52:49] INFO     Disabled tool 'lean_build' via        server.py:115
                             LEAN_MCP_DISABLED_TOOLS                            
                    INFO     Disabled tool 'lean_completions' via  server.py:115
                             LEAN_MCP_DISABLED_TOOLS                            
                    INFO     Disabled tool 'lean_declaration_file' server.py:115
                             via LEAN_MCP_DISABLED_TOOLS                        
                    INFO     Disabled tool                         server.py:115
                             'lean_diagnostic_messages' via                     
                             LEAN_MCP_DISABLED_TOOLS                            
                    INFO     Disabled tool 'lean_file_outline' via server.py:115
                             LEAN_MCP_DISABLED_TOOLS                            
                    INFO     Disabled tool                         server.py:115
                             'lean_get_widget_source' via                       
                             LEAN_MCP_DISABLED_TOOLS                            
                    INFO     Disabled tool 'lean_get_widgets' via  server.py:115
                             LEAN_MCP_DISABLED_TOOLS                            
                    INFO     Disabled tool 'lean_goal' via         server.py:115
                             LEAN_MCP_DISABLED_TOOLS                            
                    INFO     Disabled tool 'lean_hover_info' via   server.py:115
                             LEAN_MCP_DISABLED_TOOLS                            
                    INFO     Disabled tool 'lean_references' via   server.py:115
                             LEAN_MCP_DISABLED_TOOLS                            
                    INFO     Disabled tool 'lean_term_goal' via    server.py:115
                             LEAN_MCP_DISABLED_TOOLS                            
                    INFO     REPL enabled, using:                  server.py:322
                             /home/amirnabiyev/Conjecture_Prover/.              
                             lake/packages/repl/.lake/build/bin/re              
                             pl                                                 
                    INFO     REPL initialized: timeout=60s         server.py:325
                    INFO     Session ending — cleaning up          server.py:360
                             per-session resources                              
[09/08/26 20:53:06] INFO     Disabled tool 'lean_build' via        server.py:115
                             LEAN_MCP_DISABLED_TOOLS                            
                    INFO     Disabled tool 'lean_completions' via  server.py:115
                             LEAN_MCP_DISABLED_TOOLS                            
                    INFO     Disabled tool 'lean_declaration_file' server.py:115
                             via LEAN_MCP_DISABLED_TOOLS                        
                    INFO     Disabled tool                         server.py:115
                             'lean_diagnostic_messages' via                     
                             LEAN_MCP_DISABLED_TOOLS                            
                    INFO     Disabled tool 'lean_file_outline' via server.py:115
                             LEAN_MCP_DISABLED_TOOLS                            
                    INFO     Disabled tool                         server.py:115
                             'lean_get_widget_source' via                       
                             LEAN_MCP_DISABLED_TOOLS                            
                    INFO     Disabled tool 'lean_get_widgets' via  server.py:115
                             LEAN_MCP_DISABLED_TOOLS                            
                    INFO     Disabled tool 'lean_goal' via         server.py:115
                             LEAN_MCP_DISABLED_TOOLS                            
                    INFO     Disabled tool 'lean_hover_info' via   server.py:115
                             LEAN_MCP_DISABLED_TOOLS                            
                    INFO     Disabled tool 'lean_references' via   server.py:115
                             LEAN_MCP_DISABLED_TOOLS                            
                    INFO     Disabled tool 'lean_term_goal' via    server.py:115
                             LEAN_MCP_DISABLED_TOOLS                            
                    INFO     REPL enabled, using:                  server.py:322
                             /home/amirnabiyev/Conjecture_Prover/.              
                             lake/packages/repl/.lake/build/bin/re              
                             pl                                                 
                    INFO     REPL initialized: timeout=60s         server.py:325
                    INFO     Session ending — cleaning up          server.py:360
                             per-session resources                              
[09/08/26 20:53:14] INFO     Disabled tool 'lean_build' via        server.py:115
                             LEAN_MCP_DISABLED_TOOLS                            
                    INFO     Disabled tool 'lean_completions' via  server.py:115
                             LEAN_MCP_DISABLED_TOOLS                            
                    INFO     Disabled tool 'lean_declaration_file' server.py:115
                             via LEAN_MCP_DISABLED_TOOLS                        
                    INFO     Disabled tool                         server.py:115
                             'lean_diagnostic_messages' via                     
                             LEAN_MCP_DISABLED_TOOLS                            
                    INFO     Disabled tool 'lean_file_outline' via server.py:115
                             LEAN_MCP_DISABLED_TOOLS                            
                    INFO     Disabled tool                         server.py:115
                             'lean_get_widget_source' via                       
                             LEAN_MCP_DISABLED_TOOLS                            
                    INFO     Disabled tool 'lean_get_widgets' via  server.py:115
                             LEAN_MCP_DISABLED_TOOLS                            
                    INFO     Disabled tool 'lean_goal' via         server.py:115
                             LEAN_MCP_DISABLED_TOOLS                            
                    INFO     Disabled tool 'lean_hover_info' via   server.py:115
                             LEAN_MCP_DISABLED_TOOLS                            
                    INFO     Disabled tool 'lean_references' via   server.py:115
                             LEAN_MCP_DISABLED_TOOLS                            
                    INFO     Disabled tool 'lean_term_goal' via    server.py:115
                             LEAN_MCP_DISABLED_TOOLS                            
                    INFO     REPL enabled, using:                  server.py:322
                             /home/amirnabiyev/Conjecture_Prover/.              
                             lake/packages/repl/.lake/build/bin/re              
                             pl                                                 
                    INFO     REPL initialized: timeout=60s         server.py:325
[09/08/26 20:53:15] INFO     Session ending — cleaning up          server.py:360
                             per-session resources                              
[09/08/26 20:53:16] INFO     Disabled tool 'lean_build' via        server.py:115
                             LEAN_MCP_DISABLED_TOOLS                            
                    INFO     Disabled tool 'lean_completions' via  server.py:115
                             LEAN_MCP_DISABLED_TOOLS                            
                    INFO     Disabled tool 'lean_declaration_file' server.py:115
                             via LEAN_MCP_DISABLED_TOOLS                        
                    INFO     Disabled tool                         server.py:115
                             'lean_diagnostic_messages' via                     
                             LEAN_MCP_DISABLED_TOOLS                            
                    INFO     Disabled tool 'lean_file_outline' via server.py:115
                             LEAN_MCP_DISABLED_TOOLS                            
                    INFO     Disabled tool                         server.py:115
                             'lean_get_widget_source' via                       
                             LEAN_MCP_DISABLED_TOOLS                            
                    INFO     Disabled tool 'lean_get_widgets' via  server.py:115
                             LEAN_MCP_DISABLED_TOOLS                            
                    INFO     Disabled tool 'lean_goal' via         server.py:115
                             LEAN_MCP_DISABLED_TOOLS                            
                    INFO     Disabled tool 'lean_hover_info' via   server.py:115
                             LEAN_MCP_DISABLED_TOOLS                            
                    INFO     Disabled tool 'lean_references' via   server.py:115
                             LEAN_MCP_DISABLED_TOOLS                            
                    INFO     Disabled tool 'lean_term_goal' via    server.py:115
                             LEAN_MCP_DISABLED_TOOLS                            
                    INFO     REPL enabled, using:                  server.py:322
                             /home/amirnabiyev/Conjecture_Prover/.              
                             lake/packages/repl/.lake/build/bin/re              
                             pl                                                 
                    INFO     REPL initialized: timeout=60s         server.py:325
[09/08/26 20:53:17] INFO     Session ending — cleaning up          server.py:360
                             per-session resources                              
[09/08/26 20:53:22] INFO     Disabled tool 'lean_build' via        server.py:115
                             LEAN_MCP_DISABLED_TOOLS                            
                    INFO     Disabled tool 'lean_completions' via  server.py:115
                             LEAN_MCP_DISABLED_TOOLS                            
                    INFO     Disabled tool 'lean_declaration_file' server.py:115
                             via LEAN_MCP_DISABLED_TOOLS                        
                    INFO     Disabled tool                         server.py:115
                             'lean_diagnostic_messages' via                     
                             LEAN_MCP_DISABLED_TOOLS                            
                    INFO     Disabled tool 'lean_file_outline' via server.py:115
                             LEAN_MCP_DISABLED_TOOLS                            
                    INFO     Disabled tool                         server.py:115
                             'lean_get_widget_source' via                       
                             LEAN_MCP_DISABLED_TOOLS                            
                    INFO     Disabled tool 'lean_get_widgets' via  server.py:115
                             LEAN_MCP_DISABLED_TOOLS                            
                    INFO     Disabled tool 'lean_goal' via         server.py:115
                             LEAN_MCP_DISABLED_TOOLS                            
                    INFO     Disabled tool 'lean_hover_info' via   server.py:115
                             LEAN_MCP_DISABLED_TOOLS                            
                    INFO     Disabled tool 'lean_references' via   server.py:115
                             LEAN_MCP_DISABLED_TOOLS                            
                    INFO     Disabled tool 'lean_term_goal' via    server.py:115
                             LEAN_MCP_DISABLED_TOOLS                            
                    INFO     REPL enabled, using:                  server.py:322
                             /home/amirnabiyev/Conjecture_Prover/.              
                             lake/packages/repl/.lake/build/bin/re              
                             pl                                                 
                    INFO     REPL initialized: timeout=60s         server.py:325
                    INFO     Session ending — cleaning up          server.py:360
                             per-session resources                              
[09/08/26 20:53:24] INFO     Disabled tool 'lean_build' via        server.py:115
                             LEAN_MCP_DISABLED_TOOLS                            
                    INFO     Disabled tool 'lean_completions' via  server.py:115
                             LEAN_MCP_DISABLED_TOOLS                            
                    INFO     Disabled tool 'lean_declaration_file' server.py:115
                             via LEAN_MCP_DISABLED_TOOLS                        
                    INFO     Disabled tool                         server.py:115
                             'lean_diagnostic_messages' via                     
                             LEAN_MCP_DISABLED_TOOLS                            
                    INFO     Disabled tool 'lean_file_outline' via server.py:115
                             LEAN_MCP_DISABLED_TOOLS                            
                    INFO     Disabled tool                         server.py:115
                             'lean_get_widget_source' via                       
                             LEAN_MCP_DISABLED_TOOLS                            
                    INFO     Disabled tool 'lean_get_widgets' via  server.py:115
                             LEAN_MCP_DISABLED_TOOLS                            
                    INFO     Disabled tool 'lean_goal' via         server.py:115
                             LEAN_MCP_DISABLED_TOOLS                            
                    INFO     Disabled tool 'lean_hover_info' via   server.py:115
                             LEAN_MCP_DISABLED_TOOLS                            
                    INFO     Disabled tool 'lean_references' via   server.py:115
                             LEAN_MCP_DISABLED_TOOLS                            
                    INFO     Disabled tool 'lean_term_goal' via    server.py:115
                             LEAN_MCP_DISABLED_TOOLS                            
                    INFO     REPL enabled, using:                  server.py:322
                             /home/amirnabiyev/Conjecture_Prover/.              
                             lake/packages/repl/.lake/build/bin/re              
                             pl                                                 
                    INFO     REPL initialized: timeout=60s         server.py:325
                    INFO     Session ending — cleaning up          server.py:360
                             per-session resources                              
[09/08/26 20:53:33] INFO     Disabled tool 'lean_build' via        server.py:115
                             LEAN_MCP_DISABLED_TOOLS                            
                    INFO     Disabled tool 'lean_completions' via  server.py:115
                             LEAN_MCP_DISABLED_TOOLS                            
                    INFO     Disabled tool 'lean_declaration_file' server.py:115
                             via LEAN_MCP_DISABLED_TOOLS                        
                    INFO     Disabled tool                         server.py:115
                             'lean_diagnostic_messages' via                     
                             LEAN_MCP_DISABLED_TOOLS                            
                    INFO     Disabled tool 'lean_file_outline' via server.py:115
                             LEAN_MCP_DISABLED_TOOLS                            
                    INFO     Disabled tool                         server.py:115
                             'lean_get_widget_source' via                       
                             LEAN_MCP_DISABLED_TOOLS                            
                    INFO     Disabled tool 'lean_get_widgets' via  server.py:115
                             LEAN_MCP_DISABLED_TOOLS                            
                    INFO     Disabled tool 'lean_goal' via         server.py:115
                             LEAN_MCP_DISABLED_TOOLS                            
                    INFO     Disabled tool 'lean_hover_info' via   server.py:115
                             LEAN_MCP_DISABLED_TOOLS                            
                    INFO     Disabled tool 'lean_references' via   server.py:115
                             LEAN_MCP_DISABLED_TOOLS                            
                    INFO     Disabled tool 'lean_term_goal' via    server.py:115
                             LEAN_MCP_DISABLED_TOOLS                            
                    INFO     REPL enabled, using:                  server.py:322
                             /home/amirnabiyev/Conjecture_Prover/.              
                             lake/packages/repl/.lake/build/bin/re              
                             pl                                                 
                    INFO     REPL initialized: timeout=60s         server.py:325
[09/08/26 20:53:34] INFO     Shared async LSP client         client_utils.py:133
                             connected at                                       
                             /home/amirnabiyev/Conjecture_Pr                    
                             over                                               
[09/08/26 20:53:55] INFO     Session ending — cleaning up          server.py:360
                             per-session resources                              
Exception ignored in: <function BaseSubprocessTransport.__del__ at 0x7ae76355f380>
Traceback (most recent call last):
  File "/usr/local/lib/python3.12/asyncio/base_subprocess.py", line 126, in __del__
    self.close()
  File "/usr/local/lib/python3.12/asyncio/base_subprocess.py", line 104, in close
    proto.pipe.close()
  File "/usr/local/lib/python3.12/asyncio/unix_events.py", line 767, in close
    self.write_eof()
  File "/usr/local/lib/python3.12/asyncio/unix_events.py", line 753, in write_eof
    self._loop.call_soon(self._call_connection_lost, None)
  File "/usr/local/lib/python3.12/asyncio/base_events.py", line 799, in call_soon
    self._check_closed()
  File "/usr/local/lib/python3.12/asyncio/base_events.py", line 545, in _check_closed
    raise RuntimeError('Event loop is closed')
RuntimeError: Event loop is closed
[09/08/26 20:53:56] INFO     Disabled tool 'lean_build' via        server.py:115
                             LEAN_MCP_DISABLED_TOOLS                            
                    INFO     Disabled tool 'lean_completions' via  server.py:115
                             LEAN_MCP_DISABLED_TOOLS                            
                    INFO     Disabled tool 'lean_declaration_file' server.py:115
                             via LEAN_MCP_DISABLED_TOOLS                        
                    INFO     Disabled tool                         server.py:115
                             'lean_diagnostic_messages' via                     
                             LEAN_MCP_DISABLED_TOOLS                            
                    INFO     Disabled tool 'lean_file_outline' via server.py:115
                             LEAN_MCP_DISABLED_TOOLS                            
                    INFO     Disabled tool                         server.py:115
                             'lean_get_widget_source' via                       
                             LEAN_MCP_DISABLED_TOOLS                            
                    INFO     Disabled tool 'lean_get_widgets' via  server.py:115
                             LEAN_MCP_DISABLED_TOOLS                            
                    INFO     Disabled tool 'lean_goal' via         server.py:115
                             LEAN_MCP_DISABLED_TOOLS                            
                    INFO     Disabled tool 'lean_hover_info' via   server.py:115
                             LEAN_MCP_DISABLED_TOOLS                            
                    INFO     Disabled tool 'lean_references' via   server.py:115
                             LEAN_MCP_DISABLED_TOOLS                            
                    INFO     Disabled tool 'lean_term_goal' via    server.py:115
                             LEAN_MCP_DISABLED_TOOLS                            
                    INFO     REPL enabled, using:                  server.py:322
                             /home/amirnabiyev/Conjecture_Prover/.              
                             lake/packages/repl/.lake/build/bin/re              
                             pl                                                 
                    INFO     REPL initialized: timeout=60s         server.py:325
[09/08/26 20:53:58] INFO     Shared async LSP client         client_utils.py:133
                             connected at                                       
                             /home/amirnabiyev/Conjecture_Pr                    
                             over                                               
[09/08/26 20:54:11] INFO     Session ending — cleaning up          server.py:360
                             per-session resources                              
Exception ignored in: <function BaseSubprocessTransport.__del__ at 0x750c2647b380>
Traceback (most recent call last):
  File "/usr/local/lib/python3.12/asyncio/base_subprocess.py", line 126, in __del__
    self.close()
  File "/usr/local/lib/python3.12/asyncio/base_subprocess.py", line 104, in close
    proto.pipe.close()
  File "/usr/local/lib/python3.12/asyncio/unix_events.py", line 767, in close
    self.write_eof()
  File "/usr/local/lib/python3.12/asyncio/unix_events.py", line 753, in write_eof
    self._loop.call_soon(self._call_connection_lost, None)
  File "/usr/local/lib/python3.12/asyncio/base_events.py", line 799, in call_soon
    self._check_closed()
  File "/usr/local/lib/python3.12/asyncio/base_events.py", line 545, in _check_closed
    raise RuntimeError('Event loop is closed')
RuntimeError: Event loop is closed
[09/08/26 20:54:23] INFO     Disabled tool 'lean_build' via        server.py:115
                             LEAN_MCP_DISABLED_TOOLS                            
                    INFO     Disabled tool 'lean_completions' via  server.py:115
                             LEAN_MCP_DISABLED_TOOLS                            
                    INFO     Disabled tool 'lean_declaration_file' server.py:115
                             via LEAN_MCP_DISABLED_TOOLS                        
                    INFO     Disabled tool                         server.py:115
                             'lean_diagnostic_messages' via                     
                             LEAN_MCP_DISABLED_TOOLS                            
                    INFO     Disabled tool 'lean_file_outline' via server.py:115
                             LEAN_MCP_DISABLED_TOOLS                            
                    INFO     Disabled tool                         server.py:115
                             'lean_get_widget_source' via                       
                             LEAN_MCP_DISABLED_TOOLS                            
                    INFO     Disabled tool 'lean_get_widgets' via  server.py:115
                             LEAN_MCP_DISABLED_TOOLS                            
                    INFO     Disabled tool 'lean_goal' via         server.py:115
                             LEAN_MCP_DISABLED_TOOLS                            
                    INFO     Disabled tool 'lean_hover_info' via   server.py:115
                             LEAN_MCP_DISABLED_TOOLS                            
                    INFO     Disabled tool 'lean_references' via   server.py:115
                             LEAN_MCP_DISABLED_TOOLS                            
                    INFO     Disabled tool 'lean_term_goal' via    server.py:115
                             LEAN_MCP_DISABLED_TOOLS                            
                    INFO     REPL enabled, using:                  server.py:322
                             /home/amirnabiyev/Conjecture_Prover/.              
                             lake/packages/repl/.lake/build/bin/re              
                             pl                                                 
                    INFO     REPL initialized: timeout=60s         server.py:325
[09/08/26 20:54:29] INFO     Session ending — cleaning up          server.py:360
                             per-session resources                              
[09/08/26 20:54:34] INFO     Disabled tool 'lean_build' via        server.py:115
                             LEAN_MCP_DISABLED_TOOLS                            
                    INFO     Disabled tool 'lean_completions' via  server.py:115
                             LEAN_MCP_DISABLED_TOOLS                            
                    INFO     Disabled tool 'lean_declaration_file' server.py:115
                             via LEAN_MCP_DISABLED_TOOLS                        
                    INFO     Disabled tool                         server.py:115
                             'lean_diagnostic_messages' via                     
                             LEAN_MCP_DISABLED_TOOLS                            
                    INFO     Disabled tool 'lean_file_outline' via server.py:115
                             LEAN_MCP_DISABLED_TOOLS                            
                    INFO     Disabled tool                         server.py:115
                             'lean_get_widget_source' via                       
                             LEAN_MCP_DISABLED_TOOLS                            
                    INFO     Disabled tool 'lean_get_widgets' via  server.py:115
                             LEAN_MCP_DISABLED_TOOLS                            
                    INFO     Disabled tool 'lean_goal' via         server.py:115
                             LEAN_MCP_DISABLED_TOOLS                            
                    INFO     Disabled tool 'lean_hover_info' via   server.py:115
                             LEAN_MCP_DISABLED_TOOLS                            
                    INFO     Disabled tool 'lean_references' via   server.py:115
                             LEAN_MCP_DISABLED_TOOLS                            
                    INFO     Disabled tool 'lean_term_goal' via    server.py:115
                             LEAN_MCP_DISABLED_TOOLS                            
[09/08/26 20:54:35] INFO     REPL enabled, using:                  server.py:322
                             /home/amirnabiyev/Conjecture_Prover/.              
                             lake/packages/repl/.lake/build/bin/re              
                             pl                                                 
                    INFO     REPL initialized: timeout=60s         server.py:325
[09/08/26 20:54:41] INFO     Session ending — cleaning up          server.py:360
                             per-session resources                              
[09/08/26 20:55:24] INFO     Disabled tool 'lean_build' via        server.py:115
                             LEAN_MCP_DISABLED_TOOLS                            
                    INFO     Disabled tool 'lean_completions' via  server.py:115
                             LEAN_MCP_DISABLED_TOOLS                            
                    INFO     Disabled tool 'lean_declaration_file' server.py:115
                             via LEAN_MCP_DISABLED_TOOLS                        
                    INFO     Disabled tool                         server.py:115
                             'lean_diagnostic_messages' via                     
                             LEAN_MCP_DISABLED_TOOLS                            
                    INFO     Disabled tool 'lean_file_outline' via server.py:115
                             LEAN_MCP_DISABLED_TOOLS                            
                    INFO     Disabled tool                         server.py:115
                             'lean_get_widget_source' via                       
                             LEAN_MCP_DISABLED_TOOLS                            
                    INFO     Disabled tool 'lean_get_widgets' via  server.py:115
                             LEAN_MCP_DISABLED_TOOLS                            
                    INFO     Disabled tool 'lean_goal' via         server.py:115
                             LEAN_MCP_DISABLED_TOOLS                            
                    INFO     Disabled tool 'lean_hover_info' via   server.py:115
                             LEAN_MCP_DISABLED_TOOLS                            
                    INFO     Disabled tool 'lean_references' via   server.py:115
                             LEAN_MCP_DISABLED_TOOLS                            
                    INFO     Disabled tool 'lean_term_goal' via    server.py:115
                             LEAN_MCP_DISABLED_TOOLS                            
                    INFO     REPL enabled, using:                  server.py:322
                             /home/amirnabiyev/Conjecture_Prover/.              
                             lake/packages/repl/.lake/build/bin/re              
                             pl                                                 
                    INFO     REPL initialized: timeout=60s         server.py:325
[09/08/26 20:55:30] INFO     Session ending — cleaning up          server.py:360
                             per-session resources                              
[09/08/26 20:55:42] INFO     Disabled tool 'lean_build' via        server.py:115
                             LEAN_MCP_DISABLED_TOOLS                            
                    INFO     Disabled tool 'lean_completions' via  server.py:115
                             LEAN_MCP_DISABLED_TOOLS                            
                    INFO     Disabled tool 'lean_declaration_file' server.py:115
                             via LEAN_MCP_DISABLED_TOOLS                        
                    INFO     Disabled tool                         server.py:115
                             'lean_diagnostic_messages' via                     
                             LEAN_MCP_DISABLED_TOOLS                            
                    INFO     Disabled tool 'lean_file_outline' via server.py:115
                             LEAN_MCP_DISABLED_TOOLS                            
                    INFO     Disabled tool                         server.py:115
                             'lean_get_widget_source' via                       
                             LEAN_MCP_DISABLED_TOOLS                            
                    INFO     Disabled tool 'lean_get_widgets' via  server.py:115
                             LEAN_MCP_DISABLED_TOOLS                            
                    INFO     Disabled tool 'lean_goal' via         server.py:115
                             LEAN_MCP_DISABLED_TOOLS                            
                    INFO     Disabled tool 'lean_hover_info' via   server.py:115
                             LEAN_MCP_DISABLED_TOOLS                            
                    INFO     Disabled tool 'lean_references' via   server.py:115
                             LEAN_MCP_DISABLED_TOOLS                            
                    INFO     Disabled tool 'lean_term_goal' via    server.py:115
                             LEAN_MCP_DISABLED_TOOLS                            
                    INFO     REPL enabled, using:                  server.py:322
                             /home/amirnabiyev/Conjecture_Prover/.              
                             lake/packages/repl/.lake/build/bin/re              
                             pl                                                 
                    INFO     REPL initialized: timeout=60s         server.py:325
[09/08/26 20:55:48] INFO     Session ending — cleaning up          server.py:360
                             per-session resources                              
[09/08/26 20:56:02] INFO     Disabled tool 'lean_build' via        server.py:115
                             LEAN_MCP_DISABLED_TOOLS                            
                    INFO     Disabled tool 'lean_completions' via  server.py:115
                             LEAN_MCP_DISABLED_TOOLS                            
                    INFO     Disabled tool 'lean_declaration_file' server.py:115
                             via LEAN_MCP_DISABLED_TOOLS                        
                    INFO     Disabled tool                         server.py:115
                             'lean_diagnostic_messages' via                     
                             LEAN_MCP_DISABLED_TOOLS                            
                    INFO     Disabled tool 'lean_file_outline' via server.py:115
                             LEAN_MCP_DISABLED_TOOLS                            
                    INFO     Disabled tool                         server.py:115
                             'lean_get_widget_source' via                       
                             LEAN_MCP_DISABLED_TOOLS                            
                    INFO     Disabled tool 'lean_get_widgets' via  server.py:115
                             LEAN_MCP_DISABLED_TOOLS                            
                    INFO     Disabled tool 'lean_goal' via         server.py:115
                             LEAN_MCP_DISABLED_TOOLS                            
                    INFO     Disabled tool 'lean_hover_info' via   server.py:115
                             LEAN_MCP_DISABLED_TOOLS                            
                    INFO     Disabled tool 'lean_references' via   server.py:115
                             LEAN_MCP_DISABLED_TOOLS                            
                    INFO     Disabled tool 'lean_term_goal' via    server.py:115
                             LEAN_MCP_DISABLED_TOOLS                            
                    INFO     REPL enabled, using:                  server.py:322
                             /home/amirnabiyev/Conjecture_Prover/.              
                             lake/packages/repl/.lake/build/bin/re              
                             pl                                                 
                    INFO     REPL initialized: timeout=60s         server.py:325
[09/08/26 20:56:03] INFO     Session ending — cleaning up          server.py:360
                             per-session resources                              
[09/08/26 20:56:04] INFO     Disabled tool 'lean_build' via        server.py:115
                             LEAN_MCP_DISABLED_TOOLS                            
                    INFO     Disabled tool 'lean_completions' via  server.py:115
                             LEAN_MCP_DISABLED_TOOLS                            
                    INFO     Disabled tool 'lean_declaration_file' server.py:115
                             via LEAN_MCP_DISABLED_TOOLS                        
                    INFO     Disabled tool                         server.py:115
                             'lean_diagnostic_messages' via                     
                             LEAN_MCP_DISABLED_TOOLS                            
                    INFO     Disabled tool 'lean_file_outline' via server.py:115
                             LEAN_MCP_DISABLED_TOOLS                            
                    INFO     Disabled tool                         server.py:115
                             'lean_get_widget_source' via                       
                             LEAN_MCP_DISABLED_TOOLS                            
                    INFO     Disabled tool 'lean_get_widgets' via  server.py:115
                             LEAN_MCP_DISABLED_TOOLS                            
                    INFO     Disabled tool 'lean_goal' via         server.py:115
                             LEAN_MCP_DISABLED_TOOLS                            
                    INFO     Disabled tool 'lean_hover_info' via   server.py:115
                             LEAN_MCP_DISABLED_TOOLS                            
                    INFO     Disabled tool 'lean_references' via   server.py:115
                             LEAN_MCP_DISABLED_TOOLS                            
                    INFO     Disabled tool 'lean_term_goal' via    server.py:115
                             LEAN_MCP_DISABLED_TOOLS                            
                    INFO     REPL enabled, using:                  server.py:322
                             /home/amirnabiyev/Conjecture_Prover/.              
                             lake/packages/repl/.lake/build/bin/re              
                             pl                                                 
                    INFO     REPL initialized: timeout=60s         server.py:325
                    INFO     Session ending — cleaning up          server.py:360
                             per-session resources                              
[09/08/26 20:56:16] INFO     Disabled tool 'lean_build' via        server.py:115
                             LEAN_MCP_DISABLED_TOOLS                            
                    INFO     Disabled tool 'lean_completions' via  server.py:115
                             LEAN_MCP_DISABLED_TOOLS                            
                    INFO     Disabled tool 'lean_declaration_file' server.py:115
                             via LEAN_MCP_DISABLED_TOOLS                        
                    INFO     Disabled tool                         server.py:115
                             'lean_diagnostic_messages' via                     
                             LEAN_MCP_DISABLED_TOOLS                            
                    INFO     Disabled tool 'lean_file_outline' via server.py:115
                             LEAN_MCP_DISABLED_TOOLS                            
                    INFO     Disabled tool                         server.py:115
                             'lean_get_widget_source' via                       
                             LEAN_MCP_DISABLED_TOOLS                            
                    INFO     Disabled tool 'lean_get_widgets' via  server.py:115
                             LEAN_MCP_DISABLED_TOOLS                            
                    INFO     Disabled tool 'lean_goal' via         server.py:115
                             LEAN_MCP_DISABLED_TOOLS                            
                    INFO     Disabled tool 'lean_hover_info' via   server.py:115
                             LEAN_MCP_DISABLED_TOOLS                            
                    INFO     Disabled tool 'lean_references' via   server.py:115
                             LEAN_MCP_DISABLED_TOOLS                            
                    INFO     Disabled tool 'lean_term_goal' via    server.py:115
                             LEAN_MCP_DISABLED_TOOLS                            
                    INFO     REPL enabled, using:                  server.py:322
                             /home/amirnabiyev/Conjecture_Prover/.              
                             lake/packages/repl/.lake/build/bin/re              
                             pl                                                 
                    INFO     REPL initialized: timeout=60s         server.py:325
[09/08/26 20:56:22] INFO     Session ending — cleaning up          server.py:360
                             per-session resources                              

 → lean_run_code
   🛠️  PL-Problem94.zeroSet_infinite_contains_ap AI made 1 tool call(s):
 → lean_run_code
   🛠️  PL-Problem94.zeroSet_infinite_contains_ap AI made 1 tool call(s):
 → lean_run_code
   🛠️  PL-Problem94.zeroSet_infinite_contains_ap AI made 1 tool call(s):
 → lean_run_code
   💬 PL-Problem94.zeroSet_infinite_contains_ap AI says: [FINAL PROPOSAL]
status: UNRESOLVED
new_str:
```lean
import ConjectureProver

open Problem94

-- Target: Problem94.zeroSet_infinite_contains_ap
-- The genuine research-level dichotomy (étale case of Skolem–Mahler–Lech /
-- Dynamical Mordell–Lang).  Best partial skeleton (reference only, NOT a proof):
lemma zeroSet_infinite_contains_ap {k A : Type} [Field k] [CharZero k] [CommRing A]
    [IsDomain A] [Algebra k A] [Algebra.FiniteType k A] (f : A →ₐ[k] A) (ϕ : A →ₐ[k] k)
    (I : Ideal A) (hf : f.
      ... (3878 total chars)
   ⚠️  Lemma 'Problem94.zeroSet_infinite_contains_ap': LLM flagged the statement as WRONG → STATEMENT_WRONG

======================================================================
AGGREGATOR: Applying proofs (round 5)
   Received 1 proposal(s)
======================================================================

   📭 No valid proposals to apply
   🚦 Route: aggregator → blueprint_refiner (round 5)

======================================================================
🔧 BLUEPRINT REFINER: Revising blueprint based on prover feedback
   Unproved lemmas to address: Problem94.zeroSet_infinite_contains_ap
======================================================================

   💬 BR AI says: The work is finished — no further edits are pending. Final deliverable status:

- **File:** `/home/amirnabiyev/Conjecture_Prover/ConjectureProver.lean` (revised, compiles cleanly).
- **Blueprint JSON:** regenerated (7 nodes, 7 edges — graph structure unchanged).
- **Nodes:** `zeroSet`, `ContainsArithmeticProgression`, `zeroSet_mem_iff`, `formallyEtale_pow`, and the main theorem stay PROVED and untouched; `zeroSet_mem_iff_ker` stays as a provable single-step node off `zeroSet_mem_iff`; `zeroSet_i
      ... (743 total chars)
   🚦 Routing: blueprint_refiner → rebuild_blueprint

🔄 REBUILD BLUEPRINT: Refreshing blueprint state from JSON...
   📊 7 lemmas, 6 proved
   📊 Blueprint: 7 nodes, root='Problem94.zeroSet_finite_or_contain_arithmetic_progression'
   🚦 Routing: rebuild_blueprint → theorem_proving
   🚀 theorem_proving: dispatching 1 parallel agent(s) (skipped 0 without sorry_using)
      → Problem94.zeroSet_infinite_contains_ap

============================================================
🔍 PROVE LEMMA: Problem94.zeroSet_infinite_contains_ap  (max 12 turns)
============================================================

   🔌 MCP client ready for lemma 'Problem94.zeroSet_infinite_contains_ap' (proof-only mode)
   🛠️  PL-Problem94.zeroSet_infinite_contains_ap AI made 2 tool call(s):
 → lean_local_search
 → lean_local_search
   🛠️  PL-Problem94.zeroSet_infinite_contains_ap AI made 2 tool call(s):
 → lean_local_search
 → lean_local_search
   🛠️  PL-Problem94.zeroSet_infinite_contains_ap AI made 1 tool call(s):
 → lean_run_code
   🛠️  PL-Problem94.zeroSet_infinite_contains_ap AI made 1 tool call(s):
 → lean_run_code
   🛠️  PL-Problem94.zeroSet_infinite_contains_ap AI made 2 tool call(s):
 → lean_run_code
 → lean_local_search
   🛠️  PL-Problem94.zeroSet_infinite_contains_ap AI made 1 tool call(s):
 → lean_verify
   🛠️  PL-Problem94.zeroSet_infinite_contains_ap AI made 1 tool call(s):
 → lean_run_code
   💬 PL-Problem94.zeroSet_infinite_contains_ap AI says: Let me check whether Mathlib has anything remotely matching this Skolem–Mahler–Lech-style dichotomy, and probe the goal's nontriviality.
   🛠️  PL-Problem94.zeroSet_infinite_contains_ap AI made 2 tool call(s):
 → search_mathlib_docs_multi
 → lean_loogle
   🛠️  PL-Problem94.zeroSet_infinite_contains_ap AI made 1 tool call(s):
 → lean_run_code
   🛠️  PL-Problem94.zeroSet_infinite_contains_ap AI made 1 tool call(s):
 → lean_local_search
   🛠️  PL-Problem94.zeroSet_infinite_contains_ap AI made 2 tool call(s):
 → lean_local_search
 → lean_local_search
   💬 PL-Problem94.zeroSet_infinite_contains_ap AI says: [FINAL PROPOSAL]
status: UNRESOLVED
new_str:
```lean
@[blueprint
  (statement := /-- Assume $f$ is formally \'etale. If $\mathrm{zeroSet}(f,\varphi,I)\subseteq\mathbb{N}$ is not finite, then it contains an arithmetic progression with positive common difference, i.e. $\mathrm{ContainsArithmeticProgression}(\mathrm{zeroSet}(f,\varphi,I))$ holds.  The common difference is quantified as $d\in\mathbb{N}_{>0}$ (type $\mathbb{N}^+$), so the conclusion really asks for an infinite strictly increasing pro
      ... (4149 total chars)
   ⚠️  Lemma 'Problem94.zeroSet_infinite_contains_ap': LLM flagged the statement as WRONG → STATEMENT_WRONG

======================================================================
AGGREGATOR: Applying proofs (round 6)
   Received 1 proposal(s)
======================================================================

   📭 No valid proposals to apply
   🚦 Route: aggregator → blueprint_refiner (round 6)

======================================================================
🔧 BLUEPRINT REFINER: Revising blueprint based on prover feedback
   Unproved lemmas to address: Problem94.zeroSet_infinite_contains_ap
======================================================================

   💬 BR AI says: Revision complete. The blueprint for `zeroSet_finite_or_contain_arithmetic_progression` has been validated and saved; no further action is required.
   🚦 Routing: blueprint_refiner → rebuild_blueprint

🔄 REBUILD BLUEPRINT: Refreshing blueprint state from JSON...
   📊 7 lemmas, 6 proved
   📊 Blueprint: 7 nodes, root='Problem94.zeroSet_finite_or_contain_arithmetic_progression'
   🚦 Routing: rebuild_blueprint → theorem_proving
   🚀 theorem_proving: dispatching 1 parallel agent(s) (skipped 0 without sorry_using)
      → Problem94.zeroSet_infinite_contains_ap

============================================================
🔍 PROVE LEMMA: Problem94.zeroSet_infinite_contains_ap  (max 12 turns)
============================================================

   🔌 MCP client ready for lemma 'Problem94.zeroSet_infinite_contains_ap' (proof-only mode)
   🛠️  PL-Problem94.zeroSet_infinite_contains_ap AI made 2 tool call(s):
 → lean_local_search
 → search_mathlib_docs_multi
   🛠️  PL-Problem94.zeroSet_infinite_contains_ap AI made 2 tool call(s):
 → lean_local_search
 → lean_local_search
   🛠️  PL-Problem94.zeroSet_infinite_contains_ap AI made 2 tool call(s):
 → lean_local_search
 → lean_local_search
   🛠️  PL-Problem94.zeroSet_infinite_contains_ap AI made 2 tool call(s):
 → lean_verify
 → lean_code_actions
   🛠️  PL-Problem94.zeroSet_infinite_contains_ap AI made 1 tool call(s):
 → lean_run_code
   🛠️  PL-Problem94.zeroSet_infinite_contains_ap AI made 1 tool call(s):
 → lean_run_code
   🛠️  PL-Problem94.zeroSet_infinite_contains_ap AI made 1 tool call(s):
 → lean_run_code
   🛠️  PL-Problem94.zeroSet_infinite_contains_ap AI made 1 tool call(s):
 → lean_run_code
   🛠️  PL-Problem94.zeroSet_infinite_contains_ap AI made 2 tool call(s):
 → lean_local_search
 → lean_local_search
   💬 PL-Problem94.zeroSet_infinite_contains_ap AI says: The statement is a genuinely deep conjecture. Let me inspect the actual source file to understand the full context (definitions and how the final theorem uses this lemma).
   🛠️  PL-Problem94.zeroSet_infinite_contains_ap AI made 1 tool call(s):
 → lean_run_code
   💬 PL-Problem94.zeroSet_infinite_contains_ap AI says: I now have the full source. The target lemma is the genuine research-level "infinite case" dichotomy (a Skolem–Mahler–Lech–type open statement). Let me check whether the harness (`Architect`) or artifact runs provide any legitimate axiom/lemma to close this, and examine how other runs handled it.
   🛠️  PL-Problem94.zeroSet_infinite_contains_ap AI made 2 tool call(s):[09/08/26 20:56:52] INFO     Disabled tool 'lean_build' via        server.py:115
                             LEAN_MCP_DISABLED_TOOLS                            
                    INFO     Disabled tool 'lean_completions' via  server.py:115
                             LEAN_MCP_DISABLED_TOOLS                            
                    INFO     Disabled tool 'lean_declaration_file' server.py:115
                             via LEAN_MCP_DISABLED_TOOLS                        
                    INFO     Disabled tool                         server.py:115
                             'lean_diagnostic_messages' via                     
                             LEAN_MCP_DISABLED_TOOLS                            
                    INFO     Disabled tool 'lean_file_outline' via server.py:115
                             LEAN_MCP_DISABLED_TOOLS                            
                    INFO     Disabled tool                         server.py:115
                             'lean_get_widget_source' via                       
                             LEAN_MCP_DISABLED_TOOLS                            
                    INFO     Disabled tool 'lean_get_widgets' via  server.py:115
                             LEAN_MCP_DISABLED_TOOLS                            
                    INFO     Disabled tool 'lean_goal' via         server.py:115
                             LEAN_MCP_DISABLED_TOOLS                            
                    INFO     Disabled tool 'lean_hover_info' via   server.py:115
                             LEAN_MCP_DISABLED_TOOLS                            
                    INFO     Disabled tool 'lean_references' via   server.py:115
                             LEAN_MCP_DISABLED_TOOLS                            
                    INFO     Disabled tool 'lean_term_goal' via    server.py:115
                             LEAN_MCP_DISABLED_TOOLS                            
                    INFO     REPL enabled, using:                  server.py:322
                             /home/amirnabiyev/Conjecture_Prover/.              
                             lake/packages/repl/.lake/build/bin/re              
                             pl                                                 
                    INFO     REPL initialized: timeout=60s         server.py:325
[09/08/26 20:56:58] INFO     Session ending — cleaning up          server.py:360
                             per-session resources                              
[09/08/26 20:57:00] INFO     Disabled tool 'lean_build' via        server.py:115
                             LEAN_MCP_DISABLED_TOOLS                            
                    INFO     Disabled tool 'lean_completions' via  server.py:115
                             LEAN_MCP_DISABLED_TOOLS                            
                    INFO     Disabled tool 'lean_declaration_file' server.py:115
                             via LEAN_MCP_DISABLED_TOOLS                        
                    INFO     Disabled tool                         server.py:115
                             'lean_diagnostic_messages' via                     
                             LEAN_MCP_DISABLED_TOOLS                            
                    INFO     Disabled tool 'lean_file_outline' via server.py:115
                             LEAN_MCP_DISABLED_TOOLS                            
                    INFO     Disabled tool                         server.py:115
                             'lean_get_widget_source' via                       
                             LEAN_MCP_DISABLED_TOOLS                            
                    INFO     Disabled tool 'lean_get_widgets' via  server.py:115
                             LEAN_MCP_DISABLED_TOOLS                            
                    INFO     Disabled tool 'lean_goal' via         server.py:115
                             LEAN_MCP_DISABLED_TOOLS                            
                    INFO     Disabled tool 'lean_hover_info' via   server.py:115
                             LEAN_MCP_DISABLED_TOOLS                            
                    INFO     Disabled tool 'lean_references' via   server.py:115
                             LEAN_MCP_DISABLED_TOOLS                            
                    INFO     Disabled tool 'lean_term_goal' via    server.py:115
                             LEAN_MCP_DISABLED_TOOLS                            
                    INFO     REPL enabled, using:                  server.py:322
                             /home/amirnabiyev/Conjecture_Prover/.              
                             lake/packages/repl/.lake/build/bin/re              
                             pl                                                 
                    INFO     REPL initialized: timeout=60s         server.py:325
                    INFO     Session ending — cleaning up          server.py:360
                             per-session resources                              
[09/08/26 20:57:22] INFO     REPL enabled, using:                  server.py:322
                             /home/amirnabiyev/Conjecture_Prover/.              
                             lake/packages/repl/.lake/build/bin/re              
                             pl                                                 
                    INFO     REPL initialized: timeout=60s         server.py:325
                    INFO     Session ending — cleaning up          server.py:360
                             per-session resources                              
[09/08/26 20:57:23] INFO     REPL enabled, using:                  server.py:322
                             /home/amirnabiyev/Conjecture_Prover/.              
                             lake/packages/repl/.lake/build/bin/re              
                             pl                                                 
                    INFO     REPL initialized: timeout=60s         server.py:325
                    INFO     Session ending — cleaning up          server.py:360
                             per-session resources                              
[09/08/26 20:57:26] INFO     Disabled tool 'lean_build' via        server.py:115
                             LEAN_MCP_DISABLED_TOOLS                            
                    INFO     Disabled tool 'lean_completions' via  server.py:115
                             LEAN_MCP_DISABLED_TOOLS                            
                    INFO     Disabled tool 'lean_declaration_file' server.py:115
                             via LEAN_MCP_DISABLED_TOOLS                        
                    INFO     Disabled tool                         server.py:115
                             'lean_diagnostic_messages' via                     
                             LEAN_MCP_DISABLED_TOOLS                            
                    INFO     Disabled tool 'lean_file_outline' via server.py:115
                             LEAN_MCP_DISABLED_TOOLS                            
                    INFO     Disabled tool                         server.py:115
                             'lean_get_widget_source' via                       
                             LEAN_MCP_DISABLED_TOOLS                            
                    INFO     Disabled tool 'lean_get_widgets' via  server.py:115
                             LEAN_MCP_DISABLED_TOOLS                            
                    INFO     Disabled tool 'lean_goal' via         server.py:115
                             LEAN_MCP_DISABLED_TOOLS                            
                    INFO     Disabled tool 'lean_hover_info' via   server.py:115
                             LEAN_MCP_DISABLED_TOOLS                            
                    INFO     Disabled tool 'lean_references' via   server.py:115
                             LEAN_MCP_DISABLED_TOOLS                            
                    INFO     Disabled tool 'lean_term_goal' via    server.py:115
                             LEAN_MCP_DISABLED_TOOLS                            
                    INFO     REPL enabled, using:                  server.py:322
                             /home/amirnabiyev/Conjecture_Prover/.              
                             lake/packages/repl/.lake/build/bin/re              
                             pl                                                 
                    INFO     REPL initialized: timeout=60s         server.py:325
                    INFO     Session ending — cleaning up          server.py:360
                             per-session resources                              
[09/08/26 20:57:29] INFO     Disabled tool 'lean_build' via        server.py:115
                             LEAN_MCP_DISABLED_TOOLS                            
                    INFO     Disabled tool 'lean_completions' via  server.py:115
                             LEAN_MCP_DISABLED_TOOLS                            
                    INFO     Disabled tool 'lean_declaration_file' server.py:115
                             via LEAN_MCP_DISABLED_TOOLS                        
                    INFO     Disabled tool                         server.py:115
                             'lean_diagnostic_messages' via                     
                             LEAN_MCP_DISABLED_TOOLS                            
                    INFO     Disabled tool 'lean_file_outline' via server.py:115
                             LEAN_MCP_DISABLED_TOOLS                            
                    INFO     Disabled tool                         server.py:115
                             'lean_get_widget_source' via                       
                             LEAN_MCP_DISABLED_TOOLS                            
                    INFO     Disabled tool 'lean_get_widgets' via  server.py:115
                             LEAN_MCP_DISABLED_TOOLS                            
                    INFO     Disabled tool 'lean_goal' via         server.py:115
                             LEAN_MCP_DISABLED_TOOLS                            
                    INFO     Disabled tool 'lean_hover_info' via   server.py:115
                             LEAN_MCP_DISABLED_TOOLS                            
                    INFO     Disabled tool 'lean_references' via   server.py:115
                             LEAN_MCP_DISABLED_TOOLS                            
                    INFO     Disabled tool 'lean_term_goal' via    server.py:115
                             LEAN_MCP_DISABLED_TOOLS                            
                    INFO     REPL enabled, using:                  server.py:322
                             /home/amirnabiyev/Conjecture_Prover/.              
                             lake/packages/repl/.lake/build/bin/re              
                             pl                                                 
                    INFO     REPL initialized: timeout=60s         server.py:325
[09/08/26 20:57:30] INFO     Session ending — cleaning up          server.py:360
                             per-session resources                              
[09/08/26 20:57:31] INFO     Disabled tool 'lean_build' via        server.py:115
                             LEAN_MCP_DISABLED_TOOLS                            
                    INFO     Disabled tool 'lean_completions' via  server.py:115
                             LEAN_MCP_DISABLED_TOOLS                            
                    INFO     Disabled tool 'lean_declaration_file' server.py:115
                             via LEAN_MCP_DISABLED_TOOLS                        
                    INFO     Disabled tool                         server.py:115
                             'lean_diagnostic_messages' via                     
                             LEAN_MCP_DISABLED_TOOLS                            
                    INFO     Disabled tool 'lean_file_outline' via server.py:115
                             LEAN_MCP_DISABLED_TOOLS                            
                    INFO     Disabled tool                         server.py:115
                             'lean_get_widget_source' via                       
                             LEAN_MCP_DISABLED_TOOLS                            
                    INFO     Disabled tool 'lean_get_widgets' via  server.py:115
                             LEAN_MCP_DISABLED_TOOLS                            
                    INFO     Disabled tool 'lean_goal' via         server.py:115
                             LEAN_MCP_DISABLED_TOOLS                            
                    INFO     Disabled tool 'lean_hover_info' via   server.py:115
                             LEAN_MCP_DISABLED_TOOLS                            
                    INFO     Disabled tool 'lean_references' via   server.py:115
                             LEAN_MCP_DISABLED_TOOLS                            
                    INFO     Disabled tool 'lean_term_goal' via    server.py:115
                             LEAN_MCP_DISABLED_TOOLS                            
                    INFO     REPL enabled, using:                  server.py:322
                             /home/amirnabiyev/Conjecture_Prover/.              
                             lake/packages/repl/.lake/build/bin/re              
                             pl                                                 
                    INFO     REPL initialized: timeout=60s         server.py:325
[09/08/26 20:57:32] INFO     Session ending — cleaning up          server.py:360
                             per-session resources                              
[09/08/26 20:57:36] INFO     Disabled tool 'lean_build' via        server.py:115
                             LEAN_MCP_DISABLED_TOOLS                            
                    INFO     Disabled tool 'lean_completions' via  server.py:115
                             LEAN_MCP_DISABLED_TOOLS                            
                    INFO     Disabled tool 'lean_declaration_file' server.py:115
                             via LEAN_MCP_DISABLED_TOOLS                        
                    INFO     Disabled tool                         server.py:115
                             'lean_diagnostic_messages' via                     
                             LEAN_MCP_DISABLED_TOOLS                            
                    INFO     Disabled tool 'lean_file_outline' via server.py:115
                             LEAN_MCP_DISABLED_TOOLS                            
                    INFO     Disabled tool                         server.py:115
                             'lean_get_widget_source' via                       
                             LEAN_MCP_DISABLED_TOOLS                            
                    INFO     Disabled tool 'lean_get_widgets' via  server.py:115
                             LEAN_MCP_DISABLED_TOOLS                            
                    INFO     Disabled tool 'lean_goal' via         server.py:115
                             LEAN_MCP_DISABLED_TOOLS                            
                    INFO     Disabled tool 'lean_hover_info' via   server.py:115
                             LEAN_MCP_DISABLED_TOOLS                            
                    INFO     Disabled tool 'lean_references' via   server.py:115
                             LEAN_MCP_DISABLED_TOOLS                            
                    INFO     Disabled tool 'lean_term_goal' via    server.py:115
                             LEAN_MCP_DISABLED_TOOLS                            
                    INFO     REPL enabled, using:                  server.py:322
                             /home/amirnabiyev/Conjecture_Prover/.              
                             lake/packages/repl/.lake/build/bin/re              
                             pl                                                 
                    INFO     REPL initialized: timeout=60s         server.py:325
                    INFO     Session ending — cleaning up          server.py:360
                             per-session resources                              
[09/08/26 20:57:38] INFO     Disabled tool 'lean_build' via        server.py:115
                             LEAN_MCP_DISABLED_TOOLS                            
                    INFO     Disabled tool 'lean_completions' via  server.py:115
                             LEAN_MCP_DISABLED_TOOLS                            
                    INFO     Disabled tool 'lean_declaration_file' server.py:115
                             via LEAN_MCP_DISABLED_TOOLS                        
                    INFO     Disabled tool                         server.py:115
                             'lean_diagnostic_messages' via                     
                             LEAN_MCP_DISABLED_TOOLS                            
                    INFO     Disabled tool 'lean_file_outline' via server.py:115
                             LEAN_MCP_DISABLED_TOOLS                            
                    INFO     Disabled tool                         server.py:115
                             'lean_get_widget_source' via                       
                             LEAN_MCP_DISABLED_TOOLS                            
                    INFO     Disabled tool 'lean_get_widgets' via  server.py:115
                             LEAN_MCP_DISABLED_TOOLS                            
                    INFO     Disabled tool 'lean_goal' via         server.py:115
                             LEAN_MCP_DISABLED_TOOLS                            
                    INFO     Disabled tool 'lean_hover_info' via   server.py:115
                             LEAN_MCP_DISABLED_TOOLS                            
                    INFO     Disabled tool 'lean_references' via   server.py:115
                             LEAN_MCP_DISABLED_TOOLS                            
                    INFO     Disabled tool 'lean_term_goal' via    server.py:115
                             LEAN_MCP_DISABLED_TOOLS                            
                    INFO     REPL enabled, using:                  server.py:322
                             /home/amirnabiyev/Conjecture_Prover/.              
                             lake/packages/repl/.lake/build/bin/re              
                             pl                                                 
                    INFO     REPL initialized: timeout=60s         server.py:325
                    INFO     Session ending — cleaning up          server.py:360
                             per-session resources                              
[09/08/26 20:57:42] INFO     Disabled tool 'lean_build' via        server.py:115
                             LEAN_MCP_DISABLED_TOOLS                            
                    INFO     Disabled tool 'lean_completions' via  server.py:115
                             LEAN_MCP_DISABLED_TOOLS                            
                    INFO     Disabled tool 'lean_declaration_file' server.py:115
                             via LEAN_MCP_DISABLED_TOOLS                        
                    INFO     Disabled tool                         server.py:115
                             'lean_diagnostic_messages' via                     
                             LEAN_MCP_DISABLED_TOOLS                            
                    INFO     Disabled tool 'lean_file_outline' via server.py:115
                             LEAN_MCP_DISABLED_TOOLS                            
                    INFO     Disabled tool                         server.py:115
                             'lean_get_widget_source' via                       
                             LEAN_MCP_DISABLED_TOOLS                            
                    INFO     Disabled tool 'lean_get_widgets' via  server.py:115
                             LEAN_MCP_DISABLED_TOOLS                            
                    INFO     Disabled tool 'lean_goal' via         server.py:115
                             LEAN_MCP_DISABLED_TOOLS                            
                    INFO     Disabled tool 'lean_hover_info' via   server.py:115
                             LEAN_MCP_DISABLED_TOOLS                            
                    INFO     Disabled tool 'lean_references' via   server.py:115
                             LEAN_MCP_DISABLED_TOOLS                            
                    INFO     Disabled tool 'lean_term_goal' via    server.py:115
                             LEAN_MCP_DISABLED_TOOLS                            
                    INFO     REPL enabled, using:                  server.py:322
                             /home/amirnabiyev/Conjecture_Prover/.              
                             lake/packages/repl/.lake/build/bin/re              
                             pl                                                 
                    INFO     REPL initialized: timeout=60s         server.py:325
[09/08/26 20:57:48] INFO     Session ending — cleaning up          server.py:360
                             per-session resources                              
[09/08/26 20:57:56] INFO     Disabled tool 'lean_build' via        server.py:115
                             LEAN_MCP_DISABLED_TOOLS                            
                    INFO     Disabled tool 'lean_completions' via  server.py:115
                             LEAN_MCP_DISABLED_TOOLS                            
                    INFO     Disabled tool 'lean_declaration_file' server.py:115
                             via LEAN_MCP_DISABLED_TOOLS                        
                    INFO     Disabled tool                         server.py:115
                             'lean_diagnostic_messages' via                     
                             LEAN_MCP_DISABLED_TOOLS                            
                    INFO     Disabled tool 'lean_file_outline' via server.py:115
                             LEAN_MCP_DISABLED_TOOLS                            
                    INFO     Disabled tool                         server.py:115
                             'lean_get_widget_source' via                       
                             LEAN_MCP_DISABLED_TOOLS                            
                    INFO     Disabled tool 'lean_get_widgets' via  server.py:115
                             LEAN_MCP_DISABLED_TOOLS                            
                    INFO     Disabled tool 'lean_goal' via         server.py:115
                             LEAN_MCP_DISABLED_TOOLS                            
                    INFO     Disabled tool 'lean_hover_info' via   server.py:115
                             LEAN_MCP_DISABLED_TOOLS                            
                    INFO     Disabled tool 'lean_references' via   server.py:115
                             LEAN_MCP_DISABLED_TOOLS                            
                    INFO     Disabled tool 'lean_term_goal' via    server.py:115
                             LEAN_MCP_DISABLED_TOOLS                            
                    INFO     REPL enabled, using:                  server.py:322
                             /home/amirnabiyev/Conjecture_Prover/.              
                             lake/packages/repl/.lake/build/bin/re              
                             pl                                                 
                    INFO     REPL initialized: timeout=60s         server.py:325
[09/08/26 20:58:02] INFO     Session ending — cleaning up          server.py:360
                             per-session resources                              
[09/08/26 20:58:16] INFO     Disabled tool 'lean_build' via        server.py:115
                             LEAN_MCP_DISABLED_TOOLS                            
                    INFO     Disabled tool 'lean_completions' via  server.py:115
                             LEAN_MCP_DISABLED_TOOLS                            
                    INFO     Disabled tool 'lean_declaration_file' server.py:115
                             via LEAN_MCP_DISABLED_TOOLS                        
                    INFO     Disabled tool                         server.py:115
                             'lean_diagnostic_messages' via                     
                             LEAN_MCP_DISABLED_TOOLS                            
                    INFO     Disabled tool 'lean_file_outline' via server.py:115
                             LEAN_MCP_DISABLED_TOOLS                            
                    INFO     Disabled tool                         server.py:115
                             'lean_get_widget_source' via                       
                             LEAN_MCP_DISABLED_TOOLS                            
                    INFO     Disabled tool 'lean_get_widgets' via  server.py:115
                             LEAN_MCP_DISABLED_TOOLS                            
                    INFO     Disabled tool 'lean_goal' via         server.py:115
                             LEAN_MCP_DISABLED_TOOLS                            
                    INFO     Disabled tool 'lean_hover_info' via   server.py:115
                             LEAN_MCP_DISABLED_TOOLS                            
                    INFO     Disabled tool 'lean_references' via   server.py:115
                             LEAN_MCP_DISABLED_TOOLS                            
                    INFO     Disabled tool 'lean_term_goal' via    server.py:115
                             LEAN_MCP_DISABLED_TOOLS                            
                    INFO     REPL enabled, using:                  server.py:322
                             /home/amirnabiyev/Conjecture_Prover/.              
                             lake/packages/repl/.lake/build/bin/re              
                             pl                                                 
                    INFO     REPL initialized: timeout=60s         server.py:325
[09/08/26 20:58:22] INFO     Session ending — cleaning up          server.py:360
                             per-session resources                              
[09/08/26 20:58:28] INFO     Disabled tool 'lean_build' via        server.py:115
                             LEAN_MCP_DISABLED_TOOLS                            
                    INFO     Disabled tool 'lean_completions' via  server.py:115
                             LEAN_MCP_DISABLED_TOOLS                            
                    INFO     Disabled tool 'lean_declaration_file' server.py:115
                             via LEAN_MCP_DISABLED_TOOLS                        
                    INFO     Disabled tool                         server.py:115
                             'lean_diagnostic_messages' via                     
                             LEAN_MCP_DISABLED_TOOLS                            
                    INFO     Disabled tool 'lean_file_outline' via server.py:115
                             LEAN_MCP_DISABLED_TOOLS                            
                    INFO     Disabled tool                         server.py:115
                             'lean_get_widget_source' via                       
                             LEAN_MCP_DISABLED_TOOLS                            
                    INFO     Disabled tool 'lean_get_widgets' via  server.py:115
                             LEAN_MCP_DISABLED_TOOLS                            
                    INFO     Disabled tool 'lean_goal' via         server.py:115
                             LEAN_MCP_DISABLED_TOOLS                            
                    INFO     Disabled tool 'lean_hover_info' via   server.py:115
                             LEAN_MCP_DISABLED_TOOLS                            
                    INFO     Disabled tool 'lean_references' via   server.py:115
                             LEAN_MCP_DISABLED_TOOLS                            
                    INFO     Disabled tool 'lean_term_goal' via    server.py:115
                             LEAN_MCP_DISABLED_TOOLS                            
                    INFO     REPL enabled, using:                  server.py:322
                             /home/amirnabiyev/Conjecture_Prover/.              
                             lake/packages/repl/.lake/build/bin/re              
                             pl                                                 
                    INFO     REPL initialized: timeout=60s         server.py:325
[09/08/26 20:58:34] INFO     Session ending — cleaning up          server.py:360
                             per-session resources                              
[09/08/26 20:58:55] INFO     Disabled tool 'lean_build' via        server.py:115
                             LEAN_MCP_DISABLED_TOOLS                            
                    INFO     Disabled tool 'lean_completions' via  server.py:115
                             LEAN_MCP_DISABLED_TOOLS                            
                    INFO     Disabled tool 'lean_declaration_file' server.py:115
                             via LEAN_MCP_DISABLED_TOOLS                        
                    INFO     Disabled tool                         server.py:115
                             'lean_diagnostic_messages' via                     
                             LEAN_MCP_DISABLED_TOOLS                            
                    INFO     Disabled tool 'lean_file_outline' via server.py:115
                             LEAN_MCP_DISABLED_TOOLS                            
                    INFO     Disabled tool                         server.py:115
                             'lean_get_widget_source' via                       
                             LEAN_MCP_DISABLED_TOOLS                            
                    INFO     Disabled tool 'lean_get_widgets' via  server.py:115
                             LEAN_MCP_DISABLED_TOOLS                            
                    INFO     Disabled tool 'lean_goal' via         server.py:115
                             LEAN_MCP_DISABLED_TOOLS                            
                    INFO     Disabled tool 'lean_hover_info' via   server.py:115
                             LEAN_MCP_DISABLED_TOOLS                            
                    INFO     Disabled tool 'lean_references' via   server.py:115
                             LEAN_MCP_DISABLED_TOOLS                            
                    INFO     Disabled tool 'lean_term_goal' via    server.py:115
                             LEAN_MCP_DISABLED_TOOLS                            
                    INFO     REPL enabled, using:                  server.py:322
                             /home/amirnabiyev/Conjecture_Prover/.              
                             lake/packages/repl/.lake/build/bin/re              
                             pl                                                 
                    INFO     REPL initialized: timeout=60s         server.py:325
[09/08/26 20:59:01] INFO     Session ending — cleaning up          server.py:360
                             per-session resources                              
[09/08/26 20:59:10] INFO     Disabled tool 'lean_build' via        server.py:115
                             LEAN_MCP_DISABLED_TOOLS                            
                    INFO     Disabled tool 'lean_completions' via  server.py:115
                             LEAN_MCP_DISABLED_TOOLS                            
                    INFO     Disabled tool 'lean_declaration_file' server.py:115
                             via LEAN_MCP_DISABLED_TOOLS                        
                    INFO     Disabled tool                         server.py:115
                             'lean_diagnostic_messages' via                     
                             LEAN_MCP_DISABLED_TOOLS                            
                    INFO     Disabled tool 'lean_file_outline' via server.py:115
                             LEAN_MCP_DISABLED_TOOLS                            
                    INFO     Disabled tool                         server.py:115
                             'lean_get_widget_source' via                       
                             LEAN_MCP_DISABLED_TOOLS                            
                    INFO     Disabled tool 'lean_get_widgets' via  server.py:115
                             LEAN_MCP_DISABLED_TOOLS                            
                    INFO     Disabled tool 'lean_goal' via         server.py:115
                             LEAN_MCP_DISABLED_TOOLS                            
                    INFO     Disabled tool 'lean_hover_info' via   server.py:115
                             LEAN_MCP_DISABLED_TOOLS                            
                    INFO     Disabled tool 'lean_references' via   server.py:115
                             LEAN_MCP_DISABLED_TOOLS                            
                    INFO     Disabled tool 'lean_term_goal' via    server.py:115
                             LEAN_MCP_DISABLED_TOOLS                            
                    INFO     REPL enabled, using:                  server.py:322
                             /home/amirnabiyev/Conjecture_Prover/.              
                             lake/packages/repl/.lake/build/bin/re              
                             pl                                                 
                    INFO     REPL initialized: timeout=60s         server.py:325
                    INFO     Session ending — cleaning up          server.py:360
                             per-session resources                              
[09/08/26 20:59:12] INFO     Disabled tool 'lean_build' via        server.py:115
                             LEAN_MCP_DISABLED_TOOLS                            
                    INFO     Disabled tool 'lean_completions' via  server.py:115
                             LEAN_MCP_DISABLED_TOOLS                            
                    INFO     Disabled tool 'lean_declaration_file' server.py:115
                             via LEAN_MCP_DISABLED_TOOLS                        
                    INFO     Disabled tool                         server.py:115
                             'lean_diagnostic_messages' via                     
                             LEAN_MCP_DISABLED_TOOLS                            
                    INFO     Disabled tool 'lean_file_outline' via server.py:115
                             LEAN_MCP_DISABLED_TOOLS                            
                    INFO     Disabled tool                         server.py:115
                             'lean_get_widget_source' via                       
                             LEAN_MCP_DISABLED_TOOLS                            
                    INFO     Disabled tool 'lean_get_widgets' via  server.py:115
                             LEAN_MCP_DISABLED_TOOLS                            
                    INFO     Disabled tool 'lean_goal' via         server.py:115
                             LEAN_MCP_DISABLED_TOOLS                            
                    INFO     Disabled tool 'lean_hover_info' via   server.py:115
                             LEAN_MCP_DISABLED_TOOLS                            
                    INFO     Disabled tool 'lean_references' via   server.py:115
                             LEAN_MCP_DISABLED_TOOLS                            
                    INFO     Disabled tool 'lean_term_goal' via    server.py:115
                             LEAN_MCP_DISABLED_TOOLS                            
                    INFO     REPL enabled, using:                  server.py:322
                             /home/amirnabiyev/Conjecture_Prover/.              
                             lake/packages/repl/.lake/build/bin/re              
                             pl                                                 
                    INFO     REPL initialized: timeout=60s         server.py:325
                    INFO     Session ending — cleaning up          server.py:360
                             per-session resources                              
[09/08/26 20:59:22] INFO     Disabled tool 'lean_build' via        server.py:115
                             LEAN_MCP_DISABLED_TOOLS                            
                    INFO     Disabled tool 'lean_completions' via  server.py:115
                             LEAN_MCP_DISABLED_TOOLS                            
                    INFO     Disabled tool 'lean_declaration_file' server.py:115
                             via LEAN_MCP_DISABLED_TOOLS                        
                    INFO     Disabled tool                         server.py:115
                             'lean_diagnostic_messages' via                     
                             LEAN_MCP_DISABLED_TOOLS                            
                    INFO     Disabled tool 'lean_file_outline' via server.py:115
                             LEAN_MCP_DISABLED_TOOLS                            
                    INFO     Disabled tool                         server.py:115
                             'lean_get_widget_source' via                       
                             LEAN_MCP_DISABLED_TOOLS                            
                    INFO     Disabled tool 'lean_get_widgets' via  server.py:115
                             LEAN_MCP_DISABLED_TOOLS                            
                    INFO     Disabled tool 'lean_goal' via         server.py:115
                             LEAN_MCP_DISABLED_TOOLS                            
                    INFO     Disabled tool 'lean_hover_info' via   server.py:115
                             LEAN_MCP_DISABLED_TOOLS                            
                    INFO     Disabled tool 'lean_references' via   server.py:115
                             LEAN_MCP_DISABLED_TOOLS                            
                    INFO     Disabled tool 'lean_term_goal' via    server.py:115
                             LEAN_MCP_DISABLED_TOOLS                            
                    INFO     REPL enabled, using:                  server.py:322
                             /home/amirnabiyev/Conjecture_Prover/.              
                             lake/packages/repl/.lake/build/bin/re              
                             pl                                                 
                    INFO     REPL initialized: timeout=60s         server.py:325
[09/08/26 20:59:29] WARNING  REPL run_code fast path is     attempt_utils.py:193
                             unhealthy; disabling it for                        
                             this session and falling back                      
                             to LSP: REPL command failed:                       
                             Separator is found, but chunk                      
                             is longer than limit; memory                       
                             limit: 16384 MiB                                   
                             (LEAN_REPL_MEM_MB)                                 
[09/08/26 20:59:31] INFO     Shared async LSP client         client_utils.py:133
                             connected at                                       
                             /home/amirnabiyev/Conjecture_Pr                    
                             over                                               
[09/08/26 20:59:45] INFO     Session ending — cleaning up          server.py:360
                             per-session resources                              
Exception ignored in: <function BaseSubprocessTransport.__del__ at 0x7cd2ab97b380>
Traceback (most recent call last):
  File "/usr/local/lib/python3.12/asyncio/base_subprocess.py", line 126, in __del__
    self.close()
  File "/usr/local/lib/python3.12/asyncio/base_subprocess.py", line 104, in close
    proto.pipe.close()
  File "/usr/local/lib/python3.12/asyncio/unix_events.py", line 767, in close
    self.write_eof()
  File "/usr/local/lib/python3.12/asyncio/unix_events.py", line 753, in write_eof
    self._loop.call_soon(self._call_connection_lost, None)
  File "/usr/local/lib/python3.12/asyncio/base_events.py", line 799, in call_soon
    self._check_closed()
  File "/usr/local/lib/python3.12/asyncio/base_events.py", line 545, in _check_closed
    raise RuntimeError('Event loop is closed')
RuntimeError: Event loop is closed
[09/08/26 21:00:26] INFO     Disabled tool 'lean_build' via        server.py:115
                             LEAN_MCP_DISABLED_TOOLS                            
                    INFO     Disabled tool 'lean_completions' via  server.py:115
                             LEAN_MCP_DISABLED_TOOLS                            
                    INFO     Disabled tool 'lean_declaration_file' server.py:115
                             via LEAN_MCP_DISABLED_TOOLS                        
                    INFO     Disabled tool                         server.py:115
                             'lean_diagnostic_messages' via                     
                             LEAN_MCP_DISABLED_TOOLS                            
                    INFO     Disabled tool 'lean_file_outline' via server.py:115
                             LEAN_MCP_DISABLED_TOOLS                            
                    INFO     Disabled tool                         server.py:115
                             'lean_get_widget_source' via                       
                             LEAN_MCP_DISABLED_TOOLS                            
                    INFO     Disabled tool 'lean_get_widgets' via  server.py:115
                             LEAN_MCP_DISABLED_TOOLS                            
                    INFO     Disabled tool 'lean_goal' via         server.py:115
                             LEAN_MCP_DISABLED_TOOLS                            
                    INFO     Disabled tool 'lean_hover_info' via   server.py:115
                             LEAN_MCP_DISABLED_TOOLS                            
                    INFO     Disabled tool 'lean_references' via   server.py:115
                             LEAN_MCP_DISABLED_TOOLS                            
                    INFO     Disabled tool 'lean_term_goal' via    server.py:115
                             LEAN_MCP_DISABLED_TOOLS                            
                    INFO     REPL enabled, using:                  server.py:322
                             /home/amirnabiyev/Conjecture_Prover/.              
                             lake/packages/repl/.lake/build/bin/re              
                             pl                                                 
                    INFO     REPL initialized: timeout=60s         server.py:325
                    INFO     Session ending — cleaning up          server.py:360
                             per-session resources                              
[09/08/26 21:00:28] INFO     Disabled tool 'lean_build' via        server.py:115
                             LEAN_MCP_DISABLED_TOOLS                            
                    INFO     Disabled tool 'lean_completions' via  server.py:115
                             LEAN_MCP_DISABLED_TOOLS                            
                    INFO     Disabled tool 'lean_declaration_file' server.py:115
                             via LEAN_MCP_DISABLED_TOOLS                        
                    INFO     Disabled tool                         server.py:115
                             'lean_diagnostic_messages' via                     
                             LEAN_MCP_DISABLED_TOOLS                            
                    INFO     Disabled tool 'lean_file_outline' via server.py:115
                             LEAN_MCP_DISABLED_TOOLS                            
                    INFO     Disabled tool                         server.py:115
                             'lean_get_widget_source' via                       
                             LEAN_MCP_DISABLED_TOOLS                            
                    INFO     Disabled tool 'lean_get_widgets' via  server.py:115
                             LEAN_MCP_DISABLED_TOOLS                            
                    INFO     Disabled tool 'lean_goal' via         server.py:115
                             LEAN_MCP_DISABLED_TOOLS                            
                    INFO     Disabled tool 'lean_hover_info' via   server.py:115
                             LEAN_MCP_DISABLED_TOOLS                            
                    INFO     Disabled tool 'lean_references' via   server.py:115
                             LEAN_MCP_DISABLED_TOOLS                            
                    INFO     Disabled tool 'lean_term_goal' via    server.py:115
                             LEAN_MCP_DISABLED_TOOLS                            
                    INFO     REPL enabled, using:                  server.py:322
                             /home/amirnabiyev/Conjecture_Prover/.              
                             lake/packages/repl/.lake/build/bin/re              
                             pl                                                 
                    INFO     REPL initialized: timeout=60s         server.py:325
                    INFO     Session ending — cleaning up          server.py:360
                             per-session resources                              
[09/08/26 21:00:33] INFO     Disabled tool 'lean_build' via        server.py:115
                             LEAN_MCP_DISABLED_TOOLS                            
                    INFO     Disabled tool 'lean_completions' via  server.py:115
                             LEAN_MCP_DISABLED_TOOLS                            
                    INFO     Disabled tool 'lean_declaration_file' server.py:115
                             via LEAN_MCP_DISABLED_TOOLS                        
                    INFO     Disabled tool                         server.py:115
                             'lean_diagnostic_messages' via                     
                             LEAN_MCP_DISABLED_TOOLS                            
                    INFO     Disabled tool 'lean_file_outline' via server.py:115
                             LEAN_MCP_DISABLED_TOOLS                            
                    INFO     Disabled tool                         server.py:115
                             'lean_get_widget_source' via                       
                             LEAN_MCP_DISABLED_TOOLS                            
                    INFO     Disabled tool 'lean_get_widgets' via  server.py:115
                             LEAN_MCP_DISABLED_TOOLS                            
                    INFO     Disabled tool 'lean_goal' via         server.py:115
                             LEAN_MCP_DISABLED_TOOLS                            
                    INFO     Disabled tool 'lean_hover_info' via   server.py:115
                             LEAN_MCP_DISABLED_TOOLS                            
                    INFO     Disabled tool 'lean_references' via   server.py:115
                             LEAN_MCP_DISABLED_TOOLS                            
                    INFO     Disabled tool 'lean_term_goal' via    server.py:115
                             LEAN_MCP_DISABLED_TOOLS                            
                    INFO     REPL enabled, using:                  server.py:322
                             /home/amirnabiyev/Conjecture_Prover/.              
                             lake/packages/repl/.lake/build/bin/re              
                             pl                                                 
                    INFO     REPL initialized: timeout=60s         server.py:325
[09/08/26 21:00:40] INFO     Session ending — cleaning up          server.py:360
                             per-session resources                              
[09/08/26 21:01:14] INFO     REPL enabled, using:                  server.py:322
                             /home/amirnabiyev/Conjecture_Prover/.              
                             lake/packages/repl/.lake/build/bin/re              
                             pl                                                 
                    INFO     REPL initialized: timeout=60s         server.py:325
                    INFO     Session ending — cleaning up          server.py:360
                             per-session resources                              

 → lean_run_code
 → lean_local_search
   💬 PL-Problem94.zeroSet_infinite_contains_ap AI says: [FINAL PROPOSAL]
status: UNRESOLVED
new_str:
```lean
lemma zeroSet_infinite_contains_ap (hf : f.FormallyEtale) :
    ¬ (zeroSet f ϕ I).Finite → ContainsArithmeticProgression (zeroSet f ϕ I) := by
  -- OPEN OBLIGATION (cannot be discharged in Mathlib as stated):
  -- This is the Skolem–Mahler–Lech-type dichotomy for the zero set
  --   {n | ∀ x ∈ I, φ (f^n x) = 0}
  -- of an étale endomorphism f of a finitely generated domain over char-zero k.
  -- The conclusion ContainsArithmeticProgression = ∃
      ... (4343 total chars)
   ⚠️  Lemma 'Problem94.zeroSet_infinite_contains_ap': LLM flagged the statement as WRONG → STATEMENT_WRONG

======================================================================
AGGREGATOR: Applying proofs (round 7)
   Received 1 proposal(s)
======================================================================

   📭 No valid proposals to apply
   🚦 Route: aggregator → blueprint_refiner (round 7)

======================================================================
🔧 BLUEPRINT REFINER: Revising blueprint based on prover feedback
   Unproved lemmas to address: Problem94.zeroSet_infinite_contains_ap
======================================================================

   💬 BR AI says: Done — the revised blueprint is in place, validated, and the dependency graph is regenerated.
   🚦 Routing: blueprint_refiner → rebuild_blueprint

🔄 REBUILD BLUEPRINT: Refreshing blueprint state from JSON...
   📊 7 lemmas, 6 proved
   📊 Blueprint: 7 nodes, root='Problem94.zeroSet_finite_or_contain_arithmetic_progression'
   🚦 Routing: rebuild_blueprint → theorem_proving
   🚀 theorem_proving: dispatching 1 parallel agent(s) (skipped 0 without sorry_using)
      → Problem94.zeroSet_infinite_contains_ap

============================================================
🔍 PROVE LEMMA: Problem94.zeroSet_infinite_contains_ap  (max 12 turns)
============================================================

   🔌 MCP client ready for lemma 'Problem94.zeroSet_infinite_contains_ap' (proof-only mode)
   🛠️  PL-Problem94.zeroSet_infinite_contains_ap AI made 2 tool call(s):
 → lean_local_search
 → lean_local_search
   🛠️  PL-Problem94.zeroSet_infinite_contains_ap AI made 2 tool call(s):
 → lean_local_search
 → lean_local_search
   🛠️  PL-Problem94.zeroSet_infinite_contains_ap AI made 1 tool call(s):
 → lean_run_code
   🛠️  PL-Problem94.zeroSet_infinite_contains_ap AI made 1 tool call(s):
 → lean_run_code
   🛠️  PL-Problem94.zeroSet_infinite_contains_ap AI made 1 tool call(s):
 → lean_run_code
   🛠️  PL-Problem94.zeroSet_infinite_contains_ap AI made 1 tool call(s):
 → lean_run_code
   🛠️  PL-Problem94.zeroSet_infinite_contains_ap AI made 1 tool call(s):
 → lean_run_code
   🛠️  PL-Problem94.zeroSet_infinite_contains_ap AI made 2 tool call(s):
 → lean_local_search
 → lean_local_search
   🛠️  PL-Problem94.zeroSet_infinite_contains_ap AI made 1 tool call(s):
 → lean_run_code
   💬 PL-Problem94.zeroSet_infinite_contains_ap AI says: The verbose output confirmed the exact types. Let me gather the full picture of the `Problem94` namespace and surrounding lemmas.
   🛠️  PL-Problem94.zeroSet_infinite_contains_ap AI made 2 tool call(s):
 → lean_local_search
 → lean_local_search
   🛠️  PL-Problem94.zeroSet_infinite_contains_ap AI made 1 tool call(s):
 → lean_run_code
   💬 PL-Problem94.zeroSet_infinite_contains_ap AI says: Based on my investigation, I must conclude this proof cannot be completed in the available environment.

**Key findings from exploration:**
1. `ContainsArithmeticProgression S := ∃ (d : PNat) (a : ℕ), ∀ n : ℕ, a + (d : ℕ) * n ∈ S` — `d` is a **positive** natural, so the trivial "pick `d=0`" loophole is closed (verified via `set_option pp.all true; #print ContainsArithmeticProgression`).
2. `zeroSet f ϕ I = {n | ∀ x : I, ϕ ((f^n) x) = 0}`, equivalent to `Ideal.map (f^n) I ≤ RingHom.ker ϕ`.
3. `f.
      ... (4247 total chars)
   ⏰ Lemma 'Problem94.zeroSet_infinite_contains_ap': turn limit (12) reached

======================================================================
AGGREGATOR: Applying proofs (round 8)
   Received 1 proposal(s)
======================================================================

   📭 No valid proposals to apply
   🚦 Route: aggregator → END (reached max 8 rounds)

======================================================================
📊 END-OF-RUN SUMMARY (unsolved scan)
======================================================================
round reached      = 8  (budget: MAX_REFINEMENT_ROUNDS=8)
total nodes        = 7
proved             = 6
UNSOLVED           = 1
   • Problem94.zeroSet_infinite_contains_ap
======================================================================
   💾 Wrote structured summary to /home/amirnabiyev/Conjecture_Prover/experiment_runs/summaries/with_analyzer__fateX_94.summary.json
