[08/26/26 19:52:55] INFO     REPL enabled, using:                  server.py:322
                             /home/amirnabiyev/Conjecture_Prover/.              
                             lake/packages/repl/.lake/build/bin/re              
                             pl                                                 
                    INFO     REPL initialized: timeout=60s         server.py:325
                    INFO     Session ending — cleaning up          server.py:360
                             per-session resources                              
[08/26/26 19:52:58] INFO     REPL enabled, using:                  server.py:322
                             /home/amirnabiyev/Conjecture_Prover/.              
                             lake/packages/repl/.lake/build/bin/re              
                             pl                                                 
                    INFO     REPL initialized: timeout=60s         server.py:325
                    INFO     Session ending — cleaning up          server.py:360
                             per-session resources                              
[08/26/26 19:53:01] INFO     REPL enabled, using:                  server.py:322
                             /home/amirnabiyev/Conjecture_Prover/.              
                             lake/packages/repl/.lake/build/bin/re              
                             pl                                                 
                    INFO     REPL initialized: timeout=60s         server.py:325
                    INFO     Session ending — cleaning up          server.py:360
                             per-session resources                              
[08/26/26 19:53:08] INFO     REPL enabled, using:                  server.py:322
                             /home/amirnabiyev/Conjecture_Prover/.              
                             lake/packages/repl/.lake/build/bin/re              
                             pl                                                 
                    INFO     REPL initialized: timeout=60s         server.py:325
[08/26/26 19:53:14] INFO     Session ending — cleaning up          server.py:360
                             per-session resources                              
[08/26/26 19:53:16] INFO     REPL enabled, using:                  server.py:322
                             /home/amirnabiyev/Conjecture_Prover/.              
                             lake/packages/repl/.lake/build/bin/re              
                             pl                                                 
                    INFO     REPL initialized: timeout=60s         server.py:325
                    INFO     Session ending — cleaning up          server.py:360
                             per-session resources                              
[08/26/26 19:53:25] INFO     REPL enabled, using:                  server.py:322
                             /home/amirnabiyev/Conjecture_Prover/.              
                             lake/packages/repl/.lake/build/bin/re              
                             pl                                                 
                    INFO     REPL initialized: timeout=60s         server.py:325
[08/26/26 19:53:31] INFO     Session ending — cleaning up          server.py:360
                             per-session resources                              
[08/26/26 19:53:32] INFO     REPL enabled, using:                  server.py:322
                             /home/amirnabiyev/Conjecture_Prover/.              
                             lake/packages/repl/.lake/build/bin/re              
                             pl                                                 
                    INFO     REPL initialized: timeout=60s         server.py:325
                    INFO     Session ending — cleaning up          server.py:360
                             per-session resources                              
[08/26/26 19:53:38] INFO     REPL enabled, using:                  server.py:322
                             /home/amirnabiyev/Conjecture_Prover/.              
                             lake/packages/repl/.lake/build/bin/re              
                             pl                                                 
                    INFO     REPL initialized: timeout=60s         server.py:325
[08/26/26 19:53:38] INFO     REPL enabled, using:                  server.py:322
                             /home/amirnabiyev/Conjecture_Prover/.              
                             lake/packages/repl/.lake/build/bin/re              
                             pl                                                 
                    INFO     REPL initialized: timeout=60s         server.py:325
[08/26/26 19:53:39] INFO     Session ending — cleaning up          server.py:360
                             per-session resources                              
[08/26/26 19:53:44] INFO     Session ending — cleaning up          server.py:360
                             per-session resources                              
[08/26/26 19:53:45] INFO     REPL enabled, using:                  server.py:322
                             /home/amirnabiyev/Conjecture_Prover/.              
                             lake/packages/repl/.lake/build/bin/re              
                             pl                                                 
                    INFO     REPL initialized: timeout=60s         server.py:325
                    INFO     Session ending — cleaning up          server.py:360
                             per-session resources                              
[08/26/26 19:53:52] INFO     REPL enabled, using:                  server.py:322
                             /home/amirnabiyev/Conjecture_Prover/.              
                             lake/packages/repl/.lake/build/bin/re              
                             pl                                                 
                    INFO     REPL initialized: timeout=60s         server.py:325
[08/26/26 19:53:52] INFO     REPL enabled, using:                  server.py:322
                             /home/amirnabiyev/Conjecture_Prover/.              
                             lake/packages/repl/.lake/build/bin/re              
                             pl                                                 
                    INFO     REPL initialized: timeout=60s         server.py:325
[08/26/26 19:53:55] INFO     Session ending — cleaning up          server.py:360
                             per-session resources                              
[08/26/26 19:53:58] INFO     Session ending — cleaning up          server.py:360
                             per-session resources                              
[08/26/26 19:53:59] INFO     REPL enabled, using:                  server.py:322
                             /home/amirnabiyev/Conjecture_Prover/.              
                             lake/packages/repl/.lake/build/bin/re              
                             pl                                                 
                    INFO     REPL initialized: timeout=60s         server.py:325
[08/26/26 19:54:00] INFO     Session ending — cleaning up          server.py:360
                             per-session resources                              
[08/26/26 19:54:06] INFO     REPL enabled, using:                  server.py:322
                             /home/amirnabiyev/Conjecture_Prover/.              
                             lake/packages/repl/.lake/build/bin/re              
                             pl                                                 
                    INFO     REPL initialized: timeout=60s         server.py:325
[08/26/26 19:54:06] INFO     REPL enabled, using:                  server.py:322
                             /home/amirnabiyev/Conjecture_Prover/.              
                             lake/packages/repl/.lake/build/bin/re              
                             pl                                                 
                    INFO     REPL initialized: timeout=60s         server.py:325
[08/26/26 19:54:08] INFO     Session ending — cleaning up          server.py:360
                             per-session resources                              
[08/26/26 19:54:12] INFO     Session ending — cleaning up          server.py:360
                             per-session resources                              
[08/26/26 19:54:14] INFO     REPL enabled, using:                  server.py:322
                             /home/amirnabiyev/Conjecture_Prover/.              
                             lake/packages/repl/.lake/build/bin/re              
                             pl                                                 
                    INFO     REPL initialized: timeout=60s         server.py:325
                    INFO     Session ending — cleaning up          server.py:360
                             per-session resources                              
[08/26/26 19:54:47] INFO     REPL enabled, using:                  server.py:322
                             /home/amirnabiyev/Conjecture_Prover/.              
                             lake/packages/repl/.lake/build/bin/re              
                             pl                                                 
                    INFO     REPL initialized: timeout=60s         server.py:325
[08/26/26 19:54:47] INFO     REPL enabled, using:                  server.py:322
                             /home/amirnabiyev/Conjecture_Prover/.              
                             lake/packages/repl/.lake/build/bin/re              
                             pl                                                 
                    INFO     REPL initialized: timeout=60s         server.py:325
[08/26/26 19:54:48] INFO     Session ending — cleaning up          server.py:360
                             per-session resources                              
[08/26/26 19:54:53] INFO     Session ending — cleaning up          server.py:360
                             per-session resources                              
[08/26/26 19:54:55] INFO     REPL enabled, using:                  server.py:322
                             /home/amirnabiyev/Conjecture_Prover/.              
                             lake/packages/repl/.lake/build/bin/re              
                             pl                                                 
                    INFO     REPL initialized: timeout=60s         server.py:325
                    INFO     Session ending — cleaning up          server.py:360
                             per-session resources                              
[08/26/26 19:55:14] INFO     REPL enabled, using:                  server.py:322
                             /home/amirnabiyev/Conjecture_Prover/.              
                             lake/packages/repl/.lake/build/bin/re              
                             pl                                                 
                    INFO     REPL initialized: timeout=60s         server.py:325
[08/26/26 19:55:16] INFO     Shared async LSP client         client_utils.py:133
                             connected at                                       
                             /home/amirnabiyev/Conjecture_Pr                    
                             over                                               
[08/26/26 19:55:28] INFO     Session ending — cleaning up          server.py:360
                             per-session resources                              
Exception ignored in: <function BaseSubprocessTransport.__del__ at 0x73bd8d509120>
Traceback (most recent call last):
  File "/usr/local/lib/python3.12/asyncio/base_subprocess.py", line 126, in __del__
    self.close()
  File "/usr/local/lib/python3.12/asyncio/base_subprocess.py", line 104, in close
    proto.pipe.close()
  File "/usr/local/lib/python3.12/asyncio/unix_events.py", line 767, in close
    self.write_eof()
  File "/usr/local/lib/python3.12/asyncio/unix_events.py", line 753, in write_eof
    self._loop.call_soon(self._call_connection_lost, None)
  File "/usr/local/lib/python3.12/asyncio/base_events.py", line 799, in call_soon
    self._check_closed()
  File "/usr/local/lib/python3.12/asyncio/base_events.py", line 545, in _check_closed
    raise RuntimeError('Event loop is closed')
RuntimeError: Event loop is closed
[08/26/26 19:55:30] INFO     REPL enabled, using:                  server.py:322
                             /home/amirnabiyev/Conjecture_Prover/.              
                             lake/packages/repl/.lake/build/bin/re              
                             pl                                                 
                    INFO     REPL initialized: timeout=60s         server.py:325
                    INFO     Session ending — cleaning up          server.py:360
                             per-session resources                              
[08/26/26 19:55:34] INFO     REPL enabled, using:                  server.py:322
                             /home/amirnabiyev/Conjecture_Prover/.              
                             lake/packages/repl/.lake/build/bin/re              
                             pl                                                 
                    INFO     REPL initialized: timeout=60s         server.py:325
[08/26/26 19:55:34] INFO     REPL enabled, using:                  server.py:322
                             /home/amirnabiyev/Conjecture_Prover/.              
                             lake/packages/repl/.lake/build/bin/re              
                             pl                                                 
                    INFO     REPL initialized: timeout=60s         server.py:325
                    INFO     Session ending — cleaning up          server.py:360
                             per-session resources                              
                    INFO     Session ending — cleaning up          server.py:360
                             per-session resources                              
[08/26/26 19:55:36] INFO     REPL enabled, using:                  server.py:322
                             /home/amirnabiyev/Conjecture_Prover/.              
                             lake/packages/repl/.lake/build/bin/re              
                             pl                                                 
                    INFO     REPL initialized: timeout=60s         server.py:325
                    INFO     Session ending — cleaning up          server.py:360
                             per-session resources                              
[08/26/26 19:55:41] INFO     REPL enabled, using:                  server.py:322
                             /home/amirnabiyev/Conjecture_Prover/.              
                             lake/packages/repl/.lake/build/bin/re              
                             pl                                                 
                    INFO     REPL initialized: timeout=60s         server.py:325
[08/26/26 19:55:42] INFO     Shared async LSP client         client_utils.py:133
                             connected at                                       
                             /home/amirnabiyev/Conjecture_Pr                    
                             over                                               
                    INFO     Session ending — cleaning up          server.py:360
                             per-session resources                              
Exception ignored in: <function BaseSubprocessTransport.__del__ at 0x7932f9cd5120>
Traceback (most recent call last):
  File "/usr/local/lib/python3.12/asyncio/base_subprocess.py", line 126, in __del__
    self.close()
  File "/usr/local/lib/python3.12/asyncio/base_subprocess.py", line 104, in close
    proto.pipe.close()
  File "/usr/local/lib/python3.12/asyncio/unix_events.py", line 767, in close
    self.write_eof()
  File "/usr/local/lib/python3.12/asyncio/unix_events.py", line 753, in write_eof
    self._loop.call_soon(self._call_connection_lost, None)
  File "/usr/local/lib/python3.12/asyncio/base_events.py", line 799, in call_soon
    self._check_closed()
  File "/usr/local/lib/python3.12/asyncio/base_events.py", line 545, in _check_closed
    raise RuntimeError('Event loop is closed')
RuntimeError: Event loop is closed
[08/26/26 19:55:44] INFO     REPL enabled, using:                  server.py:322
                             /home/amirnabiyev/Conjecture_Prover/.              
                             lake/packages/repl/.lake/build/bin/re              
                             pl                                                 
                    INFO     REPL initialized: timeout=60s         server.py:325
                    INFO     Session ending — cleaning up          server.py:360
                             per-session resources                              
[08/26/26 19:55:48] INFO     REPL enabled, using:                  server.py:322
                             /home/amirnabiyev/Conjecture_Prover/.              
                             lake/packages/repl/.lake/build/bin/re              
                             pl                                                 
                    INFO     REPL initialized: timeout=60s         server.py:325
                    INFO     Session ending — cleaning up          server.py:360
                             per-session resources                              
[08/26/26 19:55:53] INFO     REPL enabled, using:                  server.py:322
                             /home/amirnabiyev/Conjecture_Prover/.              
                             lake/packages/repl/.lake/build/bin/re              
                             pl                                                 
                    INFO     REPL initialized: timeout=60s         server.py:325
                    INFO     Session ending — cleaning up          server.py:360
                             per-session resources                              
[08/26/26 19:55:56] INFO     REPL enabled, using:                  server.py:322
                             /home/amirnabiyev/Conjecture_Prover/.              
                             lake/packages/repl/.lake/build/bin/re              
                             pl                                                 
                    INFO     REPL initialized: timeout=60s         server.py:325
                    INFO     Session ending — cleaning up          server.py:360
                             per-session resources                              
[08/26/26 19:56:07] INFO     REPL enabled, using:                  server.py:322
                             /home/amirnabiyev/Conjecture_Prover/.              
                             lake/packages/repl/.lake/build/bin/re              
                             pl                                                 
                    INFO     REPL initialized: timeout=60s         server.py:325
[08/26/26 19:56:13] INFO     Session ending — cleaning up          server.py:360
                             per-session resources                              
[08/26/26 19:56:14] INFO     REPL enabled, using:                  server.py:322
                             /home/amirnabiyev/Conjecture_Prover/.              
                             lake/packages/repl/.lake/build/bin/re              
                             pl                                                 
                    INFO     REPL initialized: timeout=60s         server.py:325
                    INFO     Session ending — cleaning up          server.py:360
                             per-session resources                              
[08/26/26 19:57:01] INFO     REPL enabled, using:                  server.py:322
                             /home/amirnabiyev/Conjecture_Prover/.              
                             lake/packages/repl/.lake/build/bin/re              
                             pl                                                 
                    INFO     REPL initialized: timeout=60s         server.py:325
                    INFO     Session ending — cleaning up          server.py:360
                             per-session resources                              
[08/26/26 19:57:19] INFO     REPL enabled, using:                  server.py:322
                             /home/amirnabiyev/Conjecture_Prover/.              
                             lake/packages/repl/.lake/build/bin/re              
                             pl                                                 
                    INFO     REPL initialized: timeout=60s         server.py:325
[08/26/26 19:57:25] INFO     Session ending — cleaning up          server.py:360
                             per-session resources                              
[08/26/26 19:57:27] INFO     REPL enabled, using:                  server.py:322
                             /home/amirnabiyev/Conjecture_Prover/.              
                             lake/packages/repl/.lake/build/bin/re              
                             pl                                                 
                    INFO     REPL initialized: timeout=60s         server.py:325
                    INFO     Session ending — cleaning up          server.py:360
                             per-session resources                              
[08/26/26 19:57:39] INFO     REPL enabled, using:                  server.py:322
                             /home/amirnabiyev/Conjecture_Prover/.              
                             lake/packages/repl/.lake/build/bin/re              
                             pl                                                 
                    INFO     REPL initialized: timeout=60s         server.py:325
                    INFO     Session ending — cleaning up          server.py:360
                             per-session resources                              
[08/26/26 19:57:45] INFO     REPL enabled, using:                  server.py:322
                             /home/amirnabiyev/Conjecture_Prover/.              
                             lake/packages/repl/.lake/build/bin/re              
                             pl                                                 
                    INFO     REPL initialized: timeout=60s         server.py:325
[08/26/26 19:57:51] INFO     Session ending — cleaning up          server.py:360
                             per-session resources                              
[08/26/26 19:57:53] INFO     REPL enabled, using:                  server.py:322
                             /home/amirnabiyev/Conjecture_Prover/.              
                             lake/packages/repl/.lake/build/bin/re              
                             pl                                                 
                    INFO     REPL initialized: timeout=60s         server.py:325
                    INFO     Session ending — cleaning up          server.py:360
                             per-session resources                              
[08/26/26 19:58:19] INFO     REPL enabled, using:                  server.py:322
                             /home/amirnabiyev/Conjecture_Prover/.              
                             lake/packages/repl/.lake/build/bin/re              
                             pl                                                 
                    INFO     REPL initialized: timeout=60s         server.py:325
[08/26/26 19:58:21] INFO     Session ending — cleaning up          server.py:360
                             per-session resources                              
[08/26/26 19:58:22] INFO     REPL enabled, using:                  server.py:322
                             /home/amirnabiyev/Conjecture_Prover/.              
                             lake/packages/repl/.lake/build/bin/re              
                             pl                                                 
                    INFO     REPL initialized: timeout=60s         server.py:325
                    INFO     Session ending — cleaning up          server.py:360
                             per-session resources                              
[08/26/26 19:58:36] INFO     REPL enabled, using:                  server.py:322
                             /home/amirnabiyev/Conjecture_Prover/.              
                             lake/packages/repl/.lake/build/bin/re              
                             pl                                                 
                    INFO     REPL initialized: timeout=60s         server.py:325
[08/26/26 19:58:43] INFO     Session ending — cleaning up          server.py:360
                             per-session resources                              
[08/26/26 19:58:44] INFO     REPL enabled, using:                  server.py:322
                             /home/amirnabiyev/Conjecture_Prover/.              
                             lake/packages/repl/.lake/build/bin/re              
                             pl                                                 
                    INFO     REPL initialized: timeout=60s         server.py:325
                    INFO     Session ending — cleaning up          server.py:360
                             per-session resources                              
[08/26/26 19:59:04] INFO     REPL enabled, using:                  server.py:322
                             /home/amirnabiyev/Conjecture_Prover/.              
                             lake/packages/repl/.lake/build/bin/re              
                             pl                                                 
                    INFO     REPL initialized: timeout=60s         server.py:325
[08/26/26 19:59:11] WARNING  REPL run_code fast path is     attempt_utils.py:193
                             unhealthy; disabling it for                        
                             this session and falling back                      
                             to LSP: REPL command failed:                       
                             Separator is not found, and                        
                             chunk exceed the limit; memory                     
                             limit: 16384 MiB                                   
                             (LEAN_REPL_MEM_MB)                                 
[08/26/26 19:59:13] INFO     Shared async LSP client         client_utils.py:133
                             connected at                                       
                             /home/amirnabiyev/Conjecture_Pr                    
                             over                                               
[08/26/26 19:59:27] INFO     Session ending — cleaning up          server.py:360
                             per-session resources                              
Exception ignored in: <function BaseSubprocessTransport.__del__ at 0x7feb4f435120>
Traceback (most recent call last):
  File "/usr/local/lib/python3.12/asyncio/base_subprocess.py", line 126, in __del__
    self.close()
  File "/usr/local/lib/python3.12/asyncio/base_subprocess.py", line 104, in close
    proto.pipe.close()
  File "/usr/local/lib/python3.12/asyncio/unix_events.py", line 767, in close
    self.write_eof()
  File "/usr/local/lib/python3.12/asyncio/unix_events.py", line 753, in write_eof
    self._loop.call_soon(self._call_connection_lost, None)
  File "/usr/local/lib/python3.12/asyncio/base_events.py", line 799, in call_soon
    self._check_closed()
  File "/usr/local/lib/python3.12/asyncio/base_events.py", line 545, in _check_closed
    raise RuntimeError('Event loop is closed')
RuntimeError: Event loop is closed
[08/26/26 19:59:28] INFO     REPL enabled, using:                  server.py:322
                             /home/amirnabiyev/Conjecture_Prover/.              
                             lake/packages/repl/.lake/build/bin/re              
                             pl                                                 
                    INFO     REPL initialized: timeout=60s         server.py:325
                    INFO     Session ending — cleaning up          server.py:360
                             per-session resources                              

======================================================================
📋 BLUEPRINT GENERATOR: Decomposing theorem into dependency graph
======================================================================

   🛠️  BP AI made 1 tool call(s):
 → read_workspace
   🚦 Routing: blueprint_gen → tools_bp
   🚦 Routing: tool_node → blueprint_gen

======================================================================
📋 BLUEPRINT GENERATOR: Decomposing theorem into dependency graph
======================================================================

   🛠️  BP AI made 2 tool call(s):
 → search_mathlib_docs_multi
 → lean_run_code
   🚦 Routing: blueprint_gen → tools_bp
[mathlib_docs] Loading /home/amirnabiyev/Conjecture_Prover/.cache/declaration-data.json ...
[mathlib_docs] Loaded 419,582 declarations.
   🚦 Routing: tool_node → blueprint_gen

======================================================================
📋 BLUEPRINT GENERATOR: Decomposing theorem into dependency graph
======================================================================

   🛠️  BP AI made 2 tool call(s):
 → search_mathlib_docs_multi
 → lean_run_code
   🚦 Routing: blueprint_gen → tools_bp
   🚦 Routing: tool_node → blueprint_gen

======================================================================
📋 BLUEPRINT GENERATOR: Decomposing theorem into dependency graph
======================================================================

   🛠️  BP AI made 2 tool call(s):
 → lean_run_code
 → lean_leansearch
   🚦 Routing: blueprint_gen → tools_bp
   🚦 Routing: tool_node → blueprint_gen

======================================================================
📋 BLUEPRINT GENERATOR: Decomposing theorem into dependency graph
======================================================================

   🛠️  BP AI made 2 tool call(s):
 → lean_leansearch
 → lean_run_code
   🚦 Routing: blueprint_gen → tools_bp
   🚦 Routing: tool_node → blueprint_gen

======================================================================
📋 BLUEPRINT GENERATOR: Decomposing theorem into dependency graph
======================================================================

   🛠️  BP AI made 2 tool call(s):
 → lean_leansearch
 → lean_run_code
   🚦 Routing: blueprint_gen → tools_bp
   🚦 Routing: tool_node → blueprint_gen

======================================================================
📋 BLUEPRINT GENERATOR: Decomposing theorem into dependency graph
======================================================================

   🛠️  BP AI made 2 tool call(s):
 → lean_run_code
 → lean_leansearch
   🚦 Routing: blueprint_gen → tools_bp
   🚦 Routing: tool_node → blueprint_gen

======================================================================
📋 BLUEPRINT GENERATOR: Decomposing theorem into dependency graph
======================================================================

   🛠️  BP AI made 1 tool call(s):
 → lean_declaration_file
   🚦 Routing: blueprint_gen → tools_bp
   🚦 Routing: tool_node → blueprint_gen

======================================================================
📋 BLUEPRINT GENERATOR: Decomposing theorem into dependency graph
======================================================================

   🛠️  BP AI made 2 tool call(s):
 → lean_loogle
 → lean_loogle
   🚦 Routing: blueprint_gen → tools_bp
   🚦 Routing: tool_node → blueprint_gen

======================================================================
📋 BLUEPRINT GENERATOR: Decomposing theorem into dependency graph
======================================================================

   🛠️  BP AI made 1 tool call(s):
 → lean_declaration_file
   🚦 Routing: blueprint_gen → tools_bp
   🚦 Routing: tool_node → blueprint_gen

======================================================================
📋 BLUEPRINT GENERATOR: Decomposing theorem into dependency graph
======================================================================

   🛠️  BP AI made 2 tool call(s):
 → fetch_mathlib_source
 → fetch_mathlib_source
   🚦 Routing: blueprint_gen → tools_bp
   🚦 Routing: tool_node → blueprint_gen

======================================================================
📋 BLUEPRINT GENERATOR: Decomposing theorem into dependency graph
======================================================================

   🛠️  BP AI made 1 tool call(s):
 → list_directory
   🚦 Routing: blueprint_gen → tools_bp
   🚦 Routing: tool_node → blueprint_gen

======================================================================
📋 BLUEPRINT GENERATOR: Decomposing theorem into dependency graph
======================================================================

   🛠️  BP AI made 2 tool call(s):
 → list_directory
 → list_directory
   🚦 Routing: blueprint_gen → tools_bp
   🚦 Routing: tool_node → blueprint_gen

======================================================================
📋 BLUEPRINT GENERATOR: Decomposing theorem into dependency graph
======================================================================

   🛠️  BP AI made 1 tool call(s):
 → lean_run_code
   🚦 Routing: blueprint_gen → tools_bp
   🚦 Routing: tool_node → blueprint_gen

======================================================================
📋 BLUEPRINT GENERATOR: Decomposing theorem into dependency graph
======================================================================

   🛠️  BP AI made 2 tool call(s):
 → fetch_mathlib_source
 → fetch_mathlib_source
   🚦 Routing: blueprint_gen → tools_bp
   🚦 Routing: tool_node → blueprint_gen

======================================================================
📋 BLUEPRINT GENERATOR: Decomposing theorem into dependency graph
======================================================================

   🛠️  BP AI made 1 tool call(s):
 → lean_run_code
   🚦 Routing: blueprint_gen → tools_bp
   🚦 Routing: tool_node → blueprint_gen

======================================================================
📋 BLUEPRINT GENERATOR: Decomposing theorem into dependency graph
======================================================================

   🛠️  BP AI made 1 tool call(s):
 → search_mathlib_docs
   🚦 Routing: blueprint_gen → tools_bp
   🚦 Routing: tool_node → blueprint_gen

======================================================================
📋 BLUEPRINT GENERATOR: Decomposing theorem into dependency graph
======================================================================

   🛠️  BP AI made 1 tool call(s):
 → lean_run_code
   🚦 Routing: blueprint_gen → tools_bp
   🚦 Routing: tool_node → blueprint_gen

======================================================================
📋 BLUEPRINT GENERATOR: Decomposing theorem into dependency graph
======================================================================

   🛠️  BP AI made 2 tool call(s):
 → fetch_mathlib_source
 → lean_leansearch
   🚦 Routing: blueprint_gen → tools_bp
   🚦 Routing: tool_node → blueprint_gen

======================================================================
📋 BLUEPRINT GENERATOR: Decomposing theorem into dependency graph
======================================================================

   🛠️  BP AI made 1 tool call(s):
 → lean_run_code
   🚦 Routing: blueprint_gen → tools_bp
   🚦 Routing: tool_node → blueprint_gen

======================================================================
📋 BLUEPRINT GENERATOR: Decomposing theorem into dependency graph
======================================================================

   🛠️  BP AI made 1 tool call(s):
 → lean_run_code
   🚦 Routing: blueprint_gen → tools_bp
   🚦 Routing: tool_node → blueprint_gen

======================================================================
📋 BLUEPRINT GENERATOR: Decomposing theorem into dependency graph
======================================================================

   🛠️  BP AI made 1 tool call(s):[08/26/26 19:59:40] INFO     REPL enabled, using:                  server.py:322
                             /home/amirnabiyev/Conjecture_Prover/.              
                             lake/packages/repl/.lake/build/bin/re              
                             pl                                                 
                    INFO     REPL initialized: timeout=60s         server.py:325
[08/26/26 19:59:47] INFO     Session ending — cleaning up          server.py:360
                             per-session resources                              
[08/26/26 19:59:49] INFO     REPL enabled, using:                  server.py:322
                             /home/amirnabiyev/Conjecture_Prover/.              
                             lake/packages/repl/.lake/build/bin/re              
                             pl                                                 
                    INFO     REPL initialized: timeout=60s         server.py:325
                    INFO     Session ending — cleaning up          server.py:360
                             per-session resources                              
[08/26/26 20:00:08] INFO     REPL enabled, using:                  server.py:322
                             /home/amirnabiyev/Conjecture_Prover/.              
                             lake/packages/repl/.lake/build/bin/re              
                             pl                                                 
                    INFO     REPL initialized: timeout=60s         server.py:325
[08/26/26 20:00:15] INFO     Session ending — cleaning up          server.py:360
                             per-session resources                              
[08/26/26 20:00:16] INFO     REPL enabled, using:                  server.py:322
                             /home/amirnabiyev/Conjecture_Prover/.              
                             lake/packages/repl/.lake/build/bin/re              
                             pl                                                 
[08/26/26 20:00:17] INFO     REPL initialized: timeout=60s         server.py:325
                    INFO     Session ending — cleaning up          server.py:360
                             per-session resources                              
[08/26/26 20:01:16] INFO     REPL enabled, using:                  server.py:322
                             /home/amirnabiyev/Conjecture_Prover/.              
                             lake/packages/repl/.lake/build/bin/re              
                             pl                                                 
                    INFO     REPL initialized: timeout=60s         server.py:325
[08/26/26 20:01:22] INFO     Session ending — cleaning up          server.py:360
                             per-session resources                              
[08/26/26 20:01:24] INFO     REPL enabled, using:                  server.py:322
                             /home/amirnabiyev/Conjecture_Prover/.              
                             lake/packages/repl/.lake/build/bin/re              
                             pl                                                 
                    INFO     REPL initialized: timeout=60s         server.py:325
                    INFO     Session ending — cleaning up          server.py:360
                             per-session resources                              
[08/26/26 20:01:28] INFO     REPL enabled, using:                  server.py:322
                             /home/amirnabiyev/Conjecture_Prover/.              
                             lake/packages/repl/.lake/build/bin/re              
                             pl                                                 
                    INFO     REPL initialized: timeout=60s         server.py:325
                    INFO     Session ending — cleaning up          server.py:360
                             per-session resources                              
[08/26/26 20:01:32] INFO     REPL enabled, using:                  server.py:322
                             /home/amirnabiyev/Conjecture_Prover/.              
                             lake/packages/repl/.lake/build/bin/re              
                             pl                                                 
                    INFO     REPL initialized: timeout=60s         server.py:325
                    INFO     Session ending — cleaning up          server.py:360
                             per-session resources                              
[08/26/26 20:01:35] INFO     REPL enabled, using:                  server.py:322
                             /home/amirnabiyev/Conjecture_Prover/.              
                             lake/packages/repl/.lake/build/bin/re              
                             pl                                                 
                    INFO     REPL initialized: timeout=60s         server.py:325
                    INFO     Session ending — cleaning up          server.py:360
                             per-session resources                              
[08/26/26 20:01:39] INFO     REPL enabled, using:                  server.py:322
                             /home/amirnabiyev/Conjecture_Prover/.              
                             lake/packages/repl/.lake/build/bin/re              
                             pl                                                 
                    INFO     REPL initialized: timeout=60s         server.py:325
                    INFO     Session ending — cleaning up          server.py:360
                             per-session resources                              
[08/26/26 20:01:42] INFO     REPL enabled, using:                  server.py:322
                             /home/amirnabiyev/Conjecture_Prover/.              
                             lake/packages/repl/.lake/build/bin/re              
                             pl                                                 
                    INFO     REPL initialized: timeout=60s         server.py:325
                    INFO     Session ending — cleaning up          server.py:360
                             per-session resources                              
[08/26/26 20:01:48] INFO     REPL enabled, using:                  server.py:322
                             /home/amirnabiyev/Conjecture_Prover/.              
                             lake/packages/repl/.lake/build/bin/re              
                             pl                                                 
                    INFO     REPL initialized: timeout=60s         server.py:325
                    INFO     Session ending — cleaning up          server.py:360
                             per-session resources                              
[08/26/26 20:02:52] INFO     REPL enabled, using:                  server.py:322
                             /home/amirnabiyev/Conjecture_Prover/.              
                             lake/packages/repl/.lake/build/bin/re              
                             pl                                                 
                    INFO     REPL initialized: timeout=60s         server.py:325
                    INFO     Session ending — cleaning up          server.py:360
                             per-session resources                              
[08/26/26 20:02:56] INFO     REPL enabled, using:                  server.py:322
                             /home/amirnabiyev/Conjecture_Prover/.              
                             lake/packages/repl/.lake/build/bin/re              
                             pl                                                 
                    INFO     REPL initialized: timeout=60s         server.py:325
[08/26/26 20:02:58] INFO     Shared async LSP client         client_utils.py:133
                             connected at                                       
                             /home/amirnabiyev/Conjecture_Pr                    
                             over                                               
[08/26/26 20:03:13] INFO     Session ending — cleaning up          server.py:360
                             per-session resources                              
Exception ignored in: <function BaseSubprocessTransport.__del__ at 0x7c72b5c09120>
Traceback (most recent call last):
  File "/usr/local/lib/python3.12/asyncio/base_subprocess.py", line 126, in __del__
    self.close()
  File "/usr/local/lib/python3.12/asyncio/base_subprocess.py", line 104, in close
    proto.pipe.close()
  File "/usr/local/lib/python3.12/asyncio/unix_events.py", line 767, in close
    self.write_eof()
  File "/usr/local/lib/python3.12/asyncio/unix_events.py", line 753, in write_eof
    self._loop.call_soon(self._call_connection_lost, None)
  File "/usr/local/lib/python3.12/asyncio/base_events.py", line 799, in call_soon
    self._check_closed()
  File "/usr/local/lib/python3.12/asyncio/base_events.py", line 545, in _check_closed
    raise RuntimeError('Event loop is closed')
RuntimeError: Event loop is closed
[08/26/26 20:03:14] INFO     REPL enabled, using:                  server.py:322
                             /home/amirnabiyev/Conjecture_Prover/.              
                             lake/packages/repl/.lake/build/bin/re              
                             pl                                                 
                    INFO     REPL initialized: timeout=60s         server.py:325
                    INFO     Session ending — cleaning up          server.py:360
                             per-session resources                              
[08/26/26 20:03:35] INFO     REPL enabled, using:                  server.py:322
                             /home/amirnabiyev/Conjecture_Prover/.              
                             lake/packages/repl/.lake/build/bin/re              
                             pl                                                 
                    INFO     REPL initialized: timeout=60s         server.py:325
                    INFO     Session ending — cleaning up          server.py:360
                             per-session resources                              
[08/26/26 20:03:39] INFO     REPL enabled, using:                  server.py:322
                             /home/amirnabiyev/Conjecture_Prover/.              
                             lake/packages/repl/.lake/build/bin/re              
                             pl                                                 
                    INFO     REPL initialized: timeout=60s         server.py:325
[08/26/26 20:03:40] INFO     Shared async LSP client         client_utils.py:133
                             connected at                                       
                             /home/amirnabiyev/Conjecture_Pr                    
                             over                                               
[08/26/26 20:04:07] INFO     Session ending — cleaning up          server.py:360
                             per-session resources                              
Exception ignored in: <function BaseSubprocessTransport.__del__ at 0x7c9c8e1f9120>
Traceback (most recent call last):
  File "/usr/local/lib/python3.12/asyncio/base_subprocess.py", line 126, in __del__
    self.close()
  File "/usr/local/lib/python3.12/asyncio/base_subprocess.py", line 104, in close
    proto.pipe.close()
  File "/usr/local/lib/python3.12/asyncio/unix_events.py", line 767, in close
    self.write_eof()
  File "/usr/local/lib/python3.12/asyncio/unix_events.py", line 753, in write_eof
    self._loop.call_soon(self._call_connection_lost, None)
  File "/usr/local/lib/python3.12/asyncio/base_events.py", line 799, in call_soon
    self._check_closed()
  File "/usr/local/lib/python3.12/asyncio/base_events.py", line 545, in _check_closed
    raise RuntimeError('Event loop is closed')
RuntimeError: Event loop is closed
[08/26/26 20:04:09] INFO     REPL enabled, using:                  server.py:322
                             /home/amirnabiyev/Conjecture_Prover/.              
                             lake/packages/repl/.lake/build/bin/re              
                             pl                                                 
                    INFO     REPL initialized: timeout=60s         server.py:325
                    INFO     Session ending — cleaning up          server.py:360
                             per-session resources                              
[08/26/26 20:04:14] INFO     REPL enabled, using:                  server.py:322
                             /home/amirnabiyev/Conjecture_Prover/.              
                             lake/packages/repl/.lake/build/bin/re              
                             pl                                                 
                    INFO     REPL initialized: timeout=60s         server.py:325
                    INFO     Session ending — cleaning up          server.py:360
                             per-session resources                              

 → lean_run_code
   🚦 Routing: blueprint_gen → tools_bp
   🚦 Routing: tool_node → blueprint_gen

======================================================================
📋 BLUEPRINT GENERATOR: Decomposing theorem into dependency graph
======================================================================

   💬 BP AI says: The trace output is confusing. Let me run a clean side-by-side test to pin down exactly which statements elaborate.
   🛠️  BP AI made 1 tool call(s):
 → lean_run_code
   🚦 Routing: blueprint_gen → tools_bp
   🚦 Routing: tool_node → blueprint_gen

======================================================================
📋 BLUEPRINT GENERATOR: Decomposing theorem into dependency graph
======================================================================

   💬 BP AI says: The empirical picture is now clear: the quotient-`Algebra` instance elaboration works for the forms I need. Let me check the project's existing blueprint files to match the exact `@[blueprint]`/`sorry_using` syntax, and test the remaining elaboration questions.
   🛠️  BP AI made 2 tool call(s):
 → list_directory
 → lean_run_code
   🚦 Routing: blueprint_gen → tools_bp
   🚦 Routing: tool_node → blueprint_gen

======================================================================
📋 BLUEPRINT GENERATOR: Decomposing theorem into dependency graph
======================================================================

   🛠️  BP AI made 2 tool call(s):
 → list_directory
 → list_directory
   🚦 Routing: blueprint_gen → tools_bp
   🚦 Routing: tool_node → blueprint_gen

======================================================================
📋 BLUEPRINT GENERATOR: Decomposing theorem into dependency graph
======================================================================

   🛠️  BP AI made 2 tool call(s):
 → list_directory
 → list_directory
   🚦 Routing: blueprint_gen → tools_bp
   🚦 Routing: tool_node → blueprint_gen

======================================================================
📋 BLUEPRINT GENERATOR: Decomposing theorem into dependency graph
======================================================================

   🛠️  BP AI made 1 tool call(s):
 → list_directory
   🚦 Routing: blueprint_gen → tools_bp
   🚦 Routing: tool_node → blueprint_gen

======================================================================
📋 BLUEPRINT GENERATOR: Decomposing theorem into dependency graph
======================================================================

   🛠️  BP AI made 1 tool call(s):
 → list_directory
   🚦 Routing: blueprint_gen → tools_bp
   🚦 Routing: tool_node → blueprint_gen

======================================================================
📋 BLUEPRINT GENERATOR: Decomposing theorem into dependency graph
======================================================================

   🛠️  BP AI made 1 tool call(s):
 → read_workspace
   🚦 Routing: blueprint_gen → tools_bp
   🚦 Routing: tool_node → blueprint_gen

======================================================================
📋 BLUEPRINT GENERATOR: Decomposing theorem into dependency graph
======================================================================

   🛠️  BP AI made 1 tool call(s):
 → read_workspace
   🚦 Routing: blueprint_gen → tools_bp
   🚦 Routing: tool_node → blueprint_gen

======================================================================
📋 BLUEPRINT GENERATOR: Decomposing theorem into dependency graph
======================================================================

   💬 BP AI says: I now have everything I need. Key facts confirmed:
- `Algebra.IsIntegral.quotient` provides quotient integrality in comap form; `infer_instance` closes it.
- The induced `algebraMap` between quotients is the canonical quotient map (verified by `rfl`), so injectivity follows from the annihilator-comap equality.
- Mathlib has going-up (`Ideal.exists_ideal_over_prime_of_isIntegral`), incomparability (`Ideal.IntegralClosure.comap_lt_comap`), and `Order.krullDim_le_of_strictMono`, but **no** ready-ma
      ... (727 total chars)
   🛠️  BP AI made 1 tool call(s):
 → write_workspace
   🚦 Routing: blueprint_gen → tools_bp
   🚦 Routing: tool_node → blueprint_gen

======================================================================
📋 BLUEPRINT GENERATOR: Decomposing theorem into dependency graph
======================================================================

   💬 BP AI says: Now let me run diagnostics on the file:
   🛠️  BP AI made 1 tool call(s):
 → lean_diagnostic_messages
   🚦 Routing: blueprint_gen → tools_bp
   🚦 Routing: tool_node → blueprint_gen

======================================================================
📋 BLUEPRINT GENERATOR: Decomposing theorem into dependency graph
======================================================================

   💬 BP AI says: The file compiles cleanly — only expected `sorry` warnings, no errors. All `@[blueprint]` attributes and `sorry_using` dependencies resolved. Now let me regenerate the blueprint JSON:
   🛠️  BP AI made 1 tool call(s):
 → build_blueprint_json
   🚦 Routing: blueprint_gen → tools_bp
   🚦 Routing: tool_node → blueprint_gen

======================================================================
📋 BLUEPRINT GENERATOR: Decomposing theorem into dependency graph
======================================================================

   💬 BP AI says: Blueprint JSON regenerated. Let me do a final verification of the file's declaration structure:
   🛠️  BP AI made 1 tool call(s):
 → lean_file_outline
   🚦 Routing: blueprint_gen → tools_bp
   🚦 Routing: tool_node → blueprint_gen

======================================================================
📋 BLUEPRINT GENERATOR: Decomposing theorem into dependency graph
======================================================================

   💬 BP AI says: The outline tool only surfaced the theorem — let me verify all declarations are present in the file directly:
   🛠️  BP AI made 1 tool call(s):
 → read_workspace
   🚦 Routing: blueprint_gen → tools_bp
   🚦 Routing: tool_node → blueprint_gen

======================================================================
📋 BLUEPRINT GENERATOR: Decomposing theorem into dependency graph
======================================================================

   💬 BP AI says: The blueprint is complete and verified. Here's a summary of what was produced:

## Blueprint for `ringKrullDim_quot_annihilator_eq`

**Target theorem** (preserved verbatim): if `S` is integral over `R` (`Algebra.IsIntegral R S`) and `M` is an `S`-module viewed as an `R`-module via the tower `IsScalarTower R S M`, then
`ringKrullDim (S ⧸ Module.annihilator S M) = ringKrullDim (R ⧸ Module.annihilator R M)`.

**Dependency graph** (5 nodes, topological order):

1. **`annihilator_comap`** — `Module.a
      ... (1864 total chars)
   🚦 Routing: blueprint_gen → rebuild_blueprint (first pass)

🔄 REBUILD BLUEPRINT: Refreshing blueprint state from JSON...
   📊 5 lemmas, 0 proved
   📊 Blueprint: 5 nodes, root='ringKrullDim_quot_annihilator_eq'
   🚦 Routing: rebuild_blueprint → theorem_proving
   🚀 theorem_proving: dispatching 5 parallel agent(s) (skipped 0 without sorry_using)
      → annihilator_comap
      → quotientAnnihilator_isIntegral
      → quotientAnnihilator_injective
      → ringKrullDim_eq_of_injective_integral_algebra
      → ringKrullDim_quot_annihilator_eq

============================================================
🔍 PROVE LEMMA: annihilator_comap  (max 20 turns)
============================================================


============================================================
🔍 PROVE LEMMA: quotientAnnihilator_isIntegral  (max 20 turns)
============================================================


============================================================
🔍 PROVE LEMMA: quotientAnnihilator_injective  (max 20 turns)
============================================================
[08/26/26 20:04:23] INFO     Disabled tool 'lean_build' via        server.py:115
                             LEAN_MCP_DISABLED_TOOLS                            
                    INFO     Disabled tool 'lean_completions' via  server.py:115
                             LEAN_MCP_DISABLED_TOOLS                            
                    INFO     Disabled tool 'lean_declaration_file' server.py:115
                             via LEAN_MCP_DISABLED_TOOLS                        
                    INFO     Disabled tool                         server.py:115
                             'lean_diagnostic_messages' via                     
                             LEAN_MCP_DISABLED_TOOLS                            
                    INFO     Disabled tool 'lean_file_outline' via server.py:115
                             LEAN_MCP_DISABLED_TOOLS                            
                    INFO     Disabled tool                         server.py:115
                             'lean_get_widget_source' via                       
                             LEAN_MCP_DISABLED_TOOLS                            
                    INFO     Disabled tool 'lean_get_widgets' via  server.py:115
                             LEAN_MCP_DISABLED_TOOLS                            
                    INFO     Disabled tool 'lean_goal' via         server.py:115
                             LEAN_MCP_DISABLED_TOOLS                            
                    INFO     Disabled tool 'lean_hover_info' via   server.py:115
                             LEAN_MCP_DISABLED_TOOLS                            
                    INFO     Disabled tool 'lean_references' via   server.py:115
                             LEAN_MCP_DISABLED_TOOLS                            
                    INFO     Disabled tool 'lean_term_goal' via    server.py:115
                             LEAN_MCP_DISABLED_TOOLS                            
                    INFO     REPL enabled, using:                  server.py:322
                             /home/amirnabiyev/Conjecture_Prover/.              
                             lake/packages/repl/.lake/build/bin/re              
                             pl                                                 
                    INFO     REPL initialized: timeout=60s         server.py:325
                    INFO     Session ending — cleaning up          server.py:360
                             per-session resources                              
[08/26/26 20:04:23] INFO     Disabled tool 'lean_build' via        server.py:115
                             LEAN_MCP_DISABLED_TOOLS                            
                    INFO     Disabled tool 'lean_completions' via  server.py:115
                             LEAN_MCP_DISABLED_TOOLS                            
                    INFO     Disabled tool 'lean_declaration_file' server.py:115
                             via LEAN_MCP_DISABLED_TOOLS                        
                    INFO     Disabled tool                         server.py:115
                             'lean_diagnostic_messages' via                     
                             LEAN_MCP_DISABLED_TOOLS                            
                    INFO     Disabled tool 'lean_file_outline' via server.py:115
                             LEAN_MCP_DISABLED_TOOLS                            
                    INFO     Disabled tool                         server.py:115
                             'lean_get_widget_source' via                       
                             LEAN_MCP_DISABLED_TOOLS                            
                    INFO     Disabled tool 'lean_get_widgets' via  server.py:115
                             LEAN_MCP_DISABLED_TOOLS                            
                    INFO     Disabled tool 'lean_goal' via         server.py:115
                             LEAN_MCP_DISABLED_TOOLS                            
                    INFO     Disabled tool 'lean_hover_info' via   server.py:115
                             LEAN_MCP_DISABLED_TOOLS                            
                    INFO     Disabled tool 'lean_references' via   server.py:115
                             LEAN_MCP_DISABLED_TOOLS                            
                    INFO     Disabled tool 'lean_term_goal' via    server.py:115
                             LEAN_MCP_DISABLED_TOOLS                            
                    INFO     REPL enabled, using:                  server.py:322
                             /home/amirnabiyev/Conjecture_Prover/.              
                             lake/packages/repl/.lake/build/bin/re              
                             pl                                                 
                    INFO     REPL initialized: timeout=60s         server.py:325
[08/26/26 20:04:23] INFO     Disabled tool 'lean_build' via        server.py:115
                             LEAN_MCP_DISABLED_TOOLS                            
                    INFO     Disabled tool 'lean_completions' via  server.py:115
                             LEAN_MCP_DISABLED_TOOLS                            
                    INFO     Disabled tool 'lean_declaration_file' server.py:115
                             via LEAN_MCP_DISABLED_TOOLS                        
                    INFO     Disabled tool                         server.py:115
                             'lean_diagnostic_messages' via                     
                             LEAN_MCP_DISABLED_TOOLS                            
                    INFO     Disabled tool 'lean_file_outline' via server.py:115
                             LEAN_MCP_DISABLED_TOOLS                            
                    INFO     Disabled tool                         server.py:115
                             'lean_get_widget_source' via                       
                             LEAN_MCP_DISABLED_TOOLS                            
                    INFO     Disabled tool 'lean_get_widgets' via  server.py:115
                             LEAN_MCP_DISABLED_TOOLS                            
                    INFO     Disabled tool 'lean_goal' via         server.py:115
                             LEAN_MCP_DISABLED_TOOLS                            
                    INFO     Disabled tool 'lean_hover_info' via   server.py:115
                             LEAN_MCP_DISABLED_TOOLS                            
                    INFO     Disabled tool 'lean_references' via   server.py:115
                             LEAN_MCP_DISABLED_TOOLS                            
                    INFO     Disabled tool 'lean_term_goal' via    server.py:115
                             LEAN_MCP_DISABLED_TOOLS                            
                    INFO     Session ending — cleaning up          server.py:360
                             per-session resources                              
                    INFO     REPL enabled, using:                  server.py:322
                             /home/amirnabiyev/Conjecture_Prover/.              
                             lake/packages/repl/.lake/build/bin/re              
                             pl                                                 
                    INFO     REPL initialized: timeout=60s         server.py:325
                    INFO     Session ending — cleaning up          server.py:360
                             per-session resources                              
[08/26/26 20:04:23] INFO     Disabled tool 'lean_build' via        server.py:115
                             LEAN_MCP_DISABLED_TOOLS                            
                    INFO     Disabled tool 'lean_completions' via  server.py:115
                             LEAN_MCP_DISABLED_TOOLS                            
                    INFO     Disabled tool 'lean_declaration_file' server.py:115
                             via LEAN_MCP_DISABLED_TOOLS                        
                    INFO     Disabled tool                         server.py:115
                             'lean_diagnostic_messages' via                     
                             LEAN_MCP_DISABLED_TOOLS                            
                    INFO     Disabled tool 'lean_file_outline' via server.py:115
                             LEAN_MCP_DISABLED_TOOLS                            
                    INFO     Disabled tool                         server.py:115
                             'lean_get_widget_source' via                       
                             LEAN_MCP_DISABLED_TOOLS                            
                    INFO     Disabled tool 'lean_get_widgets' via  server.py:115
                             LEAN_MCP_DISABLED_TOOLS                            
                    INFO     Disabled tool 'lean_goal' via         server.py:115
                             LEAN_MCP_DISABLED_TOOLS                            
                    INFO     Disabled tool 'lean_hover_info' via   server.py:115
                             LEAN_MCP_DISABLED_TOOLS                            
                    INFO     Disabled tool 'lean_references' via   server.py:115
                             LEAN_MCP_DISABLED_TOOLS                            
                    INFO     Disabled tool 'lean_term_goal' via    server.py:115
                             LEAN_MCP_DISABLED_TOOLS                            
                    INFO     REPL enabled, using:                  server.py:322
                             /home/amirnabiyev/Conjecture_Prover/.              
                             lake/packages/repl/.lake/build/bin/re              
                             pl                                                 
                    INFO     REPL initialized: timeout=60s         server.py:325
                    INFO     Session ending — cleaning up          server.py:360
                             per-session resources                              
[08/26/26 20:04:23] INFO     Disabled tool 'lean_build' via        server.py:115
                             LEAN_MCP_DISABLED_TOOLS                            
                    INFO     Disabled tool 'lean_completions' via  server.py:115
                             LEAN_MCP_DISABLED_TOOLS                            
                    INFO     Disabled tool 'lean_declaration_file' server.py:115
                             via LEAN_MCP_DISABLED_TOOLS                        
                    INFO     Disabled tool                         server.py:115
                             'lean_diagnostic_messages' via                     
                             LEAN_MCP_DISABLED_TOOLS                            
                    INFO     Disabled tool 'lean_file_outline' via server.py:115
                             LEAN_MCP_DISABLED_TOOLS                            
                    INFO     Disabled tool                         server.py:115
                             'lean_get_widget_source' via                       
                             LEAN_MCP_DISABLED_TOOLS                            
                    INFO     Disabled tool 'lean_get_widgets' via  server.py:115
                             LEAN_MCP_DISABLED_TOOLS                            
                    INFO     Disabled tool 'lean_goal' via         server.py:115
                             LEAN_MCP_DISABLED_TOOLS                            
                    INFO     Disabled tool 'lean_hover_info' via   server.py:115
                             LEAN_MCP_DISABLED_TOOLS                            
                    INFO     Disabled tool 'lean_references' via   server.py:115
                             LEAN_MCP_DISABLED_TOOLS                            
                    INFO     Disabled tool 'lean_term_goal' via    server.py:115
                             LEAN_MCP_DISABLED_TOOLS                            
                    INFO     REPL enabled, using:                  server.py:322
                             /home/amirnabiyev/Conjecture_Prover/.              
                             lake/packages/repl/.lake/build/bin/re              
                             pl                                                 
                    INFO     REPL initialized: timeout=60s         server.py:325
                    INFO     Session ending — cleaning up          server.py:360
                             per-session resources                              
[08/26/26 20:04:28] INFO     Disabled tool 'lean_build' via        server.py:115
                             LEAN_MCP_DISABLED_TOOLS                            
                    INFO     Disabled tool 'lean_completions' via  server.py:115
                             LEAN_MCP_DISABLED_TOOLS                            
                    INFO     Disabled tool 'lean_declaration_file' server.py:115
                             via LEAN_MCP_DISABLED_TOOLS                        
                    INFO     Disabled tool                         server.py:115
                             'lean_diagnostic_messages' via                     
                             LEAN_MCP_DISABLED_TOOLS                            
                    INFO     Disabled tool 'lean_file_outline' via server.py:115
                             LEAN_MCP_DISABLED_TOOLS                            
                    INFO     Disabled tool                         server.py:115
                             'lean_get_widget_source' via                       
                             LEAN_MCP_DISABLED_TOOLS                            
                    INFO     Disabled tool 'lean_get_widgets' via  server.py:115
                             LEAN_MCP_DISABLED_TOOLS                            
                    INFO     Disabled tool 'lean_goal' via         server.py:115
                             LEAN_MCP_DISABLED_TOOLS                            
                    INFO     Disabled tool 'lean_hover_info' via   server.py:115
                             LEAN_MCP_DISABLED_TOOLS                            
                    INFO     Disabled tool 'lean_references' via   server.py:115
                             LEAN_MCP_DISABLED_TOOLS                            
                    INFO     Disabled tool 'lean_term_goal' via    server.py:115
                             LEAN_MCP_DISABLED_TOOLS                            
                    INFO     REPL enabled, using:                  server.py:322
                             /home/amirnabiyev/Conjecture_Prover/.              
                             lake/packages/repl/.lake/build/bin/re              
                             pl                                                 
                    INFO     REPL initialized: timeout=60s         server.py:325
[08/26/26 20:04:29] INFO     Disabled tool 'lean_build' via        server.py:115
                             LEAN_MCP_DISABLED_TOOLS                            
                    INFO     Disabled tool 'lean_completions' via  server.py:115
                             LEAN_MCP_DISABLED_TOOLS                            
                    INFO     Disabled tool 'lean_declaration_file' server.py:115
                             via LEAN_MCP_DISABLED_TOOLS                        
                    INFO     Disabled tool                         server.py:115
                             'lean_diagnostic_messages' via                     
                             LEAN_MCP_DISABLED_TOOLS                            
                    INFO     Disabled tool 'lean_file_outline' via server.py:115
                             LEAN_MCP_DISABLED_TOOLS                            
                    INFO     Disabled tool                         server.py:115
                             'lean_get_widget_source' via                       
                             LEAN_MCP_DISABLED_TOOLS                            
                    INFO     Disabled tool 'lean_get_widgets' via  server.py:115
                             LEAN_MCP_DISABLED_TOOLS                            
                    INFO     Disabled tool 'lean_goal' via         server.py:115
                             LEAN_MCP_DISABLED_TOOLS                            
                    INFO     Disabled tool 'lean_hover_info' via   server.py:115
                             LEAN_MCP_DISABLED_TOOLS                            
                    INFO     Disabled tool 'lean_references' via   server.py:115
                             LEAN_MCP_DISABLED_TOOLS                            
                    INFO     Disabled tool 'lean_term_goal' via    server.py:115
                             LEAN_MCP_DISABLED_TOOLS                            
                    INFO     REPL enabled, using:                  server.py:322
                             /home/amirnabiyev/Conjecture_Prover/.              
                             lake/packages/repl/.lake/build/bin/re              
                             pl                                                 
                    INFO     REPL initialized: timeout=60s         server.py:325
[08/26/26 20:04:29] INFO     Disabled tool 'lean_build' via        server.py:115
                             LEAN_MCP_DISABLED_TOOLS                            
                    INFO     Disabled tool 'lean_completions' via  server.py:115
                             LEAN_MCP_DISABLED_TOOLS                            
                    INFO     Disabled tool 'lean_declaration_file' server.py:115
                             via LEAN_MCP_DISABLED_TOOLS                        
                    INFO     Disabled tool                         server.py:115
                             'lean_diagnostic_messages' via                     
                             LEAN_MCP_DISABLED_TOOLS                            
                    INFO     Disabled tool 'lean_file_outline' via server.py:115
                             LEAN_MCP_DISABLED_TOOLS                            
                    INFO     Disabled tool                         server.py:115
                             'lean_get_widget_source' via                       
                             LEAN_MCP_DISABLED_TOOLS                            
                    INFO     Disabled tool 'lean_get_widgets' via  server.py:115
                             LEAN_MCP_DISABLED_TOOLS                            
                    INFO     Disabled tool 'lean_goal' via         server.py:115
                             LEAN_MCP_DISABLED_TOOLS                            
                    INFO     Disabled tool 'lean_hover_info' via   server.py:115
                             LEAN_MCP_DISABLED_TOOLS                            
                    INFO     Disabled tool 'lean_references' via   server.py:115
                             LEAN_MCP_DISABLED_TOOLS                            
                    INFO     Disabled tool 'lean_term_goal' via    server.py:115
                             LEAN_MCP_DISABLED_TOOLS                            
                    INFO     REPL enabled, using:                  server.py:322
                             /home/amirnabiyev/Conjecture_Prover/.              
                             lake/packages/repl/.lake/build/bin/re              
                             pl                                                 
                    INFO     REPL initialized: timeout=60s         server.py:325
                    INFO     Session ending — cleaning up          server.py:360
                             per-session resources                              
[08/26/26 20:04:29] INFO     Session ending — cleaning up          server.py:360
                             per-session resources                              
                    INFO     Session ending — cleaning up          server.py:360
                             per-session resources                              
[08/26/26 20:04:31] INFO     Disabled tool 'lean_build' via        server.py:115
                             LEAN_MCP_DISABLED_TOOLS                            
                    INFO     Disabled tool 'lean_completions' via  server.py:115
                             LEAN_MCP_DISABLED_TOOLS                            
                    INFO     Disabled tool 'lean_declaration_file' server.py:115
                             via LEAN_MCP_DISABLED_TOOLS                        
                    INFO     Disabled tool                         server.py:115
                             'lean_diagnostic_messages' via                     
                             LEAN_MCP_DISABLED_TOOLS                            
                    INFO     Disabled tool 'lean_file_outline' via server.py:115
                             LEAN_MCP_DISABLED_TOOLS                            
                    INFO     Disabled tool                         server.py:115
                             'lean_get_widget_source' via                       
                             LEAN_MCP_DISABLED_TOOLS                            
                    INFO     Disabled tool 'lean_get_widgets' via  server.py:115
                             LEAN_MCP_DISABLED_TOOLS                            
                    INFO     Disabled tool 'lean_goal' via         server.py:115
                             LEAN_MCP_DISABLED_TOOLS                            
                    INFO     Disabled tool 'lean_hover_info' via   server.py:115
                             LEAN_MCP_DISABLED_TOOLS                            
                    INFO     Disabled tool 'lean_references' via   server.py:115
                             LEAN_MCP_DISABLED_TOOLS                            
                    INFO     Disabled tool 'lean_term_goal' via    server.py:115
                             LEAN_MCP_DISABLED_TOOLS                            
                    INFO     REPL enabled, using:                  server.py:322
                             /home/amirnabiyev/Conjecture_Prover/.              
                             lake/packages/repl/.lake/build/bin/re              
                             pl                                                 
                    INFO     REPL initialized: timeout=60s         server.py:325
[08/26/26 20:04:31] INFO     Disabled tool 'lean_build' via        server.py:115
                             LEAN_MCP_DISABLED_TOOLS                            
                    INFO     Disabled tool 'lean_completions' via  server.py:115
                             LEAN_MCP_DISABLED_TOOLS                            
                    INFO     Disabled tool 'lean_declaration_file' server.py:115
                             via LEAN_MCP_DISABLED_TOOLS                        
                    INFO     Disabled tool                         server.py:115
                             'lean_diagnostic_messages' via                     
                             LEAN_MCP_DISABLED_TOOLS                            
                    INFO     Disabled tool 'lean_file_outline' via server.py:115
                             LEAN_MCP_DISABLED_TOOLS                            
                    INFO     Disabled tool                         server.py:115
                             'lean_get_widget_source' via                       
                             LEAN_MCP_DISABLED_TOOLS                            
                    INFO     Disabled tool 'lean_get_widgets' via  server.py:115
                             LEAN_MCP_DISABLED_TOOLS                            
                    INFO     Disabled tool 'lean_goal' via         server.py:115
                             LEAN_MCP_DISABLED_TOOLS                            
                    INFO     Disabled tool 'lean_hover_info' via   server.py:115
                             LEAN_MCP_DISABLED_TOOLS                            
                    INFO     Disabled tool 'lean_references' via   server.py:115
                             LEAN_MCP_DISABLED_TOOLS                            
                    INFO     Disabled tool 'lean_term_goal' via    server.py:115
                             LEAN_MCP_DISABLED_TOOLS                            
                    INFO     REPL enabled, using:                  server.py:322
                             /home/amirnabiyev/Conjecture_Prover/.              
                             lake/packages/repl/.lake/build/bin/re              
                             pl                                                 
                    INFO     REPL initialized: timeout=60s         server.py:325
                    INFO     Session ending — cleaning up          server.py:360
                             per-session resources                              
[08/26/26 20:04:32] INFO     Disabled tool 'lean_build' via        server.py:115
                             LEAN_MCP_DISABLED_TOOLS                            
                    INFO     Disabled tool 'lean_completions' via  server.py:115
                             LEAN_MCP_DISABLED_TOOLS                            
                    INFO     Disabled tool 'lean_declaration_file' server.py:115
                             via LEAN_MCP_DISABLED_TOOLS                        
                    INFO     Disabled tool                         server.py:115
                             'lean_diagnostic_messages' via                     
                             LEAN_MCP_DISABLED_TOOLS                            
                    INFO     Disabled tool 'lean_file_outline' via server.py:115
                             LEAN_MCP_DISABLED_TOOLS                            
                    INFO     Disabled tool                         server.py:115
                             'lean_get_widget_source' via                       
                             LEAN_MCP_DISABLED_TOOLS                            
                    INFO     Disabled tool 'lean_get_widgets' via  server.py:115
                             LEAN_MCP_DISABLED_TOOLS                            
                    INFO     Disabled tool 'lean_goal' via         server.py:115
                             LEAN_MCP_DISABLED_TOOLS                            
                    INFO     Disabled tool 'lean_hover_info' via   server.py:115
                             LEAN_MCP_DISABLED_TOOLS                            
                    INFO     Disabled tool 'lean_references' via   server.py:115
                             LEAN_MCP_DISABLED_TOOLS                            
                    INFO     Disabled tool 'lean_term_goal' via    server.py:115
                             LEAN_MCP_DISABLED_TOOLS                            
                    INFO     REPL enabled, using:                  server.py:322
                             /home/amirnabiyev/Conjecture_Prover/.              
                             lake/packages/repl/.lake/build/bin/re              
                             pl                                                 
                    INFO     REPL initialized: timeout=60s         server.py:325
[08/26/26 20:04:32] INFO     Session ending — cleaning up          server.py:360
                             per-session resources                              
                    INFO     Session ending — cleaning up          server.py:360
                             per-session resources                              
[08/26/26 20:04:33] INFO     Disabled tool 'lean_build' via        server.py:115
                             LEAN_MCP_DISABLED_TOOLS                            
                    INFO     Disabled tool 'lean_completions' via  server.py:115
                             LEAN_MCP_DISABLED_TOOLS                            
                    INFO     Disabled tool 'lean_declaration_file' server.py:115
                             via LEAN_MCP_DISABLED_TOOLS                        
                    INFO     Disabled tool                         server.py:115
                             'lean_diagnostic_messages' via                     
                             LEAN_MCP_DISABLED_TOOLS                            
                    INFO     Disabled tool 'lean_file_outline' via server.py:115
                             LEAN_MCP_DISABLED_TOOLS                            
                    INFO     Disabled tool                         server.py:115
                             'lean_get_widget_source' via                       
                             LEAN_MCP_DISABLED_TOOLS                            
                    INFO     Disabled tool 'lean_get_widgets' via  server.py:115
                             LEAN_MCP_DISABLED_TOOLS                            
                    INFO     Disabled tool 'lean_goal' via         server.py:115
                             LEAN_MCP_DISABLED_TOOLS                            
                    INFO     Disabled tool 'lean_hover_info' via   server.py:115
                             LEAN_MCP_DISABLED_TOOLS                            
                    INFO     Disabled tool 'lean_references' via   server.py:115
                             LEAN_MCP_DISABLED_TOOLS                            
                    INFO     Disabled tool 'lean_term_goal' via    server.py:115
                             LEAN_MCP_DISABLED_TOOLS                            
                    INFO     REPL enabled, using:                  server.py:322
                             /home/amirnabiyev/Conjecture_Prover/.              
                             lake/packages/repl/.lake/build/bin/re              
                             pl                                                 
                    INFO     REPL initialized: timeout=60s         server.py:325
[08/26/26 20:04:34] INFO     Session ending — cleaning up          server.py:360
                             per-session resources                              
[08/26/26 20:04:34] INFO     Disabled tool 'lean_build' via        server.py:115
                             LEAN_MCP_DISABLED_TOOLS                            
                    INFO     Disabled tool 'lean_completions' via  server.py:115
                             LEAN_MCP_DISABLED_TOOLS                            
                    INFO     Disabled tool 'lean_declaration_file' server.py:115
                             via LEAN_MCP_DISABLED_TOOLS                        
                    INFO     Disabled tool                         server.py:115
                             'lean_diagnostic_messages' via                     
                             LEAN_MCP_DISABLED_TOOLS                            
                    INFO     Disabled tool 'lean_file_outline' via server.py:115
                             LEAN_MCP_DISABLED_TOOLS                            
                    INFO     Disabled tool                         server.py:115
                             'lean_get_widget_source' via                       
                             LEAN_MCP_DISABLED_TOOLS                            
                    INFO     Disabled tool 'lean_get_widgets' via  server.py:115
                             LEAN_MCP_DISABLED_TOOLS                            
                    INFO     Disabled tool 'lean_goal' via         server.py:115
                             LEAN_MCP_DISABLED_TOOLS                            
                    INFO     Disabled tool 'lean_hover_info' via   server.py:115
                             LEAN_MCP_DISABLED_TOOLS                            
                    INFO     Disabled tool 'lean_references' via   server.py:115
                             LEAN_MCP_DISABLED_TOOLS                            
                    INFO     Disabled tool 'lean_term_goal' via    server.py:115
                             LEAN_MCP_DISABLED_TOOLS                            
                    INFO     REPL enabled, using:                  server.py:322
                             /home/amirnabiyev/Conjecture_Prover/.              
                             lake/packages/repl/.lake/build/bin/re              
                             pl                                                 
                    INFO     REPL initialized: timeout=60s         server.py:325
                    INFO     Session ending — cleaning up          server.py:360
                             per-session resources                              
[08/26/26 20:04:34] INFO     Disabled tool 'lean_build' via        server.py:115
                             LEAN_MCP_DISABLED_TOOLS                            
                    INFO     Disabled tool 'lean_completions' via  server.py:115
                             LEAN_MCP_DISABLED_TOOLS                            
                    INFO     Disabled tool 'lean_declaration_file' server.py:115
                             via LEAN_MCP_DISABLED_TOOLS                        
                    INFO     Disabled tool                         server.py:115
                             'lean_diagnostic_messages' via                     
                             LEAN_MCP_DISABLED_TOOLS                            
[08/26/26 20:04:35] INFO     Disabled tool 'lean_file_outline' via server.py:115
                             LEAN_MCP_DISABLED_TOOLS                            
                    INFO     Disabled tool                         server.py:115
                             'lean_get_widget_source' via                       
                             LEAN_MCP_DISABLED_TOOLS                            
                    INFO     Disabled tool 'lean_get_widgets' via  server.py:115
                             LEAN_MCP_DISABLED_TOOLS                            
                    INFO     Disabled tool 'lean_goal' via         server.py:115
                             LEAN_MCP_DISABLED_TOOLS                            
                    INFO     Disabled tool 'lean_hover_info' via   server.py:115
                             LEAN_MCP_DISABLED_TOOLS                            
                    INFO     Disabled tool 'lean_references' via   server.py:115
                             LEAN_MCP_DISABLED_TOOLS                            
                    INFO     Disabled tool 'lean_term_goal' via    server.py:115
                             LEAN_MCP_DISABLED_TOOLS                            
                    INFO     REPL enabled, using:                  server.py:322
                             /home/amirnabiyev/Conjecture_Prover/.              
                             lake/packages/repl/.lake/build/bin/re              
                             pl                                                 
                    INFO     REPL initialized: timeout=60s         server.py:325
[08/26/26 20:04:36] INFO     Disabled tool 'lean_build' via        server.py:115
                             LEAN_MCP_DISABLED_TOOLS                            
                    INFO     Disabled tool 'lean_completions' via  server.py:115
                             LEAN_MCP_DISABLED_TOOLS                            
                    INFO     Disabled tool 'lean_declaration_file' server.py:115
                             via LEAN_MCP_DISABLED_TOOLS                        
                    INFO     Disabled tool                         server.py:115
                             'lean_diagnostic_messages' via                     
                             LEAN_MCP_DISABLED_TOOLS                            
                    INFO     Disabled tool 'lean_file_outline' via server.py:115
                             LEAN_MCP_DISABLED_TOOLS                            
                    INFO     Disabled tool                         server.py:115
                             'lean_get_widget_source' via                       
                             LEAN_MCP_DISABLED_TOOLS                            
                    INFO     Disabled tool 'lean_get_widgets' via  server.py:115
                             LEAN_MCP_DISABLED_TOOLS                            
                    INFO     Disabled tool 'lean_goal' via         server.py:115
                             LEAN_MCP_DISABLED_TOOLS                            
                    INFO     Disabled tool 'lean_hover_info' via   server.py:115
                             LEAN_MCP_DISABLED_TOOLS                            
                    INFO     Disabled tool 'lean_references' via   server.py:115
                             LEAN_MCP_DISABLED_TOOLS                            
                    INFO     Disabled tool 'lean_term_goal' via    server.py:115
                             LEAN_MCP_DISABLED_TOOLS                            
                    INFO     REPL enabled, using:                  server.py:322
                             /home/amirnabiyev/Conjecture_Prover/.              
                             lake/packages/repl/.lake/build/bin/re              
                             pl                                                 
                    INFO     REPL initialized: timeout=60s         server.py:325
                    INFO     Session ending — cleaning up          server.py:360
                             per-session resources                              
[08/26/26 20:04:36] INFO     Disabled tool 'lean_build' via        server.py:115
                             LEAN_MCP_DISABLED_TOOLS                            
                    INFO     Disabled tool 'lean_completions' via  server.py:115
                             LEAN_MCP_DISABLED_TOOLS                            
                    INFO     Disabled tool 'lean_declaration_file' server.py:115
                             via LEAN_MCP_DISABLED_TOOLS                        
                    INFO     Disabled tool                         server.py:115
                             'lean_diagnostic_messages' via                     
                             LEAN_MCP_DISABLED_TOOLS                            
                    INFO     Disabled tool 'lean_file_outline' via server.py:115
                             LEAN_MCP_DISABLED_TOOLS                            
                    INFO     Disabled tool                         server.py:115
                             'lean_get_widget_source' via                       
                             LEAN_MCP_DISABLED_TOOLS                            
                    INFO     Disabled tool 'lean_get_widgets' via  server.py:115
                             LEAN_MCP_DISABLED_TOOLS                            
                    INFO     Disabled tool 'lean_goal' via         server.py:115
                             LEAN_MCP_DISABLED_TOOLS                            
                    INFO     Disabled tool 'lean_hover_info' via   server.py:115
                             LEAN_MCP_DISABLED_TOOLS                            
                    INFO     Disabled tool 'lean_references' via   server.py:115
                             LEAN_MCP_DISABLED_TOOLS                            
                    INFO     Disabled tool 'lean_term_goal' via    server.py:115
                             LEAN_MCP_DISABLED_TOOLS                            
                    INFO     REPL enabled, using:                  server.py:322
                             /home/amirnabiyev/Conjecture_Prover/.              
                             lake/packages/repl/.lake/build/bin/re              
                             pl                                                 
                    INFO     REPL initialized: timeout=60s         server.py:325
[08/26/26 20:04:37] INFO     Session ending — cleaning up          server.py:360
                             per-session resources                              
[08/26/26 20:04:37] INFO     Disabled tool 'lean_build' via        server.py:115
                             LEAN_MCP_DISABLED_TOOLS                            
                    INFO     Disabled tool 'lean_completions' via  server.py:115
                             LEAN_MCP_DISABLED_TOOLS                            
                    INFO     Disabled tool 'lean_declaration_file' server.py:115
                             via LEAN_MCP_DISABLED_TOOLS                        
                    INFO     Disabled tool                         server.py:115
                             'lean_diagnostic_messages' via                     
                             LEAN_MCP_DISABLED_TOOLS                            
                    INFO     Disabled tool 'lean_file_outline' via server.py:115
                             LEAN_MCP_DISABLED_TOOLS                            
                    INFO     Disabled tool                         server.py:115
                             'lean_get_widget_source' via                       
                             LEAN_MCP_DISABLED_TOOLS                            
                    INFO     Disabled tool 'lean_get_widgets' via  server.py:115
                             LEAN_MCP_DISABLED_TOOLS                            
                    INFO     Disabled tool 'lean_goal' via         server.py:115
                             LEAN_MCP_DISABLED_TOOLS                            
                    INFO     Disabled tool 'lean_hover_info' via   server.py:115
                             LEAN_MCP_DISABLED_TOOLS                            
                    INFO     Disabled tool 'lean_references' via   server.py:115
                             LEAN_MCP_DISABLED_TOOLS                            
                    INFO     Disabled tool 'lean_term_goal' via    server.py:115
                             LEAN_MCP_DISABLED_TOOLS                            
                    INFO     REPL enabled, using:                  server.py:322
                             /home/amirnabiyev/Conjecture_Prover/.              
                             lake/packages/repl/.lake/build/bin/re              
                             pl                                                 
                    INFO     REPL initialized: timeout=60s         server.py:325
[08/26/26 20:04:39] INFO     Disabled tool 'lean_build' via        server.py:115
                             LEAN_MCP_DISABLED_TOOLS                            
                    INFO     Disabled tool 'lean_completions' via  server.py:115
                             LEAN_MCP_DISABLED_TOOLS                            
                    INFO     Disabled tool 'lean_declaration_file' server.py:115
                             via LEAN_MCP_DISABLED_TOOLS                        
                    INFO     Disabled tool                         server.py:115
                             'lean_diagnostic_messages' via                     
                             LEAN_MCP_DISABLED_TOOLS                            
                    INFO     Disabled tool 'lean_file_outline' via server.py:115
                             LEAN_MCP_DISABLED_TOOLS                            
                    INFO     Disabled tool                         server.py:115
                             'lean_get_widget_source' via                       
                             LEAN_MCP_DISABLED_TOOLS                            
                    INFO     Disabled tool 'lean_get_widgets' via  server.py:115
                             LEAN_MCP_DISABLED_TOOLS                            
                    INFO     Disabled tool 'lean_goal' via         server.py:115
                             LEAN_MCP_DISABLED_TOOLS                            
                    INFO     Disabled tool 'lean_hover_info' via   server.py:115
                             LEAN_MCP_DISABLED_TOOLS                            
                    INFO     Disabled tool 'lean_references' via   server.py:115
                             LEAN_MCP_DISABLED_TOOLS                            
                    INFO     Disabled tool 'lean_term_goal' via    server.py:115
                             LEAN_MCP_DISABLED_TOOLS                            
                    INFO     REPL enabled, using:                  server.py:322
                             /home/amirnabiyev/Conjecture_Prover/.              
                             lake/packages/repl/.lake/build/bin/re              
                             pl                                                 
                    INFO     REPL initialized: timeout=60s         server.py:325
[08/26/26 20:04:40] INFO     Session ending — cleaning up          server.py:360
                             per-session resources                              
[08/26/26 20:04:40] INFO     Disabled tool 'lean_build' via        server.py:115
                             LEAN_MCP_DISABLED_TOOLS                            
                    INFO     Disabled tool 'lean_completions' via  server.py:115
                             LEAN_MCP_DISABLED_TOOLS                            
                    INFO     Disabled tool 'lean_declaration_file' server.py:115
                             via LEAN_MCP_DISABLED_TOOLS                        
                    INFO     Disabled tool                         server.py:115
                             'lean_diagnostic_messages' via                     
                             LEAN_MCP_DISABLED_TOOLS                            
                    INFO     Disabled tool 'lean_file_outline' via server.py:115
                             LEAN_MCP_DISABLED_TOOLS                            
                    INFO     Disabled tool                         server.py:115
                             'lean_get_widget_source' via                       
                             LEAN_MCP_DISABLED_TOOLS                            
                    INFO     Disabled tool 'lean_get_widgets' via  server.py:115
                             LEAN_MCP_DISABLED_TOOLS                            
                    INFO     Disabled tool 'lean_goal' via         server.py:115
                             LEAN_MCP_DISABLED_TOOLS                            
                    INFO     Disabled tool 'lean_hover_info' via   server.py:115
                             LEAN_MCP_DISABLED_TOOLS                            
                    INFO     Disabled tool 'lean_references' via   server.py:115
                             LEAN_MCP_DISABLED_TOOLS                            
                    INFO     Disabled tool 'lean_term_goal' via    server.py:115
                             LEAN_MCP_DISABLED_TOOLS                            
                    INFO     REPL enabled, using:                  server.py:322
                             /home/amirnabiyev/Conjecture_Prover/.              
                             lake/packages/repl/.lake/build/bin/re              
                             pl                                                 
                    INFO     REPL initialized: timeout=60s         server.py:325
[08/26/26 20:04:41] INFO     Session ending — cleaning up          server.py:360
                             per-session resources                              
[08/26/26 20:04:42] INFO     Session ending — cleaning up          server.py:360
                             per-session resources                              
[08/26/26 20:04:43] INFO     Disabled tool 'lean_build' via        server.py:115
                             LEAN_MCP_DISABLED_TOOLS                            
                    INFO     Disabled tool 'lean_completions' via  server.py:115
                             LEAN_MCP_DISABLED_TOOLS                            
                    INFO     Disabled tool 'lean_declaration_file' server.py:115
                             via LEAN_MCP_DISABLED_TOOLS                        
                    INFO     Disabled tool                         server.py:115
                             'lean_diagnostic_messages' via                     
                             LEAN_MCP_DISABLED_TOOLS                            
                    INFO     Disabled tool 'lean_file_outline' via server.py:115
                             LEAN_MCP_DISABLED_TOOLS                            
                    INFO     Disabled tool                         server.py:115
                             'lean_get_widget_source' via                       
                             LEAN_MCP_DISABLED_TOOLS                            
                    INFO     Disabled tool 'lean_get_widgets' via  server.py:115
                             LEAN_MCP_DISABLED_TOOLS                            
                    INFO     Disabled tool 'lean_goal' via         server.py:115
                             LEAN_MCP_DISABLED_TOOLS                            
                    INFO     Disabled tool 'lean_hover_info' via   server.py:115
                             LEAN_MCP_DISABLED_TOOLS                            
                    INFO     Disabled tool 'lean_references' via   server.py:115
                             LEAN_MCP_DISABLED_TOOLS                            
                    INFO     Disabled tool 'lean_term_goal' via    server.py:115
                             LEAN_MCP_DISABLED_TOOLS                            
                    INFO     REPL enabled, using:                  server.py:322
                             /home/amirnabiyev/Conjecture_Prover/.              
                             lake/packages/repl/.lake/build/bin/re              
                             pl                                                 
                    INFO     REPL initialized: timeout=60s         server.py:325
                    INFO     Session ending — cleaning up          server.py:360
                             per-session resources                              
[08/26/26 20:04:43] INFO     Disabled tool 'lean_build' via        server.py:115
                             LEAN_MCP_DISABLED_TOOLS                            
                    INFO     Disabled tool 'lean_completions' via  server.py:115
                             LEAN_MCP_DISABLED_TOOLS                            
                    INFO     Disabled tool 'lean_declaration_file' server.py:115
                             via LEAN_MCP_DISABLED_TOOLS                        
                    INFO     Disabled tool                         server.py:115
                             'lean_diagnostic_messages' via                     
                             LEAN_MCP_DISABLED_TOOLS                            
                    INFO     Disabled tool 'lean_file_outline' via server.py:115
                             LEAN_MCP_DISABLED_TOOLS                            
                    INFO     Disabled tool                         server.py:115
                             'lean_get_widget_source' via                       
                             LEAN_MCP_DISABLED_TOOLS                            
                    INFO     Disabled tool 'lean_get_widgets' via  server.py:115
                             LEAN_MCP_DISABLED_TOOLS                            
                    INFO     Disabled tool 'lean_goal' via         server.py:115
                             LEAN_MCP_DISABLED_TOOLS                            
                    INFO     Disabled tool 'lean_hover_info' via   server.py:115
                             LEAN_MCP_DISABLED_TOOLS                            
                    INFO     Disabled tool 'lean_references' via   server.py:115
                             LEAN_MCP_DISABLED_TOOLS                            
                    INFO     Disabled tool 'lean_term_goal' via    server.py:115
                             LEAN_MCP_DISABLED_TOOLS                            
                    INFO     REPL enabled, using:                  server.py:322
                             /home/amirnabiyev/Conjecture_Prover/.              
                             lake/packages/repl/.lake/build/bin/re              
                             pl                                                 
                    INFO     REPL initialized: timeout=60s         server.py:325
[08/26/26 20:04:43] INFO     Session ending — cleaning up          server.py:360
                             per-session resources                              
[08/26/26 20:04:45] INFO     Disabled tool 'lean_build' via        server.py:115
                             LEAN_MCP_DISABLED_TOOLS                            
                    INFO     Disabled tool 'lean_completions' via  server.py:115
                             LEAN_MCP_DISABLED_TOOLS                            
                    INFO     Disabled tool 'lean_declaration_file' server.py:115
                             via LEAN_MCP_DISABLED_TOOLS                        
                    INFO     Disabled tool                         server.py:115
                             'lean_diagnostic_messages' via                     
                             LEAN_MCP_DISABLED_TOOLS                            
                    INFO     Disabled tool 'lean_file_outline' via server.py:115
                             LEAN_MCP_DISABLED_TOOLS                            
                    INFO     Disabled tool                         server.py:115
                             'lean_get_widget_source' via                       
                             LEAN_MCP_DISABLED_TOOLS                            
                    INFO     Disabled tool 'lean_get_widgets' via  server.py:115
                             LEAN_MCP_DISABLED_TOOLS                            
                    INFO     Disabled tool 'lean_goal' via         server.py:115
                             LEAN_MCP_DISABLED_TOOLS                            
                    INFO     Disabled tool 'lean_hover_info' via   server.py:115
                             LEAN_MCP_DISABLED_TOOLS                            
                    INFO     Disabled tool 'lean_references' via   server.py:115
                             LEAN_MCP_DISABLED_TOOLS                            
                    INFO     Disabled tool 'lean_term_goal' via    server.py:115
                             LEAN_MCP_DISABLED_TOOLS                            
                    INFO     REPL enabled, using:                  server.py:322
                             /home/amirnabiyev/Conjecture_Prover/.              
                             lake/packages/repl/.lake/build/bin/re              
                             pl                                                 
                    INFO     REPL initialized: timeout=60s         server.py:325
                    INFO     Session ending — cleaning up          server.py:360
                             per-session resources                              
[08/26/26 20:04:49] INFO     Session ending — cleaning up          server.py:360
                             per-session resources                              
[08/26/26 20:04:52] INFO     Disabled tool 'lean_build' via        server.py:115
                             LEAN_MCP_DISABLED_TOOLS                            
                    INFO     Disabled tool 'lean_completions' via  server.py:115
                             LEAN_MCP_DISABLED_TOOLS                            
                    INFO     Disabled tool 'lean_declaration_file' server.py:115
                             via LEAN_MCP_DISABLED_TOOLS                        
                    INFO     Disabled tool                         server.py:115
                             'lean_diagnostic_messages' via                     
                             LEAN_MCP_DISABLED_TOOLS                            
                    INFO     Disabled tool 'lean_file_outline' via server.py:115
                             LEAN_MCP_DISABLED_TOOLS                            
                    INFO     Disabled tool                         server.py:115
                             'lean_get_widget_source' via                       
                             LEAN_MCP_DISABLED_TOOLS                            
                    INFO     Disabled tool 'lean_get_widgets' via  server.py:115
                             LEAN_MCP_DISABLED_TOOLS                            
                    INFO     Disabled tool 'lean_goal' via         server.py:115
                             LEAN_MCP_DISABLED_TOOLS                            
                    INFO     Disabled tool 'lean_hover_info' via   server.py:115
                             LEAN_MCP_DISABLED_TOOLS                            
                    INFO     Disabled tool 'lean_references' via   server.py:115
                             LEAN_MCP_DISABLED_TOOLS                            
                    INFO     Disabled tool 'lean_term_goal' via    server.py:115
                             LEAN_MCP_DISABLED_TOOLS                            
                    INFO     REPL enabled, using:                  server.py:322
                             /home/amirnabiyev/Conjecture_Prover/.              
                             lake/packages/repl/.lake/build/bin/re              
                             pl                                                 
                    INFO     REPL initialized: timeout=60s         server.py:325
[08/26/26 20:04:57] INFO     Disabled tool 'lean_build' via        server.py:115
                             LEAN_MCP_DISABLED_TOOLS                            
                    INFO     Disabled tool 'lean_completions' via  server.py:115
                             LEAN_MCP_DISABLED_TOOLS                            
                    INFO     Disabled tool 'lean_declaration_file' server.py:115
                             via LEAN_MCP_DISABLED_TOOLS                        
                    INFO     Disabled tool                         server.py:115
                             'lean_diagnostic_messages' via                     
                             LEAN_MCP_DISABLED_TOOLS                            
                    INFO     Disabled tool 'lean_file_outline' via server.py:115
                             LEAN_MCP_DISABLED_TOOLS                            
                    INFO     Disabled tool                         server.py:115
                             'lean_get_widget_source' via                       
                             LEAN_MCP_DISABLED_TOOLS                            
                    INFO     Disabled tool 'lean_get_widgets' via  server.py:115
                             LEAN_MCP_DISABLED_TOOLS                            
                    INFO     Disabled tool 'lean_goal' via         server.py:115
                             LEAN_MCP_DISABLED_TOOLS                            
                    INFO     Disabled tool 'lean_hover_info' via   server.py:115
                             LEAN_MCP_DISABLED_TOOLS                            
                    INFO     Disabled tool 'lean_references' via   server.py:115
                             LEAN_MCP_DISABLED_TOOLS                            
                    INFO     Disabled tool 'lean_term_goal' via    server.py:115
                             LEAN_MCP_DISABLED_TOOLS                            
                    INFO     REPL enabled, using:                  server.py:322
                             /home/amirnabiyev/Conjecture_Prover/.              
                             lake/packages/repl/.lake/build/bin/re              
                             pl                                                 
                    INFO     REPL initialized: timeout=60s         server.py:325
[08/26/26 20:04:59] INFO     Disabled tool 'lean_build' via        server.py:115
                             LEAN_MCP_DISABLED_TOOLS                            
                    INFO     Disabled tool 'lean_completions' via  server.py:115
                             LEAN_MCP_DISABLED_TOOLS                            
                    INFO     Disabled tool 'lean_declaration_file' server.py:115
                             via LEAN_MCP_DISABLED_TOOLS                        
                    INFO     Disabled tool                         server.py:115
                             'lean_diagnostic_messages' via                     
                             LEAN_MCP_DISABLED_TOOLS                            
                    INFO     Disabled tool 'lean_file_outline' via server.py:115
                             LEAN_MCP_DISABLED_TOOLS                            
                    INFO     Disabled tool                         server.py:115
                             'lean_get_widget_source' via                       
                             LEAN_MCP_DISABLED_TOOLS                            
                    INFO     Disabled tool 'lean_get_widgets' via  server.py:115
                             LEAN_MCP_DISABLED_TOOLS                            
                    INFO     Disabled tool 'lean_goal' via         server.py:115
                             LEAN_MCP_DISABLED_TOOLS                            
                    INFO     Disabled tool 'lean_hover_info' via   server.py:115
                             LEAN_MCP_DISABLED_TOOLS                            
                    INFO     Disabled tool 'lean_references' via   server.py:115
                             LEAN_MCP_DISABLED_TOOLS                            
                    INFO     Disabled tool 'lean_term_goal' via    server.py:115
                             LEAN_MCP_DISABLED_TOOLS                            
                    INFO     REPL enabled, using:                  server.py:322
                             /home/amirnabiyev/Conjecture_Prover/.              
                             lake/packages/repl/.lake/build/bin/re              
                             pl                                                 
                    INFO     REPL initialized: timeout=60s         server.py:325
[08/26/26 20:04:59] INFO     Session ending — cleaning up          server.py:360
                             per-session resources                              
                    INFO     Session ending — cleaning up          server.py:360
                             per-session resources                              
[08/26/26 20:05:04] INFO     Disabled tool 'lean_build' via        server.py:115
                             LEAN_MCP_DISABLED_TOOLS                            
                    INFO     Disabled tool 'lean_completions' via  server.py:115
                             LEAN_MCP_DISABLED_TOOLS                            
                    INFO     Disabled tool 'lean_declaration_file' server.py:115
                             via LEAN_MCP_DISABLED_TOOLS                        
                    INFO     Disabled tool                         server.py:115
                             'lean_diagnostic_messages' via                     
                             LEAN_MCP_DISABLED_TOOLS                            
                    INFO     Disabled tool 'lean_file_outline' via server.py:115
                             LEAN_MCP_DISABLED_TOOLS                            
                    INFO     Disabled tool                         server.py:115
                             'lean_get_widget_source' via                       
                             LEAN_MCP_DISABLED_TOOLS                            
                    INFO     Disabled tool 'lean_get_widgets' via  server.py:115
                             LEAN_MCP_DISABLED_TOOLS                            
                    INFO     Disabled tool 'lean_goal' via         server.py:115
                             LEAN_MCP_DISABLED_TOOLS                            
                    INFO     Disabled tool 'lean_hover_info' via   server.py:115
                             LEAN_MCP_DISABLED_TOOLS                            
                    INFO     Disabled tool 'lean_references' via   server.py:115
                             LEAN_MCP_DISABLED_TOOLS                            
                    INFO     Disabled tool 'lean_term_goal' via    server.py:115
                             LEAN_MCP_DISABLED_TOOLS                            
                    INFO     REPL enabled, using:                  server.py:322
                             /home/amirnabiyev/Conjecture_Prover/.              
                             lake/packages/repl/.lake/build/bin/re              
                             pl                                                 
                    INFO     REPL initialized: timeout=60s         server.py:325
[08/26/26 20:05:04] INFO     Session ending — cleaning up          server.py:360
                             per-session resources                              
[08/26/26 20:05:08] INFO     Disabled tool 'lean_build' via        server.py:115
                             LEAN_MCP_DISABLED_TOOLS                            
                    INFO     Disabled tool 'lean_completions' via  server.py:115
                             LEAN_MCP_DISABLED_TOOLS                            
                    INFO     Disabled tool 'lean_declaration_file' server.py:115
                             via LEAN_MCP_DISABLED_TOOLS                        
                    INFO     Disabled tool                         server.py:115
                             'lean_diagnostic_messages' via                     
                             LEAN_MCP_DISABLED_TOOLS                            
                    INFO     Disabled tool 'lean_file_outline' via server.py:115
                             LEAN_MCP_DISABLED_TOOLS                            
                    INFO     Disabled tool                         server.py:115
                             'lean_get_widget_source' via                       
                             LEAN_MCP_DISABLED_TOOLS                            
                    INFO     Disabled tool 'lean_get_widgets' via  server.py:115
                             LEAN_MCP_DISABLED_TOOLS                            
                    INFO     Disabled tool 'lean_goal' via         server.py:115
                             LEAN_MCP_DISABLED_TOOLS                            
                    INFO     Disabled tool 'lean_hover_info' via   server.py:115
                             LEAN_MCP_DISABLED_TOOLS                            
                    INFO     Disabled tool 'lean_references' via   server.py:115
                             LEAN_MCP_DISABLED_TOOLS                            
                    INFO     Disabled tool 'lean_term_goal' via    server.py:115
                             LEAN_MCP_DISABLED_TOOLS                            
                    INFO     REPL enabled, using:                  server.py:322
                             /home/amirnabiyev/Conjecture_Prover/.              
                             lake/packages/repl/.lake/build/bin/re              
                             pl                                                 
                    INFO     REPL initialized: timeout=60s         server.py:325
                    INFO     Session ending — cleaning up          server.py:360
                             per-session resources                              
[08/26/26 20:05:10] INFO     Disabled tool 'lean_build' via        server.py:115
                             LEAN_MCP_DISABLED_TOOLS                            
                    INFO     Disabled tool 'lean_completions' via  server.py:115
                             LEAN_MCP_DISABLED_TOOLS                            
                    INFO     Disabled tool 'lean_declaration_file' server.py:115
                             via LEAN_MCP_DISABLED_TOOLS                        
                    INFO     Disabled tool                         server.py:115
                             'lean_diagnostic_messages' via                     
                             LEAN_MCP_DISABLED_TOOLS                            
                    INFO     Disabled tool 'lean_file_outline' via server.py:115
                             LEAN_MCP_DISABLED_TOOLS                            
                    INFO     Disabled tool                         server.py:115
                             'lean_get_widget_source' via                       
                             LEAN_MCP_DISABLED_TOOLS                            
                    INFO     Disabled tool 'lean_get_widgets' via  server.py:115
                             LEAN_MCP_DISABLED_TOOLS                            
                    INFO     Disabled tool 'lean_goal' via         server.py:115
                             LEAN_MCP_DISABLED_TOOLS                            
                    INFO     Disabled tool 'lean_hover_info' via   server.py:115
                             LEAN_MCP_DISABLED_TOOLS                            
                    INFO     Disabled tool 'lean_references' via   server.py:115
                             LEAN_MCP_DISABLED_TOOLS                            
                    INFO     Disabled tool 'lean_term_goal' via    server.py:115
                             LEAN_MCP_DISABLED_TOOLS                            
                    INFO     REPL enabled, using:                  server.py:322
                             /home/amirnabiyev/Conjecture_Prover/.              
                             lake/packages/repl/.lake/build/bin/re              
                             pl                                                 
                    INFO     REPL initialized: timeout=60s         server.py:325
[08/26/26 20:05:10] INFO     Session ending — cleaning up          server.py:360
                             per-session resources                              
                    INFO     Session ending — cleaning up          server.py:360
                             per-session resources                              
[08/26/26 20:05:12] INFO     Disabled tool 'lean_build' via        server.py:115
                             LEAN_MCP_DISABLED_TOOLS                            
                    INFO     Disabled tool 'lean_completions' via  server.py:115
                             LEAN_MCP_DISABLED_TOOLS                            
                    INFO     Disabled tool 'lean_declaration_file' server.py:115
                             via LEAN_MCP_DISABLED_TOOLS                        
                    INFO     Disabled tool                         server.py:115
                             'lean_diagnostic_messages' via                     
                             LEAN_MCP_DISABLED_TOOLS                            
                    INFO     Disabled tool 'lean_file_outline' via server.py:115
                             LEAN_MCP_DISABLED_TOOLS                            
                    INFO     Disabled tool                         server.py:115
                             'lean_get_widget_source' via                       
                             LEAN_MCP_DISABLED_TOOLS                            
                    INFO     Disabled tool 'lean_get_widgets' via  server.py:115
                             LEAN_MCP_DISABLED_TOOLS                            
                    INFO     Disabled tool 'lean_goal' via         server.py:115
                             LEAN_MCP_DISABLED_TOOLS                            
                    INFO     Disabled tool 'lean_hover_info' via   server.py:115
                             LEAN_MCP_DISABLED_TOOLS                            
                    INFO     Disabled tool 'lean_references' via   server.py:115
                             LEAN_MCP_DISABLED_TOOLS                            
                    INFO     Disabled tool 'lean_term_goal' via    server.py:115
                             LEAN_MCP_DISABLED_TOOLS                            
                    INFO     REPL enabled, using:                  server.py:322
                             /home/amirnabiyev/Conjecture_Prover/.              
                             lake/packages/repl/.lake/build/bin/re              
                             pl                                                 
                    INFO     REPL initialized: timeout=60s         server.py:325
                    INFO     Session ending — cleaning up          server.py:360
                             per-session resources                              
[08/26/26 20:05:13] INFO     Disabled tool 'lean_build' via        server.py:115
                             LEAN_MCP_DISABLED_TOOLS                            
                    INFO     Disabled tool 'lean_completions' via  server.py:115
                             LEAN_MCP_DISABLED_TOOLS                            
                    INFO     Disabled tool 'lean_declaration_file' server.py:115
                             via LEAN_MCP_DISABLED_TOOLS                        
                    INFO     Disabled tool                         server.py:115
                             'lean_diagnostic_messages' via                     
                             LEAN_MCP_DISABLED_TOOLS                            
                    INFO     Disabled tool 'lean_file_outline' via server.py:115
                             LEAN_MCP_DISABLED_TOOLS                            
                    INFO     Disabled tool                         server.py:115
                             'lean_get_widget_source' via                       
                             LEAN_MCP_DISABLED_TOOLS                            
                    INFO     Disabled tool 'lean_get_widgets' via  server.py:115
                             LEAN_MCP_DISABLED_TOOLS                            
                    INFO     Disabled tool 'lean_goal' via         server.py:115
                             LEAN_MCP_DISABLED_TOOLS                            
                    INFO     Disabled tool 'lean_hover_info' via   server.py:115
                             LEAN_MCP_DISABLED_TOOLS                            
                    INFO     Disabled tool 'lean_references' via   server.py:115
                             LEAN_MCP_DISABLED_TOOLS                            
                    INFO     Disabled tool 'lean_term_goal' via    server.py:115
                             LEAN_MCP_DISABLED_TOOLS                            
                    INFO     REPL enabled, using:                  server.py:322
                             /home/amirnabiyev/Conjecture_Prover/.              
                             lake/packages/repl/.lake/build/bin/re              
                             pl                                                 
                    INFO     REPL initialized: timeout=60s         server.py:325
                    INFO     Session ending — cleaning up          server.py:360
                             per-session resources                              
[08/26/26 20:05:14] INFO     Disabled tool 'lean_build' via        server.py:115
                             LEAN_MCP_DISABLED_TOOLS                            
                    INFO     Disabled tool 'lean_completions' via  server.py:115
                             LEAN_MCP_DISABLED_TOOLS                            
                    INFO     Disabled tool 'lean_declaration_file' server.py:115
                             via LEAN_MCP_DISABLED_TOOLS                        
                    INFO     Disabled tool                         server.py:115
                             'lean_diagnostic_messages' via                     
                             LEAN_MCP_DISABLED_TOOLS                            
                    INFO     Disabled tool 'lean_file_outline' via server.py:115
                             LEAN_MCP_DISABLED_TOOLS                            
                    INFO     Disabled tool                         server.py:115
                             'lean_get_widget_source' via                       
                             LEAN_MCP_DISABLED_TOOLS                            
                    INFO     Disabled tool 'lean_get_widgets' via  server.py:115
                             LEAN_MCP_DISABLED_TOOLS                            
                    INFO     Disabled tool 'lean_goal' via         server.py:115
                             LEAN_MCP_DISABLED_TOOLS                            
                    INFO     Disabled tool 'lean_hover_info' via   server.py:115
                             LEAN_MCP_DISABLED_TOOLS                            
                    INFO     Disabled tool 'lean_references' via   server.py:115
                             LEAN_MCP_DISABLED_TOOLS                            
                    INFO     Disabled tool 'lean_term_goal' via    server.py:115
                             LEAN_MCP_DISABLED_TOOLS                            
                    INFO     REPL enabled, using:                  server.py:322
                             /home/amirnabiyev/Conjecture_Prover/.              
                             lake/packages/repl/.lake/build/bin/re              
                             pl                                                 
                    INFO     REPL initialized: timeout=60s         server.py:325
                    INFO     Session ending — cleaning up          server.py:360
                             per-session resources                              
[08/26/26 20:05:15] INFO     Disabled tool 'lean_build' via        server.py:115
                             LEAN_MCP_DISABLED_TOOLS                            
                    INFO     Disabled tool 'lean_completions' via  server.py:115
                             LEAN_MCP_DISABLED_TOOLS                            
                    INFO     Disabled tool 'lean_declaration_file' server.py:115
                             via LEAN_MCP_DISABLED_TOOLS                        
                    INFO     Disabled tool                         server.py:115
                             'lean_diagnostic_messages' via                     
                             LEAN_MCP_DISABLED_TOOLS                            
                    INFO     Disabled tool 'lean_file_outline' via server.py:115
                             LEAN_MCP_DISABLED_TOOLS                            
                    INFO     Disabled tool                         server.py:115
                             'lean_get_widget_source' via                       
                             LEAN_MCP_DISABLED_TOOLS                            
                    INFO     Disabled tool 'lean_get_widgets' via  server.py:115
                             LEAN_MCP_DISABLED_TOOLS                            
                    INFO     Disabled tool 'lean_goal' via         server.py:115
                             LEAN_MCP_DISABLED_TOOLS                            
                    INFO     Disabled tool 'lean_hover_info' via   server.py:115
                             LEAN_MCP_DISABLED_TOOLS                            
                    INFO     Disabled tool 'lean_references' via   server.py:115
                             LEAN_MCP_DISABLED_TOOLS                            
                    INFO     Disabled tool 'lean_term_goal' via    server.py:115
                             LEAN_MCP_DISABLED_TOOLS                            
                    INFO     REPL enabled, using:                  server.py:322
                             /home/amirnabiyev/Conjecture_Prover/.              
                             lake/packages/repl/.lake/build/bin/re              
                             pl                                                 
                    INFO     REPL initialized: timeout=60s         server.py:325
[08/26/26 20:05:17] INFO     Disabled tool 'lean_build' via        server.py:115
                             LEAN_MCP_DISABLED_TOOLS                            
                    INFO     Disabled tool 'lean_completions' via  server.py:115
                             LEAN_MCP_DISABLED_TOOLS                            
                    INFO     Disabled tool 'lean_declaration_file' server.py:115
                             via LEAN_MCP_DISABLED_TOOLS                        
                    INFO     Disabled tool                         server.py:115
                             'lean_diagnostic_messages' via                     
                             LEAN_MCP_DISABLED_TOOLS                            
                    INFO     Disabled tool 'lean_file_outline' via server.py:115
                             LEAN_MCP_DISABLED_TOOLS                            
                    INFO     Disabled tool                         server.py:115
                             'lean_get_widget_source' via                       
                             LEAN_MCP_DISABLED_TOOLS                            
                    INFO     Disabled tool 'lean_get_widgets' via  server.py:115
                             LEAN_MCP_DISABLED_TOOLS                            
                    INFO     Disabled tool 'lean_goal' via         server.py:115
                             LEAN_MCP_DISABLED_TOOLS                            
                    INFO     Disabled tool 'lean_hover_info' via   server.py:115
                             LEAN_MCP_DISABLED_TOOLS                            
                    INFO     Disabled tool 'lean_references' via   server.py:115
                             LEAN_MCP_DISABLED_TOOLS                            
                    INFO     Disabled tool 'lean_term_goal' via    server.py:115
                             LEAN_MCP_DISABLED_TOOLS                            
                    INFO     REPL enabled, using:                  server.py:322
                             /home/amirnabiyev/Conjecture_Prover/.              
                             lake/packages/repl/.lake/build/bin/re              
                             pl                                                 
                    INFO     REPL initialized: timeout=60s         server.py:325
[08/26/26 20:05:18] INFO     Disabled tool 'lean_build' via        server.py:115
                             LEAN_MCP_DISABLED_TOOLS                            
                    INFO     Disabled tool 'lean_completions' via  server.py:115
                             LEAN_MCP_DISABLED_TOOLS                            
                    INFO     Disabled tool 'lean_declaration_file' server.py:115
                             via LEAN_MCP_DISABLED_TOOLS                        
                    INFO     Disabled tool                         server.py:115
                             'lean_diagnostic_messages' via                     
                             LEAN_MCP_DISABLED_TOOLS                            
                    INFO     Disabled tool 'lean_file_outline' via server.py:115
                             LEAN_MCP_DISABLED_TOOLS                            
                    INFO     Disabled tool                         server.py:115
                             'lean_get_widget_source' via                       
                             LEAN_MCP_DISABLED_TOOLS                            
                    INFO     Disabled tool 'lean_get_widgets' via  server.py:115
                             LEAN_MCP_DISABLED_TOOLS                            
                    INFO     Disabled tool 'lean_goal' via         server.py:115
                             LEAN_MCP_DISABLED_TOOLS                            
                    INFO     Disabled tool 'lean_hover_info' via   server.py:115
                             LEAN_MCP_DISABLED_TOOLS                            
                    INFO     Disabled tool 'lean_references' via   server.py:115
                             LEAN_MCP_DISABLED_TOOLS                            
                    INFO     Disabled tool 'lean_term_goal' via    server.py:115
                             LEAN_MCP_DISABLED_TOOLS                            
                    INFO     REPL enabled, using:                  server.py:322
                             /home/amirnabiyev/Conjecture_Prover/.              
                             lake/packages/repl/.lake/build/bin/re              
                             pl                                                 
                    INFO     REPL initialized: timeout=60s         server.py:325
                    INFO     Session ending — cleaning up          server.py:360
                             per-session resources                              
[08/26/26 20:05:22] INFO     Session ending — cleaning up          server.py:360
                             per-session resources                              
[08/26/26 20:05:23] INFO     Disabled tool 'lean_build' via        server.py:115
                             LEAN_MCP_DISABLED_TOOLS                            
                    INFO     Disabled tool 'lean_completions' via  server.py:115
                             LEAN_MCP_DISABLED_TOOLS                            
                    INFO     Disabled tool 'lean_declaration_file' server.py:115
                             via LEAN_MCP_DISABLED_TOOLS                        
                    INFO     Disabled tool                         server.py:115
                             'lean_diagnostic_messages' via                     
                             LEAN_MCP_DISABLED_TOOLS                            
                    INFO     Disabled tool 'lean_file_outline' via server.py:115
                             LEAN_MCP_DISABLED_TOOLS                            
                    INFO     Disabled tool                         server.py:115
                             'lean_get_widget_source' via                       
                             LEAN_MCP_DISABLED_TOOLS                            
                    INFO     Disabled tool 'lean_get_widgets' via  server.py:115
                             LEAN_MCP_DISABLED_TOOLS                            
                    INFO     Disabled tool 'lean_goal' via         server.py:115
                             LEAN_MCP_DISABLED_TOOLS                            
                    INFO     Disabled tool 'lean_hover_info' via   server.py:115
                             LEAN_MCP_DISABLED_TOOLS                            
                    INFO     Disabled tool 'lean_references' via   server.py:115
                             LEAN_MCP_DISABLED_TOOLS                            
                    INFO     Disabled tool 'lean_term_goal' via    server.py:115
                             LEAN_MCP_DISABLED_TOOLS                            
                    INFO     REPL enabled, using:                  server.py:322
                             /home/amirnabiyev/Conjecture_Prover/.              
                             lake/packages/repl/.lake/build/bin/re              
                             pl                                                 
                    INFO     REPL initialized: timeout=60s         server.py:325
[08/26/26 20:05:24] INFO     Session ending — cleaning up          server.py:360
                             per-session resources                              
[08/26/26 20:05:24] INFO     Session ending — cleaning up          server.py:360
                             per-session resources                              
[08/26/26 20:05:26] INFO     Disabled tool 'lean_build' via        server.py:115
                             LEAN_MCP_DISABLED_TOOLS                            
                    INFO     Disabled tool 'lean_completions' via  server.py:115
                             LEAN_MCP_DISABLED_TOOLS                            
                    INFO     Disabled tool 'lean_declaration_file' server.py:115
                             via LEAN_MCP_DISABLED_TOOLS                        
                    INFO     Disabled tool                         server.py:115
                             'lean_diagnostic_messages' via                     
                             LEAN_MCP_DISABLED_TOOLS                            
                    INFO     Disabled tool 'lean_file_outline' via server.py:115
                             LEAN_MCP_DISABLED_TOOLS                            
                    INFO     Disabled tool                         server.py:115
                             'lean_get_widget_source' via                       
                             LEAN_MCP_DISABLED_TOOLS                            
                    INFO     Disabled tool 'lean_get_widgets' via  server.py:115
                             LEAN_MCP_DISABLED_TOOLS                            
                    INFO     Disabled tool 'lean_goal' via         server.py:115
                             LEAN_MCP_DISABLED_TOOLS                            
                    INFO     Disabled tool 'lean_hover_info' via   server.py:115
                             LEAN_MCP_DISABLED_TOOLS                            
                    INFO     Disabled tool 'lean_references' via   server.py:115
                             LEAN_MCP_DISABLED_TOOLS                            
                    INFO     Disabled tool 'lean_term_goal' via    server.py:115
                             LEAN_MCP_DISABLED_TOOLS                            
                    INFO     REPL enabled, using:                  server.py:322
                             /home/amirnabiyev/Conjecture_Prover/.              
                             lake/packages/repl/.lake/build/bin/re              
                             pl                                                 
                    INFO     REPL initialized: timeout=60s         server.py:325
                    INFO     Session ending — cleaning up          server.py:360
                             per-session resources                              
[08/26/26 20:05:34] INFO     Disabled tool 'lean_build' via        server.py:115
                             LEAN_MCP_DISABLED_TOOLS                            
                    INFO     Disabled tool 'lean_completions' via  server.py:115
                             LEAN_MCP_DISABLED_TOOLS                            
                    INFO     Disabled tool 'lean_declaration_file' server.py:115
                             via LEAN_MCP_DISABLED_TOOLS                        
                    INFO     Disabled tool                         server.py:115
                             'lean_diagnostic_messages' via                     
                             LEAN_MCP_DISABLED_TOOLS                            
                    INFO     Disabled tool 'lean_file_outline' via server.py:115
                             LEAN_MCP_DISABLED_TOOLS                            
                    INFO     Disabled tool                         server.py:115
                             'lean_get_widget_source' via                       
                             LEAN_MCP_DISABLED_TOOLS                            
                    INFO     Disabled tool 'lean_get_widgets' via  server.py:115
                             LEAN_MCP_DISABLED_TOOLS                            
                    INFO     Disabled tool 'lean_goal' via         server.py:115
                             LEAN_MCP_DISABLED_TOOLS                            
                    INFO     Disabled tool 'lean_hover_info' via   server.py:115
                             LEAN_MCP_DISABLED_TOOLS                            
                    INFO     Disabled tool 'lean_references' via   server.py:115
                             LEAN_MCP_DISABLED_TOOLS                            
                    INFO     Disabled tool 'lean_term_goal' via    server.py:115
                             LEAN_MCP_DISABLED_TOOLS                            
                    INFO     REPL enabled, using:                  server.py:322
                             /home/amirnabiyev/Conjecture_Prover/.              
                             lake/packages/repl/.lake/build/bin/re              
                             pl                                                 
                    INFO     REPL initialized: timeout=60s         server.py:325
[08/26/26 20:05:36] INFO     Disabled tool 'lean_build' via        server.py:115
                             LEAN_MCP_DISABLED_TOOLS                            
                    INFO     Disabled tool 'lean_completions' via  server.py:115
                             LEAN_MCP_DISABLED_TOOLS                            
                    INFO     Disabled tool 'lean_declaration_file' server.py:115
                             via LEAN_MCP_DISABLED_TOOLS                        
                    INFO     Disabled tool                         server.py:115
                             'lean_diagnostic_messages' via                     
                             LEAN_MCP_DISABLED_TOOLS                            
                    INFO     Disabled tool 'lean_file_outline' via server.py:115
                             LEAN_MCP_DISABLED_TOOLS                            
                    INFO     Disabled tool                         server.py:115
                             'lean_get_widget_source' via                       
                             LEAN_MCP_DISABLED_TOOLS                            
                    INFO     Disabled tool 'lean_get_widgets' via  server.py:115
                             LEAN_MCP_DISABLED_TOOLS                            
                    INFO     Disabled tool 'lean_goal' via         server.py:115
                             LEAN_MCP_DISABLED_TOOLS                            
                    INFO     Disabled tool 'lean_hover_info' via   server.py:115
                             LEAN_MCP_DISABLED_TOOLS                            
                    INFO     Disabled tool 'lean_references' via   server.py:115
                             LEAN_MCP_DISABLED_TOOLS                            
                    INFO     Disabled tool 'lean_term_goal' via    server.py:115
                             LEAN_MCP_DISABLED_TOOLS                            
                    INFO     REPL enabled, using:                  server.py:322
                             /home/amirnabiyev/Conjecture_Prover/.              
                             lake/packages/repl/.lake/build/bin/re              
                             pl                                                 
                    INFO     REPL initialized: timeout=60s         server.py:325
[08/26/26 20:05:37] INFO     Session ending — cleaning up          server.py:360
                             per-session resources                              
[08/26/26 20:05:39] INFO     Disabled tool 'lean_build' via        server.py:115
                             LEAN_MCP_DISABLED_TOOLS                            
                    INFO     Disabled tool 'lean_completions' via  server.py:115
                             LEAN_MCP_DISABLED_TOOLS                            
                    INFO     Disabled tool 'lean_declaration_file' server.py:115
                             via LEAN_MCP_DISABLED_TOOLS                        
                    INFO     Disabled tool                         server.py:115
                             'lean_diagnostic_messages' via                     
                             LEAN_MCP_DISABLED_TOOLS                            
                    INFO     Disabled tool 'lean_file_outline' via server.py:115
                             LEAN_MCP_DISABLED_TOOLS                            
                    INFO     Disabled tool                         server.py:115
                             'lean_get_widget_source' via                       
                             LEAN_MCP_DISABLED_TOOLS                            
                    INFO     Disabled tool 'lean_get_widgets' via  server.py:115
                             LEAN_MCP_DISABLED_TOOLS                            
                    INFO     Disabled tool 'lean_goal' via         server.py:115
                             LEAN_MCP_DISABLED_TOOLS                            
                    INFO     Disabled tool 'lean_hover_info' via   server.py:115
                             LEAN_MCP_DISABLED_TOOLS                            
                    INFO     Disabled tool 'lean_references' via   server.py:115
                             LEAN_MCP_DISABLED_TOOLS                            
                    INFO     Disabled tool 'lean_term_goal' via    server.py:115
                             LEAN_MCP_DISABLED_TOOLS                            
                    INFO     REPL enabled, using:                  server.py:322
                             /home/amirnabiyev/Conjecture_Prover/.              
                             lake/packages/repl/.lake/build/bin/re              
                             pl                                                 
                    INFO     REPL initialized: timeout=60s         server.py:325
[08/26/26 20:05:40] INFO     Session ending — cleaning up          server.py:360
                             per-session resources                              
[08/26/26 20:05:42] INFO     Session ending — cleaning up          server.py:360
                             per-session resources                              
[08/26/26 20:05:42] INFO     Disabled tool 'lean_build' via        server.py:115
                             LEAN_MCP_DISABLED_TOOLS                            
                    INFO     Disabled tool 'lean_completions' via  server.py:115
                             LEAN_MCP_DISABLED_TOOLS                            
                    INFO     Disabled tool 'lean_declaration_file' server.py:115
                             via LEAN_MCP_DISABLED_TOOLS                        
                    INFO     Disabled tool                         server.py:115
                             'lean_diagnostic_messages' via                     
                             LEAN_MCP_DISABLED_TOOLS                            
                    INFO     Disabled tool 'lean_file_outline' via server.py:115
                             LEAN_MCP_DISABLED_TOOLS                            
                    INFO     Disabled tool                         server.py:115
                             'lean_get_widget_source' via                       
                             LEAN_MCP_DISABLED_TOOLS                            
                    INFO     Disabled tool 'lean_get_widgets' via  server.py:115
                             LEAN_MCP_DISABLED_TOOLS                            
                    INFO     Disabled tool 'lean_goal' via         server.py:115
                             LEAN_MCP_DISABLED_TOOLS                            
                    INFO     Disabled tool 'lean_hover_info' via   server.py:115
                             LEAN_MCP_DISABLED_TOOLS                            
                    INFO     Disabled tool 'lean_references' via   server.py:115
                             LEAN_MCP_DISABLED_TOOLS                            
                    INFO     Disabled tool 'lean_term_goal' via    server.py:115
                             LEAN_MCP_DISABLED_TOOLS                            
                    INFO     REPL enabled, using:                  server.py:322
                             /home/amirnabiyev/Conjecture_Prover/.              
                             lake/packages/repl/.lake/build/bin/re              
                             pl                                                 
                    INFO     REPL initialized: timeout=60s         server.py:325
[08/26/26 20:05:48] INFO     Session ending — cleaning up          server.py:360
                             per-session resources                              
[08/26/26 20:05:52] INFO     Disabled tool 'lean_build' via        server.py:115
                             LEAN_MCP_DISABLED_TOOLS                            
                    INFO     Disabled tool 'lean_completions' via  server.py:115
                             LEAN_MCP_DISABLED_TOOLS                            
                    INFO     Disabled tool 'lean_declaration_file' server.py:115
                             via LEAN_MCP_DISABLED_TOOLS                        
                    INFO     Disabled tool                         server.py:115
                             'lean_diagnostic_messages' via                     
                             LEAN_MCP_DISABLED_TOOLS                            
                    INFO     Disabled tool 'lean_file_outline' via server.py:115
                             LEAN_MCP_DISABLED_TOOLS                            
                    INFO     Disabled tool                         server.py:115
                             'lean_get_widget_source' via                       
                             LEAN_MCP_DISABLED_TOOLS                            
                    INFO     Disabled tool 'lean_get_widgets' via  server.py:115
                             LEAN_MCP_DISABLED_TOOLS                            
                    INFO     Disabled tool 'lean_goal' via         server.py:115
                             LEAN_MCP_DISABLED_TOOLS                            
                    INFO     Disabled tool 'lean_hover_info' via   server.py:115
                             LEAN_MCP_DISABLED_TOOLS                            
                    INFO     Disabled tool 'lean_references' via   server.py:115
                             LEAN_MCP_DISABLED_TOOLS                            
                    INFO     Disabled tool 'lean_term_goal' via    server.py:115
                             LEAN_MCP_DISABLED_TOOLS                            
                    INFO     REPL enabled, using:                  server.py:322
                             /home/amirnabiyev/Conjecture_Prover/.              
                             lake/packages/repl/.lake/build/bin/re              
                             pl                                                 
                    INFO     REPL initialized: timeout=60s         server.py:325
[08/26/26 20:05:55] INFO     Disabled tool 'lean_build' via        server.py:115
                             LEAN_MCP_DISABLED_TOOLS                            
                    INFO     Disabled tool 'lean_completions' via  server.py:115
                             LEAN_MCP_DISABLED_TOOLS                            
                    INFO     Disabled tool 'lean_declaration_file' server.py:115
                             via LEAN_MCP_DISABLED_TOOLS                        
                    INFO     Disabled tool                         server.py:115
                             'lean_diagnostic_messages' via                     
                             LEAN_MCP_DISABLED_TOOLS                            
                    INFO     Disabled tool 'lean_file_outline' via server.py:115
                             LEAN_MCP_DISABLED_TOOLS                            
                    INFO     Disabled tool                         server.py:115
                             'lean_get_widget_source' via                       
                             LEAN_MCP_DISABLED_TOOLS                            
                    INFO     Disabled tool 'lean_get_widgets' via  server.py:115
                             LEAN_MCP_DISABLED_TOOLS                            
                    INFO     Disabled tool 'lean_goal' via         server.py:115
                             LEAN_MCP_DISABLED_TOOLS                            
                    INFO     Disabled tool 'lean_hover_info' via   server.py:115
                             LEAN_MCP_DISABLED_TOOLS                            
                    INFO     Disabled tool 'lean_references' via   server.py:115
                             LEAN_MCP_DISABLED_TOOLS                            
                    INFO     Disabled tool 'lean_term_goal' via    server.py:115
                             LEAN_MCP_DISABLED_TOOLS                            
                    INFO     REPL enabled, using:                  server.py:322
                             /home/amirnabiyev/Conjecture_Prover/.              
                             lake/packages/repl/.lake/build/bin/re              
                             pl                                                 
                    INFO     REPL initialized: timeout=60s         server.py:325
[08/26/26 20:05:58] INFO     Session ending — cleaning up          server.py:360
                             per-session resources                              
[08/26/26 20:06:01] INFO     Session ending — cleaning up          server.py:360
                             per-session resources                              
[08/26/26 20:06:06] INFO     Disabled tool 'lean_build' via        server.py:115
                             LEAN_MCP_DISABLED_TOOLS                            
                    INFO     Disabled tool 'lean_completions' via  server.py:115
                             LEAN_MCP_DISABLED_TOOLS                            
                    INFO     Disabled tool 'lean_declaration_file' server.py:115
                             via LEAN_MCP_DISABLED_TOOLS                        
                    INFO     Disabled tool                         server.py:115
                             'lean_diagnostic_messages' via                     
                             LEAN_MCP_DISABLED_TOOLS                            
                    INFO     Disabled tool 'lean_file_outline' via server.py:115
                             LEAN_MCP_DISABLED_TOOLS                            
                    INFO     Disabled tool                         server.py:115
                             'lean_get_widget_source' via                       
                             LEAN_MCP_DISABLED_TOOLS                            
                    INFO     Disabled tool 'lean_get_widgets' via  server.py:115
                             LEAN_MCP_DISABLED_TOOLS                            
                    INFO     Disabled tool 'lean_goal' via         server.py:115
                             LEAN_MCP_DISABLED_TOOLS                            
                    INFO     Disabled tool 'lean_hover_info' via   server.py:115
                             LEAN_MCP_DISABLED_TOOLS                            
                    INFO     Disabled tool 'lean_references' via   server.py:115
                             LEAN_MCP_DISABLED_TOOLS                            
                    INFO     Disabled tool 'lean_term_goal' via    server.py:115
                             LEAN_MCP_DISABLED_TOOLS                            
                    INFO     REPL enabled, using:                  server.py:322
                             /home/amirnabiyev/Conjecture_Prover/.              
                             lake/packages/repl/.lake/build/bin/re              
                             pl                                                 
                    INFO     REPL initialized: timeout=60s         server.py:325
[08/26/26 20:06:12] INFO     Session ending — cleaning up          server.py:360
                             per-session resources                              
[08/26/26 20:06:17] INFO     Disabled tool 'lean_build' via        server.py:115
                             LEAN_MCP_DISABLED_TOOLS                            
                    INFO     Disabled tool 'lean_completions' via  server.py:115
                             LEAN_MCP_DISABLED_TOOLS                            
                    INFO     Disabled tool 'lean_declaration_file' server.py:115
                             via LEAN_MCP_DISABLED_TOOLS                        
                    INFO     Disabled tool                         server.py:115
                             'lean_diagnostic_messages' via                     
                             LEAN_MCP_DISABLED_TOOLS                            
                    INFO     Disabled tool 'lean_file_outline' via server.py:115
                             LEAN_MCP_DISABLED_TOOLS                            
                    INFO     Disabled tool                         server.py:115
                             'lean_get_widget_source' via                       
                             LEAN_MCP_DISABLED_TOOLS                            
                    INFO     Disabled tool 'lean_get_widgets' via  server.py:115
                             LEAN_MCP_DISABLED_TOOLS                            
                    INFO     Disabled tool 'lean_goal' via         server.py:115
                             LEAN_MCP_DISABLED_TOOLS                            
                    INFO     Disabled tool 'lean_hover_info' via   server.py:115
                             LEAN_MCP_DISABLED_TOOLS                            
                    INFO     Disabled tool 'lean_references' via   server.py:115
                             LEAN_MCP_DISABLED_TOOLS                            
                    INFO     Disabled tool 'lean_term_goal' via    server.py:115
                             LEAN_MCP_DISABLED_TOOLS                            
                    INFO     REPL enabled, using:                  server.py:322
                             /home/amirnabiyev/Conjecture_Prover/.              
                             lake/packages/repl/.lake/build/bin/re              
                             pl                                                 
                    INFO     REPL initialized: timeout=60s         server.py:325
[08/26/26 20:06:24] INFO     Session ending — cleaning up          server.py:360
                             per-session resources                              
[08/26/26 20:06:30] INFO     Disabled tool 'lean_build' via        server.py:115
                             LEAN_MCP_DISABLED_TOOLS                            
                    INFO     Disabled tool 'lean_completions' via  server.py:115
                             LEAN_MCP_DISABLED_TOOLS                            
                    INFO     Disabled tool 'lean_declaration_file' server.py:115
                             via LEAN_MCP_DISABLED_TOOLS                        
                    INFO     Disabled tool                         server.py:115
                             'lean_diagnostic_messages' via                     
                             LEAN_MCP_DISABLED_TOOLS                            
                    INFO     Disabled tool 'lean_file_outline' via server.py:115
                             LEAN_MCP_DISABLED_TOOLS                            
                    INFO     Disabled tool                         server.py:115
                             'lean_get_widget_source' via                       
                             LEAN_MCP_DISABLED_TOOLS                            
                    INFO     Disabled tool 'lean_get_widgets' via  server.py:115
                             LEAN_MCP_DISABLED_TOOLS                            
                    INFO     Disabled tool 'lean_goal' via         server.py:115
                             LEAN_MCP_DISABLED_TOOLS                            
                    INFO     Disabled tool 'lean_hover_info' via   server.py:115
                             LEAN_MCP_DISABLED_TOOLS                            
                    INFO     Disabled tool 'lean_references' via   server.py:115
                             LEAN_MCP_DISABLED_TOOLS                            
                    INFO     Disabled tool 'lean_term_goal' via    server.py:115
                             LEAN_MCP_DISABLED_TOOLS                            
                    INFO     REPL enabled, using:                  server.py:322
                             /home/amirnabiyev/Conjecture_Prover/.              
                             lake/packages/repl/.lake/build/bin/re              
                             pl                                                 
                    INFO     REPL initialized: timeout=60s         server.py:325
[08/26/26 20:06:36] INFO     Session ending — cleaning up          server.py:360
                             per-session resources                              
[08/26/26 20:06:37] INFO     Disabled tool 'lean_build' via        server.py:115
                             LEAN_MCP_DISABLED_TOOLS                            
                    INFO     Disabled tool 'lean_completions' via  server.py:115
                             LEAN_MCP_DISABLED_TOOLS                            
                    INFO     Disabled tool 'lean_declaration_file' server.py:115
                             via LEAN_MCP_DISABLED_TOOLS                        
                    INFO     Disabled tool                         server.py:115
                             'lean_diagnostic_messages' via                     
                             LEAN_MCP_DISABLED_TOOLS                            
                    INFO     Disabled tool 'lean_file_outline' via server.py:115
                             LEAN_MCP_DISABLED_TOOLS                            
                    INFO     Disabled tool                         server.py:115
                             'lean_get_widget_source' via                       
                             LEAN_MCP_DISABLED_TOOLS                            
                    INFO     Disabled tool 'lean_get_widgets' via  server.py:115
                             LEAN_MCP_DISABLED_TOOLS                            
                    INFO     Disabled tool 'lean_goal' via         server.py:115
                             LEAN_MCP_DISABLED_TOOLS                            
                    INFO     Disabled tool 'lean_hover_info' via   server.py:115
                             LEAN_MCP_DISABLED_TOOLS                            
                    INFO     Disabled tool 'lean_references' via   server.py:115
                             LEAN_MCP_DISABLED_TOOLS                            
                    INFO     Disabled tool 'lean_term_goal' via    server.py:115
                             LEAN_MCP_DISABLED_TOOLS                            
                    INFO     REPL enabled, using:                  server.py:322
                             /home/amirnabiyev/Conjecture_Prover/.              
                             lake/packages/repl/.lake/build/bin/re              
                             pl                                                 
                    INFO     REPL initialized: timeout=60s         server.py:325


============================================================
🔍 PROVE LEMMA: ringKrullDim_eq_of_injective_integral_algebra  (max 20 turns)
============================================================


============================================================
🔍 PROVE LEMMA: ringKrullDim_quot_annihilator_eq  (max 20 turns)
============================================================

   🔌 MCP client ready for lemma 'quotientAnnihilator_isIntegral' (proof-only mode)
   🔌 MCP client ready for lemma 'ringKrullDim_eq_of_injective_integral_algebra' (proof-only mode)
   🔌 MCP client ready for lemma 'ringKrullDim_quot_annihilator_eq' (proof-only mode)
   🔌 MCP client ready for lemma 'annihilator_comap' (proof-only mode)
   🔌 MCP client ready for lemma 'quotientAnnihilator_injective' (proof-only mode)
   🛠️  PL-ringKrullDim_quot_annihilator_eq AI made 5 tool call(s):
 → lean_local_search
 → lean_local_search
 → lean_local_search
 → lean_local_search
 → lean_local_search
   🛠️  PL-quotientAnnihilator_isIntegral AI made 2 tool call(s):
 → lean_loogle
 → lean_local_search
   🛠️  PL-ringKrullDim_eq_of_injective_integral_algebra AI made 4 tool call(s):
 → lean_loogle
 → lean_loogle
 → lean_loogle
 → lean_loogle
   🛠️  PL-annihilator_comap AI made 1 tool call(s):
 → lean_run_code
   💬 PL-quotientAnnihilator_isIntegral AI says: `Algebra.IsIntegral.quotient` is an instance with exactly the right type. Let me test the proof:
   🛠️  PL-quotientAnnihilator_isIntegral AI made 1 tool call(s):
 → lean_run_code
   🛠️  PL-ringKrullDim_eq_of_injective_integral_algebra AI made 3 tool call(s):
 → lean_loogle
 → lean_loogle
 → lean_loogle
   💬 PL-ringKrullDim_quot_annihilator_eq AI says: Let me look at the source file to understand the exact statements of the dependencies.
   🛠️  PL-ringKrullDim_quot_annihilator_eq AI made 1 tool call(s):
 → lean_run_code
   💬 PL-quotientAnnihilator_isIntegral AI says: The proof compiles cleanly. Let me verify once more with the exact context (using `infer_instance` alternative to double-check) — actually, the direct `exact` already succeeded with zero diagnostics. The proof is complete.

1. Target: `quotientAnnihilator_isIntegral`
2. Status: VERIFIED
3. Validated Lean code block:
   ```lean
   lemma quotientAnnihilator_isIntegral {R S M : Type} [CommRing R] [CommRing S] [AddCommGroup M] [Algebra R S]
       [Module S M] [Module R M] [IsScalarTower R S M] [Alg
      ... (1420 total chars)
   ✅ Lemma 'quotientAnnihilator_isIntegral' appears proved (turn 3)
   💬 PL-annihilator_comap AI says: The issue is with implicit argument order in `IsScalarTower.algebraMap_smul`. Let me fix by naming the implicit `R`:
   🛠️  PL-annihilator_comap AI made 1 tool call(s):
 → lean_run_code
   💬 PL-ringKrullDim_quot_annihilator_eq AI says: The dependencies are local to the source file. Let me try importing the project module to see its statements.
   🛠️  PL-ringKrullDim_quot_annihilator_eq AI made 1 tool call(s):
 → lean_run_code
   🛠️  PL-quotientAnnihilator_injective AI made 2 tool call(s):
 → search_mathlib_docs_multi
 → lean_local_search
   💬 PL-annihilator_comap AI says: Directions were swapped. Fix:
   🛠️  PL-annihilator_comap AI made 1 tool call(s):
 → lean_run_code
   💬 PL-ringKrullDim_eq_of_injective_integral_algebra AI says: Let me look at the relevant Mathlib modules to understand the definitions and available lemmas.
   🛠️  PL-ringKrullDim_eq_of_injective_integral_algebra AI made 3 tool call(s):
 → lean_loogle
 → search_mathlib_docs
 → search_mathlib_docs
   🛠️  PL-quotientAnnihilator_injective AI made 3 tool call(s):
 → lean_loogle
 → lean_loogle
 → lean_loogle
   💬 PL-ringKrullDim_eq_of_injective_integral_algebra AI says: Interesting — there's `Algebra.HasGoingUp`. Let me check that module and whether there are existing Krull-dimension results for integral extensions.
   🛠️  PL-ringKrullDim_eq_of_injective_integral_algebra AI made 3 tool call(s):
 → lean_loogle
 → search_mathlib_docs
 → search_mathlib_docs
   💬 PL-ringKrullDim_quot_annihilator_eq AI says: All four dependencies are available. Now let me test the proof directly.
   🛠️  PL-ringKrullDim_quot_annihilator_eq AI made 1 tool call(s):
 → lean_run_code
   💬 PL-annihilator_comap AI says: The proof compiles cleanly. Let me verify it in the exact declaration context with the blueprint attribute:
   🛠️  PL-annihilator_comap AI made 1 tool call(s):
 → lean_run_code
   🛠️  PL-ringKrullDim_eq_of_injective_integral_algebra AI made 2 tool call(s):
 → search_mathlib_docs
 → lean_loogle
   🛠️  PL-quotientAnnihilator_injective AI made 1 tool call(s):
 → search_mathlib_docs_multi
   🛠️  PL-quotientAnnihilator_injective AI made 2 tool call(s):
 → lean_loogle
 → lean_loogle
   💬 PL-ringKrullDim_quot_annihilator_eq AI says: The `rw` is matching both occurrences of `Module.annihilator` (the `S`-one too), creating a stuck metavariable. Let me restrict to the RHS with `conv_rhs`.
   🛠️  PL-ringKrullDim_quot_annihilator_eq AI made 1 tool call(s):
 → lean_run_code
   💬 PL-annihilator_comap AI says: The proof body compiles (the errors are only from the `@[blueprint]` attribute, which is a project-specific attribute not defined in my standalone REPL environment — it exists in the actual source file). The proof itself was verified cleanly in the previous snippet.

1. Target: `annihilator_comap`
2. Status: VERIFIED
3. Validated Lean code block:
   ```lean
   /-- The `R`-annihilator of an `S`-module `M` (viewed as an `R`-module by restriction of scalars)
   is exactly the contraction of its `S`
      ... (3295 total chars)
   ✅ Lemma 'annihilator_comap' appears proved (turn 5)
   🛠️  PL-quotientAnnihilator_injective AI made 1 tool call(s):
 → lean_run_code
   💬 PL-ringKrullDim_eq_of_injective_integral_algebra AI says: Let me inspect the actual definitions in Mathlib.
   🛠️  PL-ringKrullDim_eq_of_injective_integral_algebra AI made 1 tool call(s):
 → lean_run_code
   🛠️  PL-quotientAnnihilator_injective AI made 1 tool call(s):
 → lean_run_code
   💬 PL-ringKrullDim_quot_annihilator_eq AI says: The rewrite introduces a fresh metavariable for `S`. I need to pin `R` and `S` explicitly:
   🛠️  PL-ringKrullDim_quot_annihilator_eq AI made 1 tool call(s):
 → lean_run_code
   🛠️  PL-quotientAnnihilator_injective AI made 1 tool call(s):
 → lean_run_code
   💬 PL-ringKrullDim_quot_annihilator_eq AI says: It compiles cleanly. Let me verify there are no hidden axioms and that the proof works with the exact original theorem name/statement.
   🛠️  PL-ringKrullDim_quot_annihilator_eq AI made 1 tool call(s):
 → lean_run_code
   💬 PL-ringKrullDim_quot_annihilator_eq AI says: The name collides with the existing (sorry) declaration. Let me check axioms of my version under a fresh name:
   🛠️  PL-ringKrullDim_quot_annihilator_eq AI made 1 tool call(s):
 → lean_run_code
   💬 PL-ringKrullDim_quot_annihilator_eq AI says: The `sorryAx` likely comes from the current placeholder state of the file's dependencies. Let me check:
   🛠️  PL-ringKrullDim_quot_annihilator_eq AI made 1 tool call(s):
 → lean_run_code
   💬 PL-quotientAnnihilator_injective AI says: The algebra instance is `Ideal.instAlgebraQuotientComapRingHomAlgebraMap` and the algebraMap is the lift. Let me test the direct proof approach.
   🛠️  PL-quotientAnnihilator_injective AI made 1 tool call(s):
 → lean_run_code
   💬 PL-ringKrullDim_quot_annihilator_eq AI says: The proof compiles cleanly. The `sorryAx` in the axiom list comes from the dependencies' current placeholder state in the file (they're being proved by other subagents) — my proof body itself contains no `sorry` or `sorry_using`.

1. Target: `ringKrullDim_quot_annihilator_eq`
2. Status: VERIFIED
3. Validated Lean code block:
   ```lean
   theorem ringKrullDim_quot_annihilator_eq {R S M : Type} [CommRing R] [CommRing S] [AddCommGroup M] [Algebra R S]
       [Module S M] [Module R M] [IsScalarTowe[08/26/26 20:06:43] INFO     Session ending — cleaning up          server.py:360
                             per-session resources                              
[08/26/26 20:06:49] INFO     Disabled tool 'lean_build' via        server.py:115
                             LEAN_MCP_DISABLED_TOOLS                            
                    INFO     Disabled tool 'lean_completions' via  server.py:115
                             LEAN_MCP_DISABLED_TOOLS                            
                    INFO     Disabled tool 'lean_declaration_file' server.py:115
                             via LEAN_MCP_DISABLED_TOOLS                        
                    INFO     Disabled tool                         server.py:115
                             'lean_diagnostic_messages' via                     
                             LEAN_MCP_DISABLED_TOOLS                            
                    INFO     Disabled tool 'lean_file_outline' via server.py:115
                             LEAN_MCP_DISABLED_TOOLS                            
                    INFO     Disabled tool                         server.py:115
                             'lean_get_widget_source' via                       
                             LEAN_MCP_DISABLED_TOOLS                            
                    INFO     Disabled tool 'lean_get_widgets' via  server.py:115
                             LEAN_MCP_DISABLED_TOOLS                            
                    INFO     Disabled tool 'lean_goal' via         server.py:115
                             LEAN_MCP_DISABLED_TOOLS                            
                    INFO     Disabled tool 'lean_hover_info' via   server.py:115
                             LEAN_MCP_DISABLED_TOOLS                            
                    INFO     Disabled tool 'lean_references' via   server.py:115
                             LEAN_MCP_DISABLED_TOOLS                            
                    INFO     Disabled tool 'lean_term_goal' via    server.py:115
                             LEAN_MCP_DISABLED_TOOLS                            
                    INFO     REPL enabled, using:                  server.py:322
                             /home/amirnabiyev/Conjecture_Prover/.              
                             lake/packages/repl/.lake/build/bin/re              
                             pl                                                 
                    INFO     REPL initialized: timeout=60s         server.py:325
[08/26/26 20:06:52] INFO     Session ending — cleaning up          server.py:360
                             per-session resources                              
[08/26/26 20:06:54] INFO     Disabled tool 'lean_build' via        server.py:115
                             LEAN_MCP_DISABLED_TOOLS                            
                    INFO     Disabled tool 'lean_completions' via  server.py:115
                             LEAN_MCP_DISABLED_TOOLS                            
                    INFO     Disabled tool 'lean_declaration_file' server.py:115
                             via LEAN_MCP_DISABLED_TOOLS                        
                    INFO     Disabled tool                         server.py:115
                             'lean_diagnostic_messages' via                     
                             LEAN_MCP_DISABLED_TOOLS                            
                    INFO     Disabled tool 'lean_file_outline' via server.py:115
                             LEAN_MCP_DISABLED_TOOLS                            
                    INFO     Disabled tool                         server.py:115
                             'lean_get_widget_source' via                       
                             LEAN_MCP_DISABLED_TOOLS                            
                    INFO     Disabled tool 'lean_get_widgets' via  server.py:115
                             LEAN_MCP_DISABLED_TOOLS                            
                    INFO     Disabled tool 'lean_goal' via         server.py:115
                             LEAN_MCP_DISABLED_TOOLS                            
                    INFO     Disabled tool 'lean_hover_info' via   server.py:115
                             LEAN_MCP_DISABLED_TOOLS                            
                    INFO     Disabled tool 'lean_references' via   server.py:115
                             LEAN_MCP_DISABLED_TOOLS                            
                    INFO     Disabled tool 'lean_term_goal' via    server.py:115
                             LEAN_MCP_DISABLED_TOOLS                            
                    INFO     REPL enabled, using:                  server.py:322
                             /home/amirnabiyev/Conjecture_Prover/.              
                             lake/packages/repl/.lake/build/bin/re              
                             pl                                                 
                    INFO     REPL initialized: timeout=60s         server.py:325
[08/26/26 20:06:58] INFO     Disabled tool 'lean_build' via        server.py:115
                             LEAN_MCP_DISABLED_TOOLS                            
                    INFO     Disabled tool 'lean_completions' via  server.py:115
                             LEAN_MCP_DISABLED_TOOLS                            
                    INFO     Disabled tool 'lean_declaration_file' server.py:115
                             via LEAN_MCP_DISABLED_TOOLS                        
                    INFO     Disabled tool                         server.py:115
                             'lean_diagnostic_messages' via                     
                             LEAN_MCP_DISABLED_TOOLS                            
                    INFO     Disabled tool 'lean_file_outline' via server.py:115
                             LEAN_MCP_DISABLED_TOOLS                            
                    INFO     Disabled tool                         server.py:115
                             'lean_get_widget_source' via                       
                             LEAN_MCP_DISABLED_TOOLS                            
                    INFO     Disabled tool 'lean_get_widgets' via  server.py:115
                             LEAN_MCP_DISABLED_TOOLS                            
                    INFO     Disabled tool 'lean_goal' via         server.py:115
                             LEAN_MCP_DISABLED_TOOLS                            
                    INFO     Disabled tool 'lean_hover_info' via   server.py:115
                             LEAN_MCP_DISABLED_TOOLS                            
                    INFO     Disabled tool 'lean_references' via   server.py:115
                             LEAN_MCP_DISABLED_TOOLS                            
                    INFO     Disabled tool 'lean_term_goal' via    server.py:115
                             LEAN_MCP_DISABLED_TOOLS                            
                    INFO     REPL enabled, using:                  server.py:322
                             /home/amirnabiyev/Conjecture_Prover/.              
                             lake/packages/repl/.lake/build/bin/re              
                             pl                                                 
                    INFO     REPL initialized: timeout=60s         server.py:325
[08/26/26 20:07:00] INFO     Session ending — cleaning up          server.py:360
                             per-session resources                              
[08/26/26 20:07:01] INFO     Session ending — cleaning up          server.py:360
                             per-session resources                              
[08/26/26 20:07:09] INFO     Disabled tool 'lean_build' via        server.py:115
                             LEAN_MCP_DISABLED_TOOLS                            
                    INFO     Disabled tool 'lean_completions' via  server.py:115
                             LEAN_MCP_DISABLED_TOOLS                            
                    INFO     Disabled tool 'lean_declaration_file' server.py:115
                             via LEAN_MCP_DISABLED_TOOLS                        
                    INFO     Disabled tool                         server.py:115
                             'lean_diagnostic_messages' via                     
                             LEAN_MCP_DISABLED_TOOLS                            
                    INFO     Disabled tool 'lean_file_outline' via server.py:115
                             LEAN_MCP_DISABLED_TOOLS                            
                    INFO     Disabled tool                         server.py:115
                             'lean_get_widget_source' via                       
                             LEAN_MCP_DISABLED_TOOLS                            
                    INFO     Disabled tool 'lean_get_widgets' via  server.py:115
                             LEAN_MCP_DISABLED_TOOLS                            
                    INFO     Disabled tool 'lean_goal' via         server.py:115
                             LEAN_MCP_DISABLED_TOOLS                            
                    INFO     Disabled tool 'lean_hover_info' via   server.py:115
                             LEAN_MCP_DISABLED_TOOLS                            
                    INFO     Disabled tool 'lean_references' via   server.py:115
                             LEAN_MCP_DISABLED_TOOLS                            
                    INFO     Disabled tool 'lean_term_goal' via    server.py:115
                             LEAN_MCP_DISABLED_TOOLS                            
                    INFO     REPL enabled, using:                  server.py:322
                             /home/amirnabiyev/Conjecture_Prover/.              
                             lake/packages/repl/.lake/build/bin/re              
                             pl                                                 
                    INFO     REPL initialized: timeout=60s         server.py:325
[08/26/26 20:07:12] INFO     Session ending — cleaning up          server.py:360
                             per-session resources                              
[08/26/26 20:07:16] INFO     Disabled tool 'lean_build' via        server.py:115
                             LEAN_MCP_DISABLED_TOOLS                            
                    INFO     Disabled tool 'lean_completions' via  server.py:115
                             LEAN_MCP_DISABLED_TOOLS                            
                    INFO     Disabled tool 'lean_declaration_file' server.py:115
                             via LEAN_MCP_DISABLED_TOOLS                        
                    INFO     Disabled tool                         server.py:115
                             'lean_diagnostic_messages' via                     
                             LEAN_MCP_DISABLED_TOOLS                            
                    INFO     Disabled tool 'lean_file_outline' via server.py:115
                             LEAN_MCP_DISABLED_TOOLS                            
                    INFO     Disabled tool                         server.py:115
                             'lean_get_widget_source' via                       
                             LEAN_MCP_DISABLED_TOOLS                            
                    INFO     Disabled tool 'lean_get_widgets' via  server.py:115
                             LEAN_MCP_DISABLED_TOOLS                            
                    INFO     Disabled tool 'lean_goal' via         server.py:115
                             LEAN_MCP_DISABLED_TOOLS                            
                    INFO     Disabled tool 'lean_hover_info' via   server.py:115
                             LEAN_MCP_DISABLED_TOOLS                            
                    INFO     Disabled tool 'lean_references' via   server.py:115
                             LEAN_MCP_DISABLED_TOOLS                            
                    INFO     Disabled tool 'lean_term_goal' via    server.py:115
                             LEAN_MCP_DISABLED_TOOLS                            
                    INFO     REPL enabled, using:                  server.py:322
                             /home/amirnabiyev/Conjecture_Prover/.              
                             lake/packages/repl/.lake/build/bin/re              
                             pl                                                 
                    INFO     REPL initialized: timeout=60s         server.py:325
[08/26/26 20:07:22] INFO     Session ending — cleaning up          server.py:360
                             per-session resources                              
[08/26/26 20:07:29] INFO     Disabled tool 'lean_build' via        server.py:115
                             LEAN_MCP_DISABLED_TOOLS                            
                    INFO     Disabled tool 'lean_completions' via  server.py:115
                             LEAN_MCP_DISABLED_TOOLS                            
                    INFO     Disabled tool 'lean_declaration_file' server.py:115
                             via LEAN_MCP_DISABLED_TOOLS                        
                    INFO     Disabled tool                         server.py:115
                             'lean_diagnostic_messages' via                     
                             LEAN_MCP_DISABLED_TOOLS                            
                    INFO     Disabled tool 'lean_file_outline' via server.py:115
                             LEAN_MCP_DISABLED_TOOLS                            
                    INFO     Disabled tool                         server.py:115
                             'lean_get_widget_source' via                       
                             LEAN_MCP_DISABLED_TOOLS                            
                    INFO     Disabled tool 'lean_get_widgets' via  server.py:115
                             LEAN_MCP_DISABLED_TOOLS                            
                    INFO     Disabled tool 'lean_goal' via         server.py:115
                             LEAN_MCP_DISABLED_TOOLS                            
                    INFO     Disabled tool 'lean_hover_info' via   server.py:115
                             LEAN_MCP_DISABLED_TOOLS                            
                    INFO     Disabled tool 'lean_references' via   server.py:115
                             LEAN_MCP_DISABLED_TOOLS                            
                    INFO     Disabled tool 'lean_term_goal' via    server.py:115
                             LEAN_MCP_DISABLED_TOOLS                            
                    INFO     REPL enabled, using:                  server.py:322
                             /home/amirnabiyev/Conjecture_Prover/.              
                             lake/packages/repl/.lake/build/bin/re              
                             pl                                                 
                    INFO     REPL initialized: timeout=60s         server.py:325
[08/26/26 20:07:35] INFO     Session ending — cleaning up          server.py:360
                             per-session resources                              
[08/26/26 20:07:49] INFO     Disabled tool 'lean_build' via        server.py:115
                             LEAN_MCP_DISABLED_TOOLS                            
                    INFO     Disabled tool 'lean_completions' via  server.py:115
                             LEAN_MCP_DISABLED_TOOLS                            
                    INFO     Disabled tool 'lean_declaration_file' server.py:115
                             via LEAN_MCP_DISABLED_TOOLS                        
                    INFO     Disabled tool                         server.py:115
                             'lean_diagnostic_messages' via                     
                             LEAN_MCP_DISABLED_TOOLS                            
                    INFO     Disabled tool 'lean_file_outline' via server.py:115
                             LEAN_MCP_DISABLED_TOOLS                            
                    INFO     Disabled tool                         server.py:115
                             'lean_get_widget_source' via                       
                             LEAN_MCP_DISABLED_TOOLS                            
                    INFO     Disabled tool 'lean_get_widgets' via  server.py:115
                             LEAN_MCP_DISABLED_TOOLS                            
                    INFO     Disabled tool 'lean_goal' via         server.py:115
                             LEAN_MCP_DISABLED_TOOLS                            
                    INFO     Disabled tool 'lean_hover_info' via   server.py:115
                             LEAN_MCP_DISABLED_TOOLS                            
                    INFO     Disabled tool 'lean_references' via   server.py:115
                             LEAN_MCP_DISABLED_TOOLS                            
                    INFO     Disabled tool 'lean_term_goal' via    server.py:115
                             LEAN_MCP_DISABLED_TOOLS                            
                    INFO     REPL enabled, using:                  server.py:322
                             /home/amirnabiyev/Conjecture_Prover/.              
                             lake/packages/repl/.lake/build/bin/re              
                             pl                                                 
                    INFO     REPL initialized: timeout=60s         server.py:325
[08/26/26 20:07:54] INFO     Disabled tool 'lean_build' via        server.py:115
                             LEAN_MCP_DISABLED_TOOLS                            
                    INFO     Disabled tool 'lean_completions' via  server.py:115
                             LEAN_MCP_DISABLED_TOOLS                            
                    INFO     Disabled tool 'lean_declaration_file' server.py:115
                             via LEAN_MCP_DISABLED_TOOLS                        
                    INFO     Disabled tool                         server.py:115
                             'lean_diagnostic_messages' via                     
                             LEAN_MCP_DISABLED_TOOLS                            
                    INFO     Disabled tool 'lean_file_outline' via server.py:115
                             LEAN_MCP_DISABLED_TOOLS                            
                    INFO     Disabled tool                         server.py:115
                             'lean_get_widget_source' via                       
                             LEAN_MCP_DISABLED_TOOLS                            
                    INFO     Disabled tool 'lean_get_widgets' via  server.py:115
                             LEAN_MCP_DISABLED_TOOLS                            
                    INFO     Disabled tool 'lean_goal' via         server.py:115
                             LEAN_MCP_DISABLED_TOOLS                            
                    INFO     Disabled tool 'lean_hover_info' via   server.py:115
                             LEAN_MCP_DISABLED_TOOLS                            
                    INFO     Disabled tool 'lean_references' via   server.py:115
                             LEAN_MCP_DISABLED_TOOLS                            
                    INFO     Disabled tool 'lean_term_goal' via    server.py:115
                             LEAN_MCP_DISABLED_TOOLS                            
                    INFO     REPL enabled, using:                  server.py:322
                             /home/amirnabiyev/Conjecture_Prover/.              
                             lake/packages/repl/.lake/build/bin/re              
                             pl                                                 
                    INFO     REPL initialized: timeout=60s         server.py:325
[08/26/26 20:07:56] INFO     Session ending — cleaning up          server.py:360
                             per-session resources                              
[08/26/26 20:07:57] INFO     Session ending — cleaning up          server.py:360
                             per-session resources                              
[08/26/26 20:08:19] INFO     Disabled tool 'lean_build' via        server.py:115
                             LEAN_MCP_DISABLED_TOOLS                            
                    INFO     Disabled tool 'lean_completions' via  server.py:115
                             LEAN_MCP_DISABLED_TOOLS                            
                    INFO     Disabled tool 'lean_declaration_file' server.py:115
                             via LEAN_MCP_DISABLED_TOOLS                        
                    INFO     Disabled tool                         server.py:115
                             'lean_diagnostic_messages' via                     
                             LEAN_MCP_DISABLED_TOOLS                            
                    INFO     Disabled tool 'lean_file_outline' via server.py:115
                             LEAN_MCP_DISABLED_TOOLS                            
                    INFO     Disabled tool                         server.py:115
                             'lean_get_widget_source' via                       
                             LEAN_MCP_DISABLED_TOOLS                            
                    INFO     Disabled tool 'lean_get_widgets' via  server.py:115
                             LEAN_MCP_DISABLED_TOOLS                            
                    INFO     Disabled tool 'lean_goal' via         server.py:115
                             LEAN_MCP_DISABLED_TOOLS                            
                    INFO     Disabled tool 'lean_hover_info' via   server.py:115
                             LEAN_MCP_DISABLED_TOOLS                            
                    INFO     Disabled tool 'lean_references' via   server.py:115
                             LEAN_MCP_DISABLED_TOOLS                            
                    INFO     Disabled tool 'lean_term_goal' via    server.py:115
                             LEAN_MCP_DISABLED_TOOLS                            
                    INFO     REPL enabled, using:                  server.py:322
                             /home/amirnabiyev/Conjecture_Prover/.              
                             lake/packages/repl/.lake/build/bin/re              
                             pl                                                 
                    INFO     REPL initialized: timeout=60s         server.py:325
[08/26/26 20:08:22] INFO     Session ending — cleaning up          server.py:360
                             per-session resources                              
[08/26/26 20:08:30] INFO     Disabled tool 'lean_build' via        server.py:115
                             LEAN_MCP_DISABLED_TOOLS                            
                    INFO     Disabled tool 'lean_completions' via  server.py:115
                             LEAN_MCP_DISABLED_TOOLS                            
                    INFO     Disabled tool 'lean_declaration_file' server.py:115
                             via LEAN_MCP_DISABLED_TOOLS                        
                    INFO     Disabled tool                         server.py:115
                             'lean_diagnostic_messages' via                     
                             LEAN_MCP_DISABLED_TOOLS                            
                    INFO     Disabled tool 'lean_file_outline' via server.py:115
                             LEAN_MCP_DISABLED_TOOLS                            
                    INFO     Disabled tool                         server.py:115
                             'lean_get_widget_source' via                       
                             LEAN_MCP_DISABLED_TOOLS                            
                    INFO     Disabled tool 'lean_get_widgets' via  server.py:115
                             LEAN_MCP_DISABLED_TOOLS                            
                    INFO     Disabled tool 'lean_goal' via         server.py:115
                             LEAN_MCP_DISABLED_TOOLS                            
                    INFO     Disabled tool 'lean_hover_info' via   server.py:115
                             LEAN_MCP_DISABLED_TOOLS                            
                    INFO     Disabled tool 'lean_references' via   server.py:115
                             LEAN_MCP_DISABLED_TOOLS                            
                    INFO     Disabled tool 'lean_term_goal' via    server.py:115
                             LEAN_MCP_DISABLED_TOOLS                            
                    INFO     REPL enabled, using:                  server.py:322
                             /home/amirnabiyev/Conjecture_Prover/.              
                             lake/packages/repl/.lake/build/bin/re              
                             pl                                                 
                    INFO     REPL initialized: timeout=60s         server.py:325
[08/26/26 20:08:34] INFO     Session ending — cleaning up          server.py:360
                             per-session resources                              
[08/26/26 20:08:43] INFO     Disabled tool 'lean_build' via        server.py:115
                             LEAN_MCP_DISABLED_TOOLS                            
                    INFO     Disabled tool 'lean_completions' via  server.py:115
                             LEAN_MCP_DISABLED_TOOLS                            
                    INFO     Disabled tool 'lean_declaration_file' server.py:115
                             via LEAN_MCP_DISABLED_TOOLS                        
                    INFO     Disabled tool                         server.py:115
                             'lean_diagnostic_messages' via                     
                             LEAN_MCP_DISABLED_TOOLS                            
                    INFO     Disabled tool 'lean_file_outline' via server.py:115
                             LEAN_MCP_DISABLED_TOOLS                            
                    INFO     Disabled tool                         server.py:115
                             'lean_get_widget_source' via                       
                             LEAN_MCP_DISABLED_TOOLS                            
                    INFO     Disabled tool 'lean_get_widgets' via  server.py:115
                             LEAN_MCP_DISABLED_TOOLS                            
                    INFO     Disabled tool 'lean_goal' via         server.py:115
                             LEAN_MCP_DISABLED_TOOLS                            
                    INFO     Disabled tool 'lean_hover_info' via   server.py:115
                             LEAN_MCP_DISABLED_TOOLS                            
                    INFO     Disabled tool 'lean_references' via   server.py:115
                             LEAN_MCP_DISABLED_TOOLS                            
                    INFO     Disabled tool 'lean_term_goal' via    server.py:115
                             LEAN_MCP_DISABLED_TOOLS                            
                    INFO     REPL enabled, using:                  server.py:322
                             /home/amirnabiyev/Conjecture_Prover/.              
                             lake/packages/repl/.lake/build/bin/re              
                             pl                                                 
                    INFO     REPL initialized: timeout=60s         server.py:325
[08/26/26 20:08:46] INFO     Session ending — cleaning up          server.py:360
                             per-session resources                              

      ... (2143 total chars)
   💬 PL-ringKrullDim_quot_annihilator_eq AI says: [TRIAL FEEDBACK]
Attempted: `rw [annihilator_comap]` (whole goal and via `conv_rhs`), then pinned implicit args `(R := R) (S := S)`.
Result: First two attempts failed with stuck `IsScalarTower` metavariables from over-eager pattern matching; the pinned-args version compiled with 0 errors.
Next plan: DONE — proof verified.
   ✅ Lemma 'ringKrullDim_quot_annihilator_eq' appears proved (turn 11)
   💬 PL-ringKrullDim_eq_of_injective_integral_algebra AI says: Let me check the details of `LiesOver`, `PrimeSpectrum` order, and the chain-lifting lemma.
   🛠️  PL-ringKrullDim_eq_of_injective_integral_algebra AI made 1 tool call(s):
 → lean_run_code
   🛠️  PL-quotientAnnihilator_injective AI made 1 tool call(s):
 → lean_run_code
   🛠️  PL-ringKrullDim_eq_of_injective_integral_algebra AI made 1 tool call(s):
 → lean_run_code
   🛠️  PL-ringKrullDim_eq_of_injective_integral_algebra AI made 1 tool call(s):
 → lean_run_code
   💬 PL-quotientAnnihilator_injective AI says: The `rfl` test passes at top level, so the lift is defeq to algebraMap. The issue must be in the lemma context. Let me investigate.
   🛠️  PL-quotientAnnihilator_injective AI made 1 tool call(s):
 → lean_run_code
   💬 PL-quotientAnnihilator_injective AI says: Both `change` tests pass now — the earlier failure was caused by the bad `A.Quotient` field access. Let me complete the proof.
   🛠️  PL-quotientAnnihilator_injective AI made 1 tool call(s):
 → lean_run_code
   💬 PL-quotientAnnihilator_injective AI says: The proof compiles cleanly with no diagnostics. Let me do a final review of the complete declaration with the blueprint attributes as in the source.
   🛠️  PL-quotientAnnihilator_injective AI made 1 tool call(s):
 → lean_run_code
   💬 PL-ringKrullDim_eq_of_injective_integral_algebra AI says: Now let me check whether `PrimeSpectrum`'s `isPrime` is an instance and test the comap strict-mono direction:
   🛠️  PL-ringKrullDim_eq_of_injective_integral_algebra AI made 1 tool call(s):
 → lean_run_code
   💬 PL-quotientAnnihilator_injective AI says: The `blueprint` attribute is project-specific (not in plain Mathlib), which is expected — the proof body itself compiled cleanly in the earlier run. The final deliverable:

1. **Target:** `quotientAnnihilator_injective`
2. **Status:** VERIFIED

3. **Validated Lean code block** (replace only the `sorry_using [...]` body):

```lean
lemma quotientAnnihilator_injective {R S M : Type} [CommRing R] [CommRing S] [AddCommGroup M] [Algebra R S]
    [Module S M] [Module R M] [IsScalarTower R S M] :
    Fu
      ... (2781 total chars)
   💬 PL-quotientAnnihilator_injective AI says: ```
[TRIAL FEEDBACK]
Attempted: (1) defined the induced map as `Ideal.Quotient.lift I ((Ideal.Quotient.mk A).comp f)`; (2) `change Function.Injective g`; (3) representative-based injectivity via `Ideal.Quotient.mk_surjective`, `Ideal.Quotient.lift_mk`, `Ideal.Quotient.eq`, `Ideal.mem_comap`, `map_sub`.
Result: Full lemma compiles with `import Mathlib` — 0 errors, no open goals, no `sorry`. Initial failure was a bad `A.Quotient` field access; fixed with `Ideal.Quotient.mk A`. Also confirmed `alge
      ... (603 total chars)
   💬 PL-quotientAnnihilator_injective AI says: **Deliverable**

1. **Target:** `quotientAnnihilator_injective`
2. **Status:** VERIFIED
3. **Validated Lean code block:**

```lean
lemma quotientAnnihilator_injective {R S M : Type} [CommRing R] [CommRing S] [AddCommGroup M] [Algebra R S]
    [Module S M] [Module R M] [IsScalarTower R S M] :
    Function.Injective (algebraMap (R ⧸ Ideal.comap (algebraMap R S) (Module.annihilator S M))
      (S ⧸ Module.annihilator S M)) := by
  let f : R →+* S := algebraMap R S
  let A : Ideal S := Module.annihi
      ... (2241 total chars)
   💬 PL-ringKrullDim_eq_of_injective_integral_algebra AI says: The `.mpr` with `by` block doesn't push the expected type. Let me use `rw` directly on the goal instead:
   🛠️  PL-ringKrullDim_eq_of_injective_integral_algebra AI made 1 tool call(s):
 → lean_run_code
   💬 PL-quotientAnnihilator_injective AI says: **Deliverable (final)**

1. **Target:** `quotientAnnihilator_injective`
2. **Status:** VERIFIED
3. **Validated Lean code block** (replaces the `sorry_using [...]` body; the surrounding declaration and `@[blueprint ...]` attributes stay as in the source file):

```lean
  let f : R →+* S := algebraMap R S
  let A : Ideal S := Module.annihilator S M
  let I : Ideal R := Ideal.comap f A
  let g : R ⧸ I →+* S ⧸ A :=
    Ideal.Quotient.lift I ((Ideal.Quotient.mk A).comp f) (by
      intro r hr
      e
      ... (3214 total chars)
   💬 PL-quotientAnnihilator_injective AI says: The proof for `quotientAnnihilator_injective` is complete and verified. The REPL confirmed it compiles with `import Mathlib` (0 errors, 0 open goals, no `sorry`/`sorry_using`). The final code block above is ready for insertion into the source file, replacing the `sorry_using [annihilator_comap]` body while preserving the surrounding declaration and blueprint attributes.
   💬 PL-quotientAnnihilator_injective AI says: The proof has been delivered and verified. Final summary:

- **Proof body:** Replaces `sorry_using [annihilator_comap]` with a direct representative-based injectivity proof via `Ideal.Quotient.lift`, `Ideal.Quotient.mk_surjective`, `Ideal.Quotient.lift_mk`, `Ideal.Quotient.eq`, `Ideal.mem_comap`, and `map_sub`.
- **Verification:** Compiled cleanly in the Lean REPL with `import Mathlib` — 0 errors, 0 open goals, no `sorry`/`sorry_using`.
- **Key insight:** The algebraMap of the quotient algebra `
      ... (702 total chars)
   💬 PL-quotientAnnihilator_injective AI says: The task is complete. The verified proof for `quotientAnnihilator_injective` has been delivered in the final code block above.
   ⚠️  Lemma 'quotientAnnihilator_injective': content is natural language, not Lean code — captured as feedback
   💬 PL-ringKrullDim_eq_of_injective_integral_algebra AI says: The core pieces work. Now let me test the full proof including the chain-lifting direction:
   🛠️  PL-ringKrullDim_eq_of_injective_integral_algebra AI made 1 tool call(s):
 → lean_run_code
   💬 PL-quotientAnnihilator_injective AI says: [FINAL PROPOSAL]
status: VERIFIED
new_str:
```lean
lemma quotientAnnihilator_injective {R S M : Type} [CommRing R] [CommRing S] [AddCommGroup M] [Algebra R S]
    [Module S M] [Module R M] [IsScalarTower R S M] :
    Function.Injective (algebraMap (R ⧸ Ideal.comap (algebraMap R S) (Module.annihilator S M))
      (S ⧸ Module.annihilator S M)) := by
  let f : R →+* S := algebraMap R S
  let A : Ideal S := Module.annihilator S M
  let I : Ideal R := Ideal.comap f A
  let g : R ⧸ I →+* S ⧸ A :=
    
      ... (1905 total chars)
   ⏰ Lemma 'quotientAnnihilator_injective': turn limit (20) reached
   💬 PL-ringKrullDim_eq_of_injective_integral_algebra AI says: The full proof compiles. Let me finalize using the non-deprecated `Ideal.IsIntegral.comap_lt_comap` (identical signature) to avoid warnings, with the exact target name:
   🛠️  PL-ringKrullDim_eq_of_injective_integral_algebra AI made 1 tool call(s):
 → lean_run_code
   💬 PL-ringKrullDim_eq_of_injective_integral_algebra AI says: The proof compiles cleanly with zero errors and zero warnings. Here's my final deliverable:

---

1. **Target:** `ringKrullDim_eq_of_injective_integral_algebra`
2. **Status:** VERIFIED
3. **Validated Lean code block:**

```lean
lemma ringKrullDim_eq_of_injective_integral_algebra {A B : Type} [CommRing A] [CommRing B] [Algebra A B]
    (hAB_inj : Function.Injective (algebraMap A B)) [Algebra.IsIntegral A B] :
    ringKrullDim B = ringKrullDim A := by
  -- dim B ≤ dim A via incomparability: comap 
      ... (4427 total chars)
   ✅ Lemma 'ringKrullDim_eq_of_injective_integral_algebra' appears proved (turn 14)

======================================================================
AGGREGATOR: Applying proofs (round 1)
   Received 5 proposal(s)
======================================================================
[08/26/26 20:08:59] INFO     REPL enabled, using:                  server.py:322
                             /home/amirnabiyev/Conjecture_Prover/.              
                             lake/packages/repl/.lake/build/bin/re              
                             pl                                                 
                    INFO     REPL initialized: timeout=60s         server.py:325
                    INFO     Session ending — cleaning up          server.py:360
                             per-session resources                              
[08/26/26 20:10:19] INFO     REPL enabled, using:                  server.py:322
                             /home/amirnabiyev/Conjecture_Prover/.              
                             lake/packages/repl/.lake/build/bin/re              
                             pl                                                 
                    INFO     REPL initialized: timeout=60s         server.py:325
[08/26/26 20:10:20] INFO     Shared async LSP client         client_utils.py:133
                             connected at                                       
                             /home/amirnabiyev/Conjecture_Pr                    
                             over                                               
[08/26/26 20:10:34] INFO     Session ending — cleaning up          server.py:360
                             per-session resources                              
Exception ignored in: <function BaseSubprocessTransport.__del__ at 0x732600879120>
Traceback (most recent call last):
  File "/usr/local/lib/python3.12/asyncio/base_subprocess.py", line 126, in __del__
    self.close()
  File "/usr/local/lib/python3.12/asyncio/base_subprocess.py", line 104, in close
    proto.pipe.close()
  File "/usr/local/lib/python3.12/asyncio/unix_events.py", line 767, in close
    self.write_eof()
  File "/usr/local/lib/python3.12/asyncio/unix_events.py", line 753, in write_eof
    self._loop.call_soon(self._call_connection_lost, None)
  File "/usr/local/lib/python3.12/asyncio/base_events.py", line 799, in call_soon
    self._check_closed()
  File "/usr/local/lib/python3.12/asyncio/base_events.py", line 545, in _check_closed
    raise RuntimeError('Event loop is closed')
RuntimeError: Event loop is closed
[08/26/26 20:10:42] INFO     REPL enabled, using:                  server.py:322
                             /home/amirnabiyev/Conjecture_Prover/.              
                             lake/packages/repl/.lake/build/bin/re              
                             pl                                                 
                    INFO     REPL initialized: timeout=60s         server.py:325
[08/26/26 20:10:43] INFO     Shared async LSP client         client_utils.py:133
                             connected at                                       
                             /home/amirnabiyev/Conjecture_Pr                    
                             over                                               
[08/26/26 20:11:12] INFO     Session ending — cleaning up          server.py:360
                             per-session resources                              
Exception ignored in: <function BaseSubprocessTransport.__del__ at 0x7ef40755d120>
Traceback (most recent call last):
  File "/usr/local/lib/python3.12/asyncio/base_subprocess.py", line 126, in __del__
    self.close()
  File "/usr/local/lib/python3.12/asyncio/base_subprocess.py", line 104, in close
    proto.pipe.close()
  File "/usr/local/lib/python3.12/asyncio/unix_events.py", line 767, in close
    self.write_eof()
  File "/usr/local/lib/python3.12/asyncio/unix_events.py", line 753, in write_eof
    self._loop.call_soon(self._call_connection_lost, None)
  File "/usr/local/lib/python3.12/asyncio/base_events.py", line 799, in call_soon
    self._check_closed()
  File "/usr/local/lib/python3.12/asyncio/base_events.py", line 545, in _check_closed
    raise RuntimeError('Event loop is closed')
RuntimeError: Event loop is closed
[08/26/26 20:11:42] INFO     REPL enabled, using:                  server.py:322
                             /home/amirnabiyev/Conjecture_Prover/.              
                             lake/packages/repl/.lake/build/bin/re              
                             pl                                                 
                    INFO     REPL initialized: timeout=60s         server.py:325
                    INFO     Session ending — cleaning up          server.py:360
                             per-session resources                              
[08/26/26 20:11:45] INFO     REPL enabled, using:                  server.py:322
                             /home/amirnabiyev/Conjecture_Prover/.              
                             lake/packages/repl/.lake/build/bin/re              
                             pl                                                 
                    INFO     REPL initialized: timeout=60s         server.py:325
                    INFO     Session ending — cleaning up          server.py:360
                             per-session resources                              
[08/26/26 20:13:26] INFO     REPL enabled, using:                  server.py:322
                             /home/amirnabiyev/Conjecture_Prover/.              
                             lake/packages/repl/.lake/build/bin/re              
                             pl                                                 
                    INFO     REPL initialized: timeout=60s         server.py:325
[08/26/26 20:13:28] INFO     Shared async LSP client         client_utils.py:133
                             connected at                                       
                             /home/amirnabiyev/Conjecture_Pr                    
                             over                                               
[08/26/26 20:13:42] INFO     Session ending — cleaning up          server.py:360
                             per-session resources                              
Exception ignored in: <function BaseSubprocessTransport.__del__ at 0x74d685041120>
Traceback (most recent call last):
  File "/usr/local/lib/python3.12/asyncio/base_subprocess.py", line 126, in __del__
    self.close()
  File "/usr/local/lib/python3.12/asyncio/base_subprocess.py", line 104, in close
    proto.pipe.close()
  File "/usr/local/lib/python3.12/asyncio/unix_events.py", line 767, in close
    self.write_eof()
  File "/usr/local/lib/python3.12/asyncio/unix_events.py", line 753, in write_eof
    self._loop.call_soon(self._call_connection_lost, None)
  File "/usr/local/lib/python3.12/asyncio/base_events.py", line 799, in call_soon
    self._check_closed()
  File "/usr/local/lib/python3.12/asyncio/base_events.py", line 545, in _check_closed
    raise RuntimeError('Event loop is closed')
RuntimeError: Event loop is closed
[08/26/26 20:13:43] INFO     REPL enabled, using:                  server.py:322
                             /home/amirnabiyev/Conjecture_Prover/.              
                             lake/packages/repl/.lake/build/bin/re              
                             pl                                                 
                    INFO     REPL initialized: timeout=60s         server.py:325
                    INFO     Session ending — cleaning up          server.py:360
                             per-session resources                              
[08/26/26 20:13:49] INFO     REPL enabled, using:                  server.py:322
                             /home/amirnabiyev/Conjecture_Prover/.              
                             lake/packages/repl/.lake/build/bin/re              
                             pl                                                 
                    INFO     REPL initialized: timeout=60s         server.py:325
[08/26/26 20:13:50] INFO     Session ending — cleaning up          server.py:360
                             per-session resources                              
[08/26/26 20:13:51] INFO     REPL enabled, using:                  server.py:322
                             /home/amirnabiyev/Conjecture_Prover/.              
                             lake/packages/repl/.lake/build/bin/re              
                             pl                                                 
                    INFO     REPL initialized: timeout=60s         server.py:325
                    INFO     Session ending — cleaning up          server.py:360
                             per-session resources                              
[08/26/26 20:14:25] INFO     REPL enabled, using:                  server.py:322
                             /home/amirnabiyev/Conjecture_Prover/.              
                             lake/packages/repl/.lake/build/bin/re              
                             pl                                                 
                    INFO     REPL initialized: timeout=60s         server.py:325
[08/26/26 20:14:25] INFO     REPL enabled, using:                  server.py:322
                             /home/amirnabiyev/Conjecture_Prover/.              
                             lake/packages/repl/.lake/build/bin/re              
                             pl                                                 
                    INFO     REPL initialized: timeout=60s         server.py:325
                    INFO     Session ending — cleaning up          server.py:360
                             per-session resources                              
                    INFO     Session ending — cleaning up          server.py:360
                             per-session resources                              

   💬 AG AI says: I'll process the four proposals. Let me start by validating them:

1. **annihilator_comap** — `new_str` contains prose wrapping a full Lean declaration (docstring + `@[blueprint]` + lemma with real proof body). Name/statement match. No `sorry`/`axiom`. Valid — I'll strip the prose wrapper.
2. **quotientAnnihilator_isIntegral** — same shape; valid.
3. **ringKrullDim_eq_of_injective_integral_algebra** — prose wrapper containing the lemma with a real proof body. Name/statement match; I'll keep the 
      ... (772 total chars)
   🛠️  AG AI made 3 tool call(s):
 → search_replace_workspace
 → search_replace_workspace
 → search_replace_workspace
   💬 AG AI says: All three replacements applied. Now validating the file:
   🛠️  AG AI made 1 tool call(s):
 → lean_diagnostic_messages
   💬 AG AI says: The file compiles successfully (`success: true`, no errors). The two `sorry` warnings at lines 110 and 189 are in declarations I did not touch — let me confirm they're pre-existing (unrelated to my edits) by checking the file outline:
   🛠️  AG AI made 1 tool call(s):
 → lean_file_outline
   💬 AG AI says: The file compiles cleanly (`success: true`, zero errors). The two remaining `sorry` warnings are in declarations I did not edit — line 189 is the `sorry_using` inside `ringKrullDim_quot_annihilator_eq` (whose proposal I rejected), and line 110 is another pre-existing placeholder declaration (`quotientAnnihilator_injective`). Neither is affected by my edits.

## Summary

**Processed all 4 proposals:**

| Lemma | Result |
|---|---|
| `annihilator_comap` | ✅ Applied — real proof via `ext r` + tower
      ... (1668 total chars)
   ✅ Aggregator LLM finished after 4 turn(s)
   📊 Blueprint JSON: 5 lemmas, 0 proved
   🚦 Route: aggregator → blueprint_refiner (round 1)

======================================================================
🔧 BLUEPRINT REFINER: Revising blueprint based on prover feedback
   Unproved lemmas to address: annihilator_comap, quotientAnnihilator_injective, quotientAnnihilator_isIntegral, ringKrullDim_eq_of_injective_integral_algebra, ringKrullDim_quot_annihilator_eq
     • annihilator_comap: [Turn 5] PROVED...
     • quotientAnnihilator_isIntegral: [Turn 3] PROVED...
     • quotientAnnihilator_injective: [Turn 14] ```
[TRIAL FEEDBACK]
Attempted: (1) defined the induced map as `Ideal.Quotient.lift I ((Ideal.Quotient.mk A).c...
     • ringKrullDim_eq_of_injective_integral_algebra: [Turn 14] The proof compiles cleanly with zero errors and zero warnings. Here's my final deliverable:

---

1. **Target:...
     • ringKrullDim_quot_annihilator_eq: [Turn 11] [TRIAL FEEDBACK]
Attempted: `rw [annihilator_comap]` (whole goal and via `conv_rhs`), then pinned implicit arg...
======================================================================

   🛠️  BR AI made 1 tool call(s):
 → read_workspace
   🚦 Routing: blueprint_refiner → tools_br
   🚦 Routing: tool_node → blueprint_refiner

======================================================================
🔧 BLUEPRINT REFINER: Revising blueprint based on prover feedback
   Unproved lemmas to address: annihilator_comap, quotientAnnihilator_injective, quotientAnnihilator_isIntegral, ringKrullDim_eq_of_injective_integral_algebra, ringKrullDim_quot_annihilator_eq
     • annihilator_comap: [Turn 5] PROVED...
     • quotientAnnihilator_isIntegral: [Turn 3] PROVED...
     • quotientAnnihilator_injective: [Turn 14] ```
[TRIAL FEEDBACK]
Attempted: (1) defined the induced map as `Ideal.Quotient.lift I ((Ideal.Quotient.mk A).c...
     • ringKrullDim_eq_of_injective_integral_algebra: [Turn 14] The proof compiles cleanly with zero errors and zero warnings. Here's my final deliverable:

---

1. **Target:...
     • ringKrullDim_quot_annihilator_eq: [Turn 11] [TRIAL FEEDBACK]
Attempted: `rw [annihilator_comap]` (whole goal and via `conv_rhs`), then pinned implicit arg...
======================================================================

   💬 BR AI says: Let me start by checking the current state of the workspace and validating it compiles, while searching Mathlib for relevant quotient-map lemmas.
   🛠️  BR AI made 2 tool call(s):
 → lean_diagnostic_messages
 → search_mathlib_docs_multi
   🚦 Routing: blueprint_refiner → tools_br
   🚦 Routing: tool_node → blueprint_refiner

======================================================================
🔧 BLUEPRINT REFINER: Revising blueprint based on prover feedback
   Unproved lemmas to address: annihilator_comap, quotientAnnihilator_injective, quotientAnnihilator_isIntegral, ringKrullDim_eq_of_injective_integral_algebra, ringKrullDim_quot_annihilator_eq
     • annihilator_comap: [Turn 5] PROVED...
     • quotientAnnihilator_isIntegral: [Turn 3] PROVED...
     • quotientAnnihilator_injective: [Turn 14] ```
[TRIAL FEEDBACK]
Attempted: (1) defined the induced map as `Ideal.Quotient.lift I ((Ideal.Quotient.mk A).c...
     • ringKrullDim_eq_of_injective_integral_algebra: [Turn 14] The proof compiles cleanly with zero errors and zero warnings. Here's my final deliverable:

---

1. **Target:...
     • ringKrullDim_quot_annihilator_eq: [Turn 11] [TRIAL FEEDBACK]
Attempted: `rw [annihilator_comap]` (whole goal and via `conv_rhs`), then pinned implicit arg...
======================================================================

   💬 BR AI says: The file compiles with only the two expected `sorry` warnings (the unproved `quotientAnnihilator_injective` at line 110 and the main theorem at line 189). Let me search for the exact quotient-kernel lemmas that would make the injectivity proof tractable.
   🛠️  BR AI made 2 tool call(s):
 → lean_leansearch
 → search_mathlib_docs_multi
   🚦 Routing: blueprint_refiner → tools_br
   🚦 Routing: tool_node → blueprint_refiner

======================================================================
🔧 BLUEPRINT REFINER: Revising blueprint based on prover feedback
   Unproved lemmas to address: annihilator_comap, quotientAnnihilator_injective, quotientAnnihilator_isIntegral, ringKrullDim_eq_of_injective_integral_algebra, ringKrullDim_quot_annihilator_eq
     • annihilator_comap: [Turn 5] PROVED...
     • quotientAnnihilator_isIntegral: [Turn 3] PROVED...
     • quotientAnnihilator_injective: [Turn 14] ```
[TRIAL FEEDBACK]
Attempted: (1) defined the induced map as `Ideal.Quotient.lift I ((Ideal.Quotient.mk A).c...
     • ringKrullDim_eq_of_injective_integral_algebra: [Turn 14] The proof compiles cleanly with zero errors and zero warnings. Here's my final deliverable:

---

1. **Target:...
     • ringKrullDim_quot_annihilator_eq: [Turn 11] [TRIAL FEEDBACK]
Attempted: `rw [annihilator_comap]` (whole goal and via `conv_rhs`), then pinned implicit arg...
======================================================================

   💬 BR AI says: I found the key Mathlib lemmas: `Ideal.injective_lift_iff`, `RingHom.lift_injective_of_ker_le_ideal`, and `Ideal.ker_quotient_lift`. Let me check a few more supporting lemmas (kernel of quotient map, kernel of composition).
   🛠️  BR AI made 2 tool call(s):
 → lean_leansearch
 → lean_loogle
   🚦 Routing: blueprint_refiner → tools_br
   🚦 Routing: tool_node → blueprint_refiner

======================================================================
🔧 BLUEPRINT REFINER: Revising blueprint based on prover feedback
   Unproved lemmas to address: annihilator_comap, quotientAnnihilator_injective, quotientAnnihilator_isIntegral, ringKrullDim_eq_of_injective_integral_algebra, ringKrullDim_quot_annihilator_eq
     • annihilator_comap: [Turn 5] PROVED...
     • quotientAnnihilator_isIntegral: [Turn 3] PROVED...
     • quotientAnnihilator_injective: [Turn 14] ```
[TRIAL FEEDBACK]
Attempted: (1) defined the induced map as `Ideal.Quotient.lift I ((Ideal.Quotient.mk A).c...
     • ringKrullDim_eq_of_injective_integral_algebra: [Turn 14] The proof compiles cleanly with zero errors and zero warnings. Here's my final deliverable:

---

1. **Target:...
     • ringKrullDim_quot_annihilator_eq: [Turn 11] [TRIAL FEEDBACK]
Attempted: `rw [annihilator_comap]` (whole goal and via `conv_rhs`), then pinned implicit arg...[08/26/26 20:14:27] INFO     REPL enabled, using:                  server.py:322
                             /home/amirnabiyev/Conjecture_Prover/.              
                             lake/packages/repl/.lake/build/bin/re              
                             pl                                                 
                    INFO     REPL initialized: timeout=60s         server.py:325
                    INFO     Session ending — cleaning up          server.py:360
                             per-session resources                              
[08/26/26 20:15:09] INFO     REPL enabled, using:                  server.py:322
                             /home/amirnabiyev/Conjecture_Prover/.              
                             lake/packages/repl/.lake/build/bin/re              
                             pl                                                 
                    INFO     REPL initialized: timeout=60s         server.py:325
[08/26/26 20:15:11] INFO     Shared async LSP client         client_utils.py:133
                             connected at                                       
                             /home/amirnabiyev/Conjecture_Pr                    
                             over                                               
[08/26/26 20:15:40] INFO     Session ending — cleaning up          server.py:360
                             per-session resources                              
Exception ignored in: <function BaseSubprocessTransport.__del__ at 0x70bd28a49120>
Traceback (most recent call last):
  File "/usr/local/lib/python3.12/asyncio/base_subprocess.py", line 126, in __del__
    self.close()
  File "/usr/local/lib/python3.12/asyncio/base_subprocess.py", line 104, in close
    proto.pipe.close()
  File "/usr/local/lib/python3.12/asyncio/unix_events.py", line 767, in close
    self.write_eof()
  File "/usr/local/lib/python3.12/asyncio/unix_events.py", line 753, in write_eof
    self._loop.call_soon(self._call_connection_lost, None)
  File "/usr/local/lib/python3.12/asyncio/base_events.py", line 799, in call_soon
    self._check_closed()
  File "/usr/local/lib/python3.12/asyncio/base_events.py", line 545, in _check_closed
    raise RuntimeError('Event loop is closed')
RuntimeError: Event loop is closed
[08/26/26 20:15:42] INFO     REPL enabled, using:                  server.py:322
                             /home/amirnabiyev/Conjecture_Prover/.              
                             lake/packages/repl/.lake/build/bin/re              
                             pl                                                 
                    INFO     REPL initialized: timeout=60s         server.py:325
                    INFO     Session ending — cleaning up          server.py:360
                             per-session resources                              
[08/26/26 20:15:45] INFO     REPL enabled, using:                  server.py:322
                             /home/amirnabiyev/Conjecture_Prover/.              
                             lake/packages/repl/.lake/build/bin/re              
                             pl                                                 
                    INFO     REPL initialized: timeout=60s         server.py:325
[08/26/26 20:15:46] INFO     Session ending — cleaning up          server.py:360
                             per-session resources                              
[08/26/26 20:15:47] INFO     REPL enabled, using:                  server.py:322
                             /home/amirnabiyev/Conjecture_Prover/.              
                             lake/packages/repl/.lake/build/bin/re              
                             pl                                                 
                    INFO     REPL initialized: timeout=60s         server.py:325
                    INFO     Session ending — cleaning up          server.py:360
                             per-session resources                              
[08/26/26 20:15:50] INFO     REPL enabled, using:                  server.py:322
                             /home/amirnabiyev/Conjecture_Prover/.              
                             lake/packages/repl/.lake/build/bin/re              
                             pl                                                 
                    INFO     REPL initialized: timeout=60s         server.py:325
[08/26/26 20:15:51] INFO     Session ending — cleaning up          server.py:360
                             per-session resources                              
[08/26/26 20:15:52] INFO     REPL enabled, using:                  server.py:322
                             /home/amirnabiyev/Conjecture_Prover/.              
                             lake/packages/repl/.lake/build/bin/re              
                             pl                                                 
                    INFO     REPL initialized: timeout=60s         server.py:325
                    INFO     Session ending — cleaning up          server.py:360
                             per-session resources                              
[08/26/26 20:15:56] INFO     REPL enabled, using:                  server.py:322
                             /home/amirnabiyev/Conjecture_Prover/.              
                             lake/packages/repl/.lake/build/bin/re              
                             pl                                                 
                    INFO     REPL initialized: timeout=60s         server.py:325
                    INFO     Session ending — cleaning up          server.py:360
                             per-session resources                              
[08/26/26 20:15:59] INFO     REPL enabled, using:                  server.py:322
                             /home/amirnabiyev/Conjecture_Prover/.              
                             lake/packages/repl/.lake/build/bin/re              
                             pl                                                 
                    INFO     REPL initialized: timeout=60s         server.py:325
[08/26/26 20:15:59] INFO     REPL enabled, using:                  server.py:322
                             /home/amirnabiyev/Conjecture_Prover/.              
                             lake/packages/repl/.lake/build/bin/re              
                             pl                                                 
                    INFO     REPL initialized: timeout=60s         server.py:325
[08/26/26 20:16:00] INFO     Session ending — cleaning up          server.py:360
                             per-session resources                              
[08/26/26 20:16:02] INFO     Built project and re-started LSP build_utils.py:187
                             client                                             
                    INFO     Session ending — cleaning up          server.py:360
                             per-session resources                              
Exception ignored in: <function BaseSubprocessTransport.__del__ at 0x7e9375205120>
Traceback (most recent call last):
  File "/usr/local/lib/python3.12/asyncio/base_subprocess.py", line 126, in __del__
    self.close()
  File "/usr/local/lib/python3.12/asyncio/base_subprocess.py", line 104, in close
    proto.pipe.close()
  File "/usr/local/lib/python3.12/asyncio/unix_events.py", line 767, in close
    self.write_eof()
  File "/usr/local/lib/python3.12/asyncio/unix_events.py", line 753, in write_eof
    self._loop.call_soon(self._call_connection_lost, None)
  File "/usr/local/lib/python3.12/asyncio/base_events.py", line 799, in call_soon
    self._check_closed()
  File "/usr/local/lib/python3.12/asyncio/base_events.py", line 545, in _check_closed
    raise RuntimeError('Event loop is closed')
RuntimeError: Event loop is closed
[08/26/26 20:16:04] INFO     REPL enabled, using:                  server.py:322
                             /home/amirnabiyev/Conjecture_Prover/.              
                             lake/packages/repl/.lake/build/bin/re              
                             pl                                                 
                    INFO     REPL initialized: timeout=60s         server.py:325
                    INFO     Session ending — cleaning up          server.py:360
                             per-session resources                              
[08/26/26 20:16:08] INFO     REPL enabled, using:                  server.py:322
                             /home/amirnabiyev/Conjecture_Prover/.              
                             lake/packages/repl/.lake/build/bin/re              
                             pl                                                 
                    INFO     REPL initialized: timeout=60s         server.py:325
                    INFO     Session ending — cleaning up          server.py:360
                             per-session resources                              
[08/26/26 20:16:10] INFO     REPL enabled, using:                  server.py:322
                             /home/amirnabiyev/Conjecture_Prover/.              
                             lake/packages/repl/.lake/build/bin/re              
                             pl                                                 
                    INFO     REPL initialized: timeout=60s         server.py:325
                    INFO     Session ending — cleaning up          server.py:360
                             per-session resources                              

======================================================================

   💬 BR AI says: The current file compiles cleanly (only the two expected `sorry` warnings). I found the key Mathlib lemmas:
- `Ideal.injective_lift_iff`: injectivity of `Ideal.Quotient.lift I f H` ⟺ `RingHom.ker f = I`
- `RingHom.comap_ker`: `Ideal.comap g (RingHom.ker f) = RingHom.ker (f.comp g)`
- `Ideal.mk_ker`: `RingHom.ker (Ideal.Quotient.mk I) = I`

Let me examine the project structure and the `Architect` module to understand the `sorry_using` machinery.
   🛠️  BR AI made 2 tool call(s):
 → list_directory
 → lean_file_outline
   🚦 Routing: blueprint_refiner → tools_br
   🚦 Routing: tool_node → blueprint_refiner

======================================================================
🔧 BLUEPRINT REFINER: Revising blueprint based on prover feedback
   Unproved lemmas to address: annihilator_comap, quotientAnnihilator_injective, quotientAnnihilator_isIntegral, ringKrullDim_eq_of_injective_integral_algebra, ringKrullDim_quot_annihilator_eq
     • annihilator_comap: [Turn 5] PROVED...
     • quotientAnnihilator_isIntegral: [Turn 3] PROVED...
     • quotientAnnihilator_injective: [Turn 14] ```
[TRIAL FEEDBACK]
Attempted: (1) defined the induced map as `Ideal.Quotient.lift I ((Ideal.Quotient.mk A).c...
     • ringKrullDim_eq_of_injective_integral_algebra: [Turn 14] The proof compiles cleanly with zero errors and zero warnings. Here's my final deliverable:

---

1. **Target:...
     • ringKrullDim_quot_annihilator_eq: [Turn 11] [TRIAL FEEDBACK]
Attempted: `rw [annihilator_comap]` (whole goal and via `conv_rhs`), then pinned implicit arg...
======================================================================

   🛠️  BR AI made 2 tool call(s):
 → lean_local_search
 → list_directory
   🚦 Routing: blueprint_refiner → tools_br
   🚦 Routing: tool_node → blueprint_refiner

======================================================================
🔧 BLUEPRINT REFINER: Revising blueprint based on prover feedback
   Unproved lemmas to address: annihilator_comap, quotientAnnihilator_injective, quotientAnnihilator_isIntegral, ringKrullDim_eq_of_injective_integral_algebra, ringKrullDim_quot_annihilator_eq
     • annihilator_comap: [Turn 5] PROVED...
     • quotientAnnihilator_isIntegral: [Turn 3] PROVED...
     • quotientAnnihilator_injective: [Turn 14] ```
[TRIAL FEEDBACK]
Attempted: (1) defined the induced map as `Ideal.Quotient.lift I ((Ideal.Quotient.mk A).c...
     • ringKrullDim_eq_of_injective_integral_algebra: [Turn 14] The proof compiles cleanly with zero errors and zero warnings. Here's my final deliverable:

---

1. **Target:...
     • ringKrullDim_quot_annihilator_eq: [Turn 11] [TRIAL FEEDBACK]
Attempted: `rw [annihilator_comap]` (whole goal and via `conv_rhs`), then pinned implicit arg...
======================================================================

   🛠️  BR AI made 2 tool call(s):
 → lean_local_search
 → list_directory
   🚦 Routing: blueprint_refiner → tools_br
   🚦 Routing: tool_node → blueprint_refiner

======================================================================
🔧 BLUEPRINT REFINER: Revising blueprint based on prover feedback
   Unproved lemmas to address: annihilator_comap, quotientAnnihilator_injective, quotientAnnihilator_isIntegral, ringKrullDim_eq_of_injective_integral_algebra, ringKrullDim_quot_annihilator_eq
     • annihilator_comap: [Turn 5] PROVED...
     • quotientAnnihilator_isIntegral: [Turn 3] PROVED...
     • quotientAnnihilator_injective: [Turn 14] ```
[TRIAL FEEDBACK]
Attempted: (1) defined the induced map as `Ideal.Quotient.lift I ((Ideal.Quotient.mk A).c...
     • ringKrullDim_eq_of_injective_integral_algebra: [Turn 14] The proof compiles cleanly with zero errors and zero warnings. Here's my final deliverable:

---

1. **Target:...
     • ringKrullDim_quot_annihilator_eq: [Turn 11] [TRIAL FEEDBACK]
Attempted: `rw [annihilator_comap]` (whole goal and via `conv_rhs`), then pinned implicit arg...
======================================================================

   🛠️  BR AI made 2 tool call(s):
 → list_directory
 → list_directory
   🚦 Routing: blueprint_refiner → tools_br
   🚦 Routing: tool_node → blueprint_refiner

======================================================================
🔧 BLUEPRINT REFINER: Revising blueprint based on prover feedback
   Unproved lemmas to address: annihilator_comap, quotientAnnihilator_injective, quotientAnnihilator_isIntegral, ringKrullDim_eq_of_injective_integral_algebra, ringKrullDim_quot_annihilator_eq
     • annihilator_comap: [Turn 5] PROVED...
     • quotientAnnihilator_isIntegral: [Turn 3] PROVED...
     • quotientAnnihilator_injective: [Turn 14] ```
[TRIAL FEEDBACK]
Attempted: (1) defined the induced map as `Ideal.Quotient.lift I ((Ideal.Quotient.mk A).c...
     • ringKrullDim_eq_of_injective_integral_algebra: [Turn 14] The proof compiles cleanly with zero errors and zero warnings. Here's my final deliverable:

---

1. **Target:...
     • ringKrullDim_quot_annihilator_eq: [Turn 11] [TRIAL FEEDBACK]
Attempted: `rw [annihilator_comap]` (whole goal and via `conv_rhs`), then pinned implicit arg...
======================================================================

   🛠️  BR AI made 2 tool call(s):
 → lean_build
 → lean_loogle
   🚦 Routing: blueprint_refiner → tools_br
   🚦 Routing: tool_node → blueprint_refiner

======================================================================
🔧 BLUEPRINT REFINER: Revising blueprint based on prover feedback
   Unproved lemmas to address: annihilator_comap, quotientAnnihilator_injective, quotientAnnihilator_isIntegral, ringKrullDim_eq_of_injective_integral_algebra, ringKrullDim_quot_annihilator_eq
     • annihilator_comap: [Turn 5] PROVED...
     • quotientAnnihilator_isIntegral: [Turn 3] PROVED...
     • quotientAnnihilator_injective: [Turn 14] ```
[TRIAL FEEDBACK]
Attempted: (1) defined the induced map as `Ideal.Quotient.lift I ((Ideal.Quotient.mk A).c...
     • ringKrullDim_eq_of_injective_integral_algebra: [Turn 14] The proof compiles cleanly with zero errors and zero warnings. Here's my final deliverable:

---

1. **Target:...
     • ringKrullDim_quot_annihilator_eq: [Turn 11] [TRIAL FEEDBACK]
Attempted: `rw [annihilator_comap]` (whole goal and via `conv_rhs`), then pinned implicit arg...
======================================================================

   💬 BR AI says: The project builds successfully. Let me check the lakefile and locate the `Architect` module.
   🛠️  BR AI made 2 tool call(s):
 → read_workspace
 → lean_local_search
   🚦 Routing: blueprint_refiner → tools_br
   🚦 Routing: tool_node → blueprint_refiner

======================================================================
🔧 BLUEPRINT REFINER: Revising blueprint based on prover feedback
   Unproved lemmas to address: annihilator_comap, quotientAnnihilator_injective, quotientAnnihilator_isIntegral, ringKrullDim_eq_of_injective_integral_algebra, ringKrullDim_quot_annihilator_eq
     • annihilator_comap: [Turn 5] PROVED...
     • quotientAnnihilator_isIntegral: [Turn 3] PROVED...
     • quotientAnnihilator_injective: [Turn 14] ```
[TRIAL FEEDBACK]
Attempted: (1) defined the induced map as `Ideal.Quotient.lift I ((Ideal.Quotient.mk A).c...
     • ringKrullDim_eq_of_injective_integral_algebra: [Turn 14] The proof compiles cleanly with zero errors and zero warnings. Here's my final deliverable:

---

1. **Target:...
     • ringKrullDim_quot_annihilator_eq: [Turn 11] [TRIAL FEEDBACK]
Attempted: `rw [annihilator_comap]` (whole goal and via `conv_rhs`), then pinned implicit arg...
======================================================================

   🛠️  BR AI made 1 tool call(s):
 → read_workspace
   🚦 Routing: blueprint_refiner → tools_br
   🚦 Routing: tool_node → blueprint_refiner

======================================================================
🔧 BLUEPRINT REFINER: Revising blueprint based on prover feedback
   Unproved lemmas to address: annihilator_comap, quotientAnnihilator_injective, quotientAnnihilator_isIntegral, ringKrullDim_eq_of_injective_integral_algebra, ringKrullDim_quot_annihilator_eq[08/26/26 20:16:14] INFO     REPL enabled, using:                  server.py:322
                             /home/amirnabiyev/Conjecture_Prover/.              
                             lake/packages/repl/.lake/build/bin/re              
                             pl                                                 
                    INFO     REPL initialized: timeout=60s         server.py:325
                    INFO     Session ending — cleaning up          server.py:360
                             per-session resources                              
[08/26/26 20:16:17] INFO     REPL enabled, using:                  server.py:322
                             /home/amirnabiyev/Conjecture_Prover/.              
                             lake/packages/repl/.lake/build/bin/re              
                             pl                                                 
                    INFO     REPL initialized: timeout=60s         server.py:325
                    INFO     Session ending — cleaning up          server.py:360
                             per-session resources                              
[08/26/26 20:16:21] INFO     REPL enabled, using:                  server.py:322
                             /home/amirnabiyev/Conjecture_Prover/.              
                             lake/packages/repl/.lake/build/bin/re              
                             pl                                                 
                    INFO     REPL initialized: timeout=60s         server.py:325
                    INFO     Session ending — cleaning up          server.py:360
                             per-session resources                              
[08/26/26 20:16:24] INFO     REPL enabled, using:                  server.py:322
                             /home/amirnabiyev/Conjecture_Prover/.              
                             lake/packages/repl/.lake/build/bin/re              
                             pl                                                 
                    INFO     REPL initialized: timeout=60s         server.py:325
                    INFO     Session ending — cleaning up          server.py:360
                             per-session resources                              
[08/26/26 20:16:27] INFO     REPL enabled, using:                  server.py:322
                             /home/amirnabiyev/Conjecture_Prover/.              
                             lake/packages/repl/.lake/build/bin/re              
                             pl                                                 
                    INFO     REPL initialized: timeout=60s         server.py:325
                    INFO     Session ending — cleaning up          server.py:360
                             per-session resources                              
[08/26/26 20:17:20] INFO     REPL enabled, using:                  server.py:322
                             /home/amirnabiyev/Conjecture_Prover/.              
                             lake/packages/repl/.lake/build/bin/re              
                             pl                                                 
                    INFO     REPL initialized: timeout=60s         server.py:325
                    INFO     Session ending — cleaning up          server.py:360
                             per-session resources                              

     • annihilator_comap: [Turn 5] PROVED...
     • quotientAnnihilator_isIntegral: [Turn 3] PROVED...
     • quotientAnnihilator_injective: [Turn 14] ```
[TRIAL FEEDBACK]
Attempted: (1) defined the induced map as `Ideal.Quotient.lift I ((Ideal.Quotient.mk A).c...
     • ringKrullDim_eq_of_injective_integral_algebra: [Turn 14] The proof compiles cleanly with zero errors and zero warnings. Here's my final deliverable:

---

1. **Target:...
     • ringKrullDim_quot_annihilator_eq: [Turn 11] [TRIAL FEEDBACK]
Attempted: `rw [annihilator_comap]` (whole goal and via `conv_rhs`), then pinned implicit arg...
======================================================================

   🛠️  BR AI made 1 tool call(s):
 → list_directory
   🚦 Routing: blueprint_refiner → tools_br
   🚦 Routing: tool_node → blueprint_refiner

======================================================================
🔧 BLUEPRINT REFINER: Revising blueprint based on prover feedback
   Unproved lemmas to address: annihilator_comap, quotientAnnihilator_injective, quotientAnnihilator_isIntegral, ringKrullDim_eq_of_injective_integral_algebra, ringKrullDim_quot_annihilator_eq
     • annihilator_comap: [Turn 5] PROVED...
     • quotientAnnihilator_isIntegral: [Turn 3] PROVED...
     • quotientAnnihilator_injective: [Turn 14] ```
[TRIAL FEEDBACK]
Attempted: (1) defined the induced map as `Ideal.Quotient.lift I ((Ideal.Quotient.mk A).c...
     • ringKrullDim_eq_of_injective_integral_algebra: [Turn 14] The proof compiles cleanly with zero errors and zero warnings. Here's my final deliverable:

---

1. **Target:...
     • ringKrullDim_quot_annihilator_eq: [Turn 11] [TRIAL FEEDBACK]
Attempted: `rw [annihilator_comap]` (whole goal and via `conv_rhs`), then pinned implicit arg...
======================================================================

   🛠️  BR AI made 1 tool call(s):
 → list_directory
   🚦 Routing: blueprint_refiner → tools_br
   🚦 Routing: tool_node → blueprint_refiner

======================================================================
🔧 BLUEPRINT REFINER: Revising blueprint based on prover feedback
   Unproved lemmas to address: annihilator_comap, quotientAnnihilator_injective, quotientAnnihilator_isIntegral, ringKrullDim_eq_of_injective_integral_algebra, ringKrullDim_quot_annihilator_eq
     • annihilator_comap: [Turn 5] PROVED...
     • quotientAnnihilator_isIntegral: [Turn 3] PROVED...
     • quotientAnnihilator_injective: [Turn 14] ```
[TRIAL FEEDBACK]
Attempted: (1) defined the induced map as `Ideal.Quotient.lift I ((Ideal.Quotient.mk A).c...
     • ringKrullDim_eq_of_injective_integral_algebra: [Turn 14] The proof compiles cleanly with zero errors and zero warnings. Here's my final deliverable:

---

1. **Target:...
     • ringKrullDim_quot_annihilator_eq: [Turn 11] [TRIAL FEEDBACK]
Attempted: `rw [annihilator_comap]` (whole goal and via `conv_rhs`), then pinned implicit arg...
======================================================================

   🛠️  BR AI made 1 tool call(s):
 → read_workspace
   🚦 Routing: blueprint_refiner → tools_br
   🚦 Routing: tool_node → blueprint_refiner

======================================================================
🔧 BLUEPRINT REFINER: Revising blueprint based on prover feedback
   Unproved lemmas to address: annihilator_comap, quotientAnnihilator_injective, quotientAnnihilator_isIntegral, ringKrullDim_eq_of_injective_integral_algebra, ringKrullDim_quot_annihilator_eq
     • annihilator_comap: [Turn 5] PROVED...
     • quotientAnnihilator_isIntegral: [Turn 3] PROVED...
     • quotientAnnihilator_injective: [Turn 14] ```
[TRIAL FEEDBACK]
Attempted: (1) defined the induced map as `Ideal.Quotient.lift I ((Ideal.Quotient.mk A).c...
     • ringKrullDim_eq_of_injective_integral_algebra: [Turn 14] The proof compiles cleanly with zero errors and zero warnings. Here's my final deliverable:

---

1. **Target:...
     • ringKrullDim_quot_annihilator_eq: [Turn 11] [TRIAL FEEDBACK]
Attempted: `rw [annihilator_comap]` (whole goal and via `conv_rhs`), then pinned implicit arg...
======================================================================

   🛠️  BR AI made 1 tool call(s):
 → read_workspace
   🚦 Routing: blueprint_refiner → tools_br
   🚦 Routing: tool_node → blueprint_refiner

======================================================================
🔧 BLUEPRINT REFINER: Revising blueprint based on prover feedback
   Unproved lemmas to address: annihilator_comap, quotientAnnihilator_injective, quotientAnnihilator_isIntegral, ringKrullDim_eq_of_injective_integral_algebra, ringKrullDim_quot_annihilator_eq
     • annihilator_comap: [Turn 5] PROVED...
     • quotientAnnihilator_isIntegral: [Turn 3] PROVED...
     • quotientAnnihilator_injective: [Turn 14] ```
[TRIAL FEEDBACK]
Attempted: (1) defined the induced map as `Ideal.Quotient.lift I ((Ideal.Quotient.mk A).c...
     • ringKrullDim_eq_of_injective_integral_algebra: [Turn 14] The proof compiles cleanly with zero errors and zero warnings. Here's my final deliverable:

---

1. **Target:...
     • ringKrullDim_quot_annihilator_eq: [Turn 11] [TRIAL FEEDBACK]
Attempted: `rw [annihilator_comap]` (whole goal and via `conv_rhs`), then pinned implicit arg...
======================================================================

   💬 BR AI says: I now understand the machinery: `sorry_using [ids]` admits a goal while recording the listed constants as blueprint dependencies, and `proofUses` in the `@[blueprint]` attribute records proof-level dependencies (which become edges in the JSON).

**Analysis of the situation:**

- `annihilator_comap`, `quotientAnnihilator_isIntegral`, `ringKrullDim_eq_of_injective_integral_algebra` — PROVED with committed proofs. Keep untouched.
- `ringKrullDim_quot_annihilator_eq` — PROVED per feedback (simple `r
      ... (1475 total chars)
   🛠️  BR AI made 1 tool call(s):
 → search_replace_workspace
   🚦 Routing: blueprint_refiner → tools_br
   🚦 Routing: tool_node → blueprint_refiner

======================================================================
🔧 BLUEPRINT REFINER: Revising blueprint based on prover feedback
   Unproved lemmas to address: annihilator_comap, quotientAnnihilator_injective, quotientAnnihilator_isIntegral, ringKrullDim_eq_of_injective_integral_algebra, ringKrullDim_quot_annihilator_eq
     • annihilator_comap: [Turn 5] PROVED...
     • quotientAnnihilator_isIntegral: [Turn 3] PROVED...
     • quotientAnnihilator_injective: [Turn 14] ```
[TRIAL FEEDBACK]
Attempted: (1) defined the induced map as `Ideal.Quotient.lift I ((Ideal.Quotient.mk A).c...
     • ringKrullDim_eq_of_injective_integral_algebra: [Turn 14] The proof compiles cleanly with zero errors and zero warnings. Here's my final deliverable:

---

1. **Target:...
     • ringKrullDim_quot_annihilator_eq: [Turn 11] [TRIAL FEEDBACK]
Attempted: `rw [annihilator_comap]` (whole goal and via `conv_rhs`), then pinned implicit arg...
======================================================================

   🛠️  BR AI made 1 tool call(s):
 → search_replace_workspace
   🚦 Routing: blueprint_refiner → tools_br
   🚦 Routing: tool_node → blueprint_refiner

======================================================================
🔧 BLUEPRINT REFINER: Revising blueprint based on prover feedback
   Unproved lemmas to address: annihilator_comap, quotientAnnihilator_injective, quotientAnnihilator_isIntegral, ringKrullDim_eq_of_injective_integral_algebra, ringKrullDim_quot_annihilator_eq
     • annihilator_comap: [Turn 5] PROVED...
     • quotientAnnihilator_isIntegral: [Turn 3] PROVED...
     • quotientAnnihilator_injective: [Turn 14] ```
[TRIAL FEEDBACK]
Attempted: (1) defined the induced map as `Ideal.Quotient.lift I ((Ideal.Quotient.mk A).c...
     • ringKrullDim_eq_of_injective_integral_algebra: [Turn 14] The proof compiles cleanly with zero errors and zero warnings. Here's my final deliverable:

---

1. **Target:...
     • ringKrullDim_quot_annihilator_eq: [Turn 11] [TRIAL FEEDBACK]
Attempted: `rw [annihilator_comap]` (whole goal and via `conv_rhs`), then pinned implicit arg...[08/26/26 20:17:29] INFO     REPL enabled, using:                  server.py:322
                             /home/amirnabiyev/Conjecture_Prover/.              
                             lake/packages/repl/.lake/build/bin/re              
                             pl                                                 
                    INFO     REPL initialized: timeout=60s         server.py:325
                    INFO     Session ending — cleaning up          server.py:360
                             per-session resources                              
[08/26/26 20:17:32] INFO     REPL enabled, using:                  server.py:322
                             /home/amirnabiyev/Conjecture_Prover/.              
                             lake/packages/repl/.lake/build/bin/re              
                             pl                                                 
                    INFO     REPL initialized: timeout=60s         server.py:325
                    INFO     Session ending — cleaning up          server.py:360
                             per-session resources                              
[08/26/26 20:17:45] INFO     REPL enabled, using:                  server.py:322
                             /home/amirnabiyev/Conjecture_Prover/.              
                             lake/packages/repl/.lake/build/bin/re              
                             pl                                                 
                    INFO     REPL initialized: timeout=60s         server.py:325
                    INFO     Session ending — cleaning up          server.py:360
                             per-session resources                              
[08/26/26 20:17:48] INFO     REPL enabled, using:                  server.py:322
                             /home/amirnabiyev/Conjecture_Prover/.              
                             lake/packages/repl/.lake/build/bin/re              
                             pl                                                 
                    INFO     REPL initialized: timeout=60s         server.py:325
[08/26/26 20:17:50] INFO     Shared async LSP client         client_utils.py:133
                             connected at                                       
                             /home/amirnabiyev/Conjecture_Pr                    
                             over                                               
[08/26/26 20:18:03] INFO     Session ending — cleaning up          server.py:360
                             per-session resources                              
Exception ignored in: <function BaseSubprocessTransport.__del__ at 0x747618279120>
Traceback (most recent call last):
  File "/usr/local/lib/python3.12/asyncio/base_subprocess.py", line 126, in __del__
    self.close()
  File "/usr/local/lib/python3.12/asyncio/base_subprocess.py", line 104, in close
    proto.pipe.close()
  File "/usr/local/lib/python3.12/asyncio/unix_events.py", line 767, in close
    self.write_eof()
  File "/usr/local/lib/python3.12/asyncio/unix_events.py", line 753, in write_eof
    self._loop.call_soon(self._call_connection_lost, None)
  File "/usr/local/lib/python3.12/asyncio/base_events.py", line 799, in call_soon
    self._check_closed()
  File "/usr/local/lib/python3.12/asyncio/base_events.py", line 545, in _check_closed
    raise RuntimeError('Event loop is closed')
RuntimeError: Event loop is closed
[08/26/26 20:18:05] INFO     REPL enabled, using:                  server.py:322
                             /home/amirnabiyev/Conjecture_Prover/.              
                             lake/packages/repl/.lake/build/bin/re              
                             pl                                                 
                    INFO     REPL initialized: timeout=60s         server.py:325
                    INFO     Session ending — cleaning up          server.py:360
                             per-session resources                              
[08/26/26 20:18:37] INFO     REPL enabled, using:                  server.py:322
                             /home/amirnabiyev/Conjecture_Prover/.              
                             lake/packages/repl/.lake/build/bin/re              
                             pl                                                 
                    INFO     REPL initialized: timeout=60s         server.py:325
                    INFO     Session ending — cleaning up          server.py:360
                             per-session resources                              
[08/26/26 20:18:40] INFO     REPL enabled, using:                  server.py:322
                             /home/amirnabiyev/Conjecture_Prover/.              
                             lake/packages/repl/.lake/build/bin/re              
                             pl                                                 
                    INFO     REPL initialized: timeout=60s         server.py:325
                    INFO     Session ending — cleaning up          server.py:360
                             per-session resources                              
[08/26/26 20:18:46] INFO     REPL enabled, using:                  server.py:322
                             /home/amirnabiyev/Conjecture_Prover/.              
                             lake/packages/repl/.lake/build/bin/re              
                             pl                                                 
                    INFO     REPL initialized: timeout=60s         server.py:325
                    INFO     Session ending — cleaning up          server.py:360
                             per-session resources                              

======================================================================

   💬 BR AI says: Let me read the exact current content around that block:
   🛠️  BR AI made 1 tool call(s):
 → read_workspace
   🚦 Routing: blueprint_refiner → tools_br
   🚦 Routing: tool_node → blueprint_refiner

======================================================================
🔧 BLUEPRINT REFINER: Revising blueprint based on prover feedback
   Unproved lemmas to address: annihilator_comap, quotientAnnihilator_injective, quotientAnnihilator_isIntegral, ringKrullDim_eq_of_injective_integral_algebra, ringKrullDim_quot_annihilator_eq
     • annihilator_comap: [Turn 5] PROVED...
     • quotientAnnihilator_isIntegral: [Turn 3] PROVED...
     • quotientAnnihilator_injective: [Turn 14] ```
[TRIAL FEEDBACK]
Attempted: (1) defined the induced map as `Ideal.Quotient.lift I ((Ideal.Quotient.mk A).c...
     • ringKrullDim_eq_of_injective_integral_algebra: [Turn 14] The proof compiles cleanly with zero errors and zero warnings. Here's my final deliverable:

---

1. **Target:...
     • ringKrullDim_quot_annihilator_eq: [Turn 11] [TRIAL FEEDBACK]
Attempted: `rw [annihilator_comap]` (whole goal and via `conv_rhs`), then pinned implicit arg...
======================================================================

   💬 BR AI says: The mismatch was a line-break difference in the lemma signature. Let me redo with the exact text:
   🛠️  BR AI made 1 tool call(s):
 → search_replace_workspace
   🚦 Routing: blueprint_refiner → tools_br
   🚦 Routing: tool_node → blueprint_refiner

======================================================================
🔧 BLUEPRINT REFINER: Revising blueprint based on prover feedback
   Unproved lemmas to address: annihilator_comap, quotientAnnihilator_injective, quotientAnnihilator_isIntegral, ringKrullDim_eq_of_injective_integral_algebra, ringKrullDim_quot_annihilator_eq
     • annihilator_comap: [Turn 5] PROVED...
     • quotientAnnihilator_isIntegral: [Turn 3] PROVED...
     • quotientAnnihilator_injective: [Turn 14] ```
[TRIAL FEEDBACK]
Attempted: (1) defined the induced map as `Ideal.Quotient.lift I ((Ideal.Quotient.mk A).c...
     • ringKrullDim_eq_of_injective_integral_algebra: [Turn 14] The proof compiles cleanly with zero errors and zero warnings. Here's my final deliverable:

---

1. **Target:...
     • ringKrullDim_quot_annihilator_eq: [Turn 11] [TRIAL FEEDBACK]
Attempted: `rw [annihilator_comap]` (whole goal and via `conv_rhs`), then pinned implicit arg...
======================================================================

   💬 BR AI says: Now let me validate the edited file compiles:
   🛠️  BR AI made 1 tool call(s):
 → lean_diagnostic_messages
   🚦 Routing: blueprint_refiner → tools_br
   🚦 Routing: tool_node → blueprint_refiner

======================================================================
🔧 BLUEPRINT REFINER: Revising blueprint based on prover feedback
   Unproved lemmas to address: annihilator_comap, quotientAnnihilator_injective, quotientAnnihilator_isIntegral, ringKrullDim_eq_of_injective_integral_algebra, ringKrullDim_quot_annihilator_eq
     • annihilator_comap: [Turn 5] PROVED...
     • quotientAnnihilator_isIntegral: [Turn 3] PROVED...
     • quotientAnnihilator_injective: [Turn 14] ```
[TRIAL FEEDBACK]
Attempted: (1) defined the induced map as `Ideal.Quotient.lift I ((Ideal.Quotient.mk A).c...
     • ringKrullDim_eq_of_injective_integral_algebra: [Turn 14] The proof compiles cleanly with zero errors and zero warnings. Here's my final deliverable:

---

1. **Target:...
     • ringKrullDim_quot_annihilator_eq: [Turn 11] [TRIAL FEEDBACK]
Attempted: `rw [annihilator_comap]` (whole goal and via `conv_rhs`), then pinned implicit arg...
======================================================================

   💬 BR AI says: The file compiles with only the three expected `sorry` warnings (the new helper, the rewired injectivity lemma, and the main theorem) — no real errors.

Now let me regenerate the blueprint JSON to confirm the dependency graph is correctly extracted:
   🛠️  BR AI made 1 tool call(s):
 → build_blueprint_json
   🚦 Routing: blueprint_refiner → tools_br
   🚦 Routing: tool_node → blueprint_refiner

======================================================================
🔧 BLUEPRINT REFINER: Revising blueprint based on prover feedback
   Unproved lemmas to address: annihilator_comap, quotientAnnihilator_injective, quotientAnnihilator_isIntegral, ringKrullDim_eq_of_injective_integral_algebra, ringKrullDim_quot_annihilator_eq
     • annihilator_comap: [Turn 5] PROVED...
     • quotientAnnihilator_isIntegral: [Turn 3] PROVED...
     • quotientAnnihilator_injective: [Turn 14] ```
[TRIAL FEEDBACK]
Attempted: (1) defined the induced map as `Ideal.Quotient.lift I ((Ideal.Quotient.mk A).c...
     • ringKrullDim_eq_of_injective_integral_algebra: [Turn 14] The proof compiles cleanly with zero errors and zero warnings. Here's my final deliverable:

---

1. **Target:...
     • ringKrullDim_quot_annihilator_eq: [Turn 11] [TRIAL FEEDBACK]
Attempted: `rw [annihilator_comap]` (whole goal and via `conv_rhs`), then pinned implicit arg...
======================================================================

   💬 BR AI says: Let me verify the regenerated blueprint JSON shows the new node and rewired edges:
   🛠️  BR AI made 1 tool call(s):
 → read_workspace
   🚦 Routing: blueprint_refiner → tools_br
   🚦 Routing: tool_node → blueprint_refiner

======================================================================
🔧 BLUEPRINT REFINER: Revising blueprint based on prover feedback
   Unproved lemmas to address: annihilator_comap, quotientAnnihilator_injective, quotientAnnihilator_isIntegral, ringKrullDim_eq_of_injective_integral_algebra, ringKrullDim_quot_annihilator_eq
     • annihilator_comap: [Turn 5] PROVED...
     • quotientAnnihilator_isIntegral: [Turn 3] PROVED...
     • quotientAnnihilator_injective: [Turn 14] ```
[TRIAL FEEDBACK]
Attempted: (1) defined the induced map as `Ideal.Quotient.lift I ((Ideal.Quotient.mk A).c...
     • ringKrullDim_eq_of_injective_integral_algebra: [Turn 14] The proof compiles cleanly with zero errors and zero warnings. Here's my final deliverable:

---

1. **Target:...
     • ringKrullDim_quot_annihilator_eq: [Turn 11] [TRIAL FEEDBACK]
Attempted: `rw [annihilator_comap]` (whole goal and via `conv_rhs`), then pinned implicit arg...
======================================================================

   💬 BR AI says: The blueprint JSON is correctly regenerated with the new node and rewired edges. Let me do a final read to confirm the complete revised file:
   🛠️  BR AI made 1 tool call(s):
 → read_workspace
   🚦 Routing: blueprint_refiner → tools_br
   🚦 Routing: tool_node → blueprint_refiner

======================================================================
🔧 BLUEPRINT REFINER: Revising blueprint based on prover feedback
   Unproved lemmas to address: annihilator_comap, quotientAnnihilator_injective, quotientAnnihilator_isIntegral, ringKrullDim_eq_of_injective_integral_algebra, ringKrullDim_quot_annihilator_eq
     • annihilator_comap: [Turn 5] PROVED...
     • quotientAnnihilator_isIntegral: [Turn 3] PROVED...
     • quotientAnnihilator_injective: [Turn 14] ```
[TRIAL FEEDBACK]
Attempted: (1) defined the induced map as `Ideal.Quotient.lift I ((Ideal.Quotient.mk A).c...
     • ringKrullDim_eq_of_injective_integral_algebra: [Turn 14] The proof compiles cleanly with zero errors and zero warnings. Here's my final deliverable:

---

1. **Target:...
     • ringKrullDim_quot_annihilator_eq: [Turn 11] [TRIAL FEEDBACK]
Attempted: `rw [annihilator_comap]` (whole goal and via `conv_rhs`), then pinned implicit arg...
======================================================================

   💬 BR AI says: The revised blueprint is complete, validated, and the dependency graph JSON is regenerated. Here is my summary:

## Summary of changes

**The only genuinely unproved node was `quotientAnnihilator_injective`** (TOO_HARD: turn limit exceeded — the prover had found a working proof by turn 14 but only after struggling with the induced-map construction and bad field accesses, and never committed it). The other nodes were PROVED and left untouched.

### Fixed (decomposed): `quotientAnnihilator_injecti[08/26/26 20:18:57] INFO     Disabled tool 'lean_build' via        server.py:115
                             LEAN_MCP_DISABLED_TOOLS                            
                    INFO     Disabled tool 'lean_completions' via  server.py:115
                             LEAN_MCP_DISABLED_TOOLS                            
                    INFO     Disabled tool 'lean_declaration_file' server.py:115
                             via LEAN_MCP_DISABLED_TOOLS                        
                    INFO     Disabled tool                         server.py:115
                             'lean_diagnostic_messages' via                     
                             LEAN_MCP_DISABLED_TOOLS                            
                    INFO     Disabled tool 'lean_file_outline' via server.py:115
                             LEAN_MCP_DISABLED_TOOLS                            
                    INFO     Disabled tool                         server.py:115
                             'lean_get_widget_source' via                       
                             LEAN_MCP_DISABLED_TOOLS                            
                    INFO     Disabled tool 'lean_get_widgets' via  server.py:115
                             LEAN_MCP_DISABLED_TOOLS                            
                    INFO     Disabled tool 'lean_goal' via         server.py:115
                             LEAN_MCP_DISABLED_TOOLS                            
                    INFO     Disabled tool 'lean_hover_info' via   server.py:115
                             LEAN_MCP_DISABLED_TOOLS                            
                    INFO     Disabled tool 'lean_references' via   server.py:115
                             LEAN_MCP_DISABLED_TOOLS                            
                    INFO     Disabled tool 'lean_term_goal' via    server.py:115
                             LEAN_MCP_DISABLED_TOOLS                            
                    INFO     REPL enabled, using:                  server.py:322
                             /home/amirnabiyev/Conjecture_Prover/.              
                             lake/packages/repl/.lake/build/bin/re              
                             pl                                                 
                    INFO     REPL initialized: timeout=60s         server.py:325
                    INFO     Session ending — cleaning up          server.py:360
                             per-session resources                              
[08/26/26 20:18:57] INFO     Disabled tool 'lean_build' via        server.py:115
                             LEAN_MCP_DISABLED_TOOLS                            
                    INFO     Disabled tool 'lean_completions' via  server.py:115
                             LEAN_MCP_DISABLED_TOOLS                            
                    INFO     Disabled tool 'lean_declaration_file' server.py:115
                             via LEAN_MCP_DISABLED_TOOLS                        
                    INFO     Disabled tool                         server.py:115
                             'lean_diagnostic_messages' via                     
                             LEAN_MCP_DISABLED_TOOLS                            
                    INFO     Disabled tool 'lean_file_outline' via server.py:115
                             LEAN_MCP_DISABLED_TOOLS                            
                    INFO     Disabled tool                         server.py:115
                             'lean_get_widget_source' via                       
                             LEAN_MCP_DISABLED_TOOLS                            
                    INFO     Disabled tool 'lean_get_widgets' via  server.py:115
                             LEAN_MCP_DISABLED_TOOLS                            
                    INFO     Disabled tool 'lean_goal' via         server.py:115
                             LEAN_MCP_DISABLED_TOOLS                            
                    INFO     Disabled tool 'lean_hover_info' via   server.py:115
                             LEAN_MCP_DISABLED_TOOLS                            
                    INFO     Disabled tool 'lean_references' via   server.py:115
                             LEAN_MCP_DISABLED_TOOLS                            
                    INFO     Disabled tool 'lean_term_goal' via    server.py:115
                             LEAN_MCP_DISABLED_TOOLS                            
                    INFO     REPL enabled, using:                  server.py:322
                             /home/amirnabiyev/Conjecture_Prover/.              
                             lake/packages/repl/.lake/build/bin/re              
                             pl                                                 
                    INFO     REPL initialized: timeout=60s         server.py:325
                    INFO     Session ending — cleaning up          server.py:360
                             per-session resources                              
[08/26/26 20:18:57] INFO     Disabled tool 'lean_build' via        server.py:115
                             LEAN_MCP_DISABLED_TOOLS                            
                    INFO     Disabled tool 'lean_completions' via  server.py:115
                             LEAN_MCP_DISABLED_TOOLS                            
                    INFO     Disabled tool 'lean_declaration_file' server.py:115
                             via LEAN_MCP_DISABLED_TOOLS                        
                    INFO     Disabled tool                         server.py:115
                             'lean_diagnostic_messages' via                     
                             LEAN_MCP_DISABLED_TOOLS                            
                    INFO     Disabled tool 'lean_file_outline' via server.py:115
                             LEAN_MCP_DISABLED_TOOLS                            
                    INFO     Disabled tool                         server.py:115
                             'lean_get_widget_source' via                       
                             LEAN_MCP_DISABLED_TOOLS                            
                    INFO     Disabled tool 'lean_get_widgets' via  server.py:115
                             LEAN_MCP_DISABLED_TOOLS                            
                    INFO     Disabled tool 'lean_goal' via         server.py:115
                             LEAN_MCP_DISABLED_TOOLS                            
                    INFO     Disabled tool 'lean_hover_info' via   server.py:115
                             LEAN_MCP_DISABLED_TOOLS                            
                    INFO     Disabled tool 'lean_references' via   server.py:115
                             LEAN_MCP_DISABLED_TOOLS                            
                    INFO     Disabled tool 'lean_term_goal' via    server.py:115
                             LEAN_MCP_DISABLED_TOOLS                            
                    INFO     REPL enabled, using:                  server.py:322
                             /home/amirnabiyev/Conjecture_Prover/.              
                             lake/packages/repl/.lake/build/bin/re              
                             pl                                                 
                    INFO     REPL initialized: timeout=60s         server.py:325
                    INFO     Session ending — cleaning up          server.py:360
                             per-session resources                              
[08/26/26 20:19:01] INFO     Disabled tool 'lean_build' via        server.py:115
                             LEAN_MCP_DISABLED_TOOLS                            
                    INFO     Disabled tool 'lean_completions' via  server.py:115
                             LEAN_MCP_DISABLED_TOOLS                            
                    INFO     Disabled tool 'lean_declaration_file' server.py:115
                             via LEAN_MCP_DISABLED_TOOLS                        
                    INFO     Disabled tool                         server.py:115
                             'lean_diagnostic_messages' via                     
                             LEAN_MCP_DISABLED_TOOLS                            
                    INFO     Disabled tool 'lean_file_outline' via server.py:115
                             LEAN_MCP_DISABLED_TOOLS                            
                    INFO     Disabled tool                         server.py:115
                             'lean_get_widget_source' via                       
                             LEAN_MCP_DISABLED_TOOLS                            
                    INFO     Disabled tool 'lean_get_widgets' via  server.py:115
                             LEAN_MCP_DISABLED_TOOLS                            
                    INFO     Disabled tool 'lean_goal' via         server.py:115
                             LEAN_MCP_DISABLED_TOOLS                            
                    INFO     Disabled tool 'lean_hover_info' via   server.py:115
                             LEAN_MCP_DISABLED_TOOLS                            
                    INFO     Disabled tool 'lean_references' via   server.py:115
                             LEAN_MCP_DISABLED_TOOLS                            
                    INFO     Disabled tool 'lean_term_goal' via    server.py:115
                             LEAN_MCP_DISABLED_TOOLS                            
                    INFO     REPL enabled, using:                  server.py:322
                             /home/amirnabiyev/Conjecture_Prover/.              
                             lake/packages/repl/.lake/build/bin/re              
                             pl                                                 
                    INFO     REPL initialized: timeout=60s         server.py:325
[08/26/26 20:19:02] INFO     Session ending — cleaning up          server.py:360
                             per-session resources                              
[08/26/26 20:19:02] INFO     Disabled tool 'lean_build' via        server.py:115
                             LEAN_MCP_DISABLED_TOOLS                            
                    INFO     Disabled tool 'lean_completions' via  server.py:115
                             LEAN_MCP_DISABLED_TOOLS                            
                    INFO     Disabled tool 'lean_declaration_file' server.py:115
                             via LEAN_MCP_DISABLED_TOOLS                        
                    INFO     Disabled tool                         server.py:115
                             'lean_diagnostic_messages' via                     
                             LEAN_MCP_DISABLED_TOOLS                            
                    INFO     Disabled tool 'lean_file_outline' via server.py:115
                             LEAN_MCP_DISABLED_TOOLS                            
                    INFO     Disabled tool                         server.py:115
                             'lean_get_widget_source' via                       
                             LEAN_MCP_DISABLED_TOOLS                            
                    INFO     Disabled tool 'lean_get_widgets' via  server.py:115
                             LEAN_MCP_DISABLED_TOOLS                            
                    INFO     Disabled tool 'lean_goal' via         server.py:115
                             LEAN_MCP_DISABLED_TOOLS                            
                    INFO     Disabled tool 'lean_hover_info' via   server.py:115
                             LEAN_MCP_DISABLED_TOOLS                            
                    INFO     Disabled tool 'lean_references' via   server.py:115
                             LEAN_MCP_DISABLED_TOOLS                            
                    INFO     Disabled tool 'lean_term_goal' via    server.py:115
                             LEAN_MCP_DISABLED_TOOLS                            
                    INFO     REPL enabled, using:                  server.py:322
                             /home/amirnabiyev/Conjecture_Prover/.              
                             lake/packages/repl/.lake/build/bin/re              
                             pl                                                 
                    INFO     REPL initialized: timeout=60s         server.py:325
                    INFO     Session ending — cleaning up          server.py:360
                             per-session resources                              
[08/26/26 20:19:03] INFO     Disabled tool 'lean_build' via        server.py:115
                             LEAN_MCP_DISABLED_TOOLS                            
                    INFO     Disabled tool 'lean_completions' via  server.py:115
                             LEAN_MCP_DISABLED_TOOLS                            
                    INFO     Disabled tool 'lean_declaration_file' server.py:115
                             via LEAN_MCP_DISABLED_TOOLS                        
                    INFO     Disabled tool                         server.py:115
                             'lean_diagnostic_messages' via                     
                             LEAN_MCP_DISABLED_TOOLS                            
                    INFO     Disabled tool 'lean_file_outline' via server.py:115
                             LEAN_MCP_DISABLED_TOOLS                            
                    INFO     Disabled tool                         server.py:115
                             'lean_get_widget_source' via                       
                             LEAN_MCP_DISABLED_TOOLS                            
                    INFO     Disabled tool 'lean_get_widgets' via  server.py:115
                             LEAN_MCP_DISABLED_TOOLS                            
                    INFO     Disabled tool 'lean_goal' via         server.py:115
                             LEAN_MCP_DISABLED_TOOLS                            
                    INFO     Disabled tool 'lean_hover_info' via   server.py:115
                             LEAN_MCP_DISABLED_TOOLS                            
                    INFO     Disabled tool 'lean_references' via   server.py:115
                             LEAN_MCP_DISABLED_TOOLS                            
                    INFO     Disabled tool 'lean_term_goal' via    server.py:115
                             LEAN_MCP_DISABLED_TOOLS                            
                    INFO     REPL enabled, using:                  server.py:322
                             /home/amirnabiyev/Conjecture_Prover/.              
                             lake/packages/repl/.lake/build/bin/re              
                             pl                                                 
                    INFO     REPL initialized: timeout=60s         server.py:325
[08/26/26 20:19:04] INFO     Disabled tool 'lean_build' via        server.py:115
                             LEAN_MCP_DISABLED_TOOLS                            
                    INFO     Disabled tool 'lean_completions' via  server.py:115
                             LEAN_MCP_DISABLED_TOOLS                            
                    INFO     Disabled tool 'lean_declaration_file' server.py:115
                             via LEAN_MCP_DISABLED_TOOLS                        
                    INFO     Disabled tool                         server.py:115
                             'lean_diagnostic_messages' via                     
                             LEAN_MCP_DISABLED_TOOLS                            
                    INFO     Disabled tool 'lean_file_outline' via server.py:115
                             LEAN_MCP_DISABLED_TOOLS                            
                    INFO     Disabled tool                         server.py:115
                             'lean_get_widget_source' via                       
                             LEAN_MCP_DISABLED_TOOLS                            
                    INFO     Disabled tool 'lean_get_widgets' via  server.py:115
                             LEAN_MCP_DISABLED_TOOLS                            
                    INFO     Disabled tool 'lean_goal' via         server.py:115
                             LEAN_MCP_DISABLED_TOOLS                            
                    INFO     Disabled tool 'lean_hover_info' via   server.py:115
                             LEAN_MCP_DISABLED_TOOLS                            
[08/26/26 20:19:04] INFO     Session ending — cleaning up          server.py:360
                             per-session resources                              
                    INFO     Disabled tool 'lean_references' via   server.py:115
                             LEAN_MCP_DISABLED_TOOLS                            
                    INFO     Disabled tool 'lean_term_goal' via    server.py:115
                             LEAN_MCP_DISABLED_TOOLS                            
                    INFO     REPL enabled, using:                  server.py:322
                             /home/amirnabiyev/Conjecture_Prover/.              
                             lake/packages/repl/.lake/build/bin/re              
                             pl                                                 
                    INFO     REPL initialized: timeout=60s         server.py:325
                    INFO     Session ending — cleaning up          server.py:360
                             per-session resources                              
[08/26/26 20:19:05] INFO     Disabled tool 'lean_build' via        server.py:115
                             LEAN_MCP_DISABLED_TOOLS                            
                    INFO     Disabled tool 'lean_completions' via  server.py:115
                             LEAN_MCP_DISABLED_TOOLS                            
                    INFO     Disabled tool 'lean_declaration_file' server.py:115
                             via LEAN_MCP_DISABLED_TOOLS                        
                    INFO     Disabled tool                         server.py:115
                             'lean_diagnostic_messages' via                     
                             LEAN_MCP_DISABLED_TOOLS                            
                    INFO     Disabled tool 'lean_file_outline' via server.py:115
                             LEAN_MCP_DISABLED_TOOLS                            
                    INFO     Disabled tool                         server.py:115
                             'lean_get_widget_source' via                       
                             LEAN_MCP_DISABLED_TOOLS                            
                    INFO     Disabled tool 'lean_get_widgets' via  server.py:115
                             LEAN_MCP_DISABLED_TOOLS                            
                    INFO     Disabled tool 'lean_goal' via         server.py:115
                             LEAN_MCP_DISABLED_TOOLS                            
                    INFO     Disabled tool 'lean_hover_info' via   server.py:115
                             LEAN_MCP_DISABLED_TOOLS                            
                    INFO     Disabled tool 'lean_references' via   server.py:115
                             LEAN_MCP_DISABLED_TOOLS                            
                    INFO     Disabled tool 'lean_term_goal' via    server.py:115
                             LEAN_MCP_DISABLED_TOOLS                            
                    INFO     REPL enabled, using:                  server.py:322
                             /home/amirnabiyev/Conjecture_Prover/.              
                             lake/packages/repl/.lake/build/bin/re              
                             pl                                                 
                    INFO     REPL initialized: timeout=60s         server.py:325
[08/26/26 20:19:06] INFO     Session ending — cleaning up          server.py:360
                             per-session resources                              
[08/26/26 20:19:07] INFO     Disabled tool 'lean_build' via        server.py:115
                             LEAN_MCP_DISABLED_TOOLS                            
                    INFO     Disabled tool 'lean_completions' via  server.py:115
                             LEAN_MCP_DISABLED_TOOLS                            
                    INFO     Disabled tool 'lean_declaration_file' server.py:115
                             via LEAN_MCP_DISABLED_TOOLS                        
                    INFO     Disabled tool                         server.py:115
                             'lean_diagnostic_messages' via                     
                             LEAN_MCP_DISABLED_TOOLS                            
                    INFO     Disabled tool 'lean_file_outline' via server.py:115
                             LEAN_MCP_DISABLED_TOOLS                            
                    INFO     Disabled tool                         server.py:115
                             'lean_get_widget_source' via                       
                             LEAN_MCP_DISABLED_TOOLS                            
                    INFO     Disabled tool 'lean_get_widgets' via  server.py:115
                             LEAN_MCP_DISABLED_TOOLS                            
                    INFO     Disabled tool 'lean_goal' via         server.py:115
                             LEAN_MCP_DISABLED_TOOLS                            
                    INFO     Disabled tool 'lean_hover_info' via   server.py:115
                             LEAN_MCP_DISABLED_TOOLS                            
                    INFO     Disabled tool 'lean_references' via   server.py:115
                             LEAN_MCP_DISABLED_TOOLS                            
                    INFO     Disabled tool 'lean_term_goal' via    server.py:115
                             LEAN_MCP_DISABLED_TOOLS                            
                    INFO     REPL enabled, using:                  server.py:322
                             /home/amirnabiyev/Conjecture_Prover/.              
                             lake/packages/repl/.lake/build/bin/re              
                             pl                                                 
                    INFO     REPL initialized: timeout=60s         server.py:325
                    INFO     Session ending — cleaning up          server.py:360
                             per-session resources                              
[08/26/26 20:19:09] INFO     Disabled tool 'lean_build' via        server.py:115
                             LEAN_MCP_DISABLED_TOOLS                            
                    INFO     Disabled tool 'lean_completions' via  server.py:115
                             LEAN_MCP_DISABLED_TOOLS                            
                    INFO     Disabled tool 'lean_declaration_file' server.py:115
                             via LEAN_MCP_DISABLED_TOOLS                        
                    INFO     Disabled tool                         server.py:115
                             'lean_diagnostic_messages' via                     
                             LEAN_MCP_DISABLED_TOOLS                            
                    INFO     Disabled tool 'lean_file_outline' via server.py:115
                             LEAN_MCP_DISABLED_TOOLS                            
                    INFO     Disabled tool                         server.py:115
                             'lean_get_widget_source' via                       
                             LEAN_MCP_DISABLED_TOOLS                            
                    INFO     Disabled tool 'lean_get_widgets' via  server.py:115
                             LEAN_MCP_DISABLED_TOOLS                            
                    INFO     Disabled tool 'lean_goal' via         server.py:115
                             LEAN_MCP_DISABLED_TOOLS                            
                    INFO     Disabled tool 'lean_hover_info' via   server.py:115
                             LEAN_MCP_DISABLED_TOOLS                            
                    INFO     Disabled tool 'lean_references' via   server.py:115
                             LEAN_MCP_DISABLED_TOOLS                            
                    INFO     Disabled tool 'lean_term_goal' via    server.py:115
                             LEAN_MCP_DISABLED_TOOLS                            
                    INFO     REPL enabled, using:                  server.py:322
                             /home/amirnabiyev/Conjecture_Prover/.              
                             lake/packages/repl/.lake/build/bin/re              
                             pl                                                 
                    INFO     REPL initialized: timeout=60s         server.py:325
[08/26/26 20:19:11] INFO     Disabled tool 'lean_build' via        server.py:115
                             LEAN_MCP_DISABLED_TOOLS                            
                    INFO     Disabled tool 'lean_completions' via  server.py:115
                             LEAN_MCP_DISABLED_TOOLS                            
                    INFO     Disabled tool 'lean_declaration_file' server.py:115
                             via LEAN_MCP_DISABLED_TOOLS                        
                    INFO     Disabled tool                         server.py:115
                             'lean_diagnostic_messages' via                     
                             LEAN_MCP_DISABLED_TOOLS                            
                    INFO     Disabled tool 'lean_file_outline' via server.py:115
                             LEAN_MCP_DISABLED_TOOLS                            
                    INFO     Disabled tool                         server.py:115
                             'lean_get_widget_source' via                       
                             LEAN_MCP_DISABLED_TOOLS                            
                    INFO     Disabled tool 'lean_get_widgets' via  server.py:115
                             LEAN_MCP_DISABLED_TOOLS                            
                    INFO     Disabled tool 'lean_goal' via         server.py:115
                             LEAN_MCP_DISABLED_TOOLS                            
                    INFO     Disabled tool 'lean_hover_info' via   server.py:115
                             LEAN_MCP_DISABLED_TOOLS                            
                    INFO     Disabled tool 'lean_references' via   server.py:115
                             LEAN_MCP_DISABLED_TOOLS                            
                    INFO     Disabled tool 'lean_term_goal' via    server.py:115
                             LEAN_MCP_DISABLED_TOOLS                            
                    INFO     REPL enabled, using:                  server.py:322
                             /home/amirnabiyev/Conjecture_Prover/.              
                             lake/packages/repl/.lake/build/bin/re              
                             pl                                                 
                    INFO     REPL initialized: timeout=60s         server.py:325
[08/26/26 20:19:15] INFO     Session ending — cleaning up          server.py:360
                             per-session resources                              
[08/26/26 20:19:17] INFO     Session ending — cleaning up          server.py:360
                             per-session resources                              
[08/26/26 20:19:18] INFO     Disabled tool 'lean_build' via        server.py:115
                             LEAN_MCP_DISABLED_TOOLS                            
                    INFO     Disabled tool 'lean_completions' via  server.py:115
                             LEAN_MCP_DISABLED_TOOLS                            
                    INFO     Disabled tool 'lean_declaration_file' server.py:115
                             via LEAN_MCP_DISABLED_TOOLS                        
                    INFO     Disabled tool                         server.py:115
                             'lean_diagnostic_messages' via                     
                             LEAN_MCP_DISABLED_TOOLS                            
                    INFO     Disabled tool 'lean_file_outline' via server.py:115
                             LEAN_MCP_DISABLED_TOOLS                            
                    INFO     Disabled tool                         server.py:115
                             'lean_get_widget_source' via                       
                             LEAN_MCP_DISABLED_TOOLS                            
                    INFO     Disabled tool 'lean_get_widgets' via  server.py:115
                             LEAN_MCP_DISABLED_TOOLS                            
                    INFO     Disabled tool 'lean_goal' via         server.py:115
                             LEAN_MCP_DISABLED_TOOLS                            
                    INFO     Disabled tool 'lean_hover_info' via   server.py:115
                             LEAN_MCP_DISABLED_TOOLS                            
                    INFO     Disabled tool 'lean_references' via   server.py:115
                             LEAN_MCP_DISABLED_TOOLS                            
                    INFO     Disabled tool 'lean_term_goal' via    server.py:115
                             LEAN_MCP_DISABLED_TOOLS                            
                    INFO     REPL enabled, using:                  server.py:322
                             /home/amirnabiyev/Conjecture_Prover/.              
                             lake/packages/repl/.lake/build/bin/re              
                             pl                                                 
                    INFO     REPL initialized: timeout=60s         server.py:325
[08/26/26 20:19:21] INFO     Disabled tool 'lean_build' via        server.py:115
                             LEAN_MCP_DISABLED_TOOLS                            
                    INFO     Disabled tool 'lean_completions' via  server.py:115
                             LEAN_MCP_DISABLED_TOOLS                            
                    INFO     Disabled tool 'lean_declaration_file' server.py:115
                             via LEAN_MCP_DISABLED_TOOLS                        
                    INFO     Disabled tool                         server.py:115
                             'lean_diagnostic_messages' via                     
                             LEAN_MCP_DISABLED_TOOLS                            
                    INFO     Disabled tool 'lean_file_outline' via server.py:115
                             LEAN_MCP_DISABLED_TOOLS                            
                    INFO     Disabled tool                         server.py:115
                             'lean_get_widget_source' via                       
                             LEAN_MCP_DISABLED_TOOLS                            
                    INFO     Disabled tool 'lean_get_widgets' via  server.py:115
                             LEAN_MCP_DISABLED_TOOLS                            
                    INFO     Disabled tool 'lean_goal' via         server.py:115
                             LEAN_MCP_DISABLED_TOOLS                            
                    INFO     Disabled tool 'lean_hover_info' via   server.py:115
                             LEAN_MCP_DISABLED_TOOLS                            
                    INFO     Disabled tool 'lean_references' via   server.py:115
                             LEAN_MCP_DISABLED_TOOLS                            
                    INFO     Disabled tool 'lean_term_goal' via    server.py:115
                             LEAN_MCP_DISABLED_TOOLS                            
                    INFO     REPL enabled, using:                  server.py:322
                             /home/amirnabiyev/Conjecture_Prover/.              
                             lake/packages/repl/.lake/build/bin/re              
                             pl                                                 
                    INFO     REPL initialized: timeout=60s         server.py:325
[08/26/26 20:19:25] INFO     Session ending — cleaning up          server.py:360
                             per-session resources                              
[08/26/26 20:19:28] INFO     Session ending — cleaning up          server.py:360
                             per-session resources                              
[08/26/26 20:19:30] INFO     Disabled tool 'lean_build' via        server.py:115
                             LEAN_MCP_DISABLED_TOOLS                            
                    INFO     Disabled tool 'lean_completions' via  server.py:115
                             LEAN_MCP_DISABLED_TOOLS                            
                    INFO     Disabled tool 'lean_declaration_file' server.py:115
                             via LEAN_MCP_DISABLED_TOOLS                        
                    INFO     Disabled tool                         server.py:115
                             'lean_diagnostic_messages' via                     
                             LEAN_MCP_DISABLED_TOOLS                            
                    INFO     Disabled tool 'lean_file_outline' via server.py:115
                             LEAN_MCP_DISABLED_TOOLS                            
                    INFO     Disabled tool                         server.py:115
                             'lean_get_widget_source' via                       
                             LEAN_MCP_DISABLED_TOOLS                            
                    INFO     Disabled tool 'lean_get_widgets' via  server.py:115
                             LEAN_MCP_DISABLED_TOOLS                            
                    INFO     Disabled tool 'lean_goal' via         server.py:115
                             LEAN_MCP_DISABLED_TOOLS                            
                    INFO     Disabled tool 'lean_hover_info' via   server.py:115
                             LEAN_MCP_DISABLED_TOOLS                            
                    INFO     Disabled tool 'lean_references' via   server.py:115
                             LEAN_MCP_DISABLED_TOOLS                            
                    INFO     Disabled tool 'lean_term_goal' via    server.py:115
                             LEAN_MCP_DISABLED_TOOLS                            
                    INFO     REPL enabled, using:                  server.py:322
                             /home/amirnabiyev/Conjecture_Prover/.              
                             lake/packages/repl/.lake/build/bin/re              
                             pl                                                 
                    INFO     REPL initialized: timeout=60s         server.py:325
[08/26/26 20:19:36] INFO     Session ending — cleaning up          server.py:360
                             per-session resources                              
[08/26/26 20:19:36] INFO     Disabled tool 'lean_build' via        server.py:115
                             LEAN_MCP_DISABLED_TOOLS                            
                    INFO     Disabled tool 'lean_completions' via  server.py:115
                             LEAN_MCP_DISABLED_TOOLS                            
                    INFO     Disabled tool 'lean_declaration_file' server.py:115
                             via LEAN_MCP_DISABLED_TOOLS                        
                    INFO     Disabled tool                         server.py:115
                             'lean_diagnostic_messages' via                     
                             LEAN_MCP_DISABLED_TOOLS                            
                    INFO     Disabled tool 'lean_file_outline' via server.py:115
                             LEAN_MCP_DISABLED_TOOLS                            
                    INFO     Disabled tool                         server.py:115
                             'lean_get_widget_source' via                       
                             LEAN_MCP_DISABLED_TOOLS                            
                    INFO     Disabled tool 'lean_get_widgets' via  server.py:115
                             LEAN_MCP_DISABLED_TOOLS                            
                    INFO     Disabled tool 'lean_goal' via         server.py:115
                             LEAN_MCP_DISABLED_TOOLS                            
                    INFO     Disabled tool 'lean_hover_info' via   server.py:115
                             LEAN_MCP_DISABLED_TOOLS                            
                    INFO     Disabled tool 'lean_references' via   server.py:115
                             LEAN_MCP_DISABLED_TOOLS                            
                    INFO     Disabled tool 'lean_term_goal' via    server.py:115
                             LEAN_MCP_DISABLED_TOOLS                            
                    INFO     REPL enabled, using:                  server.py:322
                             /home/amirnabiyev/Conjecture_Prover/.              
                             lake/packages/repl/.lake/build/bin/re              
                             pl                                                 
                    INFO     REPL initialized: timeout=60s         server.py:325
[08/26/26 20:19:40] INFO     Disabled tool 'lean_build' via        server.py:115
                             LEAN_MCP_DISABLED_TOOLS                            
                    INFO     Disabled tool 'lean_completions' via  server.py:115
                             LEAN_MCP_DISABLED_TOOLS                            
                    INFO     Disabled tool 'lean_declaration_file' server.py:115
                             via LEAN_MCP_DISABLED_TOOLS                        
                    INFO     Disabled tool                         server.py:115
                             'lean_diagnostic_messages' via                     
                             LEAN_MCP_DISABLED_TOOLS                            
                    INFO     Disabled tool 'lean_file_outline' via server.py:115
                             LEAN_MCP_DISABLED_TOOLS                            
                    INFO     Disabled tool                         server.py:115
                             'lean_get_widget_source' via                       
                             LEAN_MCP_DISABLED_TOOLS                            
                    INFO     Disabled tool 'lean_get_widgets' via  server.py:115
                             LEAN_MCP_DISABLED_TOOLS                            
                    INFO     Disabled tool 'lean_goal' via         server.py:115
                             LEAN_MCP_DISABLED_TOOLS                            
                    INFO     Disabled tool 'lean_hover_info' via   server.py:115
                             LEAN_MCP_DISABLED_TOOLS                            
                    INFO     Disabled tool 'lean_references' via   server.py:115
                             LEAN_MCP_DISABLED_TOOLS                            
                    INFO     Disabled tool 'lean_term_goal' via    server.py:115
                             LEAN_MCP_DISABLED_TOOLS                            
                    INFO     REPL enabled, using:                  server.py:322
                             /home/amirnabiyev/Conjecture_Prover/.              
                             lake/packages/repl/.lake/build/bin/re              
                             pl                                                 
                    INFO     REPL initialized: timeout=60s         server.py:325
[08/26/26 20:19:41] INFO     Disabled tool 'lean_build' via        server.py:115
                             LEAN_MCP_DISABLED_TOOLS                            
                    INFO     Disabled tool 'lean_completions' via  server.py:115
                             LEAN_MCP_DISABLED_TOOLS                            
                    INFO     Disabled tool 'lean_declaration_file' server.py:115
                             via LEAN_MCP_DISABLED_TOOLS                        
                    INFO     Disabled tool                         server.py:115
                             'lean_diagnostic_messages' via                     
                             LEAN_MCP_DISABLED_TOOLS                            
                    INFO     Disabled tool 'lean_file_outline' via server.py:115
                             LEAN_MCP_DISABLED_TOOLS                            
                    INFO     Disabled tool                         server.py:115
                             'lean_get_widget_source' via                       
                             LEAN_MCP_DISABLED_TOOLS                            
                    INFO     Disabled tool 'lean_get_widgets' via  server.py:115
                             LEAN_MCP_DISABLED_TOOLS                            
                    INFO     Disabled tool 'lean_goal' via         server.py:115
                             LEAN_MCP_DISABLED_TOOLS                            
                    INFO     Disabled tool 'lean_hover_info' via   server.py:115
                             LEAN_MCP_DISABLED_TOOLS                            
                    INFO     Disabled tool 'lean_references' via   server.py:115
                             LEAN_MCP_DISABLED_TOOLS                            
                    INFO     Disabled tool 'lean_term_goal' via    server.py:115
                             LEAN_MCP_DISABLED_TOOLS                            
                    INFO     REPL enabled, using:                  server.py:322
                             /home/amirnabiyev/Conjecture_Prover/.              
                             lake/packages/repl/.lake/build/bin/re              
                             pl                                                 
                    INFO     REPL initialized: timeout=60s         server.py:325
[08/26/26 20:19:43] INFO     Session ending — cleaning up          server.py:360
                             per-session resources                              
[08/26/26 20:19:45] INFO     Disabled tool 'lean_build' via        server.py:115
                             LEAN_MCP_DISABLED_TOOLS                            
                    INFO     Disabled tool 'lean_completions' via  server.py:115
                             LEAN_MCP_DISABLED_TOOLS                            
                    INFO     Disabled tool 'lean_declaration_file' server.py:115
                             via LEAN_MCP_DISABLED_TOOLS                        
                    INFO     Disabled tool                         server.py:115
                             'lean_diagnostic_messages' via                     
                             LEAN_MCP_DISABLED_TOOLS                            
                    INFO     Disabled tool 'lean_file_outline' via server.py:115
                             LEAN_MCP_DISABLED_TOOLS                            
                    INFO     Disabled tool                         server.py:115
                             'lean_get_widget_source' via                       
                             LEAN_MCP_DISABLED_TOOLS                            
                    INFO     Disabled tool 'lean_get_widgets' via  server.py:115
                             LEAN_MCP_DISABLED_TOOLS                            
                    INFO     Disabled tool 'lean_goal' via         server.py:115
                             LEAN_MCP_DISABLED_TOOLS                            
                    INFO     Disabled tool 'lean_hover_info' via   server.py:115
                             LEAN_MCP_DISABLED_TOOLS                            
                    INFO     Disabled tool 'lean_references' via   server.py:115
                             LEAN_MCP_DISABLED_TOOLS                            
                    INFO     Disabled tool 'lean_term_goal' via    server.py:115
                             LEAN_MCP_DISABLED_TOOLS                            
                    INFO     REPL enabled, using:                  server.py:322
                             /home/amirnabiyev/Conjecture_Prover/.              
                             lake/packages/repl/.lake/build/bin/re              
                             pl                                                 
                    INFO     REPL initialized: timeout=60s         server.py:325
                    INFO     Session ending — cleaning up          server.py:360
                             per-session resources                              
[08/26/26 20:19:48] INFO     Session ending — cleaning up          server.py:360
                             per-session resources                              
[08/26/26 20:19:49] INFO     Session ending — cleaning up          server.py:360
                             per-session resources                              
[08/26/26 20:20:01] INFO     Disabled tool 'lean_build' via        server.py:115
                             LEAN_MCP_DISABLED_TOOLS                            
                    INFO     Disabled tool 'lean_completions' via  server.py:115
                             LEAN_MCP_DISABLED_TOOLS                            
                    INFO     Disabled tool 'lean_declaration_file' server.py:115
                             via LEAN_MCP_DISABLED_TOOLS                        
                    INFO     Disabled tool                         server.py:115
                             'lean_diagnostic_messages' via                     
                             LEAN_MCP_DISABLED_TOOLS                            
                    INFO     Disabled tool 'lean_file_outline' via server.py:115
                             LEAN_MCP_DISABLED_TOOLS                            
                    INFO     Disabled tool                         server.py:115
                             'lean_get_widget_source' via                       
                             LEAN_MCP_DISABLED_TOOLS                            
                    INFO     Disabled tool 'lean_get_widgets' via  server.py:115
                             LEAN_MCP_DISABLED_TOOLS                            
                    INFO     Disabled tool 'lean_goal' via         server.py:115
                             LEAN_MCP_DISABLED_TOOLS                            
                    INFO     Disabled tool 'lean_hover_info' via   server.py:115
                             LEAN_MCP_DISABLED_TOOLS                            
                    INFO     Disabled tool 'lean_references' via   server.py:115
                             LEAN_MCP_DISABLED_TOOLS                            
                    INFO     Disabled tool 'lean_term_goal' via    server.py:115
                             LEAN_MCP_DISABLED_TOOLS                            
                    INFO     REPL enabled, using:                  server.py:322
                             /home/amirnabiyev/Conjecture_Prover/.              
                             lake/packages/repl/.lake/build/bin/re              
                             pl                                                 
                    INFO     REPL initialized: timeout=60s         server.py:325
[08/26/26 20:20:08] INFO     Session ending — cleaning up          server.py:360
                             per-session resources                              
[08/26/26 20:20:11] INFO     Disabled tool 'lean_build' via        server.py:115
                             LEAN_MCP_DISABLED_TOOLS                            
                    INFO     Disabled tool 'lean_completions' via  server.py:115
                             LEAN_MCP_DISABLED_TOOLS                            
                    INFO     Disabled tool 'lean_declaration_file' server.py:115
                             via LEAN_MCP_DISABLED_TOOLS                        
                    INFO     Disabled tool                         server.py:115
                             'lean_diagnostic_messages' via                     
                             LEAN_MCP_DISABLED_TOOLS                            
                    INFO     Disabled tool 'lean_file_outline' via server.py:115
                             LEAN_MCP_DISABLED_TOOLS                            
                    INFO     Disabled tool                         server.py:115
                             'lean_get_widget_source' via                       
                             LEAN_MCP_DISABLED_TOOLS                            
                    INFO     Disabled tool 'lean_get_widgets' via  server.py:115
                             LEAN_MCP_DISABLED_TOOLS                            
                    INFO     Disabled tool 'lean_goal' via         server.py:115
                             LEAN_MCP_DISABLED_TOOLS                            
                    INFO     Disabled tool 'lean_hover_info' via   server.py:115
                             LEAN_MCP_DISABLED_TOOLS                            
                    INFO     Disabled tool 'lean_references' via   server.py:115
                             LEAN_MCP_DISABLED_TOOLS                            
                    INFO     Disabled tool 'lean_term_goal' via    server.py:115
                             LEAN_MCP_DISABLED_TOOLS                            
                    INFO     REPL enabled, using:                  server.py:322
                             /home/amirnabiyev/Conjecture_Prover/.              
                             lake/packages/repl/.lake/build/bin/re              
                             pl                                                 
                    INFO     REPL initialized: timeout=60s         server.py:325

      ... (2580 total chars)
   🚦 Routing: blueprint_refiner → rebuild_blueprint

🔄 REBUILD BLUEPRINT: Refreshing blueprint state from JSON...
   📊 6 lemmas, 0 proved
   📊 Blueprint: 6 nodes, root='ringKrullDim_quot_annihilator_eq'
   🚦 Routing: rebuild_blueprint → theorem_proving
   ⏭️  Skipping 'annihilator_comap': declaration has no `sorry_using` placeholder
   ⏭️  Skipping 'quotientAnnihilator_isIntegral': declaration has no `sorry_using` placeholder
   ⏭️  Skipping 'ringKrullDim_eq_of_injective_integral_algebra': declaration has no `sorry_using` placeholder
   🚀 theorem_proving: dispatching 3 parallel agent(s) (skipped 3 without sorry_using)
      → quotientAnnihilator_ker_eq_bot
      → quotientAnnihilator_injective
      → ringKrullDim_quot_annihilator_eq

============================================================
🔍 PROVE LEMMA: quotientAnnihilator_ker_eq_bot  (max 20 turns)
============================================================


============================================================
🔍 PROVE LEMMA: quotientAnnihilator_injective  (max 20 turns)
============================================================


============================================================
🔍 PROVE LEMMA: ringKrullDim_quot_annihilator_eq  (max 20 turns)
============================================================

   🔌 MCP client ready for lemma 'ringKrullDim_quot_annihilator_eq' (proof-only mode)
   🔌 MCP client ready for lemma 'quotientAnnihilator_injective' (proof-only mode)
   🔌 MCP client ready for lemma 'quotientAnnihilator_ker_eq_bot' (proof-only mode)
   🛠️  PL-ringKrullDim_quot_annihilator_eq AI made 4 tool call(s):
 → lean_local_search
 → lean_local_search
 → lean_local_search
 → lean_local_search
   🛠️  PL-quotientAnnihilator_injective AI made 2 tool call(s):
 → lean_local_search
 → lean_local_search
   🛠️  PL-quotientAnnihilator_injective AI made 1 tool call(s):
 → lean_run_code
   💬 PL-ringKrullDim_quot_annihilator_eq AI says: Let me find the signatures of these lemmas by checking them in the project.
   🛠️  PL-ringKrullDim_quot_annihilator_eq AI made 1 tool call(s):
 → lean_run_code
   🛠️  PL-quotientAnnihilator_injective AI made 1 tool call(s):
 → lean_run_code
   💬 PL-ringKrullDim_quot_annihilator_eq AI says: The lemmas are in the project file `ConjectureProver.lean`. Let me try importing it to see the signatures.
   🛠️  PL-ringKrullDim_quot_annihilator_eq AI made 1 tool call(s):
 → lean_run_code
   💬 PL-quotientAnnihilator_injective AI says: The dependency `quotientAnnihilator_ker_eq_bot` gives exactly `RingHom.ker (algebraMap ...) = ⊥`, and `RingHom.injective_iff_ker_eq_bot` rewrites injectivity to that. Let me verify the proof compiles:
   🛠️  PL-quotientAnnihilator_injective AI made 1 tool call(s):
 → lean_run_code
   🛠️  PL-quotientAnnihilator_ker_eq_bot AI made 2 tool call(s):
 → lean_run_code
 → lean_loogle
   💬 PL-quotientAnnihilator_injective AI says: The name already exists in the imported module. Let me test with a fresh name:
   🛠️  PL-quotientAnnihilator_injective AI made 1 tool call(s):
 → lean_run_code
   💬 PL-ringKrullDim_quot_annihilator_eq AI says: I have all the signatures. Now let me construct the proof: rewrite with `annihilator_comap`, then apply `ringKrullDim_eq_of_injective_integral_algebra` with the injectivity and integrality of the quotient map.
   🛠️  PL-ringKrullDim_quot_annihilator_eq AI made 1 tool call(s):
 → lean_run_code
   💬 PL-quotientAnnihilator_injective AI says: The proof compiles cleanly with no errors.

1. Target: `quotientAnnihilator_injective`
2. Status: VERIFIED
3. Validated Lean code block:
   ```lean
   lemma quotientAnnihilator_injective {R S M : Type} [CommRing R] [CommRing S] [AddCommGroup M] [Algebra R S]
       [Module S M] [Module R M] [IsScalarTower R S M] :
       Function.Injective (algebraMap (R ⧸ Ideal.comap (algebraMap R S) (Module.annihilator S M))
         (S ⧸ Module.annihilator S M)) := by
     rw [RingHom.injective_iff_ker_eq_bot
      ... (1420 total chars)
   💬 PL-quotientAnnihilator_injective AI says: The proof is verified and compiles cleanly.

1. **Target:** `quotientAnnihilator_injective`
2. **Status:** VERIFIED
3. **Validated Lean code block** (body to replace `sorry_using [...]`):

```lean
  rw [RingHom.injective_iff_ker_eq_bot]
  exact quotientAnnihilator_ker_eq_bot
```

Full declaration as it should read:

```lean
/-- The induced algebra map `R / comap Ann_S(M) → S / Ann_S(M)` is injective. -/
@[blueprint
  (statement := /-- The canonical algebra map
    $R / \mathrm{comap}_{R \to S}(\
      ... (2297 total chars)
   💬 PL-ringKrullDim_quot_annihilator_eq AI says: The `rw` is matching the wrong occurrence (matching `annihilator_comap` against `Module.annihilator S M` too). Let me pin the arguments explicitly.
   🛠️  PL-ringKrullDim_quot_annihilator_eq AI made 1 tool call(s):
 → lean_run_code
   💬 PL-quotientAnnihilator_injective AI says: ## Deliverable

1. **Target:** `quotientAnnihilator_injective`
2. **Status:** VERIFIED
3. **Validated Lean code block:**

```lean
lemma quotientAnnihilator_injective {R S M : Type} [CommRing R] [CommRing S] [AddCommGroup M] [Algebra R S]
    [Module S M] [Module R M] [IsScalarTower R S M] :
    Function.Injective (algebraMap (R ⧸ Ideal.comap (algebraMap R S) (Module.annihilator S M))
      (S ⧸ Module.annihilator S M)) := by
  rw [RingHom.injective_iff_ker_eq_bot]
  exact quotientAnnihilator_ker
      ... (1452 total chars)
   💬 PL-quotientAnnihilator_injective AI says: The proof for `quotientAnnihilator_injective` is complete and verified.

**Final proof body** (replacing the `sorry_using [...]` placeholder):

```lean
  rw [RingHom.injective_iff_ker_eq_bot]
  exact quotientAnnihilator_ker_eq_bot
```

**Verification summary:**
- Confirmed via `#check` that `quotientAnnihilator_ker_eq_bot` states `RingHom.ker (algebraMap (R ⧸ Ideal.comap (algebraMap R S) (Module.annihilator S M)) (S ⧸ Module.annihilator S M)) = ⊥` for exactly the hypotheses of this lemma.
- Conf
      ... (920 total chars)
   💬 PL-quotientAnnihilator_injective AI says: ## Deliverable

1. **Target:** `quotientAnnihilator_injective`
2. **Status:** VERIFIED
3. **Validated Lean code block** (proof body to insert, replacing the `sorry_using [...]` placeholder):

```lean
lemma quotientAnnihilator_injective {R S M : Type} [CommRing R] [CommRing S] [AddCommGroup M] [Algebra R S]
    [Module S M] [Module R M] [IsScalarTower R S M] :
    Function.Injective (algebraMap (R ⧸ Ideal.comap (algebraMap R S) (Module.annihilator S M))
      (S ⧸ Module.annihilator S M)) := by
 
      ... (1467 total chars)
   🛠️  PL-quotientAnnihilator_ker_eq_bot AI made 1 tool call(s):
 → lean_run_code
   💬 PL-quotientAnnihilator_injective AI says: ## Final Answer

**Target:** `quotientAnnihilator_injective` — **VERIFIED**

```lean
lemma quotientAnnihilator_injective {R S M : Type} [CommRing R] [CommRing S] [AddCommGroup M] [Algebra R S]
    [Module S M] [Module R M] [IsScalarTower R S M] :
    Function.Injective (algebraMap (R ⧸ Ideal.comap (algebraMap R S) (Module.annihilator S M))
      (S ⧸ Module.annihilator S M)) := by
  rw [RingHom.injective_iff_ker_eq_bot]
  exact quotientAnnihilator_ker_eq_bot
```

**Strategy:** Rewrite the inject
      ... (1048 total chars)
   💬 PL-quotientAnnihilator_injective AI says: The proof for `quotientAnnihilator_injective` is complete and verified. Here is the final deliverable:

**Proof body** (replaces `sorry_using [...]`):

```lean
  rw [RingHom.injective_iff_ker_eq_bot]
  exact quotientAnnihilator_ker_eq_bot
```

**Validation:** The full declaration with this body compiles in the Lean REPL with 0 errors and 0 open goals (verified via a scratch `example` since the target lemma is already declared in the imported module). The proof uses exactly the two listed depende
      ... (703 total chars)
   💬 PL-ringKrullDim_quot_annihilator_eq AI says: The proof compiles cleanly. Let me verify with the exact declaration text from the task (replacing `sorry_using` with the real proof body).[08/26/26 20:20:15] INFO     Disabled tool 'lean_build' via        server.py:115
                             LEAN_MCP_DISABLED_TOOLS                            
                    INFO     Disabled tool 'lean_completions' via  server.py:115
                             LEAN_MCP_DISABLED_TOOLS                            
                    INFO     Disabled tool 'lean_declaration_file' server.py:115
                             via LEAN_MCP_DISABLED_TOOLS                        
                    INFO     Disabled tool                         server.py:115
                             'lean_diagnostic_messages' via                     
                             LEAN_MCP_DISABLED_TOOLS                            
                    INFO     Disabled tool 'lean_file_outline' via server.py:115
                             LEAN_MCP_DISABLED_TOOLS                            
                    INFO     Disabled tool                         server.py:115
                             'lean_get_widget_source' via                       
                             LEAN_MCP_DISABLED_TOOLS                            
                    INFO     Disabled tool 'lean_get_widgets' via  server.py:115
                             LEAN_MCP_DISABLED_TOOLS                            
                    INFO     Disabled tool 'lean_goal' via         server.py:115
                             LEAN_MCP_DISABLED_TOOLS                            
                    INFO     Disabled tool 'lean_hover_info' via   server.py:115
                             LEAN_MCP_DISABLED_TOOLS                            
                    INFO     Disabled tool 'lean_references' via   server.py:115
                             LEAN_MCP_DISABLED_TOOLS                            
                    INFO     Disabled tool 'lean_term_goal' via    server.py:115
                             LEAN_MCP_DISABLED_TOOLS                            
                    INFO     REPL enabled, using:                  server.py:322
                             /home/amirnabiyev/Conjecture_Prover/.              
                             lake/packages/repl/.lake/build/bin/re              
                             pl                                                 
                    INFO     REPL initialized: timeout=60s         server.py:325
[08/26/26 20:20:18] INFO     Session ending — cleaning up          server.py:360
                             per-session resources                              
[08/26/26 20:20:21] INFO     Session ending — cleaning up          server.py:360
                             per-session resources                              
[08/26/26 20:20:39] INFO     Disabled tool 'lean_build' via        server.py:115
                             LEAN_MCP_DISABLED_TOOLS                            
                    INFO     Disabled tool 'lean_completions' via  server.py:115
                             LEAN_MCP_DISABLED_TOOLS                            
                    INFO     Disabled tool 'lean_declaration_file' server.py:115
                             via LEAN_MCP_DISABLED_TOOLS                        
                    INFO     Disabled tool                         server.py:115
                             'lean_diagnostic_messages' via                     
                             LEAN_MCP_DISABLED_TOOLS                            
                    INFO     Disabled tool 'lean_file_outline' via server.py:115
                             LEAN_MCP_DISABLED_TOOLS                            
                    INFO     Disabled tool                         server.py:115
                             'lean_get_widget_source' via                       
                             LEAN_MCP_DISABLED_TOOLS                            
                    INFO     Disabled tool 'lean_get_widgets' via  server.py:115
                             LEAN_MCP_DISABLED_TOOLS                            
                    INFO     Disabled tool 'lean_goal' via         server.py:115
                             LEAN_MCP_DISABLED_TOOLS                            
                    INFO     Disabled tool 'lean_hover_info' via   server.py:115
                             LEAN_MCP_DISABLED_TOOLS                            
                    INFO     Disabled tool 'lean_references' via   server.py:115
                             LEAN_MCP_DISABLED_TOOLS                            
                    INFO     Disabled tool 'lean_term_goal' via    server.py:115
                             LEAN_MCP_DISABLED_TOOLS                            
                    INFO     REPL enabled, using:                  server.py:322
                             /home/amirnabiyev/Conjecture_Prover/.              
                             lake/packages/repl/.lake/build/bin/re              
                             pl                                                 
                    INFO     REPL initialized: timeout=60s         server.py:325
[08/26/26 20:20:46] INFO     Session ending — cleaning up          server.py:360
                             per-session resources                              
[08/26/26 20:21:11] INFO     Disabled tool 'lean_build' via        server.py:115
                             LEAN_MCP_DISABLED_TOOLS                            
                    INFO     Disabled tool 'lean_completions' via  server.py:115
                             LEAN_MCP_DISABLED_TOOLS                            
                    INFO     Disabled tool 'lean_declaration_file' server.py:115
                             via LEAN_MCP_DISABLED_TOOLS                        
                    INFO     Disabled tool                         server.py:115
                             'lean_diagnostic_messages' via                     
                             LEAN_MCP_DISABLED_TOOLS                            
                    INFO     Disabled tool 'lean_file_outline' via server.py:115
                             LEAN_MCP_DISABLED_TOOLS                            
                    INFO     Disabled tool                         server.py:115
                             'lean_get_widget_source' via                       
                             LEAN_MCP_DISABLED_TOOLS                            
                    INFO     Disabled tool 'lean_get_widgets' via  server.py:115
                             LEAN_MCP_DISABLED_TOOLS                            
                    INFO     Disabled tool 'lean_goal' via         server.py:115
                             LEAN_MCP_DISABLED_TOOLS                            
                    INFO     Disabled tool 'lean_hover_info' via   server.py:115
                             LEAN_MCP_DISABLED_TOOLS                            
                    INFO     Disabled tool 'lean_references' via   server.py:115
                             LEAN_MCP_DISABLED_TOOLS                            
                    INFO     Disabled tool 'lean_term_goal' via    server.py:115
                             LEAN_MCP_DISABLED_TOOLS                            
                    INFO     REPL enabled, using:                  server.py:322
                             /home/amirnabiyev/Conjecture_Prover/.              
                             lake/packages/repl/.lake/build/bin/re              
                             pl                                                 
                    INFO     REPL initialized: timeout=60s         server.py:325
[08/26/26 20:21:17] INFO     Session ending — cleaning up          server.py:360
                             per-session resources                              
[08/26/26 20:21:25] INFO     Disabled tool 'lean_build' via        server.py:115
                             LEAN_MCP_DISABLED_TOOLS                            
                    INFO     Disabled tool 'lean_completions' via  server.py:115
                             LEAN_MCP_DISABLED_TOOLS                            
                    INFO     Disabled tool 'lean_declaration_file' server.py:115
                             via LEAN_MCP_DISABLED_TOOLS                        
                    INFO     Disabled tool                         server.py:115
                             'lean_diagnostic_messages' via                     
                             LEAN_MCP_DISABLED_TOOLS                            
                    INFO     Disabled tool 'lean_file_outline' via server.py:115
                             LEAN_MCP_DISABLED_TOOLS                            
                    INFO     Disabled tool                         server.py:115
                             'lean_get_widget_source' via                       
                             LEAN_MCP_DISABLED_TOOLS                            
                    INFO     Disabled tool 'lean_get_widgets' via  server.py:115
                             LEAN_MCP_DISABLED_TOOLS                            
                    INFO     Disabled tool 'lean_goal' via         server.py:115
                             LEAN_MCP_DISABLED_TOOLS                            
                    INFO     Disabled tool 'lean_hover_info' via   server.py:115
                             LEAN_MCP_DISABLED_TOOLS                            
                    INFO     Disabled tool 'lean_references' via   server.py:115
                             LEAN_MCP_DISABLED_TOOLS                            
                    INFO     Disabled tool 'lean_term_goal' via    server.py:115
                             LEAN_MCP_DISABLED_TOOLS                            
                    INFO     REPL enabled, using:                  server.py:322
                             /home/amirnabiyev/Conjecture_Prover/.              
                             lake/packages/repl/.lake/build/bin/re              
                             pl                                                 
                    INFO     REPL initialized: timeout=60s         server.py:325
[08/26/26 20:21:31] INFO     Session ending — cleaning up          server.py:360
                             per-session resources                              
[08/26/26 20:21:42] INFO     Disabled tool 'lean_build' via        server.py:115
                             LEAN_MCP_DISABLED_TOOLS                            
                    INFO     Disabled tool 'lean_completions' via  server.py:115
                             LEAN_MCP_DISABLED_TOOLS                            
                    INFO     Disabled tool 'lean_declaration_file' server.py:115
                             via LEAN_MCP_DISABLED_TOOLS                        
                    INFO     Disabled tool                         server.py:115
                             'lean_diagnostic_messages' via                     
                             LEAN_MCP_DISABLED_TOOLS                            
                    INFO     Disabled tool 'lean_file_outline' via server.py:115
                             LEAN_MCP_DISABLED_TOOLS                            
                    INFO     Disabled tool                         server.py:115
                             'lean_get_widget_source' via                       
                             LEAN_MCP_DISABLED_TOOLS                            
                    INFO     Disabled tool 'lean_get_widgets' via  server.py:115
                             LEAN_MCP_DISABLED_TOOLS                            
                    INFO     Disabled tool 'lean_goal' via         server.py:115
                             LEAN_MCP_DISABLED_TOOLS                            
                    INFO     Disabled tool 'lean_hover_info' via   server.py:115
                             LEAN_MCP_DISABLED_TOOLS                            
                    INFO     Disabled tool 'lean_references' via   server.py:115
                             LEAN_MCP_DISABLED_TOOLS                            
                    INFO     Disabled tool 'lean_term_goal' via    server.py:115
                             LEAN_MCP_DISABLED_TOOLS                            
                    INFO     REPL enabled, using:                  server.py:322
                             /home/amirnabiyev/Conjecture_Prover/.              
                             lake/packages/repl/.lake/build/bin/re              
                             pl                                                 
                    INFO     REPL initialized: timeout=60s         server.py:325
[08/26/26 20:21:48] INFO     Session ending — cleaning up          server.py:360
                             per-session resources                              
[08/26/26 20:21:58] INFO     REPL enabled, using:                  server.py:322
                             /home/amirnabiyev/Conjecture_Prover/.              
                             lake/packages/repl/.lake/build/bin/re              
                             pl                                                 
                    INFO     REPL initialized: timeout=60s         server.py:325
                    INFO     Session ending — cleaning up          server.py:360
                             per-session resources                              

   🛠️  PL-ringKrullDim_quot_annihilator_eq AI made 1 tool call(s):
 → lean_run_code
   💬 PL-quotientAnnihilator_injective AI says: ✅ **Done — `quotientAnnihilator_injective` VERIFIED**

The final proof body (validated in the Lean REPL, 0 errors / 0 open goals):

```lean
  rw [RingHom.injective_iff_ker_eq_bot]
  exact quotientAnnihilator_ker_eq_bot
```

**How it works:** `RingHom.injective_iff_ker_eq_bot` gives `Function.Injective f ↔ RingHom.ker f = ⊥` for any `RingHomClass` (which `algebraMap` instantiates), so rewriting the goal reduces it to `RingHom.ker (algebraMap ...) = ⊥` — exactly the statement of the dependency `qu
      ... (599 total chars)
   💬 PL-quotientAnnihilator_injective AI says: The proof for **`quotientAnnihilator_injective`** is verified and complete.

**Final validated proof:**

```lean
lemma quotientAnnihilator_injective {R S M : Type} [CommRing R] [CommRing S] [AddCommGroup M] [Algebra R S]
    [Module S M] [Module R M] [IsScalarTower R S M] :
    Function.Injective (algebraMap (R ⧸ Ideal.comap (algebraMap R S) (Module.annihilator S M))
      (S ⧸ Module.annihilator S M)) := by
  rw [RingHom.injective_iff_ker_eq_bot]
  exact quotientAnnihilator_ker_eq_bot
```

**St
      ... (965 total chars)
   💬 PL-quotientAnnihilator_injective AI says: The proof for `quotientAnnihilator_injective` is **verified** and ready for insertion.

**Final proof body:**

```lean
  rw [RingHom.injective_iff_ker_eq_bot]
  exact quotientAnnihilator_ker_eq_bot
```

**Verification:** Compiled in the Lean REPL with 0 errors and 0 open goals (tested as a scratch `example`). The proof uses exactly the two dependencies provided: `RingHom.injective_iff_ker_eq_bot` (injectivity ↔ kernel = ⊥, applicable to `algebraMap` as a `RingHomClass`) and `quotientAnnihilator_
      ... (616 total chars)
   💬 PL-quotientAnnihilator_injective AI says: The proof for **`quotientAnnihilator_injective`** is complete and verified.

**Final proof body** (to replace `sorry_using [...]`):

```lean
  rw [RingHom.injective_iff_ker_eq_bot]
  exact quotientAnnihilator_ker_eq_bot
```

**Summary:**
- **Approach:** Rewrite `Function.Injective (algebraMap ...)` via `RingHom.injective_iff_ker_eq_bot` to `RingHom.ker (algebraMap ...) = ⊥`, then close with `quotientAnnihilator_ker_eq_bot` which provides exactly that kernel-equality under the same hypotheses.
- 
      ... (775 total chars)
   💬 PL-quotientAnnihilator_injective AI says: ## Deliverable

1. **Target:** `quotientAnnihilator_injective`
2. **Status:** VERIFIED
3. **Validated Lean code block** (proof body replacing `sorry_using [...]`):

```lean
  rw [RingHom.injective_iff_ker_eq_bot]
  exact quotientAnnihilator_ker_eq_bot
```

4. **Strategy:** `RingHom.injective_iff_ker_eq_bot` rewrites the goal `Function.Injective (algebraMap ...)` into `RingHom.ker (algebraMap ...) = ⊥`, and the dependency `quotientAnnihilator_ker_eq_bot` supplies exactly that kernel-equality — so
      ... (800 total chars)
   💬 PL-quotientAnnihilator_injective AI says: ## Final Deliverable

**Target:** `quotientAnnihilator_injective` — **VERIFIED**

Replace the `sorry_using [...]` body with:

```lean
  rw [RingHom.injective_iff_ker_eq_bot]
  exact quotientAnnihilator_ker_eq_bot
```

Full declaration:

```lean
lemma quotientAnnihilator_injective {R S M : Type} [CommRing R] [CommRing S] [AddCommGroup M] [Algebra R S]
    [Module S M] [Module R M] [IsScalarTower R S M] :
    Function.Injective (algebraMap (R ⧸ Ideal.comap (algebraMap R S) (Module.annihilator S M)
      ... (957 total chars)
   💬 PL-ringKrullDim_quot_annihilator_eq AI says: The error is just because the theorem already exists in the imported file (my earlier test with an identical statement and body compiled cleanly — `ringKrullDim_quot_annihilator_eq_test` had zero diagnostics). The proof body is verified.

1. Target: `ringKrullDim_quot_annihilator_eq`
2. Status: VERIFIED
3. Validated Lean code block:
   ```lean
   theorem ringKrullDim_quot_annihilator_eq {R S M : Type} [CommRing R] [CommRing S] [AddCommGroup M] [Algebra R S]
       [Module S M] [Module R M] [IsSc
      ... (2471 total chars)
   ✅ Lemma 'ringKrullDim_quot_annihilator_eq' appears proved (turn 7)
   💬 PL-quotientAnnihilator_injective AI says: ✅ **`quotientAnnihilator_injective` — VERIFIED**

```lean
  rw [RingHom.injective_iff_ker_eq_bot]
  exact quotientAnnihilator_ker_eq_bot
```

The proof is validated (0 errors, 0 open goals in the REPL) and ready for insertion in place of the `sorry_using` body. It applies `RingHom.injective_iff_ker_eq_bot` to convert injectivity into `RingHom.ker = ⊥`, then closes with `quotientAnnihilator_ker_eq_bot` — exactly the two dependencies listed in the declaration. No `sorry`/`sorry_using`/`axiom`/`nat
      ... (519 total chars)
   💬 PL-quotientAnnihilator_injective AI says: [FINAL PROPOSAL]
status: VERIFIED
new_str:
```lean
lemma quotientAnnihilator_injective {R S M : Type} [CommRing R] [CommRing S] [AddCommGroup M] [Algebra R S]
    [Module S M] [Module R M] [IsScalarTower R S M] :
    Function.Injective (algebraMap (R ⧸ Ideal.comap (algebraMap R S) (Module.annihilator S M))
      (S ⧸ Module.annihilator S M)) := by
  rw [RingHom.injective_iff_ker_eq_bot]
  exact quotientAnnihilator_ker_eq_bot
```
feedback:
[TRIAL FEEDBACK]
Attempted: `#check` of both dependencies
      ... (1317 total chars)
   ✅ Lemma 'quotientAnnihilator_injective' appears proved (turn 20)
   💬 PL-quotientAnnihilator_ker_eq_bot AI says: Test 1 (`rfl` for defeq of algebraMap with the lift) succeeded. Test 2 failed due to argument order in `Ideal.injective_lift_iff` (the first explicit argument is `H`, with `I` and `f` implicit). Let me fix:
   🛠️  PL-quotientAnnihilator_ker_eq_bot AI made 1 tool call(s):
 → lean_run_code
   💬 PL-quotientAnnihilator_ker_eq_bot AI says: The `exact` + `by` nesting got mis-elaborated. Let me restructure using `rw`:
   🛠️  PL-quotientAnnihilator_ker_eq_bot AI made 1 tool call(s):
 → lean_run_code
   💬 PL-quotientAnnihilator_ker_eq_bot AI says: Close — need `← RingHom.comap_ker` (rewrite the composite's kernel to the comap):
   🛠️  PL-quotientAnnihilator_ker_eq_bot AI made 1 tool call(s):
 → lean_run_code
   💬 PL-quotientAnnihilator_ker_eq_bot AI says: The proof compiles cleanly. Let me do a final verification pass with the exact declaration shape:
   🛠️  PL-quotientAnnihilator_ker_eq_bot AI made 1 tool call(s):
 → lean_run_code
   💬 PL-quotientAnnihilator_ker_eq_bot AI says: 1. Target: `quotientAnnihilator_ker_eq_bot`
2. Status: VERIFIED
3. Validated Lean code block:
   ```lean
   lemma quotientAnnihilator_ker_eq_bot {R S M : Type} [CommRing R] [CommRing S] [AddCommGroup M] [Algebra R S]
       [Module S M] [Module R M] [IsScalarTower R S M] :
       RingHom.ker (algebraMap (R ⧸ Ideal.comap (algebraMap R S) (Module.annihilator S M))
         (S ⧸ Module.annihilator S M)) = ⊥ := by
     rw [← RingHom.injective_iff_ker_eq_bot]
     apply (Ideal.injective_lift_iff (I :
      ... (2425 total chars)
   ✅ Lemma 'quotientAnnihilator_ker_eq_bot' appears proved (turn 7)

======================================================================
AGGREGATOR: Applying proofs (round 2)
   Received 3 proposal(s)
======================================================================

   🛠️  AG AI made 1 tool call(s):
 → read_workspace
   💬 AG AI says: I've read the file. The proposals' `new_str` blocks contain prose wrappers around the actual Lean declarations. I'll strip the wrappers and apply the declarations, preserving the existing docstring + `@[blueprint]` attribute blocks (which are essential for the blueprint build) and inserting the new proof bodies.

All three declarations match their `old_str` names/statements and contain no `sorry`/`axiom`/`native_decide`. Applying all three replacements now (they target distinct, unique regions):
   🛠️  AG AI made 3 tool call(s):
 → search_replace_workspace
 → search_replace_workspace
 → search_replace_workspace
   💬 AG AI says: All three replacements applied. Now validating the file compiles:
   🛠️  AG AI made 1 tool call(s):[08/26/26 20:23:26] INFO     REPL enabled, using:                  server.py:322
                             /home/amirnabiyev/Conjecture_Prover/.              
                             lake/packages/repl/.lake/build/bin/re              
                             pl                                                 
                    INFO     REPL initialized: timeout=60s         server.py:325
[08/26/26 20:23:27] INFO     Shared async LSP client         client_utils.py:133
                             connected at                                       
                             /home/amirnabiyev/Conjecture_Pr                    
                             over                                               
[08/26/26 20:23:41] INFO     Session ending — cleaning up          server.py:360
                             per-session resources                              
Exception ignored in: <function BaseSubprocessTransport.__del__ at 0x7c8fed511120>
Traceback (most recent call last):
  File "/usr/local/lib/python3.12/asyncio/base_subprocess.py", line 126, in __del__
    self.close()
  File "/usr/local/lib/python3.12/asyncio/base_subprocess.py", line 104, in close
    proto.pipe.close()
  File "/usr/local/lib/python3.12/asyncio/unix_events.py", line 767, in close
    self.write_eof()
  File "/usr/local/lib/python3.12/asyncio/unix_events.py", line 753, in write_eof
    self._loop.call_soon(self._call_connection_lost, None)
  File "/usr/local/lib/python3.12/asyncio/base_events.py", line 799, in call_soon
    self._check_closed()
  File "/usr/local/lib/python3.12/asyncio/base_events.py", line 545, in _check_closed
    raise RuntimeError('Event loop is closed')
RuntimeError: Event loop is closed
[08/26/26 20:24:04] INFO     REPL enabled, using:                  server.py:322
                             /home/amirnabiyev/Conjecture_Prover/.              
                             lake/packages/repl/.lake/build/bin/re              
                             pl                                                 
                    INFO     REPL initialized: timeout=60s         server.py:325
                    INFO     Session ending — cleaning up          server.py:360
                             per-session resources                              

 → lean_diagnostic_messages
   💬 AG AI says: All three proposals applied and the file compiles with zero errors or warnings (`"success": true`, `"items": []`).

Summary of applied proofs:

1. **`quotientAnnihilator_ker_eq_bot`** — Applied the verified proof: rewrites via `RingHom.injective_iff_ker_eq_bot`, applies `Ideal.injective_lift_iff` with the lift hypothesis discharged by `Ideal.Quotient.eq_zero_iff_mem`, then closes with `RingHom.comap_ker` and `Ideal.mk_ker`. Compiled cleanly.

2. **`quotientAnnihilator_injective`** — Applied the 
      ... (1328 total chars)
   ✅ Aggregator LLM finished after 4 turn(s)
   📊 Blueprint JSON: 6 lemmas, 0 proved
   🚦 Route: aggregator → blueprint_refiner (round 2)

======================================================================
🔧 BLUEPRINT REFINER: Revising blueprint based on prover feedback
   Unproved lemmas to address: annihilator_comap, quotientAnnihilator_injective, quotientAnnihilator_isIntegral, quotientAnnihilator_ker_eq_bot, ringKrullDim_eq_of_injective_integral_algebra, ringKrullDim_quot_annihilator_eq
     • quotientAnnihilator_ker_eq_bot: [Turn 7] PROVED...
     • quotientAnnihilator_injective: [Turn 7] The proof is verified and compiles cleanly.

1. **Target:** `quotientAnnihilator_injective`
2. **Status:** VERI...
     • ringKrullDim_quot_annihilator_eq: [Turn 7] The error is just because the theorem already exists in the imported file (my earlier test with an identical st...
======================================================================

   💬 BR AI says: The revised blueprint is complete. Final state of the workspace file `ConjectureProver.lean` (as shown in the read above):

- **`annihilator_comap`** — PROVED (proof kept)
- **`quotientAnnihilator_isIntegral`** — PROVED (proof kept)
- **`quotientAnnihilator_ker_eq_bot`** — **NEW** helper node: kernel of the induced algebra map is trivial, `:= by sorry_using [Ideal.injective_lift_iff, RingHom.comap_ker, Ideal.mk_ker, RingHom.injective_iff_ker_eq_bot]`
- **`quotientAnnihilator_injective`** — rewir
      ... (1120 total chars)
   🚦 Routing: blueprint_refiner → rebuild_blueprint

🔄 REBUILD BLUEPRINT: Refreshing blueprint state from JSON...
   📊 6 lemmas, 0 proved
   📊 Blueprint: 6 nodes, root='ringKrullDim_quot_annihilator_eq'
   🚦 Routing: rebuild_blueprint → theorem_proving
   ⏭️  Skipping 'annihilator_comap': declaration has no `sorry_using` placeholder
   ⏭️  Skipping 'quotientAnnihilator_isIntegral': declaration has no `sorry_using` placeholder
   ⏭️  Skipping 'quotientAnnihilator_ker_eq_bot': declaration has no `sorry_using` placeholder
   ⏭️  Skipping 'quotientAnnihilator_injective': declaration has no `sorry_using` placeholder
   ⏭️  Skipping 'ringKrullDim_eq_of_injective_integral_algebra': declaration has no `sorry_using` placeholder
   ⏭️  Skipping 'ringKrullDim_quot_annihilator_eq': declaration has no `sorry_using` placeholder
   🚀 theorem_proving: dispatching 0 parallel agent(s) (skipped 6 without sorry_using)
   ⚠️  Could not read workspace for unsolved scan: 'dict' object has no attribute 'workspacePATH'
Traceback (most recent call last):
  File "/home/amirnabiyev/Conjecture_Prover/LangGraph/src/agent/graph.py", line 299, in <module>
    asyncio.run(main())
  File "/usr/local/lib/python3.12/asyncio/runners.py", line 195, in run
    return runner.run(main)
           ^^^^^^^^^^^^^^^^
  File "/usr/local/lib/python3.12/asyncio/runners.py", line 118, in run
    return self._loop.run_until_complete(task)
           ^^^^^^^^^^^^^^^^^^^^^^^^^^^^^^^^^^^
  File "/usr/local/lib/python3.12/asyncio/base_events.py", line 691, in run_until_complete
    return future.result()
           ^^^^^^^^^^^^^^^
  File "/home/amirnabiyev/Conjecture_Prover/LangGraph/src/agent/graph.py", line 256, in main
    if result.blueprint is not None and workspace_source:
       ^^^^^^^^^^^^^^^^
AttributeError: 'dict' object has no attribute 'blueprint'
